rank,labels,hexes,sigma0,sigma2,sigma4,sigma8,sigma16,p99_sigma2,rank_key
1,Dark Grey|Brown|Tan|Red,#485259|#55331A|#A79E82|#E72F1D,15.3013,5.1308,3.8354,3.2021,2.9675,24.4010,4.1664
2,Brown|Dark Olive Drab|Tan|Red,#55331A|#575B54|#A79E82|#E72F1D,14.6665,5.1408,3.9088,3.2682,2.9357,24.5814,4.2045
3,Black|Tan|Red|Yellow,#080A0D|#A79E82|#E72F1D|#FFE800,21.6224,5.5647,3.8711,3.0150,2.5881,22.9428,4.2898
4,Dark Grey|Brown|Lime Green|Pink,#485259|#55331A|#D5D701|#F1A1AF,18.3844,5.6814,3.8744,2.9471,2.5477,20.0686,4.3142
5,Black|Tan|Lime Green|Red,#080A0D|#A79E82|#D5D701|#E72F1D,21.9025,5.6915,3.9598,3.0959,2.7039,25.4467,4.3937
6,Brown|Dark Olive Drab|Lime Green|Pink,#55331A|#575B54|#D5D701|#F1A1AF,17.1113,5.5872,4.0067,3.2097,2.8532,20.1980,4.3984
7,Brown|Tan|White|Orange,#55331A|#A79E82|#EBF7FF|#F67405,15.3575,5.4642,4.1455,3.3717,2.8232,16.3263,4.4180
8,Black|Olive Green|Tan|Red,#080A0D|#948902|#A79E82|#E72F1D,21.8288,5.7763,4.0112,3.0876,2.6083,24.0486,4.4320
9,Brown|Grey|Tan|Red,#55331A|#8C9099|#A79E82|#E72F1D,15.9221,5.6196,4.1797,3.3657,2.8833,24.7309,4.4926
10,Brown|Grey|Lime Green|Pink,#55331A|#8C9099|#D5D701|#F1A1AF,18.6635,6.0812,4.0952,2.9241,2.2016,19.5734,4.5027
11,Dark Grey|Brown|Tan|Orange,#485259|#55331A|#A79E82|#F67405,14.5967,5.2828,4.2742,3.7891,3.5550,25.8535,4.5360
12,Brown|Dark Olive Drab|Tan|Orange,#55331A|#575B54|#A79E82|#F67405,13.7093,5.2555,4.3249,3.8433,3.5650,26.0797,4.5494
13,Brown|Grey|Tan|Orange,#55331A|#8C9099|#A79E82|#F67405,15.6157,5.6620,4.3521,3.6642,3.2352,26.1417,4.6631
14,Black|Dark Olive Drab|Tan|Orange,#080A0D|#575B54|#A79E82|#F67405,15.4415,5.4346,4.4195,3.9014,3.6105,25.3500,4.6680
15,Brown|Tan|Red|White,#55331A|#A79E82|#E72F1D|#EBF7FF,15.7047,5.6630,4.3876,3.7034,3.2937,16.8743,4.6832
16,Black|Tan|Cold White|Red,#080A0D|#A79E82|#D9DFE5|#E72F1D,21.3288,5.8838,4.3184,3.5095,3.0376,15.0489,4.6967
17,Black|Tan|White|Orange,#080A0D|#A79E82|#EBF7FF|#F67405,21.4821,5.7587,4.3279,3.6985,3.4117,15.0872,4.7286
18,Black|Tan|Magenta|Yellow,#080A0D|#A79E82|#F24574|#FFE800,22.9087,6.1077,4.2615,3.3702,2.9802,22.8817,4.7390
19,Blue|Black|Tan|Red,#003776|#080A0D|#A79E82|#E72F1D,21.4311,6.0161,4.3249,3.4785,3.1388,24.1401,4.7473
20,Green|Black|Tan|Red,#06924D|#080A0D|#A79E82|#E72F1D,21.7220,6.0530,4.3433,3.4468,2.9702,24.2091,4.7499
21,Black|Tan|Cold White|Orange,#080A0D|#A79E82|#D9DFE5|#F67405,21.2458,5.8491,4.3831,3.6769,3.2736,14.8476,4.7630
22,Brown|Dark Olive Drab|Pink|Yellow,#55331A|#575B54|#F1A1AF|#FFE800,16.8480,5.8376,4.4174,3.7290,3.4240,21.3902,4.7833
23,Brown|Tan|Pink|Yellow,#55331A|#A79E82|#F1A1AF|#FFE800,15.9652,5.8935,4.5115,3.7283,3.2209,21.0840,4.8109
24,Black|Tan|Lime Green|Magenta,#080A0D|#A79E82|#D5D701|#F24574,22.8139,6.2400,4.3539,3.4014,2.9225,23.8097,4.8207
25,Brown|Lime Green|White|Pink,#55331A|#D5D701|#EBF7FF|#F1A1AF,18.5802,6.1469,4.4063,3.4967,2.9939,16.7212,4.8218
26,Black|Polymaker Teal|Tan|Red,#080A0D|#4CC0C7|#A79E82|#E72F1D,21.5487,6.1375,4.4761,3.5940,3.1019,22.6650,4.8658
27,Black|Grey|Tan|Red,#080A0D|#8C9099|#A79E82|#E72F1D,21.3112,6.0385,4.4364,3.6963,3.4205,23.9705,4.8674
28,Brown|Tan|Lime Green|Pink,#55331A|#A79E82|#D5D701|#F1A1AF,16.0573,6.0026,4.5946,3.7554,3.1694,20.9744,4.8790
29,Brown|Lime Green|White|Orange,#55331A|#D5D701|#EBF7FF|#F67405,18.5524,6.3268,4.4888,3.4338,2.8153,16.9999,4.8803
30,Brown|White|Orange|Yellow,#55331A|#EBF7FF|#F67405|#FFE800,18.3887,6.2681,4.5122,3.5139,2.9245,16.8842,4.8910
31,Black|Brown|Tan|Red,#080A0D|#55331A|#A79E82|#E72F1D,16.7742,5.7480,4.6015,4.0613,3.7997,23.9128,4.9046
32,Brown|Grey|Pink|Yellow,#55331A|#8C9099|#F1A1AF|#FFE800,18.2365,6.2450,4.5160,3.5732,3.0414,19.4594,4.9091
33,Blue|Brown|Tan|Red,#003776|#55331A|#A79E82|#E72F1D,16.9176,5.9955,4.5448,3.8293,3.5128,24.5619,4.9124
34,Dark Grey|Brown|Tan|Magenta,#485259|#55331A|#A79E82|#F24574,15.8637,5.8292,4.5843,4.0248,3.8519,22.8956,4.9270
35,Black|Tan|Pink|Yellow,#080A0D|#A79E82|#F1A1AF|#FFE800,23.0878,6.1761,4.5055,3.7032,3.3395,19.3742,4.9396
36,Azure Blue|Brown|Tan|Red,#0066D9|#55331A|#A79E82|#E72F1D,16.4324,6.0949,4.5698,3.7896,3.4502,25.0080,4.9422
37,Dark Grey|Brown|Pink|Yellow,#485259|#55331A|#F1A1AF|#FFE800,18.0184,6.0658,4.5296,3.8328,3.6173,21.2595,4.9493
38,Azure Blue|Black|Tan|Red,#0066D9|#080A0D|#A79E82|#E72F1D,21.5297,6.2195,4.5621,3.7385,3.4151,24.2083,4.9790
39,Black|Olive Green|Tan|Magenta,#080A0D|#948902|#A79E82|#F24574,23.3149,6.4839,4.5151,3.4796,2.9277,22.5892,4.9817
40,Brown|Dark Olive Drab|Tan|Magenta,#55331A|#575B54|#A79E82|#F24574,15.4176,5.9104,4.6732,4.0600,3.7659,23.0572,4.9852
41,Black|Tan|Red|White,#080A0D|#A79E82|#E72F1D|#EBF7FF,22.0380,6.1846,4.5500,3.8223,3.5610,16.0589,5.0034
42,Black|Tan|Pink|Orange,#080A0D|#A79E82|#F1A1AF|#F67405,21.4630,6.0338,4.6322,4.0083,3.7346,26.1379,5.0210
43,Black|Tan|Red|Magenta,#080A0D|#A79E82|#E72F1D|#F24574,21.7605,6.1902,4.6187,3.8709,3.5287,24.8165,5.0306
44,Polymaker Teal|Brown|Tan|Red,#4CC0C7|#55331A|#A79E82|#E72F1D,16.4779,6.3109,4.7078,3.7511,3.1183,24.1795,5.0310
45,Black|White|Orange|Yellow,#080A0D|#EBF7FF|#F67405|#FFE800,26.1935,6.7593,4.5629,3.3497,2.7192,16.6335,5.0545
46,Black|Tan|Red|Pink,#080A0D|#A79E82|#E72F1D|#F1A1AF,21.7681,6.2252,4.6808,3.9942,3.7651,22.1892,5.1097
47,Black|Purple|Tan|Red,#080A0D|#6C47B2|#A79E82|#E72F1D,21.7451,6.4292,4.7041,3.8000,3.3529,24.7378,5.1146
48,Black|Dark Grey|Tan|Orange,#080A0D|#485259|#A79E82|#F67405,17.5291,5.9637,4.8267,4.2854,4.0393,27.5111,5.1245
49,Blue|Black|Tan|Orange,#003776|#080A0D|#A79E82|#F67405,21.3537,6.1805,4.6903,4.0776,3.8785,28.3677,5.1291
50,Brown|Tan|Lime Green|Magenta,#55331A|#A79E82|#D5D701|#F24574,16.3184,6.3293,4.9065,4.0894,3.6018,24.9090,5.2094
51,Black|Dark Olive Drab|Tan|Red,#080A0D|#575B54|#A79E82|#E72F1D,17.9341,6.1798,4.8636,4.2394,3.9986,27.0122,5.2096
52,Polymaker Teal|Brown|Lime Green|Pink,#4CC0C7|#55331A|#D5D701|#F1A1AF,20.0071,6.9863,4.6777,3.4547,2.8413,18.4558,5.2205
53,Brown|White|Pink|Yellow,#55331A|#EBF7FF|#F1A1AF|#FFE800,18.3963,6.4110,4.8315,4.0462,3.6348,16.8496,5.2286
54,Black|Brown|Tan|Orange,#080A0D|#55331A|#A79E82|#F67405,17.1437,5.9968,4.9487,4.4745,4.2405,25.4102,5.2356
55,Black|Grey|Tan|Orange,#080A0D|#8C9099|#A79E82|#F67405,20.3714,6.1975,4.8791,4.2749,3.9680,24.7333,5.2362
56,Brown|Grey|Lime Green|Magenta,#55331A|#8C9099|#D5D701|#F24574,19.8041,6.6893,4.7539,3.7878,3.3195,22.4903,5.2385
57,Brown|Olive Green|White|Orange,#55331A|#948902|#EBF7FF|#F67405,19.7236,6.8503,4.8549,3.6681,2.9570,17.9948,5.2592
58,Brown|Grey|Tan|Magenta,#55331A|#8C9099|#A79E82|#F24574,16.4348,6.2854,4.9533,4.2352,3.7844,23.2563,5.2603
59,Brown|Grey|Lime Green|Red,#55331A|#8C9099|#D5D701|#E72F1D,19.2561,6.6408,4.8199,3.9018,3.3706,23.3803,5.2713
60,Black|Tan|Orange|Yellow,#080A0D|#A79E82|#F67405|#FFE800,21.3847,6.2186,4.9133,4.3462,4.1090,24.9218,5.2824
61,Brown|Tan|White|Magenta,#55331A|#A79E82|#EBF7FF|#F24574,16.1680,6.2473,5.0237,4.3610,3.9198,17.7863,5.3041
62,Black|Tan|Magenta|Orange,#080A0D|#A79E82|#F24574|#F67405,21.4685,6.3046,4.9280,4.3124,4.0286,27.0250,5.3085
63,Dark Grey|Brown|Tan|Pink,#485259|#55331A|#A79E82|#F1A1AF,15.6111,6.0649,5.0315,4.6295,4.5533,22.4707,5.3472
64,Black|Brown|Tan|Magenta,#080A0D|#55331A|#A79E82|#F24574,16.9147,6.2388,5.0838,4.5258,4.2074,22.6880,5.3823
65,Blue|Brown|Tan|Magenta,#003776|#55331A|#A79E82|#F24574,17.0960,6.4102,5.0141,4.3574,4.1024,23.0291,5.3838
66,Black|Tan|Red|Orange,#080A0D|#A79E82|#E72F1D|#F67405,21.4934,6.3473,5.0153,4.4363,4.1734,27.0057,5.3918
67,Black|Tan|Lime Green|Orange,#080A0D|#A79E82|#D5D701|#F67405,21.5384,6.3309,5.0064,4.4555,4.2424,26.8122,5.3932
68,Black|Olive Green|Tan|Orange,#080A0D|#948902|#A79E82|#F67405,21.5659,6.3490,5.0172,4.4503,4.2114,27.0069,5.3996
69,Brown|Olive Green|Tan|Magenta,#55331A|#948902|#A79E82|#F24574,16.7969,6.5942,5.1128,4.2407,3.6893,23.4704,5.4174
70,Black|Purple|Tan|Orange,#080A0D|#6C47B2|#A79E82|#F67405,21.5285,6.7178,5.0345,4.1295,3.7036,26.8595,5.4237
71,Brown|Tan|Red|Pink,#55331A|#A79E82|#E72F1D|#F1A1AF,15.5888,6.3651,5.1809,4.5016,3.9992,22.8253,5.4334
72,Brown|Olive Green|Tan|Pink,#55331A|#948902|#A79E82|#F1A1AF,16.8116,6.5978,5.1603,4.2756,3.6168,22.8379,5.4367
73,Brown|Tan|Magenta|Yellow,#55331A|#A79E82|#F24574|#FFE800,16.2493,6.4448,5.1340,4.4408,4.0640,24.1549,5.4428
74,Azure Blue|Brown|Tan|Orange,#0066D9|#55331A|#A79E82|#F67405,16.4272,6.5041,5.1034,4.3879,4.0100,27.1387,5.4460
75,Black|Brown|Tan|Pink,#080A0D|#55331A|#A79E82|#F1A1AF,16.6131,6.2020,5.1472,4.7040,4.5256,22.1882,5.4530
76,Brown|Tan|Cold White|Orange,#55331A|#A79E82|#D9DFE5|#F67405,15.5132,6.5762,5.2538,4.3736,3.6560,18.7216,5.4749
77,Brown|Dark Olive Drab|Tan|Pink,#55331A|#575B54|#A79E82|#F1A1AF,14.9855,6.1582,5.2190,4.7934,4.6066,22.5302,5.4758
78,Brown|Tan|Cold White|Red,#55331A|#A79E82|#D9DFE5|#E72F1D,15.6221,6.4567,5.2538,4.4964,3.8791,18.0279,5.4765
79,Brown|Dark Olive Drab|Olive Green|Pink,#55331A|#575B54|#948902|#F1A1AF,19.6606,6.8779,4.9821,4.0794,3.7327,27.9419,5.4787
80,Brown|Tan|Lime Green|Red,#55331A|#A79E82|#D5D701|#E72F1D,15.7566,6.4058,5.2182,4.5620,4.1971,25.5685,5.4839
81,Black|Dark Grey|Tan|Red,#080A0D|#485259|#A79E82|#E72F1D,19.9669,6.5081,5.1067,4.4719,4.2456,26.5585,5.4900
82,Azure Blue|Black|Tan|Orange,#0066D9|#080A0D|#A79E82|#F67405,21.4080,6.5399,5.0795,4.4671,4.2432,27.0800,5.5035
83,Black|Lime Green|Cold White|Pink,#080A0D|#D5D701|#D9DFE5|#F1A1AF,27.7101,7.2128,4.9259,3.7993,3.2077,17.4827,5.5060
84,Brown|Grey|Orange|Yellow,#55331A|#8C9099|#F67405|#FFE800,17.7161,6.6230,5.1515,4.4006,3.8833,22.2103,5.5118
85,Azure Blue|Brown|Tan|Magenta,#0066D9|#55331A|#A79E82|#F24574,16.8122,6.5629,5.1484,4.4712,4.1516,23.0868,5.5171
86,Brown|Tan|Red|Yellow,#55331A|#A79E82|#E72F1D|#FFE800,15.7181,6.4146,5.2543,4.6305,4.2876,24.1820,5.5225
87,Brown|Grey|Olive Green|Pink,#55331A|#8C9099|#948902|#F1A1AF,21.8109,7.2728,4.9641,3.7814,3.2349,27.2170,5.5271
88,Blue|Brown|Tan|Orange,#003776|#55331A|#A79E82|#F67405,17.0691,6.4866,5.2003,4.5719,4.2153,26.0202,5.5292
89,Polymaker Teal|Brown|Tan|Orange,#4CC0C7|#55331A|#A79E82|#F67405,16.4948,6.6128,5.2040,4.4595,3.9752,22.3309,5.5362
90,Polymaker Teal|Brown|Tan|Magenta,#4CC0C7|#55331A|#A79E82|#F24574,16.9565,6.7736,5.2221,4.3125,3.6773,23.2856,5.5431
91,Brown|Olive Green|White|Pink,#55331A|#948902|#EBF7FF|#F1A1AF,20.9442,7.0579,5.0466,4.0282,3.4987,19.1578,5.5431
92,Brown|Olive Green|Tan|Red,#55331A|#948902|#A79E82|#E72F1D,15.9850,6.5450,5.2923,4.5576,4.1073,25.0130,5.5513
93,Black|Lime Green|White|Pink,#080A0D|#D5D701|#EBF7FF|#F1A1AF,27.6313,7.1221,4.9880,4.0285,3.6060,18.0678,5.5753
94,Brown|Grey|Lime Green|Orange,#55331A|#8C9099|#D5D701|#F67405,18.0644,6.7718,5.2064,4.3838,3.8278,23.2871,5.5778
95,Brown|Tan|White|Pink,#55331A|#A79E82|#EBF7FF|#F1A1AF,15.8662,6.4437,5.3603,4.7374,4.2404,18.5743,5.5906
96,Black|Polymaker Teal|Lime Green|Pink,#080A0D|#4CC0C7|#D5D701|#F1A1AF,27.5575,7.2384,4.9421,3.9464,3.5692,17.6877,5.5924
97,Brown|Purple|Tan|Red,#55331A|#6C47B2|#A79E82|#E72F1D,16.8636,6.9547,5.2270,4.2392,3.7295,27.1717,5.5970
98,Green|Black|Tan|Orange,#06924D|#080A0D|#A79E82|#F67405,21.6288,6.5390,5.2302,4.6631,4.4055,27.0608,5.6011
99,Black|Grey|Pink|Yellow,#080A0D|#8C9099|#F1A1AF|#FFE800,25.2935,7.0758,5.1259,4.1591,3.7324,18.8278,5.6174
100,Azure Blue|Brown|Lime Green|Pink,#0066D9|#55331A|#D5D701|#F1A1AF,20.4096,7.3306,5.1132,3.9120,3.2925,19.1547,5.6213
101,Black|Polymaker Teal|Pink|Yellow,#080A0D|#4CC0C7|#F1A1AF|#FFE800,26.9804,7.2303,5.0646,4.0466,3.6174,17.3697,5.6385
102,Black|Polymaker Teal|Tan|Orange,#080A0D|#4CC0C7|#A79E82|#F67405,21.7423,6.6232,5.2356,4.6546,4.4139,21.2446,5.6389
103,Black|Cold White|Pink|Yellow,#080A0D|#D9DFE5|#F1A1AF|#FFE800,27.2706,7.2192,5.1054,4.0752,3.5589,16.8031,5.6472
104,Brown|Grey|Tan|Pink,#55331A|#8C9099|#A79E82|#F1A1AF,16.1832,6.5485,5.3894,4.7806,4.4054,22.7473,5.6646
105,Black|Olive Green|White|Orange,#080A0D|#948902|#EBF7FF|#F67405,27.4474,7.6251,5.0650,3.7623,3.1954,18.8854,5.6937
106,Blue|Black|Pink|Yellow,#003776|#080A0D|#F1A1AF|#FFE800,27.0392,7.3799,5.1373,4.0082,3.5653,21.7621,5.6940
107,Black|Grey|Lime Green|Pink,#080A0D|#8C9099|#D5D701|#F1A1AF,26.8961,7.2596,5.0948,4.1590,3.8078,19.5079,5.7093
108,Black|White|Pink|Yellow,#080A0D|#EBF7FF|#F1A1AF|#FFE800,27.4674,7.1050,5.1473,4.3202,3.9591,18.2669,5.7126
109,Polymaker Teal|Brown|Tan|Pink,#4CC0C7|#55331A|#A79E82|#F1A1AF,16.6553,6.8096,5.3957,4.6338,4.2075,21.8975,5.7217
110,Dark Grey|Brown|Olive Green|Pink,#485259|#55331A|#948902|#F1A1AF,21.6892,7.3061,5.1664,4.1798,3.8815,27.5478,5.7430
111,Blue|Black|Lime Green|Pink,#003776|#080A0D|#D5D701|#F1A1AF,27.6274,7.4432,5.1579,4.0832,3.6822,20.8578,5.7632
112,Azure Blue|Black|Lime Green|Pink,#0066D9|#080A0D|#D5D701|#F1A1AF,27.7656,7.5414,5.1522,3.9934,3.5194,18.9692,5.7674
113,Black|Lime Green|White|Orange,#080A0D|#D5D701|#EBF7FF|#F67405,26.8337,7.3887,5.2235,4.1796,3.6978,17.5755,5.7842
114,Blue|Brown|Tan|Pink,#003776|#55331A|#A79E82|#F1A1AF,16.7556,6.6470,5.4658,4.9365,4.7275,22.5777,5.7918
115,Polymaker Teal|Brown|Olive Green|Pink,#4CC0C7|#55331A|#948902|#F1A1AF,22.5756,7.9316,5.1842,3.6900,2.9865,23.0365,5.8108
116,Polymaker Teal|Brown|Pink|Yellow,#4CC0C7|#55331A|#F1A1AF|#FFE800,19.9331,7.3689,5.2882,4.2551,3.7443,18.5309,5.8120
117,Blue|Brown|Lime Green|Pink,#003776|#55331A|#D5D701|#F1A1AF,20.9350,7.2827,5.3505,4.3848,3.9386,20.6957,5.8337
118,Brown|Lime Green|Red|White,#55331A|#D5D701|#E72F1D|#EBF7FF,19.3011,7.1316,5.4651,4.5925,4.1221,17.6066,5.8621
119,Brown|Tan|White|Yellow,#55331A|#A79E82|#EBF7FF|#FFE800,16.0168,6.6261,5.6471,5.1283,4.7739,16.2822,5.8772
120,Dark Olive Drab|Tan|Lime Green|Red,#575B54|#A79E82|#D5D701|#E72F1D,16.1476,7.0547,5.6809,4.7080,3.9590,27.4883,5.8814
121,Brown|Tan|Red|Magenta,#55331A|#A79E82|#E72F1D|#F24574,15.8244,6.7755,5.6400,4.9921,4.5477,25.1019,5.8838
122,Azure Blue|Brown|Tan|Pink,#0066D9|#55331A|#A79E82|#F1A1AF,16.4925,6.8100,5.6168,5.0486,4.7578,22.6433,5.9293
123,Dark Olive Drab|Tan|Red|Yellow,#575B54|#A79E82|#E72F1D|#FFE800,15.8403,7.0317,5.7438,4.8285,4.0917,24.8706,5.9301
124,Brown|Tan|Pink|Orange,#55331A|#A79E82|#F1A1AF|#F67405,15.5064,6.8079,5.7031,5.0570,4.5886,24.5360,5.9325
125,Black|Tan|Lime Green|Pink,#080A0D|#A79E82|#D5D701|#F1A1AF,23.2047,7.0242,5.5299,4.8447,4.5305,19.4529,5.9344
126,Black|Olive Green|Tan|Pink,#080A0D|#948902|#A79E82|#F1A1AF,24.2234,7.2557,5.4810,4.6453,4.2771,22.4189,5.9505
127,Brown|Tan|Cold White|Magenta,#55331A|#A79E82|#D9DFE5|#F24574,16.2179,6.9637,5.7293,4.9417,4.2602,18.4484,5.9527
128,Green|Black|Tan|Magenta,#06924D|#080A0D|#A79E82|#F24574,22.9381,7.2879,5.5663,4.6626,4.1522,22.8123,5.9752
129,Brown|Grey|Magenta|Yellow,#55331A|#8C9099|#F24574|#FFE800,18.9066,7.0665,5.5802,4.8988,4.5257,21.3433,5.9827
130,Brown|Grey|Olive Green|Orange,#55331A|#8C9099|#948902|#F67405,20.5618,7.5878,5.4984,4.4188,3.8518,30.3601,6.0033
131,Azure Blue|Black|Pink|Yellow,#0066D9|#080A0D|#F1A1AF|#FFE800,27.4156,7.8132,5.4729,4.2232,3.6510,20.0213,6.0182
132,Green|Brown|Tan|Red,#06924D|#55331A|#A79E82|#E72F1D,16.4220,7.0330,5.7691,5.0168,4.4932,25.9091,6.0249
133,Black|Dark Grey|Pink|Yellow,#080A0D|#485259|#F1A1AF|#FFE800,23.5902,7.3207,5.5547,4.7539,4.4338,21.4589,6.0373
134,Brown|Tan|Cold White|Pink,#55331A|#A79E82|#D9DFE5|#F1A1AF,15.9167,6.9864,5.8525,5.0999,4.3986,19.2536,6.0432
135,Brown|Purple|Tan|Magenta,#55331A|#6C47B2|#A79E82|#F24574,17.1783,7.3077,5.6767,4.7830,4.3245,25.6271,6.0454
136,Dark Olive Drab|Olive Green|Tan|Red,#575B54|#948902|#A79E82|#E72F1D,16.7441,7.2805,5.8373,4.8238,4.0430,26.1228,6.0522
137,Brown|Grey|Red|Yellow,#55331A|#8C9099|#E72F1D|#FFE800,18.5670,7.0932,5.6814,5.0293,4.6675,21.6630,6.0613
138,Brown|Lime Green|White|Magenta,#55331A|#D5D701|#EBF7FF|#F24574,19.6793,7.3214,5.6341,4.8015,4.3558,17.5434,6.0615
139,Black|Grey|Olive Green|Pink,#080A0D|#8C9099|#948902|#F1A1AF,28.9583,7.9683,5.3550,4.1811,3.7895,27.2414,6.0747
140,Black|Dark Grey|Lime Green|Pink,#080A0D|#485259|#D5D701|#F1A1AF,24.6782,7.4695,5.5834,4.7078,4.3236,20.5350,6.0886
141,Black|Lime Green|White|Magenta,#080A0D|#D5D701|#EBF7FF|#F24574,29.4668,8.0532,5.3933,4.1537,3.6919,19.1122,6.1035
142,Brown|Tan|Lime Green|White,#55331A|#A79E82|#D5D701|#EBF7FF,16.0812,6.8642,5.9179,5.4080,5.0486,16.4994,6.1361
143,Black|Olive Green|White|Pink,#080A0D|#948902|#EBF7FF|#F1A1AF,29.3028,7.9400,5.4015,4.3653,4.0248,20.4110,6.1527
144,Dark Grey|Brown|Tan|Yellow,#485259|#55331A|#A79E82|#FFE800,15.8067,6.7225,5.9053,5.5979,5.5395,23.1521,6.1602
145,Dark Olive Drab|Tan|Red|Orange,#575B54|#A79E82|#E72F1D|#F67405,14.6521,7.1180,6.0346,5.2134,4.4941,27.2607,6.1657
146,Black|Grey|Lime Green|Magenta,#080A0D|#8C9099|#D5D701|#F24574,26.3075,7.7027,5.5827,4.6349,4.1640,22.1618,6.1688
147,Brown|Tan|Pink|Magenta,#55331A|#A79E82|#F1A1AF|#F24574,15.9941,7.0794,5.9744,5.2767,4.6619,22.8780,6.1780
148,Black|Grey|Lime Green|Red,#080A0D|#8C9099|#D5D701|#E72F1D,24.7057,7.5815,5.6922,4.7988,4.3173,22.7979,6.1901
149,Brown|Grey|Tan|Yellow,#55331A|#8C9099|#A79E82|#FFE800,16.4026,6.9588,5.9549,5.4236,5.0620,21.3968,6.1912
150,Dark Olive Drab|Tan|Cold White|Orange,#575B54|#A79E82|#D9DFE5|#F67405,14.1214,7.0158,6.0570,5.3839,4.8401,20.7590,6.1998
151,Black|Olive Green|Cold White|Pink,#080A0D|#948902|#D9DFE5|#F1A1AF,29.7087,8.3080,5.4784,4.1099,3.5498,21.0527,6.2089
152,Green|Brown|Tan|Magenta,#06924D|#55331A|#A79E82|#F24574,17.0547,7.3167,5.9642,5.1167,4.4119,24.4548,6.2167
153,Black|Brown|Tan|White,#080A0D|#55331A|#A79E82|#EBF7FF,16.0300,6.7407,5.9594,5.7049,5.6539,17.5814,6.2228
154,Dark Olive Drab|Tan|White|Orange,#575B54|#A79E82|#EBF7FF|#F67405,14.2420,7.0678,6.0794,5.3884,4.8372,22.8500,6.2281
155,Black|Lime Green|Red|White,#080A0D|#D5D701|#E72F1D|#EBF7FF,28.5066,7.9726,5.5745,4.4907,4.0701,18.5385,6.2316
156,Dark Olive Drab|Tan|Pink|Orange,#575B54|#A79E82|#F1A1AF|#F67405,14.4146,7.1493,6.1083,5.3452,4.6770,27.7274,6.2472
157,Brown|Olive Green|Tan|White,#55331A|#948902|#A79E82|#EBF7FF,16.5414,7.0365,6.0266,5.4691,5.0672,16.8741,6.2528
158,Black|Tan|Cold White|Magenta,#080A0D|#A79E82|#D9DFE5|#F24574,22.6563,7.3448,5.8532,5.1662,4.8202,16.9267,6.2555
159,Dark Olive Drab|Tan|Magenta|Orange,#575B54|#A79E82|#F24574|#F67405,14.7085,7.2613,6.1261,5.2663,4.5255,27.3302,6.2638
160,Green|Brown|White|Orange,#06924D|#55331A|#EBF7FF|#F67405,19.5946,7.6265,5.8811,4.9327,4.3154,19.1611,6.2796
161,Brown|Tan|Lime Green|Orange,#55331A|#A79E82|#D5D701|#F67405,15.6589,7.1117,6.0543,5.4562,5.0645,26.1852,6.2839
162,Black|Polymaker Teal|Olive Green|Pink,#080A0D|#4CC0C7|#948902|#F1A1AF,29.7050,8.3449,5.5408,4.2245,3.7519,23.0175,6.2847
163,Black|Brown|Grey|Tan,#080A0D|#55331A|#8C9099|#A79E82,16.2439,6.8864,5.9763,5.6865,5.6944,22.4418,6.2865
164,Brown|Tan|Orange|Yellow,#55331A|#A79E82|#F67405|#FFE800,15.6410,7.1047,6.0605,5.4719,5.0903,25.3847,6.2883
165,Brown|Grey|Olive Green|Red,#55331A|#8C9099|#948902|#E72F1D,23.2389,8.0997,5.7220,4.5011,3.9043,34.0148,6.3004
166,Brown|Grey|Olive Green|Magenta,#55331A|#8C9099|#948902|#F24574,24.3457,8.1855,5.6889,4.4184,3.7930,33.2294,6.3019
167,Dark Olive Drab|Red|White|Yellow,#575B54|#E72F1D|#EBF7FF|#FFE800,17.9929,7.5951,6.0441,5.0113,4.2534,23.3104,6.3032
168,Azure Blue|Brown|Tan|Yellow,#0066D9|#55331A|#A79E82|#FFE800,17.1662,7.2397,6.0205,5.3955,5.0316,18.3577,6.3176
169,Dark Grey|Brown|Olive Green|Tan,#485259|#55331A|#948902|#A79E82,16.1375,6.9757,6.0447,5.6644,5.5850,22.2902,6.3200
170,Blue|Brown|Tan|Yellow,#003776|#55331A|#A79E82|#FFE800,17.2187,7.1315,6.0427,5.5189,5.2182,23.2917,6.3252
171,Brown|Purple|Tan|Pink,#55331A|#6C47B2|#A79E82|#F1A1AF,16.7328,7.3544,6.0293,5.2968,4.8506,23.8977,6.3256
172,Dark Grey|Brown|Tan|Lime Green,#485259|#55331A|#A79E82|#D5D701,15.8153,6.8758,6.0797,5.7791,5.7227,23.7910,6.3274
173,Brown|Olive Green|Tan|Orange,#55331A|#948902|#A79E82|#F67405,15.7151,7.1701,6.1060,5.4888,5.0523,26.5297,6.3295
174,Dark Olive Drab|Grey|Tan|Orange,#575B54|#8C9099|#A79E82|#F67405,14.3733,7.2095,6.1983,5.4575,4.8117,26.8663,6.3335
175,Brown|Grey|Olive Green|Tan,#55331A|#8C9099|#948902|#A79E82,16.6588,7.1738,6.0719,5.5116,5.1824,22.6320,6.3427
176,Brown|Tan|Magenta|Orange,#55331A|#A79E82|#F24574|#F67405,15.6535,7.1808,6.1332,5.5217,5.0807,26.5264,6.3512
177,Dark Grey|Brown|Tan|White,#485259|#55331A|#A79E82|#EBF7FF,15.6215,6.8709,6.1239,5.8399,5.7787,17.9009,6.3554
178,Black|Polymaker Teal|Tan|Magenta,#080A0D|#4CC0C7|#A79E82|#F24574,22.8366,7.5102,5.9457,5.2066,4.8907,22.7052,6.3584
179,Dark Grey|Brown|Tan|Cold White,#485259|#55331A|#A79E82|#D9DFE5,15.6628,6.9442,6.1177,5.7748,5.6797,17.4691,6.3595
180,Black|Dark Olive Drab|Pink|Yellow,#080A0D|#575B54|#F1A1AF|#FFE800,20.3924,7.4608,6.0564,5.2638,4.7260,21.2145,6.3623
181,Black|Grey|Tan|Magenta,#080A0D|#8C9099|#A79E82|#F24574,22.7015,7.4590,5.9485,5.2699,5.0346,23.5458,6.3645
182,Black|Grey|Olive Green|Orange,#080A0D|#8C9099|#948902|#F67405,25.5749,8.0431,5.7783,4.7003,4.2491,29.9936,6.3717
183,Brown|Tan|Red|Orange,#55331A|#A79E82|#E72F1D|#F67405,15.6451,7.1973,6.1630,5.5559,5.1133,26.5263,6.3766
184,Dark Grey|Dark Olive Drab|Tan|Orange,#485259|#575B54|#A79E82|#F67405,14.6566,7.2783,6.2665,5.5027,4.8339,26.9524,6.3905
185,Brown|Grey|Tan|Lime Green,#55331A|#8C9099|#A79E82|#D5D701,16.3784,7.1381,6.1660,5.6450,5.2895,22.6602,6.3915
186,Brown|Grey|Tan|White,#55331A|#8C9099|#A79E82|#EBF7FF,16.0795,7.1200,6.2023,5.6994,5.3543,18.5715,6.4097
187,Dark Olive Drab|Tan|Orange|Yellow,#575B54|#A79E82|#F67405|#FFE800,14.4032,7.2791,6.2955,5.5441,4.8864,26.0447,6.4116
188,Dark Olive Drab|Lime Green|Red|White,#575B54|#D5D701|#E72F1D|#EBF7FF,18.4155,7.6795,6.1153,5.1462,4.4693,22.1470,6.4128
189,Brown|Grey|Tan|Cold White,#55331A|#8C9099|#A79E82|#D9DFE5,16.1965,7.1895,6.1735,5.6420,5.3088,18.1391,6.4158
190,Dark Olive Drab|Tan|Cold White|Red,#575B54|#A79E82|#D9DFE5|#E72F1D,15.6606,7.3784,6.2251,5.4567,4.8963,20.3984,6.4175
191,Brown|Olive Green|Cold White|Magenta,#55331A|#948902|#D9DFE5|#F24574,25.7555,9.0521,5.5194,3.7837,3.0398,22.3174,6.4179
192,Dark Olive Drab|Olive Green|Tan|Orange,#575B54|#948902|#A79E82|#F67405,14.6386,7.3285,6.2946,5.5085,4.8193,27.3125,6.4185
193,Blue|Black|Tan|Magenta,#003776|#080A0D|#A79E82|#F24574,22.7762,7.5313,5.9972,5.3064,5.0645,23.6150,6.4188
194,Black|Dark Grey|Brown|Tan,#080A0D|#485259|#55331A|#A79E82,15.5071,6.8839,6.1623,5.9555,5.9732,22.4848,6.4197
195,Dark Olive Drab|Tan|Lime Green|Orange,#575B54|#A79E82|#D5D701|#F67405,14.4383,7.3050,6.3096,5.5446,4.8749,26.8263,6.4248
196,Black|Grey|Orange|Yellow,#080A0D|#8C9099|#F67405|#FFE800,22.8226,7.5019,6.0355,5.3516,4.9745,21.4586,6.4268
197,Polymaker Teal|Dark Olive Drab|Tan|Orange,#4CC0C7|#575B54|#A79E82|#F67405,14.3614,7.2877,6.3131,5.5705,4.9191,23.4139,6.4291
198,Blue|Black|Brown|Tan,#003776|#080A0D|#55331A|#A79E82,16.5331,7.0817,6.1241,5.7872,5.7602,22.4810,6.4345
199,Brown|Olive Green|White|Magenta,#55331A|#948902|#EBF7FF|#F24574,22.2375,7.9214,5.9221,4.9701,4.5172,20.3938,6.4458
200,Dark Olive Drab|Grey|Lime Green|Red,#575B54|#8C9099|#D5D701|#E72F1D,18.2654,7.6302,6.1493,5.2662,4.6536,25.1721,6.4482
201,Azure Blue|Black|Tan|Magenta,#0066D9|#080A0D|#A79E82|#F24574,22.8366,7.5777,6.0229,5.3277,5.1006,23.8504,6.4527
202,Green|Dark Olive Drab|Tan|Red,#06924D|#575B54|#A79E82|#E72F1D,16.5319,7.6010,6.2709,5.3190,4.5385,26.1078,6.4600
203,Brown|Lime Green|Cold White|Pink,#55331A|#D5D701|#D9DFE5|#F1A1AF,19.6953,8.0015,6.0486,4.9193,4.1840,20.1710,6.4604
204,Azure Blue|Black|Brown|Tan,#0066D9|#080A0D|#55331A|#A79E82,16.5122,7.1362,6.1482,5.7882,5.7498,22.6637,6.4622
205,Black|Tan|White|Magenta,#080A0D|#A79E82|#EBF7FF|#F24574,22.7140,7.4938,6.0577,5.4366,5.1862,16.8736,6.4652
206,Dark Olive Drab|Lime Green|Red|Pink,#575B54|#D5D701|#E72F1D|#F1A1AF,18.1752,7.7361,6.2140,5.2046,4.4303,23.0609,6.4703
207,Green|Dark Olive Drab|Tan|Orange,#06924D|#575B54|#A79E82|#F67405,14.4798,7.3660,6.3629,5.5756,4.8687,27.3054,6.4708
208,Blue|Brown|Tan|White,#003776|#55331A|#A79E82|#EBF7FF,16.4376,7.1696,6.2320,5.7757,5.5495,18.1107,6.4726
209,Dark Grey|Brown|Grey|Tan,#485259|#55331A|#8C9099|#A79E82,15.8098,7.0742,6.2247,5.8821,5.8147,22.6815,6.4782
210,Azure Blue|Brown|Tan|Lime Green,#0066D9|#55331A|#A79E82|#D5D701,16.9812,7.3664,6.1867,5.5933,5.2655,21.1776,6.4799
211,Green|Brown|Tan|Pink,#06924D|#55331A|#A79E82|#F1A1AF,16.8395,7.5144,6.2824,5.4506,4.6961,23.6678,6.4825
212,Brown|Red|White|Yellow,#55331A|#E72F1D|#EBF7FF|#FFE800,19.1291,7.5376,6.1138,5.4374,5.0620,17.8834,6.4875
213,Green|Black|Lime Green|Pink,#06924D|#080A0D|#D5D701|#F1A1AF,27.4515,7.9310,5.9091,5.0681,4.7608,21.1393,6.4996
214,Blue|Brown|Olive Green|Tan,#003776|#55331A|#948902|#A79E82,17.8671,7.4581,6.1555,5.5412,5.2895,22.6591,6.4996
215,Azure Blue|Brown|Tan|White,#0066D9|#55331A|#A79E82|#EBF7FF,16.3421,7.2541,6.2632,5.7575,5.4733,18.3994,6.5058
216,Polymaker Teal|Brown|Tan|White,#4CC0C7|#55331A|#A79E82|#EBF7FF,16.3115,7.2470,6.2701,5.7745,5.4763,18.9346,6.5108
217,Blue|Brown|Tan|Cold White,#003776|#55331A|#A79E82|#D9DFE5,16.7670,7.2884,6.2425,5.7448,5.5189,17.6517,6.5166
218,Black|Purple|Tan|Magenta,#080A0D|#6C47B2|#A79E82|#F24574,22.8883,7.6609,6.1056,5.3773,5.0801,23.7917,6.5191
219,Brown|Dark Olive Drab|Tan|Yellow,#55331A|#575B54|#A79E82|#FFE800,15.3005,7.0159,6.2985,6.0230,5.9507,23.3414,6.5195
220,Black|Olive Green|Cold White|Magenta,#080A0D|#948902|#D9DFE5|#F24574,35.3439,9.8636,5.4950,3.1866,2.2510,24.0753,6.5251
221,Dark Grey|Polymaker Teal|Brown|Tan,#485259|#4CC0C7|#55331A|#A79E82,15.7187,7.0747,6.2956,5.9822,5.9075,22.6488,6.5284
222,Blue|Brown|Tan|Lime Green,#003776|#55331A|#A79E82|#D5D701,17.2516,7.3108,6.2508,5.7565,5.4915,23.9774,6.5336
223,Brown|Tan|Cold White|White,#55331A|#A79E82|#D9DFE5|#EBF7FF,16.0703,7.2366,6.3425,5.8314,5.4297,18.5300,6.5340
224,Azure Blue|Dark Grey|Brown|Tan,#0066D9|#485259|#55331A|#A79E82,15.7909,7.1023,6.3021,5.9740,5.8951,22.8592,6.5382
225,Black|Grey|Lime Green|Orange,#080A0D|#8C9099|#D5D701|#F67405,23.1038,7.7134,6.1163,5.3708,4.9567,22.8372,6.5421
226,Green|Dark Grey|Brown|Tan,#06924D|#485259|#55331A|#A79E82,15.7472,7.0961,6.3076,5.9924,5.9179,22.7159,6.5442
227,Blue|Dark Grey|Brown|Tan,#003776|#485259|#55331A|#A79E82,15.9692,7.1776,6.3032,5.9394,5.8495,22.6899,6.5585
228,Blue|Brown|Grey|Tan,#003776|#55331A|#8C9099|#A79E82,16.6437,7.3004,6.2999,5.8220,5.6001,22.6716,6.5612
229,Dark Grey|Brown|Purple|Tan,#485259|#55331A|#6C47B2|#A79E82,16.0405,7.3218,6.3146,5.8282,5.7017,22.9953,6.5750
230,Brown|Dark Olive Drab|Olive Green|Tan,#55331A|#575B54|#948902|#A79E82,15.6743,7.1600,6.3401,5.9937,5.8753,22.5401,6.5768
231,Black|Dark Olive Drab|Lime Green|Pink,#080A0D|#575B54|#D5D701|#F1A1AF,20.9977,7.7059,6.2717,5.4622,4.9103,20.0665,6.5840
232,Brown|Dark Olive Drab|Tan|Cold White,#55331A|#575B54|#A79E82|#D9DFE5,15.3091,7.1420,6.3809,6.0303,5.8590,17.9407,6.5861
233,Black|Brown|Dark Olive Drab|Tan,#080A0D|#55331A|#575B54|#A79E82,15.1436,7.0042,6.3575,6.1764,6.1704,22.4971,6.5903
234,Black|Lime Green|Pink|Magenta,#080A0D|#D5D701|#F1A1AF|#F24574,28.0750,8.0349,6.0041,5.1606,4.8992,21.0970,6.5978
235,Black|Brown|Tan|Yellow,#080A0D|#55331A|#A79E82|#FFE800,16.4802,7.0767,6.3676,6.1266,6.0612,22.8965,6.6017
236,Azure Blue|Brown|Tan|Cold White,#0066D9|#55331A|#A79E82|#D9DFE5,16.6012,7.4299,6.3256,5.7747,5.4954,17.9733,6.6023
237,Black|Brown|Purple|Tan,#080A0D|#55331A|#6C47B2|#A79E82,16.7580,7.5189,6.3132,5.7007,5.5029,23.2319,6.6098
238,Polymaker Teal|Brown|Grey|Tan,#4CC0C7|#55331A|#8C9099|#A79E82,16.4803,7.4387,6.3107,5.7925,5.5752,23.0375,6.6156
239,Dark Olive Drab|Grey|Tan|Red,#575B54|#8C9099|#A79E82|#E72F1D,15.8667,7.6234,6.4406,5.6105,4.9750,27.6146,6.6170
240,Azure Blue|Brown|Olive Green|Tan,#0066D9|#55331A|#948902|#A79E82,17.6761,7.6118,6.3131,5.6265,5.2236,23.3161,6.6191
241,Polymaker Teal|Dark Olive Drab|Tan|Red,#4CC0C7|#575B54|#A79E82|#E72F1D,15.8860,7.6390,6.4536,5.6045,4.9368,25.2220,6.6217
242,Green|Brown|Grey|Tan,#06924D|#55331A|#8C9099|#A79E82,16.4391,7.4042,6.3673,5.8522,5.5493,23.0825,6.6282
243,Black|Brown|Tan|Cold White,#080A0D|#55331A|#A79E82|#D9DFE5,16.3505,7.1806,6.4341,6.1107,5.8977,17.0788,6.6457
244,Dark Olive Drab|Tan|Red|Magenta,#575B54|#A79E82|#E72F1D|#F24574,15.9218,7.6627,6.4755,5.6335,4.9693,27.7278,6.6481
245,Brown|Olive Green|Cold White|Pink,#55331A|#948902|#D9DFE5|#F1A1AF,22.2302,8.6407,6.1097,4.6616,3.8767,21.4203,6.6511
246,Azure Blue|Black|Lime Green|Orange,#0066D9|#080A0D|#D5D701|#F67405,27.0381,8.8411,6.0232,4.4653,3.7001,23.3665,6.6532
247,Dark Olive Drab|Tan|Red|White,#575B54|#A79E82|#E72F1D|#EBF7FF,15.7933,7.6150,6.4674,5.7011,5.1536,22.8539,6.6581
248,Azure Blue|Brown|Grey|Tan,#0066D9|#55331A|#8C9099|#A79E82,16.5122,7.4259,6.4056,5.8906,5.5959,23.0670,6.6582
249,Dark Grey|Dark Olive Drab|Tan|Red,#485259|#575B54|#A79E82|#E72F1D,15.8942,7.6248,6.4885,5.6938,5.0940,26.0669,6.6593
250,Green|Black|Pink|Yellow,#06924D|#080A0D|#F1A1AF|#FFE800,27.4882,8.0803,6.0870,5.2389,4.9157,21.7079,6.6596
251,Blue|Polymaker Teal|Brown|Tan,#003776|#4CC0C7|#55331A|#A79E82,16.8750,7.4644,6.3637,5.8619,5.6802,22.5803,6.6631
252,Dark Olive Drab|Purple|Tan|Red,#575B54|#6C47B2|#A79E82|#E72F1D,15.9362,7.6870,6.4934,5.6395,4.9698,27.7617,6.6632
253,Green|Brown|Tan|White,#06924D|#55331A|#A79E82|#EBF7FF,16.2950,7.3764,6.4583,5.9519,5.5659,18.9248,6.6641
254,Blue|Brown|Dark Olive Drab|Tan,#003776|#55331A|#575B54|#A79E82,15.7443,7.2611,6.4203,6.0674,5.9700,22.7194,6.6642
255,Brown|Purple|Tan|White,#55331A|#6C47B2|#A79E82|#EBF7FF,16.4628,7.5225,6.4433,5.8165,5.4051,19.3270,6.6695
256,Dark Grey|Brown|Dark Olive Drab|Tan,#485259|#55331A|#575B54|#A79E82,15.4085,7.2047,6.4592,6.1579,6.0853,22.7382,6.6813
257,Black|Brown|Olive Green|Tan,#080A0D|#55331A|#948902|#A79E82,16.7869,7.2184,6.4328,6.1462,6.0296,22.0056,6.6823
258,Brown|White|Magenta|Yellow,#55331A|#EBF7FF|#F24574|#FFE800,19.3448,7.7297,6.3293,5.6571,5.2858,17.7792,6.6934
259,Polymaker Teal|Brown|Lime Green|Magenta,#4CC0C7|#55331A|#D5D701|#F24574,22.4795,8.4622,6.0157,4.9285,4.5315,20.7183,6.6954
260,Blue|Azure Blue|Brown|Tan,#003776|#0066D9|#55331A|#A79E82,16.8381,7.4672,6.4178,5.9243,5.7030,22.9007,6.6957
261,Blue|Green|Brown|Tan,#003776|#06924D|#55331A|#A79E82,17.2155,7.5643,6.3737,5.8376,5.7089,22.8070,6.7009
262,Azure Blue|Dark Olive Drab|Tan|Red,#0066D9|#575B54|#A79E82|#E72F1D,15.9401,7.6980,6.5209,5.7067,5.0847,26.8500,6.7023
263,Dark Olive Drab|Lime Green|Cold White|Red,#575B54|#D5D701|#D9DFE5|#E72F1D,18.6787,7.8797,6.3620,5.5275,5.0127,20.5660,6.7036
264,Brown|Dark Olive Drab|Tan|Lime Green,#55331A|#575B54|#A79E82|#D5D701,15.3011,7.1881,6.4973,6.2240,6.1458,24.1012,6.7060
265,Brown|Dark Olive Drab|Grey|Tan,#55331A|#575B54|#8C9099|#A79E82,15.3804,7.2526,6.5018,6.1807,6.0645,22.8291,6.7166
266,Black|Dark Olive Drab|Tan|Magenta,#080A0D|#575B54|#A79E82|#F24574,20.4298,7.7009,6.3582,5.7379,5.4947,24.6258,6.7194
267,Black|Lime Green|Red|Pink,#080A0D|#D5D701|#E72F1D|#F1A1AF,28.0474,8.0975,6.1082,5.3425,5.1560,21.0943,6.7200
268,Brown|Tan|Cold White|Yellow,#55331A|#A79E82|#D9DFE5|#FFE800,15.9676,7.4642,6.5619,5.9828,5.4575,17.9569,6.7235
269,Azure Blue|Polymaker Teal|Brown|Tan,#0066D9|#4CC0C7|#55331A|#A79E82,16.7845,7.5964,6.4153,5.8542,5.6213,23.8280,6.7253
270,Dark Olive Drab|Lime Green|Cold White|Magenta,#575B54|#D5D701|#D9DFE5|#F24574,19.8710,8.1025,6.3551,5.3574,4.7571,21.2544,6.7300
271,Blue|Brown|Purple|Tan,#003776|#55331A|#6C47B2|#A79E82,17.0089,7.6139,6.4554,5.8534,5.5806,22.8882,6.7337
272,Brown|Dark Olive Drab|Tan|White,#55331A|#575B54|#A79E82|#EBF7FF,15.1358,7.2105,6.5484,6.2653,6.1408,18.2388,6.7379
273,Azure Blue|Green|Brown|Tan,#0066D9|#06924D|#55331A|#A79E82,16.9723,7.6084,6.4476,5.8847,5.6394,23.2461,6.7466
274,Azure Blue|Brown|Dark Olive Drab|Tan,#0066D9|#55331A|#575B54|#A79E82,15.5394,7.3207,6.5239,6.1844,6.0812,23.1046,6.7526
275,Dark Olive Drab|Grey|Lime Green|Magenta,#575B54|#8C9099|#D5D701|#F24574,19.6092,8.1298,6.4161,5.3812,4.6774,24.6776,6.7555
276,Azure Blue|Dark Olive Drab|Tan|Orange,#0066D9|#575B54|#A79E82|#F67405,14.7098,7.6539,6.6391,5.8833,5.2186,27.6879,6.7686
277,Black|Brown|Tan|Lime Green,#080A0D|#55331A|#A79E82|#D5D701,16.4838,7.2479,6.5504,6.2925,6.1918,23.4758,6.7702
278,Dark Grey|Tan|Lime Green|Red,#485259|#A79E82|#D5D701|#E72F1D,17.8593,7.9827,6.5498,5.5602,4.7560,27.2175,6.7715
279,Dark Olive Drab|Grey|Red|Yellow,#575B54|#8C9099|#E72F1D|#FFE800,17.6665,7.8331,6.5188,5.7177,5.1273,23.0346,6.7754
280,Brown|Purple|Grey|Tan,#55331A|#6C47B2|#8C9099|#A79E82,16.5916,7.6969,6.5397,5.8578,5.4534,23.5067,6.7774
281,Black|Tan|Pink|Magenta,#080A0D|#A79E82|#F1A1AF|#F24574,22.6280,7.7679,6.4053,5.7981,5.5649,22.5451,6.7830
282,Brown|Olive Green|Red|White,#55331A|#948902|#E72F1D|#EBF7FF,21.8200,8.2147,6.2982,5.3617,4.8666,20.1229,6.7882
283,Dark Olive Drab|Olive Green|White|Orange,#575B54|#948902|#EBF7FF|#F67405,17.8411,7.9981,6.5571,5.5864,4.8670,22.8525,6.7923
284,Black|Red|White|Yellow,#080A0D|#E72F1D|#EBF7FF|#FFE800,28.2793,8.3148,6.2066,5.2940,4.9219,19.0138,6.8044
285,Polymaker Teal|Brown|Dark Olive Drab|Tan,#4CC0C7|#55331A|#575B54|#A79E82,15.3276,7.3259,6.6029,6.2850,6.1575,22.7904,6.8055
286,Brown|Dark Olive Drab|Purple|Tan,#55331A|#575B54|#6C47B2|#A79E82,15.7322,7.5539,6.5821,6.0614,5.8653,23.3135,6.8076
287,Green|Brown|Red|White,#06924D|#55331A|#E72F1D|#EBF7FF,20.9337,8.2256,6.3846,5.4078,4.8402,19.7496,6.8167
288,Green|Brown|Dark Olive Drab|Tan,#06924D|#55331A|#575B54|#A79E82,15.3351,7.3396,6.6163,6.2976,6.1661,22.9167,6.8186
289,Black|Grey|Red|Yellow,#080A0D|#8C9099|#E72F1D|#FFE800,24.8554,7.9790,6.2902,5.6598,5.4849,21.0192,6.8194
290,Dark Olive Drab|White|Orange|Yellow,#575B54|#EBF7FF|#F67405|#FFE800,16.4037,7.8252,6.6331,5.8379,5.2612,22.8267,6.8315
291,Blue|Dark Olive Drab|Tan|Red,#003776|#575B54|#A79E82|#E72F1D,16.2461,7.8044,6.6535,5.8597,5.2597,26.5538,6.8321
292,Dark Olive Drab|Grey|Orange|Yellow,#575B54|#8C9099|#F67405|#FFE800,16.1084,7.7970,6.6461,5.8897,5.3085,23.8547,6.8433
293,Azure Blue|Black|Lime Green|Red,#0066D9|#080A0D|#D5D701|#E72F1D,28.6125,9.0777,6.0950,4.6159,4.0469,22.9104,6.8468
294,Dark Grey|Olive Green|Tan|Orange,#485259|#948902|#A79E82|#F67405,17.1847,7.9653,6.6827,5.7883,5.0536,27.0007,6.8768
295,Brown|Purple|Tan|Orange,#55331A|#6C47B2|#A79E82|#F67405,17.5939,8.1770,6.5392,5.5900,5.0609,30.0396,6.8835
296,Polymaker Teal|Brown|Purple|Tan,#4CC0C7|#55331A|#6C47B2|#A79E82,16.9938,8.0076,6.5746,5.7711,5.4053,23.5388,6.8893
297,Green|Black|Red|White,#06924D|#080A0D|#E72F1D|#EBF7FF,27.5413,8.5898,6.1855,5.1934,4.8568,20.1823,6.8916
298,Black|Polymaker Teal|Brown|Tan,#080A0D|#4CC0C7|#55331A|#A79E82,16.4594,7.4066,6.6762,6.3928,6.2613,22.4081,6.8997
299,Dark Olive Drab|Red|Pink|Yellow,#575B54|#E72F1D|#F1A1AF|#FFE800,17.8822,8.0421,6.6689,5.7609,5.0564,23.4890,6.9015
300,Azure Blue|Brown|Purple|Tan,#0066D9|#55331A|#6C47B2|#A79E82,16.8764,7.8139,6.6315,5.9979,5.6760,23.6384,6.9059
301,Black|Olive Green|Lime Green|Pink,#080A0D|#948902|#D5D701|#F1A1AF,28.1654,8.3031,6.3429,5.5214,5.2517,21.5030,6.9122
302,Black|Dark Grey|Tan|Magenta,#080A0D|#485259|#A79E82|#F24574,21.4186,7.8949,6.5624,5.9401,5.6623,23.6467,6.9175
303,Polymaker Teal|Brown|Tan|Yellow,#4CC0C7|#55331A|#A79E82|#FFE800,16.5706,7.6381,6.7003,6.2012,5.8698,21.8646,6.9197
304,Polymaker Teal|Brown|Tan|Cold White,#4CC0C7|#55331A|#A79E82|#D9DFE5,16.3882,7.7423,6.6935,6.1034,5.7075,18.3553,6.9228
305,Dark Grey|Tan|Red|Yellow,#485259|#A79E82|#E72F1D|#FFE800,17.3649,8.0419,6.7414,5.8044,5.0071,24.5935,6.9231
306,Green|Brown|Tan|Orange,#06924D|#55331A|#A79E82|#F67405,16.5347,7.8125,6.6935,6.0343,5.5488,27.3963,6.9234
307,Green|Black|Brown|Tan,#06924D|#080A0D|#55331A|#A79E82,16.3733,7.4270,6.7419,6.4461,6.2682,22.5242,6.9366
308,Dark Grey|Tan|Cold White|Orange,#485259|#A79E82|#D9DFE5|#F67405,15.5503,7.7221,6.7584,6.1511,5.7345,19.8131,6.9366
309,Brown|Tan|Lime Green|Cold White,#55331A|#A79E82|#D5D701|#D9DFE5,16.0156,7.6688,6.7899,6.2068,5.6575,17.9151,6.9378
310,Dark Olive Drab|Tan|Red|Pink,#575B54|#A79E82|#E72F1D|#F1A1AF,15.7824,7.8562,6.7598,6.0224,5.4709,24.3357,6.9393
311,Dark Grey|Tan|Orange|Yellow,#485259|#A79E82|#F67405|#FFE800,16.0952,7.8914,6.8003,5.9900,5.2706,25.6255,6.9407
312,Polymaker Teal|Brown|Olive Green|Tan,#4CC0C7|#55331A|#948902|#A79E82,16.8658,7.7838,6.6707,6.1009,5.7892,22.7750,6.9423
313,Black|Purple|Lime Green|Pink,#080A0D|#6C47B2|#D5D701|#F1A1AF,28.2295,8.4706,6.3971,5.4183,5.0033,22.2350,6.9444
314,Brown|Cold White|Pink|Yellow,#55331A|#D9DFE5|#F1A1AF|#FFE800,19.7179,8.4060,6.5387,5.4854,4.8271,20.5132,6.9457
315,Black|Olive Green|White|Magenta,#080A0D|#948902|#EBF7FF|#F24574,31.5285,8.9310,6.1169,4.9901,4.6527,21.8052,6.9605
316,Polymaker Teal|Brown|Tan|Lime Green,#4CC0C7|#55331A|#A79E82|#D5D701,16.6269,7.7285,6.7090,6.2085,5.9494,23.1260,6.9685
317,Blue|Dark Olive Drab|Tan|Orange,#003776|#575B54|#A79E82|#F67405,15.5237,7.8840,6.8364,6.0562,5.3862,27.4156,6.9701
318,Dark Olive Drab|Grey|Lime Green|Orange,#575B54|#8C9099|#D5D701|#F67405,16.2985,7.9354,6.7841,6.0102,5.3984,25.5826,6.9728
319,Brown|Purple|Tan|Cold White,#55331A|#6C47B2|#A79E82|#D9DFE5,16.9311,8.1053,6.7413,5.8998,5.3744,21.2037,7.0026
320,Dark Olive Drab|Cold White|Red|Yellow,#575B54|#D9DFE5|#E72F1D|#FFE800,18.1959,8.0546,6.7249,5.9640,5.4495,20.5816,7.0093
321,Dark Grey|Tan|Lime Green|Orange,#485259|#A79E82|#D5D701|#F67405,16.2452,7.9853,6.8623,6.0372,5.3178,26.4608,7.0113
322,Dark Grey|Olive Green|White|Orange,#485259|#948902|#EBF7FF|#F67405,21.2129,8.4820,6.6460,5.5573,4.8345,20.7702,7.0196
323,Azure Blue|Brown|Pink|Yellow,#0066D9|#55331A|#F1A1AF|#FFE800,20.2787,8.3266,6.5650,5.7175,5.3204,19.4060,7.0220
324,Dark Grey|Olive Green|Tan|Red,#485259|#948902|#A79E82|#E72F1D,19.1631,8.3396,6.7808,5.7103,4.8577,25.9029,7.0250
325,Polymaker Teal|Dark Olive Drab|Lime Green|Magenta,#4CC0C7|#575B54|#D5D701|#F24574,20.1243,8.3737,6.6768,5.6791,5.0055,21.6749,7.0264
326,Dark Olive Drab|Olive Green|Cold White|Magenta,#575B54|#948902|#D9DFE5|#F24574,24.2643,8.8248,6.5377,5.2805,4.5376,22.4884,7.0527
327,Brown|Olive Green|Tan|Cold White,#55331A|#948902|#A79E82|#D9DFE5,16.4006,7.8383,6.8906,6.2688,5.6799,18.0502,7.0536
328,Brown|Grey|White|Yellow,#55331A|#8C9099|#EBF7FF|#FFE800,19.0779,8.0901,6.7527,6.0234,5.5623,18.1038,7.0568
329,Dark Olive Drab|Cold White|Orange|Yellow,#575B54|#D9DFE5|#F67405|#FFE800,16.5130,8.0149,6.8501,6.1512,5.6725,21.1167,7.0831
330,Brown|Lime Green|Cold White|Magenta,#55331A|#D5D701|#D9DFE5|#F24574,22.1276,8.9647,6.3907,5.2191,4.6844,21.1845,7.0919
331,Dark Olive Drab|White|Magenta|Yellow,#575B54|#EBF7FF|#F24574|#FFE800,18.9944,8.3755,6.8013,5.8148,5.1316,23.1243,7.0951
332,Brown|Purple|Olive Green|Tan,#55331A|#6C47B2|#948902|#A79E82,18.6070,8.4642,6.7485,5.7379,5.1175,24.8295,7.1010
333,Brown|Olive Green|Cold White|Red,#55331A|#948902|#D9DFE5|#E72F1D,24.4922,9.1536,6.2698,5.0617,4.5323,22.1370,7.1076
334,Black|Lime Green|Cold White|Magenta,#080A0D|#D5D701|#D9DFE5|#F24574,31.8294,9.5553,6.2662,4.7134,4.1735,21.3392,7.1343
335,Dark Olive Drab|Lime Green|Pink|Orange,#575B54|#D5D701|#F1A1AF|#F67405,17.0658,8.3043,6.9638,5.9671,5.1398,25.7760,7.1357
336,Dark Olive Drab|Lime Green|Cold White|Orange,#575B54|#D5D701|#D9DFE5|#F67405,16.5682,8.0930,6.8906,6.1829,5.7160,21.2174,7.1379
337,Black|Pink|Magenta|Yellow,#080A0D|#F1A1AF|#F24574|#FFE800,27.7705,8.3862,6.6214,5.8942,5.6892,22.1725,7.1402
338,Green|Black|Olive Green|Pink,#06924D|#080A0D|#948902|#F1A1AF,28.1334,8.6218,6.4844,5.6637,5.3756,24.3852,7.1428
339,Dark Olive Drab|Lime Green|White|Orange,#575B54|#D5D701|#EBF7FF|#F67405,16.5110,8.1236,6.9521,6.1691,5.5965,23.2083,7.1463
340,Dark Grey|Tan|White|Orange,#485259|#A79E82|#EBF7FF|#F67405,15.6598,7.9175,6.9763,6.3833,5.9748,20.7121,7.1504
341,Dark Olive Drab|Lime Green|Pink|Magenta,#575B54|#D5D701|#F1A1AF|#F24574,18.8964,8.4838,6.9197,5.8478,5.0009,23.4282,7.1658
342,Green|Brown|Purple|Tan,#06924D|#55331A|#6C47B2|#A79E82,17.7702,8.4255,6.8104,5.9189,5.5656,24.4114,7.1722
343,Green|Polymaker Teal|Brown|Tan,#06924D|#4CC0C7|#55331A|#A79E82,16.5115,7.9593,6.9349,6.3859,6.0398,23.0472,7.1726
344,Brown|Dark Olive Drab|White|Orange,#55331A|#575B54|#EBF7FF|#F67405,16.3510,7.7848,6.9636,6.5688,6.3525,17.9912,7.1768
345,Brown|Dark Olive Drab|Lime Green|Magenta,#55331A|#575B54|#D5D701|#F24574,20.2008,8.2670,6.7279,6.0900,5.9099,35.9824,7.1785
346,Dark Grey|Grey|Lime Green|Red,#485259|#8C9099|#D5D701|#E72F1D,20.4113,8.4218,6.8505,5.9514,5.3147,25.0601,7.1866
347,Dark Olive Drab|Olive Green|Cold White|Red,#575B54|#948902|#D9DFE5|#E72F1D,21.4918,8.6616,6.7463,5.7183,5.1483,21.4107,7.1899
348,Dark Grey|Tan|Pink|Orange,#485259|#A79E82|#F1A1AF|#F67405,15.8213,8.0369,7.0411,6.3521,5.8037,26.3186,7.1945
349,Dark Olive Drab|Pink|Orange|Yellow,#575B54|#F1A1AF|#F67405|#FFE800,16.8987,8.2946,7.0464,6.1202,5.3494,24.0654,7.2074
350,Dark Olive Drab|Grey|Olive Green|Orange,#575B54|#8C9099|#948902|#F67405,18.0329,8.3802,6.9326,6.0359,5.4004,30.9412,7.2081
351,Dark Olive Drab|Grey|Olive Green|Red,#575B54|#8C9099|#948902|#E72F1D,21.9338,8.7801,6.8094,5.6400,4.9116,34.4324,7.2101
352,Green|Brown|Lime Green|Pink,#06924D|#55331A|#D5D701|#F1A1AF,20.6572,8.4224,6.8082,6.0297,5.6113,22.6137,7.2261
353,Black|Grey|Magenta|Yellow,#080A0D|#8C9099|#F24574|#FFE800,25.8960,8.4234,6.6985,6.0378,5.8259,21.1623,7.2306
354,Dark Grey|Grey|Tan|Orange,#485259|#8C9099|#A79E82|#F67405,15.8980,8.0901,7.0740,6.3820,5.8408,27.2683,7.2360
355,Dark Grey|Olive Green|Cold White|Magenta,#485259|#948902|#D9DFE5|#F24574,28.0638,9.1631,6.6145,5.3141,4.5720,23.4708,7.2386
356,Dark Grey|Tan|Magenta|Orange,#485259|#A79E82|#F24574|#F67405,15.9096,8.1333,7.1085,6.3644,5.7549,28.1819,7.2488
357,Black|Dark Olive Drab|Olive Green|Pink,#080A0D|#575B54|#948902|#F1A1AF,23.3650,8.5813,6.8344,5.9176,5.3432,27.8862,7.2494
358,Black|Dark Olive Drab|White|Orange,#080A0D|#575B54|#EBF7FF|#F67405,17.7995,7.8623,7.0028,6.6423,6.4987,17.1205,7.2523
359,Polymaker Teal|Brown|Magenta|Yellow,#4CC0C7|#55331A|#F24574|#FFE800,21.9987,8.9070,6.6530,5.6068,5.1552,20.3470,7.2569
360,Brown|Tan|Lime Green|Yellow,#55331A|#A79E82|#D5D701|#FFE800,16.2155,7.9037,7.0803,6.6173,6.2736,24.2450,7.2605
361,Azure Blue|Brown|Lime Green|Red,#0066D9|#55331A|#D5D701|#E72F1D,22.5312,9.1116,6.6988,5.4145,4.7576,23.1308,7.2630
362,Dark Grey|Lime Green|Red|Pink,#485259|#D5D701|#E72F1D|#F1A1AF,20.3340,8.6253,6.9804,5.9115,5.0952,22.1892,7.2684
363,Dark Olive Drab|Tan|Magenta|Yellow,#575B54|#A79E82|#F24574|#FFE800,17.0932,8.3558,7.0573,6.1820,5.4488,25.1819,7.2689
364,Azure Blue|Black|Lime Green|Magenta,#0066D9|#080A0D|#D5D701|#F24574,29.8583,9.3043,6.4834,5.2375,4.8292,23.0215,7.2709
365,Brown|Olive Green|Tan|Yellow,#55331A|#948902|#A79E82|#FFE800,16.2325,7.9149,7.0908,6.6282,6.2863,24.2450,7.2715
366,Dark Grey|Tan|Red|Orange,#485259|#A79E82|#E72F1D|#F67405,15.9493,8.1606,7.1467,6.4044,5.7938,28.1716,7.2825
367,Green|Dark Grey|Tan|Orange,#06924D|#485259|#A79E82|#F67405,16.5968,8.2970,7.1493,6.2971,5.5558,27.0948,7.2971
368,Black|Dark Olive Drab|Lime Green|Magenta,#080A0D|#575B54|#D5D701|#F24574,22.3463,8.6245,6.8411,5.9872,5.5903,35.8352,7.3059
369,Black|Red|Pink|Yellow,#080A0D|#E72F1D|#F1A1AF|#FFE800,27.7728,8.4864,6.7839,6.1287,5.9862,22.1790,7.3075
370,Green|Black|White|Orange,#06924D|#080A0D|#EBF7FF|#F67405,25.8594,8.5724,6.7837,6.0513,5.7449,19.2972,7.3119
371,Black|Purple|Pink|Yellow,#080A0D|#6C47B2|#F1A1AF|#FFE800,27.8130,8.5934,6.8157,6.0333,5.7512,22.5356,7.3134
372,Azure Blue|Dark Grey|Tan|Orange,#0066D9|#485259|#A79E82|#F67405,15.9098,8.1658,7.1768,6.4787,5.8995,28.0565,7.3223
373,Blue|Brown|Pink|Yellow,#003776|#55331A|#F1A1AF|#FFE800,20.9205,8.3984,6.8825,6.2612,6.0418,21.9512,7.3298
374,Black|Lime Green|Pink|Yellow,#080A0D|#D5D701|#F1A1AF|#FFE800,28.0260,8.5695,6.8098,6.1007,5.8854,22.3457,7.3351
375,Dark Olive Drab|Olive Green|Red|White,#575B54|#948902|#E72F1D|#EBF7FF,21.8249,8.7783,7.0141,5.9096,5.1233,22.0843,7.3440
376,Dark Grey|Polymaker Teal|Tan|Orange,#485259|#4CC0C7|#A79E82|#F67405,15.9282,8.1757,7.1918,6.5155,5.9934,22.7532,7.3456
377,Dark Olive Drab|Lime Green|White|Magenta,#575B54|#D5D701|#EBF7FF|#F24574,19.5050,8.6730,7.0575,6.0201,5.3106,21.8505,7.3466
378,Dark Grey|Lime Green|Red|White,#485259|#D5D701|#E72F1D|#EBF7FF,20.5122,8.7012,7.0461,5.9977,5.2352,22.2453,7.3494
379,Brown|Grey|Cold White|Yellow,#55331A|#8C9099|#D9DFE5|#FFE800,18.8382,8.2050,7.0189,6.4944,6.2105,18.0190,7.3497
380,Black|Olive Green|Red|White,#080A0D|#948902|#E72F1D|#EBF7FF,30.2975,9.2416,6.5857,5.4614,5.0686,22.1848,7.3515
381,Dark Grey|Brown|White|Yellow,#485259|#55331A|#EBF7FF|#FFE800,19.2415,8.1948,7.0242,6.5132,6.3263,17.6937,7.3540
382,Dark Grey|Lime Green|Cold White|Red,#485259|#D5D701|#D9DFE5|#E72F1D,21.0434,8.5726,6.9669,6.1441,5.6903,20.2504,7.3584
383,Dark Olive Drab|Cold White|Magenta|Yellow,#575B54|#D9DFE5|#F24574|#FFE800,19.1387,8.5457,7.0421,6.1716,5.6047,21.3615,7.3587
384,Dark Olive Drab|Olive Green|Cold White|Orange,#575B54|#948902|#D9DFE5|#F67405,17.6128,8.3552,7.0857,6.3629,5.8836,21.4515,7.3591
385,Polymaker Teal|Dark Olive Drab|Lime Green|Red,#4CC0C7|#575B54|#D5D701|#E72F1D,18.8814,8.4271,7.0537,6.2927,5.7798,22.4173,7.3599
386,Dark Grey|Olive Green|Cold White|Orange,#485259|#948902|#D9DFE5|#F67405,21.3814,8.8145,6.9091,5.9132,5.4437,20.7362,7.3638
387,Azure Blue|Dark Olive Drab|Lime Green|Red,#0066D9|#575B54|#D5D701|#E72F1D,19.7784,8.6735,7.0542,6.0692,5.3986,24.2118,7.3714
388,Black|Grey|Olive Green|Red,#080A0D|#8C9099|#948902|#E72F1D,28.7379,9.1470,6.7855,5.6446,4.9837,33.9025,7.3958
389,Azure Blue|Brown|Lime Green|Orange,#0066D9|#55331A|#D5D701|#F67405,21.6612,9.2848,6.8729,5.5169,4.7950,22.8324,7.4009
390,Green|Brown|Tan|Cold White,#06924D|#55331A|#A79E82|#D9DFE5,16.2751,8.1691,7.2632,6.6505,6.0526,19.5372,7.4098
391,Black|Brown|White|Yellow,#080A0D|#55331A|#EBF7FF|#FFE800,19.7405,8.1975,7.0442,6.6233,6.4598,17.3549,7.4104
392,Dark Olive Drab|Olive Green|Tan|Magenta,#575B54|#948902|#A79E82|#F24574,19.0191,8.6674,7.1672,6.1681,5.3670,24.7459,7.4177
393,Dark Grey|Olive Green|Cold White|Red,#485259|#948902|#D9DFE5|#E72F1D,25.6712,9.1500,6.8384,5.6927,5.0730,22.4064,7.4214
394,Dark Grey|Purple|Tan|Orange,#485259|#6C47B2|#A79E82|#F67405,16.0064,8.2995,7.2932,6.5558,5.9288,27.0360,7.4277
395,Dark Olive Drab|Olive Green|Red|Pink,#575B54|#948902|#E72F1D|#F1A1AF,21.5271,8.8812,7.1028,5.9764,5.1713,28.4955,7.4288
396,Black|White|Magenta|Yellow,#080A0D|#EBF7FF|#F24574|#FFE800,29.0777,8.8693,6.8164,5.9988,5.6899,20.2510,7.4341
397,Green|Brown|Tan|Yellow,#06924D|#55331A|#A79E82|#FFE800,16.4761,8.0774,7.2422,6.7940,6.4796,24.9935,7.4357
398,Brown|Olive Green|Tan|Lime Green,#55331A|#948902|#A79E82|#D5D701,16.3469,8.0890,7.2638,6.7826,6.4008,24.7631,7.4358
399,Black|Brown|Grey|Yellow,#080A0D|#55331A|#8C9099|#FFE800,19.0143,8.1345,7.0637,6.7608,6.7211,20.5507,7.4477
400,Black|Tan|Cold White|Pink,#080A0D|#A79E82|#D9DFE5|#F1A1AF,22.3218,8.2723,7.1388,6.6252,6.4061,18.2185,7.4488
401,Blue|Dark Grey|Tan|Orange,#003776|#485259|#A79E82|#F67405,16.1112,8.3198,7.3131,6.5789,5.9579,26.9076,7.4494
402,Black|Polymaker Teal|Lime Green|Magenta,#080A0D|#4CC0C7|#D5D701|#F24574,30.1027,9.3114,6.6565,5.5896,5.2933,21.2010,7.4505
403,Dark Grey|Grey|Olive Green|Orange,#485259|#8C9099|#948902|#F67405,21.2561,8.9120,7.0577,6.0018,5.3684,31.6067,7.4569
404,Dark Grey|Grey|Orange|Yellow,#485259|#8C9099|#F67405|#FFE800,18.1837,8.4610,7.2039,6.4539,5.9076,23.4199,7.4574
405,Green|Brown|Olive Green|Tan,#06924D|#55331A|#948902|#A79E82,16.6677,8.2078,7.2799,6.7205,6.2691,23.4571,7.4642
406,Black|Dark Grey|Olive Green|Pink,#080A0D|#485259|#948902|#F1A1AF,26.5891,8.8949,6.9641,6.0575,5.5299,28.3475,7.4762
407,Dark Olive Drab|Grey|Magenta|Yellow,#575B54|#8C9099|#F24574|#FFE800,18.6893,8.5998,7.2060,6.3704,5.7573,23.0571,7.4851
408,Brown|Olive Green|Cold White|Orange,#55331A|#948902|#D9DFE5|#F67405,22.2924,9.2300,6.8020,5.7683,5.3006,22.1481,7.4991
409,Black|Tan|White|Pink,#080A0D|#A79E82|#EBF7FF|#F1A1AF,22.3012,8.2811,7.1885,6.7184,6.5487,18.1476,7.4997
410,Azure Blue|Black|Orange|Yellow,#0066D9|#080A0D|#F67405|#FFE800,27.1171,9.4674,6.9248,5.5487,4.8922,23.5740,7.5081
411,Blue|Brown|Olive Green|Pink,#003776|#55331A|#948902|#F1A1AF,25.2776,9.1832,6.8814,5.8371,5.4328,28.0480,7.5101
412,Green|Brown|Olive Green|Pink,#06924D|#55331A|#948902|#F1A1AF,21.8071,8.7695,7.0809,6.2651,5.7504,25.0191,7.5173
413,Dark Olive Drab|Tan|Lime Green|Magenta,#575B54|#A79E82|#D5D701|#F24574,17.3660,8.6169,7.3065,6.4232,5.6880,25.9719,7.5201
414,Blue|Brown|White|Yellow,#003776|#55331A|#EBF7FF|#FFE800,20.2403,8.5374,7.1822,6.5229,6.1508,18.3436,7.5301
415,Polymaker Teal|Brown|White|Yellow,#4CC0C7|#55331A|#EBF7FF|#FFE800,19.8883,8.5755,7.1871,6.4855,6.1019,18.8012,7.5305
416,Brown|Dark Olive Drab|White|Yellow,#55331A|#575B54|#EBF7FF|#FFE800,18.3441,8.2734,7.2437,6.7877,6.6074,17.4970,7.5305
417,Azure Blue|Black|Olive Green|Pink,#0066D9|#080A0D|#948902|#F1A1AF,29.8437,9.1747,6.8281,5.8959,5.6348,28.2717,7.5353
418,Black|Dark Olive Drab|Cold White|Orange,#080A0D|#575B54|#D9DFE5|#F67405,17.1758,8.1154,7.2757,6.9719,6.9033,19.0875,7.5436
419,Dark Olive Drab|Grey|Olive Green|Magenta,#575B54|#8C9099|#948902|#F24574,24.6044,9.2932,7.0892,5.7985,4.9767,33.6027,7.5459
420,Blue|Black|Olive Green|Pink,#003776|#080A0D|#948902|#F1A1AF,30.0615,9.2455,6.8228,5.8474,5.5742,28.0371,7.5465
421,Black|Polymaker Teal|Tan|Pink,#080A0D|#4CC0C7|#A79E82|#F1A1AF,22.4506,8.3930,7.2391,6.7120,6.5055,21.3108,7.5525
422,Dark Olive Drab|Pink|Magenta|Yellow,#575B54|#F1A1AF|#F24574|#FFE800,18.4645,8.7947,7.3457,6.3348,5.5481,23.2763,7.5647
423,Azure Blue|Dark Grey|Lime Green|Red,#0066D9|#485259|#D5D701|#E72F1D,21.7174,8.9576,7.1913,6.2008,5.5692,23.0257,7.5792
424,Azure Blue|Black|Tan|Pink,#0066D9|#080A0D|#A79E82|#F1A1AF,22.4304,8.4054,7.2643,6.7540,6.5506,22.6233,7.5797
425,Polymaker Teal|Dark Olive Drab|Red|Yellow,#4CC0C7|#575B54|#E72F1D|#FFE800,18.4618,8.6020,7.3228,6.5626,6.0212,21.8469,7.5823
426,Dark Grey|Olive Green|Red|White,#485259|#948902|#E72F1D|#EBF7FF,24.7059,9.1876,7.1579,5.9893,5.1582,21.2836,7.5884
427,Green|Brown|Tan|Lime Green,#06924D|#55331A|#A79E82|#D5D701,16.5001,8.2417,7.4118,6.9365,6.5704,25.4641,7.5891
428,Azure Blue|Dark Olive Drab|Lime Green|Magenta,#0066D9|#575B54|#D5D701|#F24574,20.7362,8.9616,7.2299,6.2169,5.5144,24.8823,7.5893
429,Black|Purple|Tan|Pink,#080A0D|#6C47B2|#A79E82|#F1A1AF,22.4412,8.4295,7.2874,6.7583,6.5215,22.6510,7.5939
430,Blue|Black|Tan|Pink,#003776|#080A0D|#A79E82|#F1A1AF,22.4341,8.4116,7.2776,6.7766,6.5782,22.6401,7.5941
431,Brown|Cold White|White|Yellow,#55331A|#D9DFE5|#EBF7FF|#FFE800,19.7447,8.6085,7.2951,6.5879,6.1026,18.7067,7.5982
432,Black|Grey|Tan|Pink,#080A0D|#8C9099|#A79E82|#F1A1AF,22.3767,8.3952,7.2827,6.8082,6.6285,22.6172,7.6017
433,Dark Grey|Red|White|Yellow,#485259|#E72F1D|#EBF7FF|#FFE800,19.9238,8.8343,7.3206,6.3715,5.7395,21.9582,7.6029
434,Black|Grey|Olive Green|Magenta,#080A0D|#8C9099|#948902|#F24574,30.9443,9.4002,6.9628,5.8159,5.1151,33.2204,7.6081
435,Black|Olive Green|Pink|Yellow,#080A0D|#948902|#F1A1AF|#FFE800,28.2563,8.8411,7.0723,6.3793,6.1744,22.4587,7.6102
436,Dark Grey|Lime Green|Pink|Orange,#485259|#D5D701|#F1A1AF|#F67405,19.5013,8.9026,7.3899,6.3486,5.5406,25.2305,7.6256
437,Brown|Grey|Olive Green|Yellow,#55331A|#8C9099|#948902|#FFE800,19.7595,8.6095,7.2676,6.6450,6.2854,21.4568,7.6272
438,Black|Polymaker Teal|Dark Olive Drab|Orange,#080A0D|#4CC0C7|#575B54|#F67405,16.9767,8.1719,7.3762,7.0892,7.0256,22.5318,7.6305
439,Black|Brown|Lime Green|Pink,#080A0D|#55331A|#D5D701|#F1A1AF,21.3680,8.5180,7.2482,6.7472,6.5674,20.6863,7.6326
440,Dark Grey|White|Orange|Yellow,#485259|#EBF7FF|#F67405|#FFE800,18.5217,8.6678,7.3936,6.5990,6.0730,20.9254,7.6334
441,Brown|Grey|Lime Green|Yellow,#55331A|#8C9099|#D5D701|#FFE800,19.1685,8.5236,7.3196,6.7698,6.4470,21.3432,7.6467
442,Dark Grey|Olive Green|Red|Pink,#485259|#948902|#E72F1D|#F1A1AF,24.7395,9.2788,7.2173,6.0281,5.2034,28.0060,7.6535
443,Green|Dark Grey|Tan|Red,#06924D|#485259|#A79E82|#E72F1D,18.5566,8.8366,7.4549,6.4774,5.6604,26.2586,7.6570
444,Brown|Purple|Tan|Yellow,#55331A|#6C47B2|#A79E82|#FFE800,18.1168,8.8148,7.4040,6.5058,5.7669,28.1226,7.6603
445,Dark Grey|Grey|Lime Green|Orange,#485259|#8C9099|#D5D701|#F67405,18.6157,8.7179,7.4103,6.6034,6.0127,25.1575,7.6607
446,Green|Brown|White|Yellow,#06924D|#55331A|#EBF7FF|#FFE800,19.8562,8.6695,7.3491,6.6703,6.2451,18.9068,7.6699
447,Green|Black|Red|Pink,#06924D|#080A0D|#E72F1D|#F1A1AF,26.4064,8.8984,7.1536,6.4470,6.0581,24.3529,7.6727
448,Polymaker Teal|Dark Olive Drab|Magenta|Yellow,#4CC0C7|#575B54|#F24574|#FFE800,19.3734,8.8499,7.3871,6.5024,5.8720,21.5948,7.6761
449,Brown|Dark Olive Drab|Cold White|Orange,#55331A|#575B54|#D9DFE5|#F67405,16.4464,8.2868,7.4625,7.0796,6.9082,19.7907,7.6832
450,Brown|Lime Green|White|Yellow,#55331A|#D5D701|#EBF7FF|#FFE800,19.7729,8.6729,7.3947,6.7168,6.2562,18.7944,7.6949
451,Azure Blue|Dark Olive Drab|Orange|Yellow,#0066D9|#575B54|#F67405|#FFE800,17.5315,8.7357,7.4697,6.6566,6.0527,23.6372,7.6961
452,Brown|Olive Green|White|Yellow,#55331A|#948902|#EBF7FF|#FFE800,19.9648,8.7225,7.4026,6.6890,6.1966,18.9939,7.7057
453,Polymaker Teal|Brown|Lime Green|Red,#4CC0C7|#55331A|#D5D701|#E72F1D,21.5973,9.0127,7.1104,6.4123,6.1716,22.1994,7.7125
454,Dark Grey|Lime Green|Cold White|Orange,#485259|#D5D701|#D9DFE5|#F67405,19.1878,8.7377,7.3887,6.6915,6.2769,20.6458,7.7146
455,Green|Brown|Grey|Yellow,#06924D|#55331A|#8C9099|#FFE800,19.3299,8.6101,7.3733,6.8203,6.5213,21.6744,7.7152
456,Azure Blue|Dark Olive Drab|Red|Yellow,#0066D9|#575B54|#E72F1D|#FFE800,19.4887,8.9189,7.4197,6.5197,5.9033,24.3908,7.7193
457,Polymaker Teal|Brown|Red|Yellow,#4CC0C7|#55331A|#E72F1D|#FFE800,21.6200,9.2535,7.1560,6.2022,5.8252,21.4534,7.7278
458,Black|Dark Grey|Lime Green|Magenta,#080A0D|#485259|#D5D701|#F24574,24.7364,9.0865,7.1784,6.3773,6.1359,35.1216,7.7319
459,Polymaker Teal|Brown|Grey|Yellow,#4CC0C7|#55331A|#8C9099|#FFE800,19.2536,8.5647,7.3860,6.9032,6.6584,21.2148,7.7339
460,Dark Grey|Lime Green|Cold White|Magenta,#485259|#D5D701|#D9DFE5|#F24574,22.0256,9.0376,7.3293,6.4390,5.9292,21.1504,7.7383
461,Dark Olive Drab|Olive Green|White|Magenta,#575B54|#948902|#EBF7FF|#F24574,23.7177,9.2531,7.3734,6.2630,5.4517,22.5043,7.7581
462,Azure Blue|Brown|White|Yellow,#0066D9|#55331A|#EBF7FF|#FFE800,20.4204,8.8881,7.4012,6.6457,6.2118,20.7313,7.7669
463,Brown|Purple|Tan|Lime Green,#55331A|#6C47B2|#A79E82|#D5D701,18.0182,8.8479,7.5179,6.6881,6.0150,28.0249,7.7680
464,Dark Grey|Cold White|Orange|Yellow,#485259|#D9DFE5|#F67405|#FFE800,18.9049,8.7209,7.4871,6.8392,6.4508,20.5747,7.7800
465,Brown|Dark Olive Drab|Magenta|Yellow,#55331A|#575B54|#F24574|#FFE800,19.5661,8.6814,7.4036,6.8813,6.7285,35.9763,7.7813
466,Green|Brown|Grey|Orange,#06924D|#55331A|#8C9099|#F67405,19.8366,8.9298,7.4789,6.6863,6.1142,29.4555,7.8080
467,Dark Grey|Red|Pink|Yellow,#485259|#E72F1D|#F1A1AF|#FFE800,19.9007,8.9965,7.5534,6.6331,5.9564,23.0824,7.8148
468,Dark Grey|Brown|Lime Green|Magenta,#485259|#55331A|#D5D701|#F24574,21.8976,8.8869,7.3216,6.7667,6.6989,35.6111,7.8268
469,Polymaker Teal|Dark Olive Drab|Orange|Yellow,#4CC0C7|#575B54|#F67405|#FFE800,16.4652,8.6292,7.6448,7.0504,6.6055,21.7287,7.8398
470,Green|Dark Olive Drab|Cold White|Orange,#06924D|#575B54|#D9DFE5|#F67405,16.8093,8.7095,7.6166,6.9734,6.5446,21.4295,7.8415
471,Dark Grey|Pink|Orange|Yellow,#485259|#F1A1AF|#F67405|#FFE800,19.1225,8.9792,7.6296,6.7181,5.9836,23.5748,7.8486
472,Azure Blue|Dark Olive Drab|Lime Green|Orange,#0066D9|#575B54|#D5D701|#F67405,17.5622,8.9102,7.6498,6.7894,6.1237,24.7532,7.8498
473,Green|Dark Olive Drab|Pink|Orange,#06924D|#575B54|#F1A1AF|#F67405,17.6979,8.8943,7.6715,6.8114,6.0996,29.2256,7.8528
474,Dark Grey|Polymaker Teal|Lime Green|Red,#485259|#4CC0C7|#D5D701|#E72F1D,21.2358,9.0249,7.4807,6.6881,6.1976,22.2490,7.8565
475,Dark Grey|Lime Green|White|Orange,#485259|#D5D701|#EBF7FF|#F67405,18.8013,8.9389,7.6187,6.8030,6.2409,21.6531,7.8709
476,Polymaker Teal|Dark Olive Drab|Olive Green|Magenta,#4CC0C7|#575B54|#948902|#F24574,24.6284,9.6472,7.4452,6.1473,5.3107,27.7263,7.8973
477,Brown|Purple|White|Yellow,#55331A|#6C47B2|#EBF7FF|#FFE800,20.4727,9.1408,7.5649,6.6652,6.0843,23.9462,7.9030
478,Black|Olive Green|Pink|Magenta,#080A0D|#948902|#F1A1AF|#F24574,29.6988,9.4389,7.2217,6.3739,6.1895,27.9388,7.9064
479,Black|Brown|Olive Green|White,#080A0D|#55331A|#948902|#EBF7FF,21.9027,8.9238,7.4409,6.8970,6.7793,19.5764,7.9104
480,Polymaker Teal|Brown|Dark Olive Drab|Orange,#4CC0C7|#55331A|#575B54|#F67405,16.2138,8.4699,7.7146,7.3793,7.2326,22.9759,7.9246
481,Dark Grey|Grey|Lime Green|Magenta,#485259|#8C9099|#D5D701|#F24574,21.5234,9.2103,7.5773,6.6504,6.0047,24.5415,7.9304
482,Green|Dark Grey|Brown|Pink,#06924D|#485259|#55331A|#F1A1AF,20.5360,8.8683,7.5170,6.9957,6.8484,24.3491,7.9320
483,Dark Olive Drab|Purple|Tan|Orange,#575B54|#6C47B2|#A79E82|#F67405,15.9114,8.9171,7.8144,6.9645,6.2402,29.6803,7.9408
484,Brown|Cold White|White|Orange,#55331A|#D9DFE5|#EBF7FF|#F67405,19.0163,8.8384,7.6455,7.0506,6.7519,19.3476,7.9445
485,Polymaker Teal|Brown|White|Orange,#4CC0C7|#55331A|#EBF7FF|#F67405,19.5839,9.0506,7.5831,6.8396,6.4835,20.6992,7.9451
486,Dark Grey|Brown|Olive Green|White,#485259|#55331A|#948902|#EBF7FF,21.8110,9.0665,7.4864,6.8261,6.6623,20.0959,7.9463
487,Green|Brown|Red|Pink,#06924D|#55331A|#E72F1D|#F1A1AF,21.5535,9.1387,7.5621,6.7559,6.1530,25.0589,7.9473
488,Brown|White|Magenta|Orange,#55331A|#EBF7FF|#F24574|#F67405,18.8763,8.7714,7.6622,7.1272,6.8434,18.8536,7.9493
489,Polymaker Teal|Brown|Olive Green|Magenta,#4CC0C7|#55331A|#948902|#F24574,26.5797,9.7644,7.1630,6.1381,5.7414,27.2789,7.9512
490,Dark Grey|Grey|Red|Yellow,#485259|#8C9099|#E72F1D|#FFE800,19.4842,8.9102,7.6876,7.0044,6.5130,22.9293,7.9573
491,Azure Blue|Brown|Lime Green|Magenta,#0066D9|#55331A|#D5D701|#F24574,22.9014,9.4432,7.3801,6.4914,6.1525,22.7641,7.9673
492,Brown|Purple|White|Orange,#55331A|#6C47B2|#EBF7FF|#F67405,18.9247,8.8001,7.6790,7.1504,6.9037,19.1876,7.9753
493,Green|Brown|Pink|Yellow,#06924D|#55331A|#F1A1AF|#FFE800,20.9430,9.1481,7.5952,6.8106,6.3510,23.1194,7.9793
494,Blue|Green|Brown|Pink,#003776|#06924D|#55331A|#F1A1AF,22.0909,9.1451,7.4923,6.8149,6.5059,24.3124,7.9800
495,Green|Dark Olive Drab|White|Orange,#06924D|#575B54|#EBF7FF|#F67405,16.7667,8.8480,7.8035,7.1184,6.5969,21.4324,7.9832
496,Brown|Grey|Olive Green|White,#55331A|#8C9099|#948902|#EBF7FF,22.0270,9.2110,7.5822,6.7640,6.3264,20.6031,7.9875
497,Brown|White|Pink|Orange,#55331A|#EBF7FF|#F1A1AF|#F67405,18.8704,8.8083,7.7037,7.1705,6.8842,18.8542,7.9894
498,Polymaker Teal|Dark Olive Drab|Lime Green|Orange,#4CC0C7|#575B54|#D5D701|#F67405,16.5462,8.7907,7.7858,7.1884,6.7548,22.0260,7.9895
499,Dark Olive Drab|Olive Green|Pink|Magenta,#575B54|#948902|#F1A1AF|#F24574,22.3125,9.4719,7.6830,6.5367,5.6685,28.5573,8.0043
500,Black|Dark Olive Drab|Magenta|Yellow,#080A0D|#575B54|#F24574|#FFE800,21.6694,9.0479,7.6082,6.9643,6.7295,35.9093,8.0061
501,Black|Purple|Olive Green|Pink,#080A0D|#6C47B2|#948902|#F1A1AF,30.9976,9.9839,7.2908,6.0321,5.5638,28.7739,8.0080
502,Blue|Brown|Grey|Yellow,#003776|#55331A|#8C9099|#FFE800,19.7083,8.7725,7.6787,7.2485,7.0289,21.2994,8.0105
503,Dark Grey|Polymaker Teal|Lime Green|Magenta,#485259|#4CC0C7|#D5D701|#F24574,22.2503,9.3113,7.6282,6.7169,6.1260,21.6693,8.0141
504,Brown|Red|White|Orange,#55331A|#E72F1D|#EBF7FF|#F67405,18.9203,8.8433,7.7379,7.2070,6.9281,18.9790,8.0252
505,Azure Blue|Dark Grey|Lime Green|Orange,#0066D9|#485259|#D5D701|#F67405,19.8125,9.2361,7.7526,6.8255,6.2219,23.4002,8.0308
506,Azure Blue|Dark Grey|Orange|Yellow,#0066D9|#485259|#F67405|#FFE800,19.4122,9.1279,7.7650,6.9400,6.3931,21.7846,8.0340
507,Dark Grey|Polymaker Teal|Olive Green|Magenta,#485259|#4CC0C7|#948902|#F24574,28.4600,9.9189,7.4504,6.1646,5.3656,27.7874,8.0417
508,Green|Brown|Dark Olive Drab|Pink,#06924D|#55331A|#575B54|#F1A1AF,18.8667,8.8745,7.7378,7.2453,7.0527,24.4265,8.0599
509,Azure Blue|Green|Brown|Pink,#0066D9|#06924D|#55331A|#F1A1AF,21.8997,9.2760,7.5811,6.8450,6.4547,24.4699,8.0605
510,Green|Dark Olive Drab|Grey|Orange,#06924D|#575B54|#8C9099|#F67405,17.3324,9.0466,7.8744,7.0910,6.4852,30.0544,8.0688
511,Brown|Cold White|Red|Yellow,#55331A|#D9DFE5|#E72F1D|#FFE800,21.4817,9.4063,7.5041,6.7411,6.2989,22.0382,8.0737
512,Dark Grey|Lime Green|Pink|Magenta,#485259|#D5D701|#F1A1AF|#F24574,20.9745,9.4470,7.8051,6.7100,5.8424,23.0912,8.0785
513,Green|Black|Brown|Pink,#06924D|#080A0D|#55331A|#F1A1AF,21.5802,9.0834,7.6638,7.0764,6.7346,24.2052,8.0799
514,Brown|Purple|Lime Green|Pink,#55331A|#6C47B2|#D5D701|#F1A1AF,20.5932,9.5569,7.6786,6.6307,6.1113,24.3617,8.0938
515,Blue|Brown|Olive Green|White,#003776|#55331A|#948902|#EBF7FF,22.7108,9.3511,7.6387,6.8377,6.4870,20.1147,8.0944
516,Green|Black|Tan|Pink,#06924D|#080A0D|#A79E82|#F1A1AF,23.1511,9.0299,7.7959,7.1775,6.8511,22.8730,8.1037
517,Brown|Grey|Lime Green|White,#55331A|#8C9099|#D5D701|#EBF7FF,20.1066,9.0850,7.7896,7.1301,6.7458,18.7517,8.1076
518,Black|Dark Olive Drab|Grey|Orange,#080A0D|#575B54|#8C9099|#F67405,17.2220,8.6063,7.8702,7.6130,7.5792,30.3818,8.1096
519,Dark Grey|Brown|Lime Green|White,#485259|#55331A|#D5D701|#EBF7FF,19.9984,8.9380,7.7513,7.2885,7.1697,18.1855,8.1133
520,Polymaker Teal|Brown|Olive Green|White,#4CC0C7|#55331A|#948902|#EBF7FF,22.0711,9.3488,7.6784,6.8813,6.5413,20.5853,8.1150
521,Dark Grey|Grey|Olive Green|Red,#485259|#8C9099|#948902|#E72F1D,25.4821,9.7512,7.6896,6.4792,5.6100,34.3327,8.1152
522,Brown|Cold White|Magenta|Yellow,#55331A|#D9DFE5|#F24574|#FFE800,21.9328,9.5280,7.5384,6.7419,6.3255,22.2398,8.1349
523,Dark Olive Drab|Olive Green|Cold White|Pink,#575B54|#948902|#D9DFE5|#F1A1AF,21.6127,9.5274,7.8477,6.7437,5.8962,22.9724,8.1355
524,Dark Grey|Brown|Grey|Yellow,#485259|#55331A|#8C9099|#FFE800,18.6401,8.7644,7.8389,7.5278,7.4899,20.9653,8.1461
525,Black|Brown|Lime Green|White,#080A0D|#55331A|#D5D701|#EBF7FF,20.2688,8.9108,7.7657,7.3823,7.2941,18.1566,8.1465
526,Azure Blue|Brown|White|Orange,#0066D9|#55331A|#EBF7FF|#F67405,19.0548,8.9069,7.8369,7.4012,7.2521,18.7014,8.1541
527,Black|Olive Green|Red|Pink,#080A0D|#948902|#E72F1D|#F1A1AF,29.6801,9.6983,7.4565,6.6324,6.4605,28.0274,8.1654
528,Green|Polymaker Teal|Brown|Pink,#06924D|#4CC0C7|#55331A|#F1A1AF,21.4535,9.3642,7.7344,6.9733,6.5208,23.5534,8.1687
529,Brown|Olive Green|Cold White|White,#55331A|#948902|#D9DFE5|#EBF7FF,21.9766,9.3619,7.7700,6.9825,6.5631,20.5358,8.1722
530,Brown|Purple|Olive Green|White,#55331A|#6C47B2|#948902|#EBF7FF,22.9465,9.6342,7.7157,6.7219,6.2084,22.0111,8.1781
531,Dark Grey|Tan|Cold White|Red,#485259|#A79E82|#D9DFE5|#E72F1D,17.1950,9.0044,7.9825,7.3589,6.9430,20.4466,8.1817
532,Dark Olive Drab|Olive Green|Pink|Orange,#575B54|#948902|#F1A1AF|#F67405,18.7840,9.4332,7.9646,6.9325,6.1485,34.6760,8.1829
533,Black|Brown|White|Orange,#080A0D|#55331A|#EBF7FF|#F67405,20.3127,8.7942,7.8541,7.5723,7.5394,18.1624,8.1832
534,Black|Dark Grey|Tan|Pink,#080A0D|#485259|#A79E82|#F1A1AF,21.3771,8.8937,7.9355,7.4826,7.2411,22.6904,8.1881
535,Azure Blue|Brown|Olive Green|White,#0066D9|#55331A|#948902|#EBF7FF,22.4874,9.4409,7.7605,6.9415,6.5298,20.4982,8.1912
536,Dark Grey|Cold White|Red|Yellow,#485259|#D9DFE5|#E72F1D|#FFE800,20.3393,9.1977,7.8925,7.2085,6.8048,20.6866,8.2031
537,Green|Black|White|Magenta,#06924D|#080A0D|#EBF7FF|#F24574,29.7873,9.8120,7.5188,6.6063,6.3430,22.9787,8.2091
538,Polymaker Teal|Dark Olive Drab|Olive Green|Orange,#4CC0C7|#575B54|#948902|#F67405,17.4170,9.0978,7.9872,7.3232,6.8539,23.7370,8.2105
539,Green|Brown|Purple|Pink,#06924D|#55331A|#6C47B2|#F1A1AF,22.4960,9.6839,7.6866,6.7414,6.3382,25.3937,8.2126
540,Dark Grey|Olive Green|Pink|Orange,#485259|#948902|#F1A1AF|#F67405,22.5637,9.8353,7.8564,6.5904,5.7624,34.2252,8.2129
541,Dark Grey|Olive Green|White|Magenta,#485259|#948902|#EBF7FF|#F24574,26.5368,9.8035,7.8014,6.6563,5.8140,22.6097,8.2299
542,Green|Black|Pink|Orange,#06924D|#080A0D|#F1A1AF|#F67405,26.4863,9.4196,7.6807,7.0486,6.8126,29.0900,8.2341
543,Green|Brown|Olive Green|White,#06924D|#55331A|#948902|#EBF7FF,22.1016,9.4116,7.8160,7.0632,6.7067,20.8372,8.2374
544,Brown|Grey|Olive Green|Cold White,#55331A|#8C9099|#948902|#D9DFE5,24.4972,9.6619,7.6923,6.8190,6.4373,20.9324,8.2404
545,Black|Cold White|Magenta|Yellow,#080A0D|#D9DFE5|#F24574|#FFE800,31.4377,10.2845,7.4765,6.2125,5.7754,22.4225,8.2485
546,Azure Blue|Dark Grey|Lime Green|Magenta,#0066D9|#485259|#D5D701|#F24574,22.5344,9.6365,7.8723,6.8773,6.2349,23.8206,8.2569
547,Blue|Brown|Lime Green|White,#003776|#55331A|#D5D701|#EBF7FF,20.7175,9.2280,7.9068,7.2864,6.9708,18.7418,8.2572
548,Black|Cold White|Red|Yellow,#080A0D|#D9DFE5|#E72F1D|#FFE800,30.7788,10.0363,7.5019,6.4941,6.1934,22.1131,8.2652
549,Brown|Dark Olive Drab|Olive Green|White,#55331A|#575B54|#948902|#EBF7FF,20.9729,9.2131,7.8875,7.3384,7.1669,19.8141,8.2757
550,Dark Olive Drab|Cold White|Pink|Yellow,#575B54|#D9DFE5|#F1A1AF|#FFE800,17.7999,9.3025,8.0911,7.2528,6.6039,22.1766,8.2776
551,Green|Brown|Cold White|Yellow,#06924D|#55331A|#D9DFE5|#FFE800,22.1045,10.0316,7.6938,6.5268,5.9315,22.8139,8.2792
552,Dark Olive Drab|Olive Green|Lime Green|Magenta,#575B54|#948902|#D5D701|#F24574,21.7216,9.7988,7.9822,6.7665,5.8692,36.9020,8.2826
553,Dark Olive Drab|White|Pink|Yellow,#575B54|#EBF7FF|#F1A1AF|#FFE800,17.6939,9.2871,8.1013,7.2831,6.6550,22.2318,8.2851
554,Brown|Grey|Lime Green|Cold White,#55331A|#8C9099|#D5D701|#D9DFE5,20.1339,9.1603,7.9333,7.4102,7.1648,19.1175,8.2852
555,Green|Polymaker Teal|Dark Olive Drab|Orange,#06924D|#4CC0C7|#575B54|#F67405,16.8517,9.1149,8.1021,7.4661,7.0075,23.5203,8.2905
556,Polymaker Teal|Brown|Lime Green|White,#4CC0C7|#55331A|#D5D701|#EBF7FF,20.4972,9.3154,7.9393,7.2830,6.9538,19.5765,8.2992
557,Black|Brown|Olive Green|Cold White,#080A0D|#55331A|#948902|#D9DFE5,27.0626,10.5329,7.4104,6.0682,5.6897,23.9379,8.3005
558,Polymaker Teal|Dark Olive Drab|Olive Green|Red,#4CC0C7|#575B54|#948902|#E72F1D,21.8078,9.6594,7.9280,6.9540,6.3718,27.8402,8.3067
559,Dark Grey|Polymaker Teal|Orange|Yellow,#485259|#4CC0C7|#F67405|#FFE800,18.8173,9.2061,8.0554,7.4184,6.9954,21.1914,8.3123
560,Brown|Dark Olive Drab|Grey|Yellow,#55331A|#575B54|#8C9099|#FFE800,17.7093,8.8902,8.0700,7.7488,7.6462,21.1351,8.3195
561,Brown|Purple|Lime Green|White,#55331A|#6C47B2|#D5D701|#EBF7FF,20.7251,9.4609,7.9761,7.1817,6.6958,21.0719,8.3213
562,Dark Grey|Tan|Red|White,#485259|#A79E82|#E72F1D|#EBF7FF,17.2283,9.1359,8.1334,7.5157,7.0873,21.4019,8.3258
563,Dark Grey|Lime Green|White|Magenta,#485259|#D5D701|#EBF7FF|#F24574,21.5813,9.6709,8.0105,6.9846,6.2942,22.9014,8.3278
564,Dark Grey|Olive Green|Tan|Magenta,#485259|#948902|#A79E82|#F24574,20.9901,9.6193,8.0665,7.0381,6.1767,24.7748,8.3287
565,Black|Dark Olive Drab|Orange|Yellow,#080A0D|#575B54|#F67405|#FFE800,18.8548,9.0196,8.0578,7.6417,7.5010,41.9475,8.3307
566,Black|Brown|Cold White|Yellow,#080A0D|#55331A|#D9DFE5|#FFE800,22.4058,9.5880,7.7649,7.1035,6.8866,21.3162,8.3458
567,Brown|Lime Green|Cold White|White,#55331A|#D5D701|#D9DFE5|#EBF7FF,20.3394,9.3177,8.0466,7.3982,6.9866,19.2158,8.3580
568,Green|Dark Olive Drab|Lime Green|Magenta,#06924D|#575B54|#D5D701|#F24574,21.8344,9.8674,8.0750,6.8547,5.9015,36.3684,8.3611
569,Black|Dark Grey|Orange|Yellow,#080A0D|#485259|#F67405|#FFE800,21.3512,9.3193,8.0105,7.4040,7.1435,40.4094,8.3617
570,Dark Grey|Tan|Red|Magenta,#485259|#A79E82|#E72F1D|#F24574,17.3939,9.2621,8.2051,7.4771,6.9063,26.7083,8.3696
571,Dark Grey|Grey|Tan|Red,#485259|#8C9099|#A79E82|#E72F1D,17.3711,9.2496,8.1987,7.4915,6.9382,26.6246,8.3705
572,Green|Dark Olive Drab|Red|White,#06924D|#575B54|#E72F1D|#EBF7FF,20.0901,9.5264,8.0968,7.2175,6.6283,22.1089,8.3720
573,Brown|Dark Olive Drab|Lime Green|White,#55331A|#575B54|#D5D701|#EBF7FF,19.1603,9.0864,8.0695,7.6655,7.5473,18.1991,8.3759
574,Brown|Grey|White|Orange,#55331A|#8C9099|#EBF7FF|#F67405,18.3275,9.0285,8.1230,7.7245,7.5311,18.7250,8.3765
575,Brown|Lime Green|Cold White|Red,#55331A|#D5D701|#D9DFE5|#E72F1D,21.8135,9.5366,7.8232,7.2205,6.8615,22.7664,8.3786
576,Azure Blue|Dark Grey|Tan|Red,#0066D9|#485259|#A79E82|#E72F1D,17.3971,9.2745,8.2206,7.5087,6.9507,26.7461,8.3916
577,Dark Grey|Tan|Magenta|Yellow,#485259|#A79E82|#F24574|#FFE800,18.5228,9.4672,8.2087,7.3262,6.5654,24.9595,8.3967
578,Azure Blue|Dark Olive Drab|Magenta|Yellow,#0066D9|#575B54|#F24574|#FFE800,20.0469,9.5681,8.0845,7.2260,6.6384,23.1430,8.3971
579,Black|Brown|Grey|Lime Green,#080A0D|#55331A|#8C9099|#D5D701,20.2467,9.1279,8.0028,7.6672,7.6272,22.5413,8.3975
580,Dark Grey|Olive Green|Cold White|Pink,#485259|#948902|#D9DFE5|#F1A1AF,24.9465,9.8822,8.0431,6.9199,6.0760,23.6589,8.4010
581,Dark Grey|Brown|Olive Green|Cold White,#485259|#55331A|#948902|#D9DFE5,26.6267,10.4089,7.5888,6.4110,6.0860,23.6508,8.4100
582,Brown|Dark Olive Drab|Grey|Orange,#55331A|#575B54|#8C9099|#F67405,16.4770,8.8942,8.2111,7.9320,7.8235,30.6171,8.4131
583,Dark Grey|Purple|Tan|Red,#485259|#6C47B2|#A79E82|#E72F1D,17.4290,9.3056,8.2535,7.5252,6.9502,26.7294,8.4154
584,Polymaker Teal|Dark Olive Drab|Olive Green|Pink,#4CC0C7|#575B54|#948902|#F1A1AF,21.7529,9.7699,8.1251,7.0650,6.2450,24.1884,8.4174
585,Green|Brown|Lime Green|White,#06924D|#55331A|#D5D701|#EBF7FF,20.4352,9.3768,8.0970,7.4641,7.1041,19.3715,8.4204
586,Azure Blue|Brown|Lime Green|White,#0066D9|#55331A|#D5D701|#EBF7FF,20.7383,9.4366,8.0846,7.4129,7.0373,18.9135,8.4248
587,Black|Dark Olive Drab|Lime Green|Orange,#080A0D|#575B54|#D5D701|#F67405,18.9616,9.1563,8.1449,7.6936,7.5374,43.4324,8.4250
588,Dark Olive Drab|Red|White|Orange,#575B54|#E72F1D|#EBF7FF|#F67405,16.7831,9.2233,8.2665,7.6289,7.1370,22.6960,8.4261
589,Dark Grey|Pink|Magenta|Yellow,#485259|#F1A1AF|#F24574|#FFE800,20.3563,9.6448,8.1792,7.2156,6.4833,23.6195,8.4302
590,Polymaker Teal|Dark Olive Drab|White|Orange,#4CC0C7|#575B54|#EBF7FF|#F67405,16.5917,9.2182,8.2869,7.6553,7.1508,22.8806,8.4367
591,Blue|Brown|Olive Green|Cold White,#003776|#55331A|#948902|#D9DFE5,27.9011,10.7405,7.5552,6.1378,5.6534,24.1110,8.4391
592,Brown|Cold White|Orange|Yellow,#55331A|#D9DFE5|#F67405|#FFE800,20.8732,9.4892,7.9373,7.3914,7.0392,22.9090,8.4403
593,Dark Olive Drab|White|Magenta|Orange,#575B54|#EBF7FF|#F24574|#F67405,16.7156,9.2296,8.2853,7.6514,7.1593,22.7492,8.4405
594,Dark Olive Drab|Grey|White|Orange,#575B54|#8C9099|#EBF7FF|#F67405,16.5608,9.2314,8.2972,7.6505,7.1313,22.6893,8.4409
595,Dark Grey|White|Magenta|Yellow,#485259|#EBF7FF|#F24574|#FFE800,20.7434,9.6388,8.1363,7.2470,6.6797,22.2997,8.4429
596,Blue|Brown|White|Orange,#003776|#55331A|#EBF7FF|#F67405,19.3173,9.1142,8.1353,7.7725,7.6642,18.5368,8.4433
597,Green|Dark Olive Drab|Red|Pink,#06924D|#575B54|#E72F1D|#F1A1AF,20.2853,9.5918,8.1772,7.2957,6.6308,25.1214,8.4437
598,Azure Blue|Dark Grey|Red|Yellow,#0066D9|#485259|#E72F1D|#FFE800,20.9805,9.5741,8.1317,7.3137,6.7769,22.5402,8.4439
599,Dark Olive Drab|White|Pink|Orange,#575B54|#EBF7FF|#F1A1AF|#F67405,16.6388,9.2338,8.3037,7.6683,7.1591,22.5617,8.4510
600,Blue|Dark Grey|Tan|Red,#003776|#485259|#A79E82|#E72F1D,17.4805,9.3354,8.2853,7.5667,6.9993,26.7463,8.4510
601,Green|Brown|Grey|Red,#06924D|#55331A|#8C9099|#E72F1D,21.9458,9.6002,8.0357,7.3080,6.9195,32.7683,8.4541
602,Dark Olive Drab|Cold White|White|Orange,#575B54|#D9DFE5|#EBF7FF|#F67405,16.6236,9.2391,8.3132,7.6837,7.1759,22.8305,8.4614
603,Blue|Olive Green|Cold White|Magenta,#003776|#948902|#D9DFE5|#F24574,38.4229,10.7508,7.6830,6.1970,5.4332,27.4444,8.4739
604,Green|Brown|White|Pink,#06924D|#55331A|#EBF7FF|#F1A1AF,20.9650,9.6024,8.1174,7.3537,6.9389,22.8450,8.4780
605,Black|Dark Olive Drab|Lime Green|Red,#080A0D|#575B54|#D5D701|#E72F1D,21.5174,9.4784,8.1085,7.4808,7.2583,43.3038,8.4796
606,Polymaker Teal|Dark Olive Drab|Cold White|Orange,#4CC0C7|#575B54|#D9DFE5|#F67405,16.4369,9.2228,8.3076,7.7373,7.3088,21.8281,8.4801
607,Dark Grey|Polymaker Teal|Tan|Red,#485259|#4CC0C7|#A79E82|#E72F1D,17.4885,9.3763,8.3138,7.5859,7.0314,24.9370,8.4811
608,Brown|Olive Green|Lime Green|White,#55331A|#948902|#D5D701|#EBF7FF,20.8138,9.4779,8.1585,7.5121,7.1261,19.9110,8.4950
609,Brown|Dark Olive Drab|Orange|Yellow,#55331A|#575B54|#F67405|#FFE800,18.0425,9.1414,8.2464,7.8582,7.7214,41.9565,8.4998
610,Green|Brown|Grey|Pink,#06924D|#55331A|#8C9099|#F1A1AF,21.3918,9.6043,8.1215,7.4054,6.9507,24.5072,8.5048
611,Black|Dark Grey|Lime Green|Red,#080A0D|#485259|#D5D701|#E72F1D,24.0134,9.7805,8.0505,7.2489,6.9225,42.2916,8.5147
612,Polymaker Teal|Dark Olive Drab|Pink|Yellow,#4CC0C7|#575B54|#F1A1AF|#FFE800,17.8645,9.4892,8.3260,7.5558,6.9493,22.1967,8.5225
613,Dark Grey|Brown|Orange|Yellow,#485259|#55331A|#F67405|#FFE800,20.0383,9.2992,8.1795,7.7509,7.6325,40.3914,8.5251
614,Green|Black|Cold White|Magenta,#06924D|#080A0D|#D9DFE5|#F24574,30.1472,10.0029,7.8806,7.0503,6.6385,23.3648,8.5266
615,Dark Olive Drab|Lime Green|Cold White|Pink,#575B54|#D5D701|#D9DFE5|#F1A1AF,18.1702,9.5405,8.3256,7.5140,6.8997,22.2345,8.5272
616,Azure Blue|Brown|Olive Green|Pink,#0066D9|#55331A|#948902|#F1A1AF,23.2657,9.9759,8.0142,7.0875,6.6903,28.5258,8.5317
617,Brown|Purple|Grey|Yellow,#55331A|#6C47B2|#8C9099|#FFE800,19.6875,9.3747,8.2387,7.6982,7.3365,23.7859,8.5364
618,Dark Grey|Dark Olive Drab|Lime Green|Magenta,#485259|#575B54|#D5D701|#F24574,21.7149,9.9646,8.2548,7.1087,6.2283,35.6826,8.5367
619,Green|Brown|Cold White|Pink,#06924D|#55331A|#D9DFE5|#F1A1AF,21.4688,9.6813,8.1963,7.3963,6.7184,23.1317,8.5388
620,Brown|Olive Green|Cold White|Yellow,#55331A|#948902|#D9DFE5|#FFE800,22.6417,9.9746,7.9567,7.1125,6.6417,22.5154,8.5436
621,Polymaker Teal|Brown|Olive Green|Red,#4CC0C7|#55331A|#948902|#E72F1D,24.6702,10.0436,7.9072,7.0929,6.7427,27.5248,8.5682
622,Brown|Dark Olive Drab|Olive Green|Cold White,#55331A|#575B54|#948902|#D9DFE5,25.5139,10.3330,7.8642,6.8171,6.5068,23.6405,8.5750
623,Dark Grey|Brown|White|Orange,#485259|#55331A|#EBF7FF|#F67405,17.8211,9.0631,8.3398,8.0944,8.0514,18.2384,8.5787
624,Green|Brown|Pink|Magenta,#06924D|#55331A|#F1A1AF|#F24574,21.9078,9.7687,8.2106,7.3893,6.7266,25.2787,8.5790
625,Dark Olive Drab|Grey|Olive Green|Pink,#575B54|#8C9099|#948902|#F1A1AF,21.8750,9.9172,8.3068,7.2478,6.3858,28.2755,8.5825
626,Brown|Dark Olive Drab|Lime Green|Red,#55331A|#575B54|#D5D701|#E72F1D,20.1924,9.4146,8.2190,7.7539,7.6246,43.3398,8.5843
627,Brown|Dark Olive Drab|Lime Green|Orange,#55331A|#575B54|#D5D701|#F67405,18.1717,9.2627,8.3226,7.9061,7.7647,43.5039,8.5844
628,Polymaker Teal|Brown|Olive Green|Cold White,#4CC0C7|#55331A|#948902|#D9DFE5,27.0434,10.7064,7.6948,6.4663,6.1264,23.9679,8.5863
629,Dark Olive Drab|Grey|Pink|Yellow,#575B54|#8C9099|#F1A1AF|#FFE800,17.8516,9.6057,8.4058,7.5678,6.8611,23.6958,8.5867
630,Black|Lime Green|Cold White|Red,#080A0D|#D5D701|#D9DFE5|#E72F1D,30.1260,9.9013,7.8726,7.2888,7.0725,23.3584,8.5951
631,Dark Olive Drab|Purple|White|Orange,#575B54|#6C47B2|#EBF7FF|#F67405,16.8389,9.3864,8.4330,7.8080,7.3448,23.3716,8.5972
632,Dark Olive Drab|Olive Green|Pink|Yellow,#575B54|#948902|#F1A1AF|#FFE800,19.0391,9.8014,8.4345,7.4080,6.4965,24.1888,8.6047
633,Azure Blue|Dark Olive Drab|White|Orange,#0066D9|#575B54|#EBF7FF|#F67405,16.8049,9.3676,8.4511,7.8524,7.3925,23.3689,8.6100
634,Polymaker Teal|Dark Olive Drab|Grey|Orange,#4CC0C7|#575B54|#8C9099|#F67405,16.5198,9.3972,8.4690,7.8559,7.3821,23.4309,8.6265
635,Dark Olive Drab|Cold White|Red|Orange,#575B54|#D9DFE5|#E72F1D|#F67405,16.9477,9.3930,8.4367,7.8621,7.4641,21.6889,8.6276
636,Brown|Olive Green|Lime Green|Cold White,#55331A|#948902|#D5D701|#D9DFE5,23.3895,10.3299,7.9822,6.9261,6.4449,22.0949,8.6280
637,Dark Grey|Brown|Magenta|Yellow,#485259|#55331A|#F24574|#FFE800,21.0717,9.4406,8.2491,7.8176,7.7631,35.5643,8.6291
638,Dark Grey|Polymaker Teal|Red|Yellow,#485259|#4CC0C7|#E72F1D|#FFE800,20.5460,9.6114,8.3657,7.6476,7.1618,21.5438,8.6295
639,Dark Olive Drab|Lime Green|Red|Magenta,#575B54|#D5D701|#E72F1D|#F24574,20.7982,9.9535,8.3852,7.3076,6.4723,39.3176,8.6305
640,Brown|Grey|Olive Green|Lime Green,#55331A|#8C9099|#948902|#D5D701,21.2657,9.6425,8.2576,7.6256,7.2787,23.1527,8.6341
641,Dark Olive Drab|Tan|Cold White|Magenta,#575B54|#A79E82|#D9DFE5|#F24574,16.8149,9.4611,8.4499,7.8101,7.3399,21.4561,8.6356
642,Brown|Purple|Olive Green|Cold White,#55331A|#6C47B2|#948902|#D9DFE5,27.7189,11.0867,7.7695,6.2007,5.5084,24.7751,8.6437
643,Blue|Olive Green|Cold White|Orange,#003776|#948902|#D9DFE5|#F67405,33.0149,10.5119,7.9672,6.7877,6.2176,26.8055,8.6498
644,Dark Grey|Polymaker Teal|Olive Green|Pink,#485259|#4CC0C7|#948902|#F1A1AF,25.0856,10.0972,8.2793,7.2051,6.3924,24.4253,8.6512
645,Green|Black|Grey|Orange,#06924D|#080A0D|#8C9099|#F67405,23.5245,9.6736,8.2853,7.6315,7.2429,28.9568,8.6525
646,Dark Grey|Brown|Lime Green|Orange,#485259|#55331A|#D5D701|#F67405,20.5371,9.5688,8.2709,7.7426,7.5908,42.5726,8.6557
647,Black|Dark Olive Drab|Red|Yellow,#080A0D|#575B54|#E72F1D|#FFE800,20.8673,9.5065,8.3078,7.8101,7.6462,42.1404,8.6583
648,Brown|Lime Green|Cold White|Yellow,#55331A|#D5D701|#D9DFE5|#FFE800,22.1418,10.0162,8.1073,7.3038,6.8429,22.4566,8.6600
649,Black|Polymaker Teal|Lime Green|Red,#080A0D|#4CC0C7|#D5D701|#E72F1D,27.5934,9.8841,8.0779,7.4370,7.1152,22.7005,8.6605
650,Polymaker Teal|Dark Olive Drab|Red|Orange,#4CC0C7|#575B54|#E72F1D|#F67405,16.7722,9.4223,8.4901,7.9011,7.4541,23.5836,8.6617
651,Dark Olive Drab|Olive Green|Lime Green|Pink,#575B54|#948902|#D5D701|#F1A1AF,19.5114,9.8382,8.4804,7.4932,6.6379,23.2380,8.6657
652,Polymaker Teal|Dark Olive Drab|Magenta|Orange,#4CC0C7|#575B54|#F24574|#F67405,16.7443,9.4367,8.4932,7.8960,7.4421,23.5671,8.6663
653,Dark Grey|Tan|Lime Green|Magenta,#485259|#A79E82|#D5D701|#F24574,18.8873,9.7737,8.4720,7.5623,6.7696,25.7147,8.6680
654,Dark Grey|Olive Green|Pink|Magenta,#485259|#948902|#F1A1AF|#F24574,25.4130,10.1721,8.3066,7.1697,6.3018,28.6242,8.6709
655,Black|Brown|Grey|Olive Green,#080A0D|#55331A|#8C9099|#948902,24.4873,9.8933,8.0801,7.4488,7.3641,30.2923,8.6711
656,Dark Grey|Grey|Olive Green|Magenta,#485259|#8C9099|#948902|#F24574,27.7507,10.2989,8.2340,7.0442,6.1447,33.7845,8.6716
657,Dark Grey|Dark Olive Drab|White|Orange,#485259|#575B54|#EBF7FF|#F67405,16.7035,9.3642,8.5177,7.9808,7.5886,20.2084,8.6725
658,Dark Olive Drab|Olive Green|White|Pink,#575B54|#948902|#EBF7FF|#F1A1AF,21.7331,9.8419,8.3953,7.5061,6.8159,23.0882,8.6740
659,Dark Olive Drab|Cold White|Magenta|Orange,#575B54|#D9DFE5|#F24574|#F67405,16.9267,9.4451,8.4824,7.9047,7.5060,21.7734,8.6749
660,Blue|Black|Lime Green|Red,#003776|#080A0D|#D5D701|#E72F1D,31.1523,10.5229,7.8734,6.8431,6.6160,38.2593,8.6830
661,Blue|Brown|Grey|Lime Green,#003776|#55331A|#8C9099|#D5D701,20.7786,9.5196,8.3229,7.8494,7.6396,22.8574,8.6845
662,Green|Dark Olive Drab|Magenta|Yellow,#06924D|#575B54|#F24574|#FFE800,20.8579,10.0493,8.4587,7.3323,6.4317,35.7603,8.6908
663,Dark Grey|Polymaker Teal|Lime Green|Orange,#485259|#4CC0C7|#D5D701|#F67405,19.1339,9.5778,8.4228,7.8059,7.3850,21.6208,8.6919
664,Dark Grey|Dark Olive Drab|Olive Green|Pink,#485259|#575B54|#948902|#F1A1AF,22.4411,10.1196,8.4318,7.2680,6.2954,28.3656,8.6938
665,Green|Black|Pink|Magenta,#06924D|#080A0D|#F1A1AF|#F24574,27.6495,9.9605,8.1723,7.4402,7.0892,24.8112,8.7004
666,Dark Grey|Polymaker Teal|Olive Green|Red,#485259|#4CC0C7|#948902|#E72F1D,25.9118,10.2677,8.2159,7.1415,6.4543,27.7885,8.7046
667,Brown|Lime Green|Cold White|Orange,#55331A|#D5D701|#D9DFE5|#F67405,20.8412,9.7462,8.2365,7.6654,7.3033,22.9145,8.7058
668,Dark Grey|Brown|Grey|Lime Green,#485259|#55331A|#8C9099|#D5D701,20.0670,9.4222,8.3339,7.9896,7.9647,22.8596,8.7059
669,Green|Dark Olive Drab|Tan|Magenta,#06924D|#575B54|#A79E82|#F24574,18.5515,9.7843,8.5109,7.6300,6.8884,25.0743,8.7071
670,Black|Polymaker Teal|Red|Yellow,#080A0D|#4CC0C7|#E72F1D|#FFE800,28.4705,10.0722,8.0652,7.3445,7.1003,22.2491,8.7084
671,Green|Brown|Grey|Lime Green,#06924D|#55331A|#8C9099|#D5D701,20.6421,9.6007,8.3381,7.8184,7.5859,23.3382,8.7096
672,Azure Blue|Brown|Orange|Yellow,#0066D9|#55331A|#F67405|#FFE800,21.4051,10.0947,8.2425,7.3295,6.8572,22.2706,8.7121
673,Polymaker Teal|Brown|Grey|Lime Green,#4CC0C7|#55331A|#8C9099|#D5D701,20.5487,9.5634,8.3504,7.8740,7.6626,23.3181,8.7187
674,Black|Dark Olive Drab|Tan|Pink,#080A0D|#575B54|#A79E82|#F1A1AF,18.3384,9.2826,8.5598,8.1562,7.8774,22.4558,8.7194
675,Dark Grey|Dark Olive Drab|Cold White|Orange,#485259|#575B54|#D9DFE5|#F67405,16.8846,9.4104,8.5230,8.0345,7.7309,20.9987,8.7224
676,Dark Olive Drab|Grey|Cold White|Orange,#575B54|#8C9099|#D9DFE5|#F67405,16.3379,9.4108,8.5767,8.0531,7.6694,21.7937,8.7320
677,Dark Olive Drab|Lime Green|Pink|Yellow,#575B54|#D5D701|#F1A1AF|#FFE800,18.2054,9.8361,8.6042,7.6328,6.7332,23.5055,8.7345
678,Green|Dark Olive Drab|Pink|Yellow,#06924D|#575B54|#F1A1AF|#FFE800,18.2014,9.8090,8.5946,7.6656,6.8164,23.1924,8.7373
679,Dark Grey|Brown|Grey|Olive Green,#485259|#55331A|#8C9099|#948902,24.2536,9.9683,8.1811,7.5068,7.4179,30.3833,8.7375
680,Azure Blue|Brown|Grey|Yellow,#0066D9|#55331A|#8C9099|#FFE800,20.9750,9.6666,8.3693,7.8344,7.5545,22.1134,8.7505
681,Black|Dark Grey|Lime Green|Orange,#080A0D|#485259|#D5D701|#F67405,22.0274,9.7848,8.3638,7.7231,7.4833,43.4727,8.7539
682,Dark Olive Drab|Red|Magenta|Yellow,#575B54|#E72F1D|#F24574|#FFE800,20.2468,9.9603,8.5496,7.5615,6.7710,37.7000,8.7609
683,Dark Grey|Tan|Red|Pink,#485259|#A79E82|#E72F1D|#F1A1AF,17.3659,9.5553,8.5875,7.9691,7.5124,23.8533,8.7622
684,Dark Olive Drab|Tan|White|Magenta,#575B54|#A79E82|#EBF7FF|#F24574,16.7682,9.5675,8.5797,7.9597,7.4976,22.1588,8.7636
685,Dark Grey|Grey|Magenta|Yellow,#485259|#8C9099|#F24574|#FFE800,20.4952,9.8003,8.4873,7.7275,7.1784,22.9458,8.7639
686,Polymaker Teal|Dark Olive Drab|Tan|Magenta,#4CC0C7|#575B54|#A79E82|#F24574,16.9130,9.6434,8.6016,7.8876,7.3013,24.4148,8.7655
687,Dark Grey|Cold White|Magenta|Yellow,#485259|#D9DFE5|#F24574|#FFE800,21.0857,9.8142,8.4506,7.7173,7.2609,21.6103,8.7658
688,Dark Olive Drab|Grey|Tan|Magenta,#575B54|#8C9099|#A79E82|#F24574,16.8885,9.6436,8.6078,7.8959,7.3067,25.0370,8.7697
689,Polymaker Teal|Dark Olive Drab|Lime Green|Pink,#4CC0C7|#575B54|#D5D701|#F1A1AF,18.2761,9.7311,8.5671,7.8117,7.2062,22.2435,8.7714
690,Blue|Olive Green|Cold White|Red,#003776|#948902|#D9DFE5|#E72F1D,36.2607,10.8137,8.0029,6.7405,6.1262,26.8683,8.7771
691,Dark Grey|Polymaker Teal|Dark Olive Drab|Orange,#485259|#4CC0C7|#575B54|#F67405,16.7512,9.4719,8.6046,8.0873,7.7256,23.3930,8.7796
692,Dark Grey|Brown|Lime Green|Red,#485259|#55331A|#D5D701|#E72F1D,22.2464,9.7805,8.3188,7.7881,7.7204,42.3217,8.7843
693,Azure Blue|Brown|Olive Green|Cold White,#0066D9|#55331A|#948902|#D9DFE5,27.9092,10.7493,7.9810,6.8327,6.3609,22.9131,8.7910
694,Black|Brown|Olive Green|Pink,#080A0D|#55331A|#948902|#F1A1AF,22.6463,9.8326,8.3318,7.7513,7.5841,27.8461,8.7920
695,Green|Brown|White|Magenta,#06924D|#55331A|#EBF7FF|#F24574,22.0993,9.9650,8.4148,7.6358,7.2347,22.8324,8.8004
696,Polymaker Teal|Brown|Lime Green|Cold White,#4CC0C7|#55331A|#D5D701|#D9DFE5,23.0181,10.2052,8.1171,7.3960,7.2017,21.3707,8.8006
697,Azure Blue|Polymaker Teal|Dark Olive Drab|Orange,#0066D9|#4CC0C7|#575B54|#F67405,16.9405,9.5807,8.6367,8.0475,7.6202,24.2196,8.8141
698,Green|Dark Olive Drab|Cold White|Red,#06924D|#575B54|#D9DFE5|#E72F1D,20.4317,9.8618,8.5148,7.8089,7.3806,22.2804,8.8354
699,Green|Brown|Cold White|Magenta,#06924D|#55331A|#D9DFE5|#F24574,24.8773,10.4932,8.2799,7.1971,6.5784,23.6007,8.8452
700,Green|Dark Grey|Red|White,#06924D|#485259|#E72F1D|#EBF7FF,22.7885,10.1318,8.5054,7.5775,6.9647,22.7966,8.8546
701,Dark Olive Drab|Purple|Tan|Magenta,#575B54|#6C47B2|#A79E82|#F24574,16.9681,9.7378,8.7005,7.9747,7.3786,25.1498,8.8562
702,Green|Brown|Lime Green|Cold White,#06924D|#55331A|#D5D701|#D9DFE5,23.0125,10.4648,8.2516,7.2631,6.7980,22.2147,8.8640
703,Black|Brown|Pink|Yellow,#080A0D|#55331A|#F1A1AF|#FFE800,21.5127,9.5405,8.5476,8.2012,8.1065,21.8474,8.8708
704,Dark Grey|Dark Olive Drab|Tan|Magenta,#485259|#575B54|#A79E82|#F24574,16.9284,9.7207,8.7164,8.0301,7.4725,24.6755,8.8754
705,Green|Brown|Grey|Olive Green,#06924D|#55331A|#8C9099|#948902,24.5727,10.2353,8.3345,7.5338,7.2450,30.5544,8.8846
706,Azure Blue|Dark Olive Drab|Tan|Magenta,#0066D9|#575B54|#A79E82|#F24574,16.9263,9.7359,8.7285,8.0367,7.4558,24.9876,8.8863
707,Dark Olive Drab|Lime Green|White|Pink,#575B54|#D5D701|#EBF7FF|#F1A1AF,18.1615,9.8025,8.6927,7.9762,7.4263,22.3393,8.8894
708,Blue|Dark Olive Drab|Olive Green|Pink,#003776|#575B54|#948902|#F1A1AF,24.7567,10.4490,8.5784,7.3367,6.3316,28.9239,8.8928
709,Green|Brown|Olive Green|Cold White,#06924D|#55331A|#948902|#D9DFE5,27.1509,11.1622,8.0637,6.6355,6.0693,24.5499,8.8989
710,Blue|Dark Olive Drab|White|Orange,#003776|#575B54|#EBF7FF|#F67405,17.1821,9.6003,8.7429,8.2138,7.8392,21.3923,8.9070
711,Black|Polymaker Teal|Magenta|Yellow,#080A0D|#4CC0C7|#F24574|#FFE800,30.0641,10.4987,8.2076,7.3237,7.0364,21.6798,8.9112
712,Blue|Brown|Grey|Olive Green,#003776|#55331A|#8C9099|#948902,25.1281,10.2493,8.3602,7.5762,7.2871,30.3072,8.9128
713,Brown|Purple|Grey|Lime Green,#55331A|#6C47B2|#8C9099|#D5D701,20.7327,9.8289,8.5831,8.0063,7.6738,24.0416,8.9176
714,Dark Olive Drab|Olive Green|Magenta|Yellow,#575B54|#948902|#F24574|#FFE800,20.7995,10.2262,8.6858,7.6130,6.7801,36.5013,8.9196
715,Dark Grey|Olive Green|Lime Green|Pink,#485259|#948902|#D5D701|#F1A1AF,21.9475,10.2392,8.6821,7.6043,6.7051,23.5655,8.9217
716,Dark Olive Drab|Lime Green|Magenta|Yellow,#575B54|#D5D701|#F24574|#FFE800,20.6546,10.2056,8.6972,7.6392,6.8055,36.5042,8.9224
717,Dark Grey|Dark Olive Drab|Lime Green|Pink,#485259|#575B54|#D5D701|#F1A1AF,18.8284,10.0399,8.7812,7.8161,6.9383,22.8574,8.9280
718,Azure Blue|Dark Olive Drab|Pink|Yellow,#0066D9|#575B54|#F1A1AF|#FFE800,18.4609,9.9850,8.7527,7.8835,7.1733,23.5228,8.9343
719,Azure Blue|Brown|Grey|Lime Green,#0066D9|#55331A|#8C9099|#D5D701,21.2016,9.8514,8.5719,8.0315,7.7803,22.7994,8.9414
720,Blue|Dark Olive Drab|Lime Green|Magenta,#003776|#575B54|#D5D701|#F24574,22.4659,10.3365,8.6601,7.5514,6.6849,34.0634,8.9440
721,Brown|Dark Olive Drab|Grey|Olive Green,#55331A|#575B54|#8C9099|#948902,23.6808,10.0432,8.4440,7.8471,7.7133,30.3130,8.9451
722,Blue|Dark Olive Drab|Cold White|Orange,#003776|#575B54|#D9DFE5|#F67405,17.3449,9.6453,8.7389,8.2507,7.9645,21.8798,8.9480
723,Black|Cold White|Orange|Yellow,#080A0D|#D9DFE5|#F67405|#FFE800,28.7450,10.0166,8.3441,7.8795,7.7068,23.4093,8.9481
724,Dark Grey|Olive Green|Lime Green|Magenta,#485259|#948902|#D5D701|#F24574,24.0953,10.4868,8.6087,7.4139,6.5378,35.5756,8.9503
725,Dark Grey|Lime Green|Red|Magenta,#485259|#D5D701|#E72F1D|#F24574,23.1716,10.4198,8.6542,7.4877,6.5975,38.5677,8.9538
726,Blue|Black|Lime Green|Orange,#003776|#080A0D|#D5D701|#F67405,29.5343,10.6045,8.2574,7.3043,7.0359,39.5239,8.9544
727,Dark Olive Drab|Magenta|Orange|Yellow,#575B54|#F24574|#F67405|#FFE800,18.7355,10.0883,8.8047,7.8208,7.0049,40.3852,8.9545
728,Green|Black|Dark Olive Drab|Orange,#06924D|#080A0D|#575B54|#F67405,19.1028,9.6437,8.6822,8.2726,8.1455,40.2776,8.9581
729,Green|Dark Grey|Pink|Orange,#06924D|#485259|#F1A1AF|#F67405,20.5072,10.0794,8.7147,7.8472,7.1676,28.4464,8.9633
730,Brown|Purple|Grey|Olive Green,#55331A|#6C47B2|#8C9099|#948902,25.0733,10.4289,8.4067,7.5001,7.1246,30.5998,8.9645
731,Black|Dark Olive Drab|Olive Green|Magenta,#080A0D|#575B54|#948902|#F24574,25.5812,10.5360,8.4533,7.4165,6.9621,44.7830,8.9763
732,Brown|Lime Green|Pink|Magenta,#55331A|#D5D701|#F1A1AF|#F24574,19.7379,9.8442,8.6564,8.1217,7.8709,22.2647,8.9830
733,Azure Blue|Dark Olive Drab|Cold White|Orange,#0066D9|#575B54|#D9DFE5|#F67405,17.0925,9.7192,8.7921,8.2549,7.8945,22.9798,8.9870
734,Blue|Dark Olive Drab|Tan|Magenta,#003776|#575B54|#A79E82|#F24574,17.1101,9.8230,8.8315,8.1513,7.5886,24.8590,8.9871
735,Dark Grey|Polymaker Teal|Olive Green|Orange,#485259|#4CC0C7|#948902|#F67405,21.1600,10.0932,8.6392,7.8925,7.4287,23.7109,8.9929
736,Black|Dark Grey|Magenta|Yellow,#080A0D|#485259|#F24574|#FFE800,23.6800,9.9744,8.5667,8.0375,7.8842,35.3141,9.0059
737,Dark Olive Drab|Grey|Lime Green|Pink,#575B54|#8C9099|#D5D701|#F1A1AF,18.2520,9.9523,8.8237,8.0613,7.4173,22.6163,9.0068
738,Polymaker Teal|Brown|Olive Green|Orange,#4CC0C7|#55331A|#948902|#F67405,21.2968,9.9695,8.5688,8.0444,7.7301,23.7878,9.0070
739,Polymaker Teal|Brown|Orange|Yellow,#4CC0C7|#55331A|#F67405|#FFE800,20.1932,9.7866,8.6396,8.2341,7.9884,22.4263,9.0104
740,Green|Dark Grey|Lime Green|Magenta,#06924D|#485259|#D5D701|#F24574,23.9930,10.5610,8.7078,7.4600,6.4753,35.6517,9.0105
741,Brown|Dark Olive Drab|Red|Yellow,#55331A|#575B54|#E72F1D|#FFE800,19.5548,9.7362,8.7034,8.3039,8.2048,42.1630,9.0201
742,Green|Black|Polymaker Teal|Magenta,#06924D|#080A0D|#4CC0C7|#F24574,30.3339,10.4184,8.3675,7.6221,7.3240,28.7884,9.0203
743,Black|Olive Green|Cold White|Orange,#080A0D|#948902|#D9DFE5|#F67405,29.3647,10.2000,8.3758,7.8440,7.6087,23.6934,9.0220
744,Blue|Polymaker Teal|Dark Olive Drab|Orange,#003776|#4CC0C7|#575B54|#F67405,17.2203,9.7204,8.8387,8.3236,7.9730,23.8607,9.0220
745,Azure Blue|Black|Olive Green|Orange,#0066D9|#080A0D|#948902|#F67405,32.5401,11.3559,8.1008,6.6884,6.3579,38.5250,9.0222
746,Dark Grey|Grey|Olive Green|Pink,#485259|#8C9099|#948902|#F1A1AF,25.1513,10.4375,8.7082,7.6292,6.7247,28.0864,9.0333
747,Green|Dark Olive Drab|Lime Green|Pink,#06924D|#575B54|#D5D701|#F1A1AF,18.5272,10.0613,8.8748,8.0118,7.2613,23.1686,9.0366
748,Azure Blue|Black|Magenta|Yellow,#0066D9|#080A0D|#F24574|#FFE800,29.2800,10.5123,8.4173,7.5832,7.2404,24.8449,9.0477
749,Dark Grey|Olive Green|Pink|Yellow,#485259|#948902|#F1A1AF|#FFE800,21.5798,10.3527,8.8335,7.7476,6.8389,23.8976,9.0501
750,Green|Dark Olive Drab|Grey|Red,#06924D|#575B54|#8C9099|#E72F1D,21.0607,10.1945,8.7599,7.9118,7.3192,33.1312,9.0531
751,Black|Brown|Lime Green|Cold White,#080A0D|#55331A|#D5D701|#D9DFE5,23.0597,10.1992,8.4719,7.9105,7.7070,21.5081,9.0548
752,Brown|Dark Olive Drab|Olive Green|Magenta,#55331A|#575B54|#948902|#F24574,23.0180,10.2486,8.5265,7.8776,7.7581,44.8622,9.0631
753,Dark Grey|Dark Olive Drab|Pink|Yellow,#485259|#575B54|#F1A1AF|#FFE800,18.8963,10.1559,8.9186,7.9720,7.1199,24.0300,9.0640
754,Dark Grey|Polymaker Teal|Magenta|Yellow,#485259|#4CC0C7|#F24574|#FFE800,21.2911,10.1283,8.7816,8.0101,7.4891,21.7223,9.0692
755,Black|Olive Green|Cold White|Red,#080A0D|#948902|#D9DFE5|#E72F1D,32.4316,10.5930,8.3120,7.5710,7.2047,24.2854,9.0820
756,Brown|Lime Green|Red|Pink,#55331A|#D5D701|#E72F1D|#F1A1AF,19.7394,9.9085,8.7595,8.2556,8.0149,22.2721,9.0820
757,Azure Blue|Dark Olive Drab|Lime Green|Pink,#0066D9|#575B54|#D5D701|#F1A1AF,18.6874,10.1071,8.8928,8.0592,7.3600,23.6016,9.0832
758,Green|Brown|Dark Olive Drab|Orange,#06924D|#55331A|#575B54|#F67405,18.2978,9.7181,8.8332,8.4517,8.3314,40.3219,9.0849
759,Black|Polymaker Teal|Olive Green|Magenta,#080A0D|#4CC0C7|#948902|#F24574,33.7252,10.8861,8.3265,7.2947,6.7208,27.3309,9.0904
760,Blue|Green|Black|Magenta,#003776|#06924D|#080A0D|#F24574,31.2829,10.6052,8.3883,7.5861,7.3094,33.9048,9.0956
761,Polymaker Teal|Brown|Lime Green|Orange,#4CC0C7|#55331A|#D5D701|#F67405,20.0697,9.8688,8.7348,8.3230,8.0616,22.5521,9.0959
762,Dark Grey|Cold White|Pink|Yellow,#485259|#D9DFE5|#F1A1AF|#FFE800,19.8724,10.1504,8.8583,8.0474,7.4681,22.9266,9.0989
763,Polymaker Teal|Brown|Grey|Olive Green,#4CC0C7|#55331A|#8C9099|#948902,24.8405,10.3370,8.5950,7.8753,7.5703,30.6197,9.1061
764,Blue|Dark Grey|Olive Green|Pink,#003776|#485259|#948902|#F1A1AF,27.9258,10.7460,8.7313,7.4770,6.4926,28.9644,9.1115
765,Dark Grey|White|Pink|Yellow,#485259|#EBF7FF|#F1A1AF|#FFE800,19.8067,10.1842,8.8982,8.0685,7.4593,23.4263,9.1264
766,Green|Dark Olive Drab|Olive Green|Pink,#06924D|#575B54|#948902|#F1A1AF,21.5583,10.3184,8.8801,7.9553,7.1975,25.4614,9.1369
767,Green|Polymaker Teal|Brown|Orange,#06924D|#4CC0C7|#55331A|#F67405,20.2301,9.9629,8.7568,8.3175,8.0517,23.6910,9.1402
768,Brown|Dark Olive Drab|Cold White|Yellow,#55331A|#575B54|#D9DFE5|#FFE800,18.4589,9.8271,8.8857,8.4748,8.3308,20.2477,9.1509
769,Azure Blue|Brown|Grey|Olive Green,#0066D9|#55331A|#8C9099|#948902,25.3203,10.4709,8.6645,7.8518,7.4522,33.2277,9.1614
770,Azure Blue|Dark Grey|Magenta|Yellow,#0066D9|#485259|#F24574|#FFE800,21.5402,10.3071,8.8535,8.0172,7.4642,23.5094,9.1621
771,Dark Olive Drab|Grey|Red|Orange,#575B54|#8C9099|#E72F1D|#F67405,16.9252,9.9058,9.0235,8.4235,7.9442,31.1294,9.1647
772,Green|Black|Grey|Red,#06924D|#080A0D|#8C9099|#E72F1D,25.8012,10.3453,8.7475,7.9853,7.5176,32.4011,9.1653
773,Green|Brown|Cold White|Orange,#06924D|#55331A|#D9DFE5|#F67405,21.8460,10.5586,8.7081,7.7959,7.1951,24.1164,9.1773
774,Dark Olive Drab|Purple|Cold White|Orange,#575B54|#6C47B2|#D9DFE5|#F67405,17.3556,9.9046,8.9694,8.4575,8.1483,25.1533,9.1811
775,Azure Blue|Brown|Olive Green|Yellow,#0066D9|#55331A|#948902|#FFE800,23.9476,10.5764,8.6359,7.7909,7.4037,23.4372,9.1836
776,Green|Brown|Dark Olive Drab|Magenta,#06924D|#55331A|#575B54|#F24574,22.1741,10.1593,8.7875,8.2257,8.0510,33.7832,9.1925
777,Green|Dark Grey|Cold White|Orange,#06924D|#485259|#D9DFE5|#F67405,20.1806,10.1975,8.9077,8.2104,7.7613,21.7173,9.2039
778,Azure Blue|Dark Grey|Brown|Yellow,#0066D9|#485259|#55331A|#FFE800,21.6244,10.1464,8.7857,8.2794,8.1585,23.6158,9.2129
779,Dark Olive Drab|Grey|Magenta|Orange,#575B54|#8C9099|#F24574|#F67405,16.9081,9.9630,9.0783,8.4711,7.9794,31.1358,9.2171
780,Dark Grey|Dark Olive Drab|Lime Green|Red,#485259|#575B54|#D5D701|#E72F1D,21.3746,10.4829,8.9899,7.9618,7.1651,43.0710,9.2223
781,Dark Olive Drab|Tan|Pink|Yellow,#575B54|#A79E82|#F1A1AF|#FFE800,16.6799,10.0572,9.1242,8.4226,7.7947,23.0273,9.2399
782,Blue|Black|Lime Green|Magenta,#003776|#080A0D|#D5D701|#F24574,31.1387,10.8204,8.4959,7.6630,7.4331,33.4367,9.2417
783,Polymaker Teal|Dark Olive Drab|Purple|Orange,#4CC0C7|#575B54|#6C47B2|#F67405,17.2259,9.9794,9.0620,8.5107,8.1245,26.0647,9.2451
784,Green|Dark Grey|Brown|Magenta,#06924D|#485259|#55331A|#F24574,24.3811,10.3738,8.7293,8.1369,8.0279,33.9520,9.2553
785,Polymaker Teal|Dark Olive Drab|Pink|Orange,#4CC0C7|#575B54|#F1A1AF|#F67405,17.1100,10.0173,9.1036,8.4992,8.0323,23.3834,9.2582
786,Azure Blue|Dark Olive Drab|Olive Green|Pink,#0066D9|#575B54|#948902|#F1A1AF,23.2975,10.7399,9.0103,7.7818,6.7371,29.2012,9.2608
787,Dark Olive Drab|Olive Green|Lime Green|Red,#575B54|#948902|#D5D701|#E72F1D,21.1474,10.5417,9.0279,7.9953,7.2174,43.7711,9.2685
788,Green|Brown|Pink|Orange,#06924D|#55331A|#F1A1AF|#F67405,21.6853,10.3232,8.9339,8.2290,7.7563,27.7674,9.2761
789,Green|Dark Olive Drab|Olive Green|Magenta,#06924D|#575B54|#948902|#F24574,24.9364,10.8635,8.8949,7.6904,6.8307,34.2109,9.2770
790,Dark Grey|Polymaker Teal|Pink|Yellow,#485259|#4CC0C7|#F1A1AF|#FFE800,19.9383,10.3202,9.0434,8.2503,7.6721,22.9056,9.2852
791,Dark Grey|Dark Olive Drab|Orange|Yellow,#485259|#575B54|#F67405|#FFE800,18.9464,10.3071,9.1447,8.2648,7.5164,41.9354,9.2859
792,Dark Olive Drab|Cold White|Pink|Orange,#575B54|#D9DFE5|#F1A1AF|#F67405,17.1527,10.0243,9.1294,8.5503,8.1218,22.3792,9.2873
793,Green|Black|Purple|Magenta,#06924D|#080A0D|#6C47B2|#F24574,32.1586,11.2755,8.5743,7.3356,6.8611,34.5075,9.3055
794,Dark Grey|Olive Green|White|Pink,#485259|#948902|#EBF7FF|#F1A1AF,25.0753,10.5435,8.9828,8.0702,7.3563,23.6035,9.3069
795,Dark Grey|Dark Olive Drab|Grey|Orange,#485259|#575B54|#8C9099|#F67405,16.8991,9.9551,9.1568,8.6628,8.2932,30.7165,9.3090
796,Brown|Olive Green|Lime Green|Pink,#55331A|#948902|#D5D701|#F1A1AF,20.1539,10.1730,8.9944,8.4669,8.1946,22.6394,9.3199
797,Brown|Grey|Cold White|Orange,#55331A|#8C9099|#D9DFE5|#F67405,18.2359,9.8760,9.0946,8.7798,8.6301,20.5251,9.3279
798,Dark Olive Drab|Lime Green|Magenta|Orange,#575B54|#D5D701|#F24574|#F67405,18.8742,10.4423,9.1943,8.2147,7.3893,43.9731,9.3285
799,Dark Olive Drab|Tan|Pink|Magenta,#575B54|#A79E82|#F1A1AF|#F24574,16.7680,10.1087,9.1862,8.5488,8.0362,24.6696,9.3287
800,Brown|Purple|Olive Green|Pink,#55331A|#6C47B2|#948902|#F1A1AF,23.1583,10.7821,8.8046,7.8844,7.5194,28.8411,9.3333
801,Dark Olive Drab|Red|Orange|Yellow,#575B54|#E72F1D|#F67405|#FFE800,18.8440,10.3941,9.1991,8.2738,7.4966,43.3333,9.3339
802,Dark Olive Drab|Olive Green|Orange|Yellow,#575B54|#948902|#F67405|#FFE800,18.6879,10.3844,9.2071,8.2967,7.5434,42.7668,9.3406
803,Blue|Dark Olive Drab|Pink|Yellow,#003776|#575B54|#F1A1AF|#FFE800,19.8421,10.4801,9.1848,8.2033,7.3403,24.6728,9.3417
804,Black|Tan|Cold White|Yellow,#080A0D|#A79E82|#D9DFE5|#FFE800,23.3715,9.8947,9.1119,8.7918,8.6128,16.9066,9.3433
805,Dark Olive Drab|Lime Green|Orange|Yellow,#575B54|#D5D701|#F67405|#FFE800,18.6209,10.3800,9.2198,8.3175,7.5603,42.7736,9.3487
806,Blue|Dark Olive Drab|Lime Green|Red,#003776|#575B54|#D5D701|#E72F1D,21.8803,10.6362,9.1122,8.0638,7.2416,39.2053,9.3500
807,Blue|Dark Olive Drab|Orange|Yellow,#003776|#575B54|#F67405|#FFE800,19.2565,10.3798,9.2161,8.3366,7.6001,35.8505,9.3582
808,Brown|Dark Olive Drab|Grey|Lime Green,#55331A|#575B54|#8C9099|#D5D701,19.0218,9.9412,9.1033,8.8092,8.7582,23.0458,9.3752
809,Black|Lime Green|Cold White|Orange,#080A0D|#D5D701|#D9DFE5|#F67405,28.3289,10.3917,8.8280,8.3703,8.1674,23.4261,9.3810
810,Dark Olive Drab|Lime Green|Red|Yellow,#575B54|#D5D701|#E72F1D|#FFE800,20.3135,10.5272,9.1922,8.2412,7.4769,43.0107,9.3842
811,Dark Grey|Lime Green|Cold White|Pink,#485259|#D5D701|#D9DFE5|#F1A1AF,20.5100,10.4824,9.1414,8.2914,7.6997,23.4251,9.3869
812,Dark Olive Drab|Olive Green|Red|Yellow,#575B54|#948902|#E72F1D|#FFE800,20.3710,10.5367,9.1936,8.2406,7.4757,43.0277,9.3887
813,Azure Blue|Dark Olive Drab|Grey|Orange,#0066D9|#575B54|#8C9099|#F67405,17.0059,10.1082,9.2474,8.6723,8.2158,32.4534,9.3903
814,Green|Brown|Cold White|Red,#06924D|#55331A|#D9DFE5|#E72F1D,23.3453,10.7495,8.8834,8.0321,7.5221,23.7307,9.3908
815,Dark Grey|Grey|Pink|Yellow,#485259|#8C9099|#F1A1AF|#FFE800,19.8432,10.4489,9.1763,8.3329,7.6643,23.1489,9.3909
816,Dark Grey|Olive Green|Lime Green|Red,#485259|#948902|#D5D701|#E72F1D,23.9286,10.8784,9.0670,7.9060,7.0479,43.1402,9.3922
817,Black|Polymaker Teal|White|Orange,#080A0D|#4CC0C7|#EBF7FF|#F67405,25.9748,10.3802,8.9898,8.4087,8.1983,20.6859,9.3945
818,Green|Dark Olive Drab|Red|Yellow,#06924D|#575B54|#E72F1D|#FFE800,20.3586,10.5302,9.2085,8.2680,7.5059,41.9785,9.3991
819,Blue|Olive Green|Red|Pink,#003776|#948902|#E72F1D|#F1A1AF,34.5134,11.3915,8.8466,7.4085,6.4080,29.9645,9.4000
820,Dark Grey|Magenta|Orange|Yellow,#485259|#F24574|#F67405|#FFE800,20.9816,10.5902,9.2059,8.2134,7.3951,39.8469,9.4018
821,Azure Blue|Brown|Dark Olive Drab|Yellow,#0066D9|#55331A|#575B54|#FFE800,20.3327,10.2398,9.0831,8.6006,8.4491,23.6187,9.4202
822,Black|Dark Olive Drab|Olive Green|Orange,#080A0D|#575B54|#948902|#F67405,19.4701,10.1129,9.1383,8.7447,8.6511,49.4153,9.4288
823,Black|Dark Grey|Red|Yellow,#080A0D|#485259|#E72F1D|#FFE800,23.0613,10.3166,9.0457,8.5562,8.3968,40.5252,9.4364
824,Black|Dark Grey|Olive Green|Magenta,#080A0D|#485259|#948902|#F24574,29.5352,11.1638,8.7733,7.7172,7.2673,44.8207,9.4405
825,Azure Blue|Dark Grey|Olive Green|Pink,#0066D9|#485259|#948902|#F1A1AF,26.1761,10.9602,9.1256,7.9330,6.9448,29.0537,9.4466
826,Dark Grey|Dark Olive Drab|Magenta|Yellow,#485259|#575B54|#F24574|#FFE800,21.2579,10.6456,9.2221,8.2478,7.4900,35.8974,9.4467
827,Dark Olive Drab|Lime Green|Red|Orange,#575B54|#D5D701|#E72F1D|#F67405,18.9382,10.5441,9.3236,8.3781,7.5893,44.5341,9.4611
828,Dark Grey|Dark Olive Drab|Lime Green|Orange,#485259|#575B54|#D5D701|#F67405,19.0297,10.5151,9.3237,8.4076,7.6359,43.8385,9.4613
829,Black|Dark Grey|White|Orange,#080A0D|#485259|#EBF7FF|#F67405,21.2842,10.0112,9.1933,8.9162,8.8592,18.6547,9.4637
830,Dark Grey|Brown|Cold White|Yellow,#485259|#55331A|#D9DFE5|#FFE800,20.0581,10.1633,9.1564,8.7787,8.7032,20.5459,9.4710
831,Polymaker Teal|Brown|Cold White|Yellow,#4CC0C7|#55331A|#D9DFE5|#FFE800,22.4869,10.5994,8.9576,8.3496,8.0954,22.6861,9.4745
832,Black|Dark Olive Drab|Pink|Orange,#080A0D|#575B54|#F1A1AF|#F67405,18.4268,9.9404,9.2492,9.0177,9.0278,35.0178,9.4790
833,Dark Grey|Tan|Pink|Yellow,#485259|#A79E82|#F1A1AF|#FFE800,18.8603,10.4624,9.3206,8.4985,7.7955,23.6558,9.4804
834,Black|Tan|White|Yellow,#080A0D|#A79E82|#EBF7FF|#FFE800,23.6175,10.0612,9.2337,8.9074,8.7549,16.9877,9.4843
835,Green|Dark Grey|Grey|Orange,#06924D|#485259|#8C9099|#F67405,20.1272,10.5300,9.2664,8.4609,7.8157,29.7571,9.4954
836,Dark Olive Drab|Olive Green|Lime Green|Orange,#575B54|#948902|#D5D701|#F67405,18.8495,10.5697,9.3592,8.4227,7.6458,44.4047,9.4962
837,Black|Polymaker Teal|Orange|Yellow,#080A0D|#4CC0C7|#F67405|#FFE800,25.2275,10.3120,9.1151,8.6858,8.4379,22.9707,9.4989
838,Green|Dark Olive Drab|Lime Green|Red,#06924D|#575B54|#D5D701|#E72F1D,21.2309,10.7196,9.2753,8.2792,7.4977,44.0941,9.4994
839,Green|Dark Olive Drab|Orange|Yellow,#06924D|#575B54|#F67405|#FFE800,18.6654,10.5071,9.3793,8.5142,7.7797,42.1179,9.5107
840,Dark Olive Drab|Purple|Lime Green|Magenta,#575B54|#6C47B2|#D5D701|#F24574,22.2878,10.9420,9.2516,8.0800,7.1133,37.0117,9.5110
841,Blue|Dark Olive Drab|Grey|Orange,#003776|#575B54|#8C9099|#F67405,17.3633,10.1870,9.3720,8.8870,8.5398,30.7879,9.5370
842,Blue|Dark Olive Drab|Lime Green|Orange,#003776|#575B54|#D5D701|#F67405,19.4094,10.6041,9.3901,8.4705,7.6892,39.7888,9.5373
843,Azure Blue|Dark Olive Drab|Olive Green|Magenta,#0066D9|#575B54|#948902|#F24574,25.7974,11.3391,9.1606,7.7403,6.7018,38.6298,9.5397
844,Green|Dark Grey|Olive Green|Magenta,#06924D|#485259|#948902|#F24574,28.1196,11.2024,9.1029,7.8873,7.0247,34.2955,9.5448
845,Green|Dark Grey|Polymaker Teal|Orange,#06924D|#485259|#4CC0C7|#F67405,20.0041,10.4770,9.2691,8.6188,8.1815,23.7706,9.5479
846,Green|Dark Grey|Pink|Yellow,#06924D|#485259|#F1A1AF|#FFE800,20.3305,10.6709,9.3724,8.4303,7.6135,23.8449,9.5506
847,Dark Grey|Lime Green|Pink|Yellow,#485259|#D5D701|#F1A1AF|#FFE800,20.3279,10.7046,9.3901,8.4211,7.5721,24.0962,9.5628
848,Green|Dark Grey|Cold White|Red,#06924D|#485259|#D9DFE5|#E72F1D,23.7947,10.7029,9.1709,8.4289,7.9951,23.5200,9.5659
849,Blue|Dark Olive Drab|Lime Green|Pink,#003776|#575B54|#D5D701|#F1A1AF,20.3589,10.7321,9.4073,8.4088,7.5130,24.6461,9.5705
850,Green|Polymaker Teal|Dark Olive Drab|Red,#06924D|#4CC0C7|#575B54|#E72F1D,21.0546,10.6257,9.2869,8.5235,8.0305,28.0558,9.5746
851,Dark Olive Drab|Olive Green|Tan|Pink,#575B54|#948902|#A79E82|#F1A1AF,19.0438,10.5181,9.4198,8.6312,7.9325,24.5525,9.5747
852,Polymaker Teal|Brown|Grey|Orange,#4CC0C7|#55331A|#8C9099|#F67405,18.8602,10.2406,9.3481,8.9204,8.6469,23.3773,9.5805
853,Polymaker Teal|Brown|Cold White|Orange,#4CC0C7|#55331A|#D9DFE5|#F67405,19.9340,10.3286,9.2724,8.8686,8.6036,22.5274,9.5986
854,Dark Grey|Polymaker Teal|Lime Green|Pink,#485259|#4CC0C7|#D5D701|#F1A1AF,20.6266,10.6601,9.3540,8.5371,7.9327,23.5106,9.5986
855,Dark Grey|Olive Green|Orange|Yellow,#485259|#948902|#F67405|#FFE800,21.4418,10.8072,9.3844,8.3902,7.5984,42.2260,9.5987
856,Brown|Dark Olive Drab|Pink|Orange,#55331A|#575B54|#F1A1AF|#F67405,17.5183,10.0501,9.4090,9.1729,9.1476,35.0466,9.6115
857,Azure Blue|Brown|Magenta|Yellow,#0066D9|#55331A|#F24574|#FFE800,22.6407,10.6381,9.1498,8.5874,8.3283,24.0563,9.6127
858,Dark Olive Drab|Grey|Pink|Orange,#575B54|#8C9099|#F1A1AF|#F67405,17.1382,10.3434,9.4895,8.8881,8.3888,31.0466,9.6158
859,Azure Blue|Dark Grey|Olive Green|Magenta,#0066D9|#485259|#948902|#F24574,29.8889,11.6571,9.1258,7.5850,6.4740,38.5534,9.6210
860,Dark Grey|Lime Green|Magenta|Orange,#485259|#D5D701|#F24574|#F67405,21.4502,10.8921,9.4027,8.3500,7.4940,43.3313,9.6211
861,Azure Blue|Green|Dark Olive Drab|Orange,#0066D9|#06924D|#575B54|#F67405,19.2023,10.6619,9.4387,8.5823,7.9028,33.5152,9.6221
862,Blue|Black|Orange|Yellow,#003776|#080A0D|#F67405|#FFE800,28.7545,10.9991,9.0347,8.2467,8.0240,34.6096,9.6229
863,Dark Grey|Olive Green|Lime Green|Orange,#485259|#948902|#D5D701|#F67405,21.9422,10.9388,9.3848,8.3273,7.5089,43.5870,9.6331
864,Azure Blue|Black|Red|Yellow,#0066D9|#080A0D|#E72F1D|#FFE800,28.5274,10.9807,9.0779,8.2889,7.8923,25.4830,9.6348
865,Azure Blue|Green|Black|Magenta,#0066D9|#06924D|#080A0D|#F24574,31.0491,11.0636,8.9859,8.2072,7.9144,34.2709,9.6354
866,Dark Grey|Lime Green|White|Pink,#485259|#D5D701|#EBF7FF|#F1A1AF,20.4989,10.6905,9.4085,8.5844,7.9867,23.5950,9.6375
867,Black|Polymaker Teal|Brown|Orange,#080A0D|#4CC0C7|#55331A|#F67405,20.0838,10.2609,9.2893,9.0212,8.8887,23.2878,9.6410
868,Black|Olive Green|Tan|Cold White,#080A0D|#948902|#A79E82|#D9DFE5,24.1939,10.3082,9.3723,8.9808,8.7840,18.1398,9.6445
869,Green|Black|Polymaker Teal|Orange,#06924D|#080A0D|#4CC0C7|#F67405,24.8240,10.5279,9.2458,8.7680,8.4962,24.0594,9.6479
870,Azure Blue|Brown|Cold White|Yellow,#0066D9|#55331A|#D9DFE5|#FFE800,22.7777,10.7799,9.1987,8.5338,8.1936,23.8898,9.6569
871,Dark Grey|Dark Olive Drab|Red|Yellow,#485259|#575B54|#E72F1D|#FFE800,20.9158,10.7711,9.4521,8.5460,7.8318,40.4005,9.6585
872,Dark Grey|Brown|Red|Yellow,#485259|#55331A|#E72F1D|#FFE800,21.3068,10.3692,9.3199,8.9594,8.9277,40.3124,9.6643
873,Azure Blue|Green|Brown|Yellow,#0066D9|#06924D|#55331A|#FFE800,23.2280,10.8964,9.1577,8.4547,8.2066,24.4724,9.6756
874,Brown|Purple|Pink|Yellow,#55331A|#6C47B2|#F1A1AF|#FFE800,20.4032,10.7470,9.3542,8.6148,8.2598,24.9409,9.6809
875,Black|White|Pink|Orange,#080A0D|#EBF7FF|#F1A1AF|#F67405,26.5170,10.4753,9.3214,8.8967,8.7530,19.4681,9.6860
876,Brown|Dark Olive Drab|Olive Green|Orange,#55331A|#575B54|#948902|#F67405,18.5727,10.2753,9.4473,9.1080,9.0169,49.2441,9.6916
877,Azure Blue|Brown|Red|Yellow,#0066D9|#55331A|#E72F1D|#FFE800,22.4992,10.7051,9.2465,8.6847,8.4221,23.8089,9.6949
878,Black|Polymaker Teal|Tan|Yellow,#080A0D|#4CC0C7|#A79E82|#FFE800,23.5971,10.2207,9.4628,9.1741,9.0529,20.9141,9.6974
879,Azure Blue|Dark Grey|Olive Green|Orange,#0066D9|#485259|#948902|#F67405,23.5970,11.2295,9.3368,8.1722,7.4346,38.8479,9.7009
880,Black|Brown|Grey|Orange,#080A0D|#55331A|#8C9099|#F67405,18.7639,10.0796,9.4430,9.3346,9.4021,30.2587,9.7071
881,Azure Blue|Polymaker Teal|Brown|Yellow,#0066D9|#4CC0C7|#55331A|#FFE800,22.9696,10.8505,9.2185,8.5642,8.2650,23.9942,9.7074
882,Black|Grey|Tan|Yellow,#080A0D|#8C9099|#A79E82|#FFE800,23.6401,10.2901,9.4684,9.1287,8.9551,21.2311,9.7094
883,Dark Grey|Dark Olive Drab|Olive Green|Magenta,#485259|#575B54|#948902|#F24574,25.4643,11.4455,9.3354,7.9751,7.0320,44.7752,9.7103
884,Dark Olive Drab|Purple|Olive Green|Pink,#575B54|#6C47B2|#948902|#F1A1AF,26.1607,11.4509,9.3380,7.9774,6.9600,30.6131,9.7142
885,Blue|Olive Green|Red|White,#003776|#948902|#E72F1D|#EBF7FF,33.4717,11.5791,9.2220,7.8565,6.8707,29.0138,9.7178
886,Dark Grey|Lime Green|Red|Orange,#485259|#D5D701|#E72F1D|#F67405,21.5151,10.9673,9.5081,8.4728,7.6306,43.4630,9.7200
887,Azure Blue|Dark Olive Drab|Olive Green|Orange,#0066D9|#575B54|#948902|#F67405,20.0970,10.9083,9.5195,8.5332,7.7542,39.3056,9.7208
888,Blue|Olive Green|Cold White|Pink,#003776|#948902|#D9DFE5|#F1A1AF,34.3861,11.5652,9.2434,7.8946,6.9405,28.1044,9.7299
889,Green|Dark Grey|Red|Pink,#06924D|#485259|#E72F1D|#F1A1AF,22.9587,10.9037,9.4471,8.5650,7.8559,25.3024,9.7344
890,Dark Olive Drab|Purple|Grey|Orange,#575B54|#6C47B2|#8C9099|#F67405,17.3696,10.4255,9.5739,9.0542,8.6767,31.4073,9.7399
891,Dark Grey|Lime Green|Orange|Yellow,#485259|#D5D701|#F67405|#FFE800,21.0956,10.9027,9.5654,8.5780,7.7493,42.1189,9.7404
892,Black|Cold White|White|Orange,#080A0D|#D9DFE5|#EBF7FF|#F67405,26.6990,10.5599,9.3700,8.9234,8.7753,19.8489,9.7416
893,Black|Purple|White|Orange,#080A0D|#6C47B2|#EBF7FF|#F67405,26.6583,10.5298,9.3775,8.9537,8.8099,19.7548,9.7418
894,Black|White|Magenta|Orange,#080A0D|#EBF7FF|#F24574|#F67405,26.6575,10.5304,9.3791,8.9560,8.8122,19.7565,9.7432
895,Azure Blue|Green|Brown|Magenta,#0066D9|#06924D|#55331A|#F24574,26.3767,11.2680,9.1035,8.2219,7.9579,34.4145,9.7450
896,Green|Black|Tan|Yellow,#06924D|#080A0D|#A79E82|#FFE800,23.6132,10.2730,9.5152,9.2187,9.0793,23.3555,9.7458
897,Blue|Black|Tan|Yellow,#003776|#080A0D|#A79E82|#FFE800,23.7949,10.3956,9.4799,9.0971,8.9104,23.4452,9.7464
898,Dark Grey|Grey|Lime Green|Pink,#485259|#8C9099|#D5D701|#F1A1AF,20.5901,10.8110,9.5304,8.6858,7.9866,23.7245,9.7484
899,Black|Tan|Lime Green|Yellow,#080A0D|#A79E82|#D5D701|#FFE800,23.6151,10.2753,9.5179,9.2216,9.0825,23.3549,9.7485
900,Black|Lime Green|Pink|Orange,#080A0D|#D5D701|#F1A1AF|#F67405,28.2814,10.7903,9.2574,8.7164,8.6132,24.8588,9.7533
901,Black|Grey|Olive Green|Tan,#080A0D|#8C9099|#948902|#A79E82,24.2980,10.4056,9.4658,9.1040,8.9591,22.8573,9.7548
902,Green|Black|Olive Green|Magenta,#06924D|#080A0D|#948902|#F24574,31.2010,11.0651,9.1248,8.4643,8.2298,33.9628,9.7647
903,Black|Grey|White|Orange,#080A0D|#8C9099|#EBF7FF|#F67405,25.0711,10.4719,9.4260,9.0597,8.9670,19.2474,9.7658
904,Black|Olive Green|Tan|Yellow,#080A0D|#948902|#A79E82|#FFE800,23.6965,10.2926,9.5333,9.2429,9.1120,23.3594,9.7677
905,Azure Blue|Dark Grey|Pink|Yellow,#0066D9|#485259|#F1A1AF|#FFE800,20.4867,10.8353,9.5394,8.7062,8.0454,24.6901,9.7708
906,Blue|Dark Grey|Lime Green|Red,#003776|#485259|#D5D701|#E72F1D,24.4455,11.2036,9.4854,8.3502,7.4285,39.1020,9.7769
907,Polymaker Teal|Brown|Red|Orange,#4CC0C7|#55331A|#E72F1D|#F67405,20.2407,10.5459,9.4582,9.0247,8.7297,23.9344,9.7853
908,Blue|Brown|Lime Green|Cold White,#003776|#55331A|#D5D701|#D9DFE5,23.9761,10.8651,9.2628,8.7089,8.5328,21.6623,9.7870
909,Polymaker Teal|Brown|Magenta|Orange,#4CC0C7|#55331A|#F24574|#F67405,20.1813,10.5387,9.4599,9.0356,8.7434,23.9144,9.7872
910,Blue|Polymaker Teal|Brown|Orange,#003776|#4CC0C7|#55331A|#F67405,20.2501,10.4951,9.4635,9.1007,8.8872,23.4248,9.7979
911,Dark Grey|Red|Orange|Yellow,#485259|#E72F1D|#F67405|#FFE800,21.0957,10.9521,9.6193,8.6518,7.8326,42.1648,9.8019
912,Green|Dark Olive Drab|Magenta|Orange,#06924D|#575B54|#F24574|#F67405,19.1749,10.8851,9.6630,8.7219,7.9438,42.5702,9.8035
913,Blue|Dark Grey|Orange|Yellow,#003776|#485259|#F67405|#FFE800,21.4710,10.9461,9.6176,8.6721,7.8693,36.8182,9.8091
914,Dark Olive Drab|Purple|Lime Green|Red,#575B54|#6C47B2|#D5D701|#E72F1D,21.6990,11.1652,9.6150,8.4606,7.4986,43.3284,9.8129
915,Azure Blue|Black|Tan|Yellow,#0066D9|#080A0D|#A79E82|#FFE800,24.2386,10.5601,9.5338,9.0810,8.8621,19.3896,9.8206
916,Blue|Dark Olive Drab|Olive Green|Magenta,#003776|#575B54|#948902|#F24574,26.3310,11.6074,9.4258,8.0379,7.0666,44.8650,9.8227
917,Blue|Black|White|Orange,#003776|#080A0D|#EBF7FF|#F67405,26.6197,10.6150,9.4678,9.0495,8.9153,19.6701,9.8323
918,Black|Grey|Tan|Cold White,#080A0D|#8C9099|#A79E82|#D9DFE5,22.8946,10.3627,9.6250,9.3133,9.1618,18.8846,9.8380
919,Green|Dark Olive Drab|Lime Green|Orange,#06924D|#575B54|#D5D701|#F67405,18.8749,10.8577,9.7111,8.8266,8.0845,44.9449,9.8422
920,Azure Blue|Black|Brown|Yellow,#0066D9|#080A0D|#55331A|#FFE800,22.7733,10.8856,9.3811,8.8063,8.5634,24.0911,9.8460
921,Black|Polymaker Teal|Olive Green|Tan,#080A0D|#4CC0C7|#948902|#A79E82,24.2695,10.4899,9.5746,9.2063,9.0448,22.7894,9.8481
922,Green|Black|Olive Green|Tan,#06924D|#080A0D|#948902|#A79E82,24.2671,10.4954,9.5799,9.2078,9.0408,22.8972,9.8516
923,Brown|Olive Green|Pink|Magenta,#55331A|#948902|#F1A1AF|#F24574,22.0340,10.9519,9.4511,8.7561,8.4204,28.7568,9.8540
924,Black|Tan|Lime Green|Cold White,#080A0D|#A79E82|#D5D701|#D9DFE5,23.2077,10.3783,9.6417,9.3322,9.1616,18.4193,9.8553
925,Green|Polymaker Teal|Brown|Magenta,#06924D|#4CC0C7|#55331A|#F24574,25.0926,11.0750,9.2863,8.6402,8.4437,28.8614,9.8576
926,Blue|Olive Green|White|Orange,#003776|#948902|#EBF7FF|#F67405,31.6918,11.5132,9.3960,8.2086,7.4537,28.5553,9.8609
927,Black|Polymaker Teal|Olive Green|Red,#080A0D|#4CC0C7|#948902|#E72F1D,30.6152,11.3346,9.2497,8.3936,7.8789,27.5534,9.8641
928,Azure Blue|Black|White|Orange,#0066D9|#080A0D|#EBF7FF|#F67405,26.6892,10.6502,9.5011,9.0814,8.9434,19.9313,9.8658
929,Green|Black|Dark Olive Drab|Magenta,#06924D|#080A0D|#575B54|#F24574,24.3026,11.0426,9.4787,8.6896,8.2609,33.7322,9.8661
930,Brown|Grey|Magenta|Orange,#55331A|#8C9099|#F24574|#F67405,18.6875,10.4215,9.6488,9.3279,9.1598,30.4501,9.8747
931,Brown|Grey|Red|Orange,#55331A|#8C9099|#E72F1D|#F67405,18.6877,10.4220,9.6491,9.3285,9.1606,30.4501,9.8753
932,Brown|Lime Green|Pink|Yellow,#55331A|#D5D701|#F1A1AF|#FFE800,19.8109,10.6439,9.5944,9.1111,8.8607,22.8817,9.8775
933,Green|Dark Grey|Grey|Red,#06924D|#485259|#8C9099|#E72F1D,23.6798,11.0863,9.5646,8.6691,7.9913,33.0220,9.8777
934,Brown|Purple|Cold White|Yellow,#55331A|#6C47B2|#D9DFE5|#FFE800,22.9877,11.0537,9.3642,8.7140,8.3845,26.2549,9.8838
935,Black|Red|White|Orange,#080A0D|#E72F1D|#EBF7FF|#F67405,26.7168,10.6675,9.5251,9.1089,8.9596,19.7408,9.8882
936,Green|Black|Cold White|Orange,#06924D|#080A0D|#D9DFE5|#F67405,27.9691,11.3221,9.3086,8.4588,8.0723,23.6436,9.8904
937,Green|Black|Dark Olive Drab|Red,#06924D|#080A0D|#575B54|#E72F1D,22.3994,10.8669,9.5254,8.9196,8.6857,39.8825,9.8932
938,Dark Grey|Polymaker Teal|Brown|Orange,#485259|#4CC0C7|#55331A|#F67405,18.2502,10.4346,9.6623,9.3599,9.2796,23.3591,9.8973
939,Black|Polymaker Teal|Tan|Cold White,#080A0D|#4CC0C7|#A79E82|#D9DFE5,22.9689,10.4538,9.7096,9.3611,9.1391,18.8818,9.9074
940,Green|Dark Olive Drab|Red|Orange,#06924D|#575B54|#E72F1D|#F67405,19.1275,10.9468,9.7621,8.8690,8.1356,42.5779,9.9079
941,Dark Olive Drab|Tan|Lime Green|Pink,#575B54|#A79E82|#D5D701|#F1A1AF,17.0774,10.6919,9.7924,9.1257,8.5353,23.1267,9.9088
942,Dark Olive Drab|Purple|Orange|Yellow,#575B54|#6C47B2|#F67405|#FFE800,19.3176,11.0059,9.7961,8.8124,7.9259,41.8696,9.9091
943,Green|Dark Grey|Lime Green|Red,#06924D|#485259|#D5D701|#E72F1D,23.9690,11.2894,9.6234,8.5318,7.6807,43.4036,9.9106
944,Blue|Olive Green|White|Magenta,#003776|#948902|#EBF7FF|#F24574,35.2773,11.7711,9.4098,8.0539,7.0794,29.7689,9.9125
945,Black|Polymaker Teal|Olive Green|Orange,#080A0D|#4CC0C7|#948902|#F67405,26.4247,10.8863,9.4782,8.9453,8.6523,24.0067,9.9158
946,Dark Grey|Purple|Lime Green|Red,#485259|#6C47B2|#D5D701|#E72F1D,24.0427,11.4379,9.6507,8.3989,7.4042,42.2101,9.9184
947,Dark Olive Drab|Purple|Lime Green|Orange,#575B54|#6C47B2|#D5D701|#F67405,19.3933,11.0537,9.7995,8.7881,7.8959,43.9222,9.9209
948,Green|Brown|Dark Olive Drab|Red,#06924D|#55331A|#575B54|#E72F1D,21.0903,10.7120,9.5850,9.1336,9.0061,39.8877,9.9228
949,Green|Dark Grey|Lime Green|Pink,#06924D|#485259|#D5D701|#F1A1AF,20.9192,11.0523,9.7333,8.7950,7.9741,24.0156,9.9236
950,Blue|Black|Tan|Cold White,#003776|#080A0D|#A79E82|#D9DFE5,22.9442,10.4864,9.7009,9.3786,9.2336,19.0900,9.9325
951,Green|Dark Grey|Magenta|Yellow,#06924D|#485259|#F24574|#FFE800,22.9128,11.2223,9.6968,8.6554,7.7907,35.7581,9.9389
952,Green|Dark Olive Drab|Olive Green|Orange,#06924D|#575B54|#948902|#F67405,18.9803,10.9475,9.7983,8.9333,8.2294,40.4250,9.9404
953,Brown|Dark Olive Drab|Lime Green|Cold White,#55331A|#575B54|#D5D701|#D9DFE5,19.6225,10.6308,9.6505,9.2626,9.1632,20.5795,9.9467
954,Polymaker Teal|Brown|Purple|Orange,#4CC0C7|#55331A|#6C47B2|#F67405,20.3171,10.6928,9.6102,9.2014,8.9369,24.2645,9.9471
955,Green|Dark Grey|Tan|Magenta,#06924D|#485259|#A79E82|#F24574,20.2324,11.0076,9.7619,8.8931,8.1341,25.2422,9.9503
956,Black|Olive Green|Tan|White,#080A0D|#948902|#A79E82|#EBF7FF,24.2559,10.6010,9.6961,9.3007,9.0699,18.8985,9.9508
957,Dark Grey|Purple|Orange|Yellow,#485259|#6C47B2|#F67405|#FFE800,21.2856,11.1418,9.7848,8.7643,7.8969,41.0579,9.9530
958,Azure Blue|Polymaker Teal|Brown|Orange,#0066D9|#4CC0C7|#55331A|#F67405,20.2953,10.6948,9.6169,9.2176,8.9823,23.5969,9.9562
959,Blue|Brown|Cold White|Yellow,#003776|#55331A|#D9DFE5|#FFE800,23.4207,10.9743,9.5129,8.9441,8.7467,22.5755,9.9592
960,Brown|Purple|Grey|Orange,#55331A|#6C47B2|#8C9099|#F67405,18.7462,10.4921,9.7287,9.4265,9.2819,30.5836,9.9593
961,Green|Polymaker Teal|Brown|Red,#06924D|#4CC0C7|#55331A|#E72F1D,23.2145,11.0084,9.4587,8.9102,8.7129,27.9616,9.9593
962,Blue|Dark Grey|Lime Green|Orange,#003776|#485259|#D5D701|#F67405,22.1051,11.2250,9.7418,8.6962,7.8194,40.6062,9.9606
963,Polymaker Teal|Brown|Pink|Orange,#4CC0C7|#55331A|#F1A1AF|#F67405,20.5807,10.8232,9.5969,9.1046,8.8756,23.1290,9.9639
964,Blue|Azure Blue|Brown|Yellow,#003776|#0066D9|#55331A|#FFE800,23.2135,11.0016,9.5224,8.9281,8.6393,24.4430,9.9649
965,Black|Polymaker Teal|Lime Green|Orange,#080A0D|#4CC0C7|#D5D701|#F67405,25.1056,10.7652,9.5998,9.1743,8.9217,23.2483,9.9697
966,Black|Dark Grey|Polymaker Teal|Orange,#080A0D|#485259|#4CC0C7|#F67405,20.3079,10.6010,9.6979,9.3386,9.2020,22.7164,9.9698
967,Black|Polymaker Teal|Grey|Tan,#080A0D|#4CC0C7|#8C9099|#A79E82,22.9425,10.5061,9.7607,9.4385,9.2716,22.9025,9.9723
968,Azure Blue|Black|Olive Green|Tan,#0066D9|#080A0D|#948902|#A79E82,24.2619,10.6693,9.7062,9.2755,9.0431,23.0011,9.9724
969,Green|Black|Tan|Cold White,#06924D|#080A0D|#A79E82|#D9DFE5,23.0455,10.5174,9.7737,9.4291,9.2144,19.5788,9.9733
970,Azure Blue|Brown|Lime Green|Yellow,#0066D9|#55331A|#D5D701|#FFE800,23.1758,11.1114,9.5041,8.8353,8.5083,24.0915,9.9734
971,Blue|Olive Green|Pink|Magenta,#003776|#948902|#F1A1AF|#F24574,34.6810,11.8503,9.5029,8.1045,7.0708,30.5213,9.9774
972,Azure Blue|Black|Tan|Cold White,#0066D9|#080A0D|#A79E82|#D9DFE5,22.7092,10.5188,9.7586,9.4403,9.2969,18.8809,9.9796
973,Blue|Dark Olive Drab|Red|Yellow,#003776|#575B54|#E72F1D|#FFE800,21.6090,11.0912,9.7745,8.8854,8.1785,35.5060,9.9883
974,Blue|Brown|Grey|Orange,#003776|#55331A|#8C9099|#F67405,18.8359,10.4550,9.7549,9.5329,9.4762,30.3028,9.9939
975,Azure Blue|Brown|Grey|Orange,#0066D9|#55331A|#8C9099|#F67405,18.7787,10.4894,9.7562,9.5050,9.4198,30.9688,9.9972
976,Green|Black|Cold White|Red,#06924D|#080A0D|#D9DFE5|#E72F1D,29.1262,11.4982,9.4022,8.4994,8.0566,23.5120,9.9988
977,Green|Dark Grey|Dark Olive Drab|Orange,#06924D|#485259|#575B54|#F67405,19.2563,11.0040,9.8601,8.9995,8.2835,42.1049,10.0017
978,Dark Grey|Brown|Grey|Orange,#485259|#55331A|#8C9099|#F67405,17.9623,10.3753,9.8165,9.6790,9.7265,30.5113,10.0272
979,Blue|Dark Grey|Olive Green|Magenta,#003776|#485259|#948902|#F24574,30.6137,12.0648,9.5204,8.0056,6.9709,44.7471,10.0352
980,Green|Black|Polymaker Teal|Red,#06924D|#080A0D|#4CC0C7|#E72F1D,27.4836,11.1912,9.5043,8.8874,8.6036,27.9238,10.0393
981,Blue|Olive Green|Tan|Red,#003776|#948902|#A79E82|#E72F1D,25.5973,11.4145,9.7624,8.6662,7.7569,28.7244,10.0403
982,Black|Brown|Cold White|Orange,#080A0D|#55331A|#D9DFE5|#F67405,22.2055,10.9035,9.5880,9.1785,9.0599,22.5185,10.0410
983,Green|Black|Grey|Tan,#06924D|#080A0D|#8C9099|#A79E82,23.0219,10.5750,9.8282,9.5071,9.3434,23.1086,10.0411
984,Green|Dark Grey|Olive Green|Pink,#06924D|#485259|#948902|#F1A1AF,24.6821,11.2680,9.7486,8.8161,8.0448,25.4612,10.0420
985,Black|Dark Grey|Tan|Cold White,#080A0D|#485259|#A79E82|#D9DFE5,21.9707,10.5270,9.8569,9.5607,9.4042,18.7997,10.0439
986,Green|Black|Dark Grey|Magenta,#06924D|#080A0D|#485259|#F24574,27.4626,11.4279,9.5895,8.6609,8.1055,33.9453,10.0444
987,Green|Dark Grey|White|Orange,#06924D|#485259|#EBF7FF|#F67405,19.9311,10.9326,9.8315,9.1634,8.6680,22.0884,10.0480
988,Dark Grey|Olive Green|Magenta|Yellow,#485259|#948902|#F24574|#FFE800,22.9874,11.2845,9.7861,8.8146,8.0520,36.0915,10.0495
989,Dark Grey|Brown|Cold White|Orange,#485259|#55331A|#D9DFE5|#F67405,18.6966,10.5741,9.8111,9.5287,9.4729,21.0451,10.0514
990,Dark Grey|Olive Green|Red|Yellow,#485259|#948902|#E72F1D|#FFE800,22.7157,11.2880,9.8304,8.8349,8.0582,41.3880,10.0614
991,Green|Dark Grey|Orange|Yellow,#06924D|#485259|#F67405|#FFE800,21.3178,11.2177,9.8889,8.9130,8.0930,41.8224,10.0654
992,Green|Dark Grey|Brown|Orange,#06924D|#485259|#55331A|#F67405,21.2004,10.9308,9.7091,9.2037,9.0526,40.3340,10.0672
993,Dark Grey|Red|Magenta|Yellow,#485259|#E72F1D|#F24574|#FFE800,22.4233,11.1947,9.8335,8.9408,8.2333,37.2242,10.0678
994,Dark Grey|Purple|Olive Green|Pink,#485259|#6C47B2|#948902|#F1A1AF,30.3558,11.9433,9.6152,8.1938,7.1376,30.0544,10.0685
995,Blue|Black|Olive Green|Tan,#003776|#080A0D|#948902|#A79E82,25.3309,10.8623,9.7306,9.2755,9.0815,23.3494,10.0689
996,Blue|Black|Tan|White,#003776|#080A0D|#A79E82|#EBF7FF,22.6758,10.5701,9.8737,9.5711,9.4158,19.0092,10.0706
997,Black|Polymaker Teal|Tan|White,#080A0D|#4CC0C7|#A79E82|#EBF7FF,22.7738,10.5734,9.8788,9.5698,9.3973,18.9985,10.0716
998,Black|Tan|Cold White|White,#080A0D|#A79E82|#D9DFE5|#EBF7FF,22.7736,10.5729,9.8789,9.5708,9.3988,18.9981,10.0719
999,Black|Grey|Tan|White,#080A0D|#8C9099|#A79E82|#EBF7FF,22.6484,10.5615,9.8780,9.5859,9.4349,19.0035,10.0737
1000,Blue|Black|Grey|Tan,#003776|#080A0D|#8C9099|#A79E82,23.0086,10.6386,9.8548,9.5170,9.3458,23.1453,10.0778
1001,Black|Dark Olive Drab|Olive Green|Red,#080A0D|#575B54|#948902|#E72F1D,23.6017,11.3106,9.6319,8.8506,8.5785,54.7983,10.0806
1002,Blue|Black|Polymaker Teal|Tan,#003776|#080A0D|#4CC0C7|#A79E82,23.0670,10.6584,9.8614,9.5136,9.3400,23.0996,10.0860
1003,Blue|Dark Grey|Lime Green|Magenta,#003776|#485259|#D5D701|#F24574,24.7931,11.4674,9.8036,8.7378,7.9017,34.0990,10.1026
1004,Green|Dark Olive Drab|Cold White|Magenta,#06924D|#575B54|#D9DFE5|#F24574,23.4846,11.2701,9.7580,8.9462,8.4297,24.1504,10.1081
1005,Black|Dark Olive Drab|Red|Orange,#080A0D|#575B54|#E72F1D|#F67405,19.2032,10.6316,9.8675,9.5852,9.5618,49.2767,10.1084
1006,Blue|Olive Green|Tan|Magenta,#003776|#948902|#A79E82|#F24574,28.3374,11.6035,9.7584,8.6225,7.7272,28.0289,10.1130
1007,Black|Tan|Lime Green|White,#080A0D|#A79E82|#D5D701|#EBF7FF,23.4674,10.6408,9.8855,9.5879,9.4574,18.4603,10.1144
1008,Brown|Purple|Lime Green|Cold White,#55331A|#6C47B2|#D5D701|#D9DFE5,23.7576,11.2932,9.5729,8.9359,8.5993,25.5677,10.1145
1009,Black|Dark Olive Drab|Magenta|Orange,#080A0D|#575B54|#F24574|#F67405,19.1619,10.6428,9.8820,9.5880,9.5499,49.2767,10.1154
1010,Black|Olive Green|Tan|Lime Green,#080A0D|#948902|#A79E82|#D5D701,23.7348,10.6468,9.8877,9.5860,9.4454,24.2462,10.1164
1011,Brown|Pink|Magenta|Yellow,#55331A|#F1A1AF|#F24574|#FFE800,19.7285,10.8149,9.8478,9.4196,9.2097,22.9371,10.1173
1012,Blue|Azure Blue|Olive Green|Orange,#003776|#0066D9|#948902|#F67405,34.7908,12.3306,9.6026,7.9069,6.7445,38.5178,10.1188
1013,Azure Blue|Black|Polymaker Teal|Tan,#0066D9|#080A0D|#4CC0C7|#A79E82,22.8449,10.6864,9.9046,9.5528,9.3679,23.2250,10.1196
1014,Blue|Black|Dark Olive Drab|Orange,#003776|#080A0D|#575B54|#F67405,19.1280,10.6303,9.8933,9.6097,9.5532,49.2755,10.1200
1015,Azure Blue|Black|Grey|Tan,#0066D9|#080A0D|#8C9099|#A79E82,22.5346,10.6371,9.9306,9.6063,9.4074,22.9763,10.1217
1016,Blue|Azure Blue|Black|Tan,#003776|#0066D9|#080A0D|#A79E82,22.8070,10.6867,9.9182,9.5734,9.3831,23.2449,10.1300
1017,Black|Dark Olive Drab|Olive Green|Tan,#080A0D|#575B54|#948902|#A79E82,22.3095,10.7305,9.9005,9.5384,9.3626,22.8192,10.1345
1018,Azure Blue|Black|Tan|White,#0066D9|#080A0D|#A79E82|#EBF7FF,22.7233,10.6508,9.9340,9.6253,9.4694,19.1289,10.1380
1019,Black|Dark Olive Drab|Tan|Cold White,#080A0D|#575B54|#A79E82|#D9DFE5,21.0503,10.5878,9.9770,9.6892,9.5117,18.8109,10.1385
1020,Black|Dark Olive Drab|Purple|Orange,#080A0D|#575B54|#6C47B2|#F67405,19.1371,10.6536,9.9126,9.6235,9.5615,49.2755,10.1386
1021,Brown|Olive Green|Red|Pink,#55331A|#948902|#E72F1D|#F1A1AF,22.1112,11.1880,9.7493,9.0911,8.7743,28.7451,10.1396
1022,Black|Dark Grey|Dark Olive Drab|Orange,#080A0D|#485259|#575B54|#F67405,19.1415,10.6353,9.9139,9.6454,9.6081,49.2770,10.1404
1023,Blue|Green|Black|Tan,#003776|#06924D|#080A0D|#A79E82,23.1456,10.7256,9.9279,9.5776,9.4040,23.3174,10.1516
1024,Green|Dark Grey|Red|Yellow,#06924D|#485259|#E72F1D|#FFE800,22.6832,11.3714,9.9292,8.9326,8.1195,41.7206,10.1520
1025,Green|Black|Polymaker Teal|Tan,#06924D|#080A0D|#4CC0C7|#A79E82,23.1572,10.6968,9.9558,9.6138,9.4086,23.0470,10.1553
1026,Black|Grey|Tan|Lime Green,#080A0D|#8C9099|#A79E82|#D5D701,23.3946,10.6760,9.9369,9.6354,9.4827,22.6628,10.1557
1027,Green|Black|Tan|White,#06924D|#080A0D|#A79E82|#EBF7FF,22.8793,10.6552,9.9619,9.6573,9.4919,19.7501,10.1562
1028,Dark Olive Drab|Purple|Olive Green|Magenta,#575B54|#6C47B2|#948902|#F24574,26.6555,12.0412,9.7725,8.2917,7.2414,44.9587,10.1664
1029,Dark Grey|Lime Green|Red|Yellow,#485259|#D5D701|#E72F1D|#FFE800,22.5085,11.3468,9.9538,8.9879,8.2080,41.4059,10.1674
1030,Black|Polymaker Teal|Tan|Lime Green,#080A0D|#4CC0C7|#A79E82|#D5D701,23.4185,10.6779,9.9566,9.6681,9.5333,22.5192,10.1730
1031,Dark Grey|Olive Green|Tan|Pink,#485259|#948902|#A79E82|#F1A1AF,21.4518,11.2199,9.9890,9.1327,8.3890,24.6401,10.1763
1032,Brown|Red|Pink|Yellow,#55331A|#E72F1D|#F1A1AF|#FFE800,19.7423,10.8663,9.9150,9.4960,9.2866,22.9346,10.1811
1033,Azure Blue|Green|Black|Tan,#0066D9|#06924D|#080A0D|#A79E82,22.9172,10.7483,9.9675,9.6185,9.4386,23.3329,10.1834
1034,Blue|Green|Brown|Magenta,#003776|#06924D|#55331A|#F24574,26.4674,11.5522,9.5800,8.8148,8.5843,34.1106,10.1835
1035,Green|Dark Grey|Polymaker Teal|Red,#06924D|#485259|#4CC0C7|#E72F1D,24.2916,11.3272,9.8237,9.0675,8.5860,28.0412,10.1974
1036,Black|Brown|Dark Olive Drab|Orange,#080A0D|#55331A|#575B54|#F67405,18.1699,10.5008,9.9784,9.9015,10.0227,49.2643,10.2011
1037,Blue|Olive Green|Pink|Orange,#003776|#948902|#F1A1AF|#F67405,33.6356,12.1661,9.6980,8.2382,7.2333,35.4630,10.2021
1038,Blue|Olive Green|Lime Green|Orange,#003776|#948902|#D5D701|#F67405,32.5517,12.1924,9.7009,8.2133,7.1340,39.7789,10.2028
1039,Dark Grey|Brown|Lime Green|Cold White,#485259|#55331A|#D5D701|#D9DFE5,21.4995,10.9795,9.8305,9.4311,9.3851,20.9086,10.2053
1040,Green|Brown|Grey|Magenta,#06924D|#55331A|#8C9099|#F24574,23.0487,11.1728,9.8482,9.2436,8.9212,31.9131,10.2082
1041,Green|Black|Tan|Lime Green,#06924D|#080A0D|#A79E82|#D5D701,23.4350,10.7194,9.9989,9.7045,9.5564,24.2868,10.2120
1042,Black|Polymaker Teal|Cold White|Orange,#080A0D|#4CC0C7|#D9DFE5|#F67405,24.6358,11.0005,9.8840,9.4476,9.1941,23.3049,10.2240
1043,Dark Grey|Purple|Lime Green|Orange,#485259|#6C47B2|#D5D701|#F67405,21.9898,11.5366,10.0397,8.9280,7.9643,43.5163,10.2323
1044,Black|Dark Grey|Olive Green|Tan,#080A0D|#485259|#948902|#A79E82,23.4271,10.9203,9.9559,9.5448,9.3538,23.0584,10.2326
1045,Blue|Black|Tan|Lime Green,#003776|#080A0D|#A79E82|#D5D701,23.5274,10.8000,10.0021,9.6749,9.5096,24.2268,10.2375
1046,Dark Grey|Lime Green|Magenta|Yellow,#485259|#D5D701|#F24574|#FFE800,22.6361,11.4088,10.0112,9.0694,8.2837,36.0589,10.2391
1047,Blue|Polymaker Teal|Olive Green|Pink,#003776|#4CC0C7|#948902|#F1A1AF,34.4919,12.0060,9.7673,8.4759,7.5488,28.5032,10.2409
1048,Black|Dark Grey|Grey|Tan,#080A0D|#485259|#8C9099|#A79E82,21.8817,10.7430,10.0715,9.7588,9.5748,22.9558,10.2509
1049,Black|Dark Grey|Polymaker Teal|Tan,#080A0D|#485259|#4CC0C7|#A79E82,21.8692,10.7475,10.0815,9.7678,9.5813,22.8963,10.2577
1050,Azure Blue|Dark Olive Drab|Olive Green|Red,#0066D9|#575B54|#948902|#E72F1D,23.5729,11.7846,9.9434,8.7522,7.9373,43.3011,10.2684
1051,Blue|Olive Green|Tan|Orange,#003776|#948902|#A79E82|#F67405,25.2608,11.5525,10.0120,8.9852,8.1138,29.5212,10.2688
1052,Azure Blue|Dark Grey|Lime Green|Pink,#0066D9|#485259|#D5D701|#F1A1AF,21.2109,11.3755,10.0609,9.1696,8.4587,25.7701,10.2726
1053,Black|Pink|Orange|Yellow,#080A0D|#F1A1AF|#F67405|#FFE800,28.1441,11.1168,9.8499,9.4316,9.3576,23.9655,10.2742
1054,Brown|Olive Green|Pink|Yellow,#55331A|#948902|#F1A1AF|#FFE800,20.2862,11.0630,9.9860,9.4891,9.2370,23.4321,10.2761
1055,Blue|Green|Dark Olive Drab|Orange,#003776|#06924D|#575B54|#F67405,19.8502,11.3051,10.1290,9.2510,8.5147,40.5015,10.2781
1056,Black|Dark Olive Drab|Grey|Tan,#080A0D|#575B54|#8C9099|#A79E82,21.1446,10.7367,10.1226,9.8222,9.6299,22.9685,10.2795
1057,Black|Purple|Olive Green|Tan,#080A0D|#6C47B2|#948902|#A79E82,33.9260,12.1496,9.4868,8.4133,8.0114,29.5764,10.2815
1058,Dark Grey|Brown|Dark Olive Drab|Orange,#485259|#55331A|#575B54|#F67405,18.4170,10.7043,10.0696,9.8605,9.8776,49.1234,10.2824
1059,Green|Dark Olive Drab|Red|Magenta,#06924D|#575B54|#E72F1D|#F24574,22.3796,11.5152,10.0256,9.0532,8.3238,39.8538,10.2842
1060,Black|Dark Grey|Dark Olive Drab|Tan,#080A0D|#485259|#575B54|#A79E82,21.1653,10.7641,10.1445,9.8316,9.6305,22.9852,10.2979
1061,Black|Polymaker Teal|Dark Olive Drab|Tan,#080A0D|#4CC0C7|#575B54|#A79E82,21.1439,10.7589,10.1429,9.8374,9.6405,22.8622,10.2981
1062,Brown|Dark Olive Drab|Red|Orange,#55331A|#575B54|#E72F1D|#F67405,18.4292,10.7802,10.0965,9.8174,9.7428,49.1375,10.2988
1063,Blue|Black|Dark Grey|Tan,#003776|#080A0D|#485259|#A79E82,21.9299,10.8076,10.1224,9.7993,9.6069,23.0082,10.3035
1064,Brown|Dark Olive Drab|Magenta|Orange,#55331A|#575B54|#F24574|#F67405,18.4397,10.7916,10.1001,9.8193,9.7468,49.1382,10.3055
1065,Dark Olive Drab|Olive Green|Red|Orange,#575B54|#948902|#E72F1D|#F67405,19.5470,11.3769,10.1620,9.2420,8.4976,50.6005,10.3095
1066,Blue|Dark Olive Drab|Magenta|Yellow,#003776|#575B54|#F24574|#FFE800,22.2886,11.4353,10.0819,9.1849,8.4790,32.9735,10.3101
1067,Dark Grey|Dark Olive Drab|Olive Green|Orange,#485259|#575B54|#948902|#F67405,19.4268,11.3220,10.1565,9.3063,8.6429,49.1902,10.3142
1068,Black|Dark Grey|Olive Green|Orange,#080A0D|#485259|#948902|#F67405,23.6912,11.5517,9.8899,9.0916,8.7852,50.7719,10.3217
1069,Green|Black|Dark Grey|Tan,#06924D|#080A0D|#485259|#A79E82,21.9463,10.8144,10.1482,9.8334,9.6473,23.0688,10.3239
1070,Brown|Dark Olive Drab|Olive Green|Red,#55331A|#575B54|#948902|#E72F1D,22.0251,11.2722,9.9193,9.4011,9.2922,54.8335,10.3367
1071,Green|Black|Dark Grey|Orange,#06924D|#080A0D|#485259|#F67405,22.4215,11.3031,9.9910,9.3756,9.0651,40.2725,10.3394
1072,Azure Blue|Black|Tan|Lime Green,#0066D9|#080A0D|#A79E82|#D5D701,23.7768,10.9398,10.1022,9.7490,9.5827,21.4759,10.3444
1073,Brown|Dark Olive Drab|Cold White|Red,#55331A|#575B54|#D9DFE5|#E72F1D,19.4791,10.9274,10.0936,9.7895,9.7401,24.5290,10.3585
1074,Black|Dark Grey|Cold White|Orange,#080A0D|#485259|#D9DFE5|#F67405,19.8978,10.8613,10.1184,9.8606,9.8015,20.6048,10.3610
1075,Blue|Black|Dark Olive Drab|Tan,#003776|#080A0D|#575B54|#A79E82,21.0223,10.8366,10.2068,9.8938,9.6948,23.0298,10.3652
1076,Blue|Brown|Lime Green|Magenta,#003776|#55331A|#D5D701|#F24574,25.8037,11.5136,9.8091,9.2188,9.0929,33.9386,10.3662
1077,Azure Blue|Brown|Lime Green|Cold White,#0066D9|#55331A|#D5D701|#D9DFE5,24.0413,11.6934,9.8312,9.0437,8.7578,23.9270,10.3685
1078,Green|Black|Dark Olive Drab|Tan,#06924D|#080A0D|#575B54|#A79E82,21.2334,10.8353,10.2176,9.9104,9.7136,23.1377,10.3729
1079,Black|Grey|Cold White|Orange,#080A0D|#8C9099|#D9DFE5|#F67405,22.8235,10.8983,10.1101,9.8649,9.8305,19.8852,10.3816
1080,Azure Blue|Brown|Olive Green|Lime Green,#0066D9|#55331A|#948902|#D5D701,25.1135,11.8299,9.8273,8.9353,8.5854,24.2635,10.3826
1081,Blue|Brown|Dark Olive Drab|Orange,#003776|#55331A|#575B54|#F67405,18.6507,10.8395,10.1906,9.9739,9.9740,49.1183,10.4067
1082,Dark Olive Drab|Olive Green|Magenta|Orange,#575B54|#948902|#F24574|#F67405,19.5869,11.4936,10.2716,9.3390,8.5697,51.0798,10.4163
1083,Azure Blue|Dark Grey|Olive Green|Red,#0066D9|#485259|#948902|#E72F1D,28.2619,12.3619,9.9811,8.4918,7.4967,42.4173,10.4268
1084,Black|Polymaker Teal|Purple|Orange,#080A0D|#4CC0C7|#6C47B2|#F67405,24.8606,11.2141,10.0898,9.6398,9.3660,24.2491,10.4269
1085,Blue|Black|Polymaker Teal|Orange,#003776|#080A0D|#4CC0C7|#F67405,24.8608,11.2162,10.0849,9.6393,9.3680,24.2476,10.4277
1086,Dark Grey|Brown|Olive Green|Magenta,#485259|#55331A|#948902|#F24574,25.8652,11.6765,9.8301,9.1926,9.1830,44.8403,10.4346
1087,Dark Olive Drab|Red|Pink|Orange,#575B54|#E72F1D|#F1A1AF|#F67405,18.1815,11.2080,10.3270,9.6725,9.1386,36.4935,10.4403
1088,Green|Dark Olive Drab|Purple|Orange,#06924D|#575B54|#6C47B2|#F67405,19.7148,11.5473,10.3287,9.3574,8.5190,40.7119,10.4524
1089,Blue|Grey|Olive Green|Pink,#003776|#8C9099|#948902|#F1A1AF,33.5828,12.1618,10.0577,8.7841,7.7997,30.2400,10.4729
1090,Brown|Grey|Pink|Orange,#55331A|#8C9099|#F1A1AF|#F67405,19.0009,10.9754,10.2567,9.9705,9.8491,29.9756,10.4730
1091,Azure Blue|Green|Brown|Orange,#0066D9|#06924D|#55331A|#F67405,24.0209,11.8937,9.9248,9.0540,8.6900,32.4351,10.4738
1092,Green|Dark Grey|Cold White|Magenta,#06924D|#485259|#D9DFE5|#F24574,26.6905,11.7373,10.0606,9.2143,8.7116,24.7358,10.4758
1093,Blue|Azure Blue|Olive Green|Magenta,#003776|#0066D9|#948902|#F24574,38.6307,12.6998,9.8784,8.2628,7.1145,38.6893,10.4813
1094,Black|Polymaker Teal|Magenta|Orange,#080A0D|#4CC0C7|#F24574|#F67405,24.9921,11.2961,10.1314,9.6713,9.4098,24.1865,10.4837
1095,Dark Olive Drab|Pink|Magenta|Orange,#575B54|#F1A1AF|#F24574|#F67405,18.1410,11.2679,10.3744,9.7079,9.1603,36.4877,10.4879
1096,Azure Blue|Green|Dark Olive Drab|Red,#0066D9|#06924D|#575B54|#E72F1D,23.0176,11.7237,10.2219,9.2629,8.5491,36.7169,10.4933
1097,Green|Black|Cold White|Pink,#06924D|#080A0D|#D9DFE5|#F1A1AF,27.2652,11.4597,10.0799,9.5290,9.2436,24.5867,10.4944
1098,Black|Dark Grey|Tan|Yellow,#080A0D|#485259|#A79E82|#FFE800,21.3770,11.0219,10.3077,9.9748,9.7664,23.6390,10.4983
1099,Dark Grey|Tan|Cold White|Magenta,#485259|#A79E82|#D9DFE5|#F24574,18.3294,11.2306,10.3478,9.7752,9.3364,22.2367,10.5029
1100,Green|Dark Olive Drab|Olive Green|Red,#06924D|#575B54|#948902|#E72F1D,22.6772,11.7323,10.2298,9.2748,8.5875,40.0035,10.5036
1101,Green|Brown|Purple|Magenta,#06924D|#55331A|#6C47B2|#F24574,26.6044,12.1492,9.9289,8.8831,8.4123,34.3977,10.5162
1102,Brown|Cold White|Magenta|Orange,#55331A|#D9DFE5|#F24574|#F67405,21.3462,11.4064,10.1193,9.6294,9.3328,23.6085,10.5179
1103,Brown|Cold White|Red|Orange,#55331A|#D9DFE5|#E72F1D|#F67405,21.3469,11.4068,10.1202,9.6303,9.3336,23.6096,10.5186
1104,Black|Dark Olive Drab|Tan|Yellow,#080A0D|#575B54|#A79E82|#FFE800,19.2906,10.9507,10.3783,10.0913,9.9001,23.4605,10.5210
1105,Dark Grey|Purple|Olive Green|Magenta,#485259|#6C47B2|#948902|#F24574,31.4537,12.7424,10.0344,8.3306,7.1087,45.0071,10.5365
1106,Blue|Azure Blue|Olive Green|Pink,#003776|#0066D9|#948902|#F1A1AF,34.4578,12.3191,10.0952,8.7566,7.7171,30.6167,10.5378
1107,Dark Grey|Dark Olive Drab|Pink|Orange,#485259|#575B54|#F1A1AF|#F67405,18.1538,11.2193,10.4153,9.8659,9.4524,35.1676,10.5426
1108,Black|Polymaker Teal|Red|Orange,#080A0D|#4CC0C7|#E72F1D|#F67405,25.1232,11.3774,10.1894,9.7204,9.4559,24.1656,10.5489
1109,Azure Blue|Black|Dark Grey|Tan,#0066D9|#080A0D|#485259|#A79E82,21.1973,11.0297,10.3976,10.0697,9.8389,23.2931,10.5497
1110,Black|Dark Grey|Grey|Orange,#080A0D|#485259|#8C9099|#F67405,19.7849,10.9627,10.3344,10.1477,10.1472,30.4193,10.5552
1111,Black|Polymaker Teal|Grey|Orange,#080A0D|#4CC0C7|#8C9099|#F67405,22.9526,11.1645,10.2971,9.9461,9.7968,22.7217,10.5553
1112,Blue|Brown|Cold White|Orange,#003776|#55331A|#D9DFE5|#F67405,21.6020,11.3292,10.1631,9.7824,9.6240,22.7470,10.5558
1113,Blue|Dark Olive Drab|Olive Green|Orange,#003776|#575B54|#948902|#F67405,20.3464,11.6377,10.3965,9.4916,8.7741,49.2203,10.5647
1114,Blue|Olive Green|White|Pink,#003776|#948902|#EBF7FF|#F1A1AF,34.1478,12.1852,10.1439,8.9827,8.1288,29.4045,10.5839
1115,Black|Dark Olive Drab|Cold White|Red,#080A0D|#575B54|#D9DFE5|#E72F1D,20.1910,11.1167,10.2957,10.0517,10.0840,24.6731,10.5842
1116,Green|Polymaker Teal|Dark Olive Drab|Magenta,#06924D|#4CC0C7|#575B54|#F24574,24.0913,11.8303,10.2609,9.3402,8.7110,29.1555,10.5852
1117,Dark Grey|Polymaker Teal|Tan|Magenta,#485259|#4CC0C7|#A79E82|#F24574,18.4740,11.3846,10.4585,9.7924,9.2215,24.4679,10.5885
1118,Blue|Olive Green|Orange|Yellow,#003776|#948902|#F67405|#FFE800,32.0397,12.3771,10.1321,8.8132,7.8249,36.7518,10.5951
1119,Blue|Azure Blue|Olive Green|Red,#003776|#0066D9|#948902|#E72F1D,37.7718,12.9293,9.9869,8.2611,7.0727,43.7483,10.5952
1120,Dark Grey|Grey|Tan|Magenta,#485259|#8C9099|#A79E82|#F24574,18.4544,11.3898,10.4680,9.8012,9.2260,24.9821,10.5955
1121,Green|Dark Grey|Dark Olive Drab|Red,#06924D|#485259|#575B54|#E72F1D,22.5731,11.7897,10.3337,9.4064,8.7280,39.9625,10.5980
1122,Green|Dark Grey|Lime Green|Orange,#06924D|#485259|#D5D701|#F67405,21.9432,11.7791,10.4060,9.4291,8.6283,44.4980,10.6041
1123,Brown|Dark Olive Drab|Red|White,#55331A|#575B54|#E72F1D|#EBF7FF,19.5045,11.1283,10.3780,10.0951,10.0490,26.0615,10.6117
1124,Azure Blue|Dark Grey|Tan|Magenta,#0066D9|#485259|#A79E82|#F24574,18.4777,11.4087,10.4828,9.8184,9.2446,24.9930,10.6135
1125,Azure Blue|Dark Olive Drab|Pink|Orange,#0066D9|#575B54|#F1A1AF|#F67405,18.2750,11.3703,10.5067,9.8753,9.3645,35.4540,10.6228
1126,Dark Grey|Tan|White|Magenta,#485259|#A79E82|#EBF7FF|#F24574,18.2407,11.3209,10.4737,9.9261,9.4911,22.2548,10.6235
1127,Azure Blue|Green|Black|Pink,#0066D9|#06924D|#080A0D|#F1A1AF,27.4762,11.6267,10.2184,9.6347,9.3151,25.7952,10.6307
1128,Blue|Green|Black|Pink,#003776|#06924D|#080A0D|#F1A1AF,27.4735,11.6292,10.2315,9.6565,9.3399,25.7857,10.6428
1129,Green|Dark Grey|Dark Olive Drab|Magenta,#06924D|#485259|#575B54|#F24574,24.6080,12.0051,10.3480,9.2851,8.4832,34.1742,10.6451
1130,Azure Blue|Black|Dark Olive Drab|Orange,#0066D9|#080A0D|#575B54|#F67405,19.2702,11.0740,10.4049,10.2181,10.2778,44.1011,10.6460
1131,Green|Black|Polymaker Teal|Pink,#06924D|#080A0D|#4CC0C7|#F1A1AF,27.4139,11.6142,10.2342,9.6844,9.4049,25.0551,10.6493
1132,Dark Grey|Purple|Tan|Magenta,#485259|#6C47B2|#A79E82|#F24574,18.5167,11.4534,10.5278,9.8532,9.2698,25.0112,10.6533
1133,Brown|Dark Olive Drab|Purple|Orange,#55331A|#575B54|#6C47B2|#F67405,18.7127,11.1288,10.4489,10.1804,10.0917,49.1316,10.6546
1134,Black|Purple|Tan|Cold White,#080A0D|#6C47B2|#A79E82|#D9DFE5,23.7786,11.4302,10.3734,9.8816,9.6860,23.7316,10.6559
1135,Green|Dark Olive Drab|Pink|Magenta,#06924D|#575B54|#F1A1AF|#F24574,21.6448,11.7560,10.4346,9.5758,8.8837,25.6363,10.6659
1136,Brown|Purple|Cold White|Orange,#55331A|#6C47B2|#D9DFE5|#F67405,21.5177,11.5417,10.2684,9.8062,9.5478,24.8820,10.6740
1137,Blue|Dark Grey|Tan|Magenta,#003776|#485259|#A79E82|#F24574,18.5703,11.4923,10.5651,9.8893,9.3068,25.0126,10.6908
1138,Dark Olive Drab|Olive Green|Red|Magenta,#575B54|#948902|#E72F1D|#F24574,23.3904,12.1629,10.3828,9.2206,8.4237,54.7343,10.6918
1139,Dark Olive Drab|Purple|Red|Yellow,#575B54|#6C47B2|#E72F1D|#FFE800,21.3372,11.9187,10.5404,9.4818,8.5715,40.1527,10.7002
1140,Blue|Olive Green|Lime Green|Red,#003776|#948902|#D5D701|#E72F1D,33.5601,12.6075,10.2107,8.7967,7.7355,39.0626,10.7021
1141,Azure Blue|Green|Dark Grey|Orange,#0066D9|#06924D|#485259|#F67405,21.9167,11.8073,10.4469,9.5991,8.9846,33.1540,10.7032
1142,Green|Dark Grey|Magenta|Orange,#06924D|#485259|#F24574|#F67405,22.4131,11.9568,10.4672,9.4575,8.6690,41.8950,10.7071
1143,Dark Grey|Dark Olive Drab|Olive Green|Red,#485259|#575B54|#948902|#E72F1D,23.5275,12.1725,10.3988,9.2553,8.4905,54.7333,10.7139
1144,Azure Blue|Green|Dark Olive Drab|Magenta,#0066D9|#06924D|#575B54|#F24574,24.6074,12.0922,10.4440,9.4025,8.6235,34.4480,10.7473
1145,Blue|Dark Olive Drab|Pink|Orange,#003776|#575B54|#F1A1AF|#F67405,18.6044,11.4416,10.6264,10.0919,9.7011,35.2230,10.7667
1146,Black|Dark Grey|Tan|White,#080A0D|#485259|#A79E82|#EBF7FF,20.4404,11.1872,10.6432,10.3585,10.1585,18.8017,10.7729
1147,Black|Polymaker Teal|Purple|Tan,#080A0D|#4CC0C7|#6C47B2|#A79E82,23.9006,11.6054,10.5247,9.9991,9.7551,25.0934,10.8022
1148,Blue|Green|Dark Olive Drab|Magenta,#003776|#06924D|#575B54|#F24574,24.9568,12.1584,10.5059,9.4688,8.6935,34.2047,10.8136
1149,Blue|Dark Olive Drab|Olive Green|Red,#003776|#575B54|#948902|#E72F1D,24.2352,12.3374,10.4959,9.3134,8.5038,54.7317,10.8254
1150,Dark Olive Drab|Tan|Cold White|Pink,#575B54|#A79E82|#D9DFE5|#F1A1AF,15.9953,11.3928,10.7534,10.2674,9.8522,22.7733,10.8301
1151,Green|Dark Grey|Polymaker Teal|Magenta,#06924D|#485259|#4CC0C7|#F24574,27.2997,12.1690,10.4344,9.4959,8.8958,29.2575,10.8325
1152,Azure Blue|Black|Olive Green|Red,#0066D9|#080A0D|#948902|#E72F1D,35.4179,12.8748,9.8284,8.7937,8.6037,43.7686,10.8343
1153,Azure Blue|Polymaker Teal|Brown|Lime Green,#0066D9|#4CC0C7|#55331A|#D5D701,24.3875,12.0828,10.2791,9.5959,9.4770,24.7230,10.8394
1154,Blue|Green|Dark Olive Drab|Red,#003776|#06924D|#575B54|#E72F1D,23.0791,12.0292,10.5775,9.6497,8.9521,39.9851,10.8394
1155,Blue|Black|Purple|Tan,#003776|#080A0D|#6C47B2|#A79E82,23.8393,11.6188,10.5863,10.0615,9.8027,25.2764,10.8401
1156,Black|Dark Olive Drab|Tan|White,#080A0D|#575B54|#A79E82|#EBF7FF,18.4856,11.2020,10.7475,10.4800,10.2780,18.8497,10.8410
1157,Dark Olive Drab|Purple|Olive Green|Orange,#575B54|#6C47B2|#948902|#F67405,20.1316,11.9262,10.6912,9.7695,9.0291,49.4245,10.8479
1158,Dark Olive Drab|Tan|White|Pink,#575B54|#A79E82|#EBF7FF|#F1A1AF,15.9644,11.4088,10.7795,10.2931,9.8695,22.7875,10.8509
1159,Blue|Grey|Olive Green|Orange,#003776|#8C9099|#948902|#F67405,29.1342,12.3230,10.5163,9.3927,8.5228,31.7641,10.8579
1160,Azure Blue|Brown|Purple|Yellow,#0066D9|#55331A|#6C47B2|#FFE800,23.3862,11.8736,10.4625,9.8482,9.4905,27.7429,10.8609
1161,Black|Purple|Tan|White,#080A0D|#6C47B2|#A79E82|#EBF7FF,23.5850,11.5267,10.6137,10.2050,10.0268,23.2723,10.8658
1162,Dark Grey|Brown|Olive Green|Orange,#485259|#55331A|#948902|#F67405,21.9416,11.7377,10.4615,10.0176,9.9970,50.7041,10.8776
1163,Black|Purple|Grey|Tan,#080A0D|#6C47B2|#8C9099|#A79E82,23.8294,11.6512,10.6227,10.1075,9.8581,25.4621,10.8794
1164,Dark Grey|Tan|Lime Green|Pink,#485259|#A79E82|#D5D701|#F1A1AF,19.0382,11.7089,10.7531,10.0510,9.4132,23.2232,10.8800
1165,Polymaker Teal|Dark Olive Drab|Tan|Pink,#4CC0C7|#575B54|#A79E82|#F1A1AF,16.1100,11.4938,10.8242,10.2759,9.7681,23.4070,10.8848
1166,Azure Blue|Green|Dark Grey|Magenta,#0066D9|#06924D|#485259|#F24574,27.8087,12.3830,10.5131,9.3936,8.5856,34.5611,10.8883
1167,Blue|Purple|Olive Green|Pink,#003776|#6C47B2|#948902|#F1A1AF,36.3144,12.8415,10.3983,8.9414,7.8676,31.0045,10.8914
1168,Dark Olive Drab|Grey|Tan|Pink,#575B54|#8C9099|#A79E82|#F1A1AF,16.1080,11.5154,10.8436,10.2797,9.7402,24.5444,10.8975
1169,Green|Dark Grey|Brown|Red,#06924D|#485259|#55331A|#E72F1D,23.9511,11.7969,10.4498,10.0005,9.9557,39.8892,10.8987
1170,Black|Dark Grey|Olive Green|Red,#080A0D|#485259|#948902|#E72F1D,28.3096,12.5224,10.3205,9.3004,8.8910,56.7216,10.9114
1171,Blue|Dark Grey|Pink|Yellow,#003776|#485259|#F1A1AF|#FFE800,22.3243,12.0202,10.7307,9.8055,8.9931,26.1955,10.9129
1172,Black|Purple|Grey|Orange,#080A0D|#6C47B2|#8C9099|#F67405,23.2810,11.4427,10.6463,10.3835,10.3287,30.2340,10.9131
1173,Black|Grey|Magenta|Orange,#080A0D|#8C9099|#F24574|#F67405,23.2810,11.4427,10.6463,10.3835,10.3287,30.2340,10.9131
1174,Blue|Black|Grey|Orange,#003776|#080A0D|#8C9099|#F67405,23.2811,11.4429,10.6465,10.3837,10.3289,30.2340,10.9133
1175,Black|Grey|Red|Orange,#080A0D|#8C9099|#E72F1D|#F67405,23.2875,11.4500,10.6539,10.3916,10.3367,30.2340,10.9208
1176,Dark Grey|Olive Green|Red|Orange,#485259|#948902|#E72F1D|#F67405,23.6247,12.4042,10.6282,9.4594,8.6783,52.6021,10.9318
1177,Azure Blue|Green|Brown|Lime Green,#0066D9|#06924D|#55331A|#D5D701,24.5761,12.2340,10.3844,9.6333,9.4606,25.0991,10.9336
1178,Dark Grey|Polymaker Teal|Cold White|Orange,#485259|#4CC0C7|#D9DFE5|#F67405,18.9325,11.6048,10.7472,10.2773,9.9947,22.4668,10.9411
1179,Blue|Polymaker Teal|Olive Green|Magenta,#003776|#4CC0C7|#948902|#F24574,36.8061,12.7375,10.3945,9.1447,8.2444,29.6016,10.9411
1180,Azure Blue|Black|Purple|Tan,#0066D9|#080A0D|#6C47B2|#A79E82,23.6998,11.6654,10.6923,10.2171,9.9891,25.5495,10.9413
1181,Azure Blue|Black|Grey|Orange,#0066D9|#080A0D|#8C9099|#F67405,23.3018,11.4681,10.6739,10.4157,10.3698,30.8728,10.9419
1182,Brown|Cold White|Pink|Orange,#55331A|#D9DFE5|#F1A1AF|#F67405,21.2696,11.9189,10.5544,9.9651,9.6626,23.0631,10.9420
1183,Dark Grey|Olive Green|Magenta|Orange,#485259|#948902|#F24574|#F67405,23.6150,12.4220,10.6447,9.4747,8.6984,52.6032,10.9484
1184,Azure Blue|Black|Dark Olive Drab|Tan,#0066D9|#080A0D|#575B54|#A79E82,18.6188,11.3514,10.8590,10.5498,10.2970,23.0720,10.9506
1185,Black|Dark Olive Drab|Red|White,#080A0D|#575B54|#E72F1D|#EBF7FF,21.0005,11.4418,10.6885,10.4602,10.5024,25.7756,10.9510
1186,Green|Black|Dark Grey|Red,#06924D|#080A0D|#485259|#E72F1D,25.9012,12.0384,10.5253,9.8719,9.5410,39.8666,10.9551
1187,Dark Grey|Grey|White|Orange,#485259|#8C9099|#EBF7FF|#F67405,18.7791,11.5652,10.8060,10.3523,10.0658,21.5441,10.9588
1188,Dark Olive Drab|Purple|Pink|Orange,#575B54|#6C47B2|#F1A1AF|#F67405,18.6028,11.6777,10.8193,10.2424,9.8168,35.5292,10.9601
1189,Blue|Green|Dark Grey|Magenta,#003776|#06924D|#485259|#F24574,28.0307,12.4679,10.5986,9.4662,8.6223,34.3454,10.9671
1190,Dark Grey|White|Pink|Orange,#485259|#EBF7FF|#F1A1AF|#F67405,18.8979,11.5987,10.8174,10.3505,10.0587,21.5026,10.9746
1191,Dark Grey|Dark Olive Drab|Tan|Pink,#485259|#575B54|#A79E82|#F1A1AF,16.1299,11.5691,10.9199,10.3838,9.8767,24.3220,10.9765
1192,Dark Grey|Cold White|White|Orange,#485259|#D9DFE5|#EBF7FF|#F67405,18.8907,11.5936,10.8186,10.3599,10.0762,21.5718,10.9767
1193,Blue|Azure Blue|Brown|Lime Green,#003776|#0066D9|#55331A|#D5D701,24.5901,12.2043,10.4636,9.7532,9.5406,24.9656,10.9787
1194,Green|Dark Olive Drab|Grey|Magenta,#06924D|#575B54|#8C9099|#F24574,24.0477,12.1597,10.6778,9.7978,9.1371,32.2719,10.9787
1195,Green|Black|Purple|Tan,#06924D|#080A0D|#6C47B2|#A79E82,24.0999,11.7866,10.7037,10.1724,9.9341,25.4049,10.9795
1196,Dark Grey|Purple|White|Orange,#485259|#6C47B2|#EBF7FF|#F67405,18.8933,11.6000,10.8234,10.3594,10.0686,21.5413,10.9797
1197,Azure Blue|Brown|Dark Olive Drab|Orange,#0066D9|#55331A|#575B54|#F67405,18.7548,11.3662,10.7585,10.5981,10.6666,44.1148,10.9822
1198,Dark Grey|White|Magenta|Orange,#485259|#EBF7FF|#F24574|#F67405,18.8937,11.6026,10.8262,10.3623,10.0712,21.5413,10.9824
1199,Blue|Dark Grey|White|Orange,#003776|#485259|#EBF7FF|#F67405,18.9071,11.6053,10.8303,10.3693,10.0812,21.6879,10.9873
1200,Azure Blue|Dark Olive Drab|Tan|Pink,#0066D9|#575B54|#A79E82|#F1A1AF,16.1851,11.6005,10.9360,10.3837,9.8537,24.8850,10.9921
1201,Green|Dark Grey|Red|Orange,#06924D|#485259|#E72F1D|#F67405,22.3935,12.1847,10.7644,9.8009,9.0458,41.9977,10.9928
1202,Azure Blue|Black|Brown|Lime Green,#0066D9|#080A0D|#55331A|#D5D701,23.9892,12.1272,10.4856,9.8624,9.6970,24.8600,10.9948
1203,Green|Dark Grey|Red|Magenta,#06924D|#485259|#E72F1D|#F24574,26.0530,12.3671,10.6447,9.6243,8.8842,39.7745,10.9957
1204,Azure Blue|Dark Grey|White|Orange,#0066D9|#485259|#EBF7FF|#F67405,18.9025,11.6165,10.8392,10.3751,10.0843,21.6765,10.9958
1205,Dark Olive Drab|Purple|Lime Green|Pink,#575B54|#6C47B2|#D5D701|#F1A1AF,21.2440,12.2264,10.8223,9.7783,8.8947,29.6188,11.0024
1206,Green|Black|Grey|Magenta,#06924D|#080A0D|#8C9099|#F24574,28.3723,12.1072,10.6108,9.9036,9.4516,31.7413,11.0054
1207,Dark Grey|Dark Olive Drab|Red|Orange,#485259|#575B54|#E72F1D|#F67405,19.0642,11.7975,10.8895,10.2144,9.6621,49.1103,11.0059
1208,Azure Blue|Dark Grey|Brown|Lime Green,#0066D9|#485259|#55331A|#D5D701,22.9622,11.8372,10.5823,10.1788,10.1672,24.6848,11.0080
1209,Dark Olive Drab|Purple|Olive Green|Red,#575B54|#6C47B2|#948902|#E72F1D,24.1270,12.5718,10.6971,9.4627,8.6184,54.7839,11.0173
1210,Green|Dark Olive Drab|Purple|Red,#06924D|#575B54|#6C47B2|#E72F1D,22.9841,12.2720,10.7779,9.7633,8.9593,40.0675,11.0177
1211,Green|Dark Olive Drab|Purple|Magenta,#06924D|#575B54|#6C47B2|#F24574,24.9975,12.3919,10.7203,9.6485,8.8289,34.4669,11.0202
1212,Green|Dark Grey|Pink|Magenta,#06924D|#485259|#F1A1AF|#F24574,24.7248,12.2055,10.7323,9.8410,9.1390,25.9716,11.0232
1213,Blue|Grey|Olive Green|Red,#003776|#8C9099|#948902|#E72F1D,31.2118,12.6722,10.6806,9.3827,8.3277,34.9828,11.0274
1214,Dark Grey|Dark Olive Drab|Magenta|Orange,#485259|#575B54|#F24574|#F67405,19.0045,11.8291,10.9208,10.2327,9.6593,49.1091,11.0309
1215,Dark Grey|Red|White|Orange,#485259|#E72F1D|#EBF7FF|#F67405,18.9201,11.6450,10.8731,10.4170,10.1290,21.6416,11.0310
1216,Black|Purple|Olive Green|White,#080A0D|#6C47B2|#948902|#EBF7FF,39.3231,13.0581,10.1422,9.0052,8.5690,29.5632,11.0317
1217,Dark Grey|Dark Olive Drab|Purple|Orange,#485259|#575B54|#6C47B2|#F67405,18.9905,11.8344,10.9298,10.2398,9.6616,49.1091,11.0371
1218,Dark Olive Drab|Purple|Pink|Yellow,#575B54|#6C47B2|#F1A1AF|#FFE800,20.8246,12.2065,10.8655,9.8860,9.0696,30.0088,11.0462
1219,Blue|Dark Grey|Olive Green|Orange,#003776|#485259|#948902|#F67405,24.3693,12.5588,10.7471,9.5527,8.7297,52.6003,11.0557
1220,Dark Olive Drab|Red|Magenta|Orange,#575B54|#E72F1D|#F24574|#F67405,19.2059,11.9520,10.9608,10.1667,9.4744,51.2577,11.0593
1221,Azure Blue|Brown|Cold White|Orange,#0066D9|#55331A|#D9DFE5|#F67405,21.8699,12.0549,10.6049,10.0806,9.9233,23.1241,11.0678
1222,Green|Dark Grey|Olive Green|Orange,#06924D|#485259|#948902|#F67405,22.8409,12.2905,10.8351,9.8857,9.1604,40.2644,11.0881
1223,Blue|Dark Grey|Lime Green|Pink,#003776|#485259|#D5D701|#F1A1AF,23.2270,12.2889,10.9111,9.8890,9.0001,26.0573,11.0889
1224,Black|Dark Olive Drab|Purple|Tan,#080A0D|#575B54|#6C47B2|#A79E82,22.4889,11.7961,10.8793,10.3875,10.1148,25.0310,11.0918
1225,Blue|Dark Olive Drab|Tan|Pink,#003776|#575B54|#A79E82|#F1A1AF,16.4611,11.6988,11.0397,10.5034,9.9991,24.7210,11.1011
1226,Dark Grey|Grey|Cold White|Orange,#485259|#8C9099|#D9DFE5|#F67405,18.3732,11.6190,10.9461,10.5877,10.3862,21.5270,11.1033
1227,Azure Blue|Brown|Dark Olive Drab|Lime Green,#0066D9|#55331A|#575B54|#D5D701,21.3397,11.7894,10.7793,10.4210,10.3728,24.2721,11.1052
1228,Green|Black|Purple|Pink,#06924D|#080A0D|#6C47B2|#F1A1AF,27.9172,12.1514,10.7070,10.0693,9.7117,25.8926,11.1103
1229,Black|Dark Grey|Purple|Tan,#080A0D|#485259|#6C47B2|#A79E82,23.0337,11.8054,10.8889,10.4170,10.1543,25.2698,11.1112
1230,Black|Purple|Olive Green|Cold White,#080A0D|#6C47B2|#948902|#D9DFE5,45.7807,13.6077,9.8946,8.6182,8.2238,32.6663,11.1129
1231,Green|Black|White|Pink,#06924D|#080A0D|#EBF7FF|#F1A1AF,27.7682,12.0255,10.6888,10.2034,10.0470,24.3952,11.1144
1232,Brown|Dark Olive Drab|White|Pink,#55331A|#575B54|#EBF7FF|#F1A1AF,18.7696,11.4593,10.9354,10.7724,10.8034,27.2475,11.1159
1233,Dark Grey|Polymaker Teal|Purple|Orange,#485259|#4CC0C7|#6C47B2|#F67405,19.0812,11.8147,10.9525,10.4392,10.0918,24.0127,11.1269
1234,Dark Grey|Polymaker Teal|Magenta|Orange,#485259|#4CC0C7|#F24574|#F67405,19.0875,11.8183,10.9561,10.4439,10.0978,24.0127,11.1311
1235,Dark Grey|Polymaker Teal|White|Orange,#485259|#4CC0C7|#EBF7FF|#F67405,18.9204,11.7638,10.9693,10.4998,10.2092,22.5266,11.1318
1236,Black|Grey|Cold White|Yellow,#080A0D|#8C9099|#D9DFE5|#FFE800,25.9727,11.7993,10.8363,10.4651,10.3074,19.6543,11.1322
1237,Azure Blue|Dark Grey|Polymaker Teal|Orange,#0066D9|#485259|#4CC0C7|#F67405,19.0867,11.8251,10.9636,10.4508,10.1032,24.0448,11.1379
1238,Blue|Brown|Lime Green|Red,#003776|#55331A|#D5D701|#E72F1D,26.5879,12.4697,10.5475,9.8067,9.6337,38.3897,11.1382
1239,Green|Dark Olive Drab|Tan|Pink,#06924D|#575B54|#A79E82|#F1A1AF,16.7649,11.8056,11.0743,10.4714,9.9075,24.6044,11.1385
1240,Blue|Dark Grey|Dark Olive Drab|Orange,#003776|#485259|#575B54|#F67405,19.1570,11.9256,11.0298,10.3567,9.7959,49.1091,11.1411
1241,Blue|Dark Grey|Polymaker Teal|Orange,#003776|#485259|#4CC0C7|#F67405,19.0947,11.8288,10.9684,10.4569,10.1106,24.0696,11.1429
1242,Black|Grey|White|Yellow,#080A0D|#8C9099|#EBF7FF|#FFE800,27.9594,11.9903,10.8034,10.3112,10.1051,20.4029,11.1507
1243,Azure Blue|Black|Olive Green|Magenta,#0066D9|#080A0D|#948902|#F24574,35.7971,12.9067,10.2852,9.4239,9.2071,38.0813,11.1653
1244,Green|Dark Grey|Purple|Magenta,#06924D|#485259|#6C47B2|#F24574,28.1652,12.6891,10.8018,9.6435,8.7729,34.4891,11.1663
1245,Dark Olive Drab|Purple|Tan|Pink,#575B54|#6C47B2|#A79E82|#F1A1AF,16.4536,11.7928,11.1040,10.5449,10.0225,25.4002,11.1688
1246,Azure Blue|Green|Brown|Red,#0066D9|#06924D|#55331A|#E72F1D,26.1560,12.6315,10.5991,9.7431,9.5054,35.8605,11.1873
1247,Dark Grey|Polymaker Teal|Red|Orange,#485259|#4CC0C7|#E72F1D|#F67405,19.1305,11.8748,11.0169,10.5041,10.1588,24.0137,11.1895
1248,Brown|Dark Olive Drab|Cold White|Pink,#55331A|#575B54|#D9DFE5|#F1A1AF,18.5848,11.5686,11.0048,10.8142,10.8318,27.6742,11.1914
1249,Black|Dark Grey|Tan|Lime Green,#080A0D|#485259|#A79E82|#D5D701,21.9209,11.7006,11.0186,10.6838,10.4597,24.3693,11.1922
1250,Polymaker Teal|Brown|Red|White,#4CC0C7|#55331A|#E72F1D|#EBF7FF,21.4208,11.9848,10.8726,10.4083,10.2873,26.5605,11.1966
1251,Blue|Olive Green|Lime Green|Magenta,#003776|#948902|#D5D701|#F24574,33.8793,12.9740,10.7109,9.4272,8.4546,34.0024,11.2006
1252,Blue|Dark Olive Drab|Red|Orange,#003776|#575B54|#E72F1D|#F67405,19.4756,12.0027,11.0806,10.4060,9.8500,49.1738,11.2043
1253,Blue|Grey|Olive Green|Magenta,#003776|#8C9099|#948902|#F24574,33.5569,12.9048,10.8352,9.5269,8.4461,34.2301,11.2159
1254,Blue|Black|Magenta|Yellow,#003776|#080A0D|#F24574|#FFE800,30.2662,12.2971,10.6558,10.1353,9.9995,33.0344,11.2162
1255,Green|Dark Grey|White|Magenta,#06924D|#485259|#EBF7FF|#F24574,25.8323,12.3904,10.9000,10.0632,9.4925,25.6041,11.2268
1256,Black|Dark Olive Drab|Tan|Lime Green,#080A0D|#575B54|#A79E82|#D5D701,19.9110,11.6551,11.0937,10.8031,10.6067,24.3799,11.2291
1257,Dark Grey|Olive Green|Red|Magenta,#485259|#948902|#E72F1D|#F24574,28.2559,13.0996,10.8078,9.3985,8.4847,56.6863,11.2490
1258,Blue|Dark Olive Drab|Magenta|Orange,#003776|#575B54|#F24574|#F67405,19.4634,12.0576,11.1294,10.4412,9.8732,49.1131,11.2494
1259,Green|Dark Grey|Olive Green|Red,#06924D|#485259|#948902|#E72F1D,26.3959,12.5874,10.8873,9.9284,9.2596,39.9490,11.2579
1260,Blue|Dark Olive Drab|Purple|Orange,#003776|#575B54|#6C47B2|#F67405,19.4484,12.0627,11.1427,10.4555,9.8819,49.1131,11.2591
1261,Dark Olive Drab|Purple|Red|Orange,#575B54|#6C47B2|#E72F1D|#F67405,19.4095,12.1216,11.1468,10.4045,9.7856,49.2422,11.2631
1262,Azure Blue|Brown|Purple|Lime Green,#0066D9|#55331A|#6C47B2|#D5D701,24.6000,12.5386,10.7655,9.9892,9.6784,25.9085,11.2639
1263,Dark Olive Drab|Cold White|Red|Magenta,#575B54|#D9DFE5|#E72F1D|#F24574,20.0308,11.9793,11.0510,10.5666,10.2965,25.2382,11.2729
1264,Blue|Dark Grey|Olive Green|Red,#003776|#485259|#948902|#E72F1D,29.1051,13.2066,10.8341,9.3675,8.4059,56.6756,11.2871
1265,Black|Grey|Olive Green|Yellow,#080A0D|#8C9099|#948902|#FFE800,27.5415,12.0734,10.9455,10.5091,10.3114,21.9218,11.2913
1266,Blue|Green|Tan|Red,#003776|#06924D|#A79E82|#E72F1D,23.8586,12.4916,11.0869,10.0996,9.2460,29.1097,11.2956
1267,Azure Blue|Green|Dark Grey|Red,#0066D9|#06924D|#485259|#E72F1D,26.0034,12.5936,10.9500,10.0198,9.3717,36.0736,11.3067
1268,Dark Grey|Purple|Cold White|Orange,#485259|#6C47B2|#D9DFE5|#F67405,19.3693,11.9219,11.1180,10.6922,10.4415,22.0681,11.3070
1269,Dark Grey|Cold White|Magenta|Orange,#485259|#D9DFE5|#F24574|#F67405,19.3693,11.9219,11.1180,10.6922,10.4415,22.0681,11.3070
1270,Dark Grey|Cold White|Red|Orange,#485259|#D9DFE5|#E72F1D|#F67405,19.3774,11.9244,11.1210,10.6955,10.4451,22.0632,11.3100
1271,Dark Grey|Purple|Lime Green|Magenta,#485259|#6C47B2|#D5D701|#F24574,25.0561,12.6679,11.0529,9.9582,9.0215,36.9012,11.3130
1272,Blue|Olive Green|Lime Green|Pink,#003776|#948902|#D5D701|#F1A1AF,31.8099,12.9092,10.9357,9.7294,8.8243,29.1085,11.3193
1273,Blue|Dark Grey|Cold White|Orange,#003776|#485259|#D9DFE5|#F67405,19.3792,11.9350,11.1338,10.7112,10.4628,22.1239,11.3231
1274,Blue|Lime Green|Cold White|Red,#003776|#D5D701|#D9DFE5|#E72F1D,29.0257,12.5633,10.8935,10.0837,9.6181,28.7553,11.3235
1275,Dark Grey|Dark Olive Drab|Cold White|Red,#485259|#575B54|#D9DFE5|#E72F1D,20.0430,11.9779,11.0942,10.6779,10.4836,25.0313,11.3279
1276,Green|Black|Brown|Magenta,#06924D|#080A0D|#55331A|#F24574,25.6276,12.3917,10.8671,10.2661,9.9792,34.0731,11.3289
1277,Dark Olive Drab|Purple|Magenta|Orange,#575B54|#6C47B2|#F24574|#F67405,19.4060,12.2001,11.2206,10.4704,9.8429,49.2432,11.3352
1278,Green|Black|Dark Olive Drab|Pink,#06924D|#080A0D|#575B54|#F1A1AF,21.8173,12.0334,11.1135,10.6511,10.3574,25.4117,11.3423
1279,Dark Olive Drab|Purple|Cold White|Red,#575B54|#6C47B2|#D9DFE5|#E72F1D,20.1168,12.0443,11.1151,10.6493,10.4126,25.5689,11.3468
1280,Azure Blue|Dark Olive Drab|Cold White|Red,#0066D9|#575B54|#D9DFE5|#E72F1D,20.1059,12.0359,11.1183,10.6586,10.4134,25.4361,11.3473
1281,Green|Dark Olive Drab|White|Magenta,#06924D|#575B54|#EBF7FF|#F24574,22.8293,12.3756,11.1012,10.3459,9.8124,24.8576,11.3607
1282,Green|Black|Grey|Yellow,#06924D|#080A0D|#8C9099|#FFE800,26.2358,12.0566,11.0756,10.6772,10.4742,21.6754,11.3669
1283,Dark Grey|Tan|Pink|Magenta,#485259|#A79E82|#F1A1AF|#F24574,18.4007,12.0628,11.2512,10.6732,10.1802,24.4565,11.3680
1284,Black|Brown|Red|White,#080A0D|#55331A|#E72F1D|#EBF7FF,20.9321,11.7404,11.0883,11.0040,11.1325,26.1180,11.3722
1285,Black|Polymaker Teal|Grey|Yellow,#080A0D|#4CC0C7|#8C9099|#FFE800,26.2337,12.0538,11.0785,10.6926,10.5174,21.3162,11.3732
1286,Blue|Green|Dark Grey|Orange,#003776|#06924D|#485259|#F67405,23.0770,12.6041,11.1551,10.1604,9.3306,42.0752,11.3823
1287,Blue|Olive Green|Pink|Yellow,#003776|#948902|#F1A1AF|#FFE800,31.4858,12.8757,10.9918,9.8893,9.0697,28.7268,11.3825
1288,Blue|Dark Olive Drab|Cold White|Red,#003776|#575B54|#D9DFE5|#E72F1D,20.2359,12.0469,11.1485,10.7261,10.5340,25.2020,11.3865
1289,Blue|Dark Grey|Magenta|Yellow,#003776|#485259|#F24574|#FFE800,23.8111,12.4621,11.1677,10.3119,9.6114,33.0209,11.3870
1290,Blue|Dark Grey|Red|Yellow,#003776|#485259|#E72F1D|#FFE800,23.6645,12.4236,11.1732,10.3505,9.6752,35.6457,11.3870
1291,Black|Polymaker Teal|Dark Olive Drab|Red,#080A0D|#4CC0C7|#575B54|#E72F1D,20.7705,11.9073,11.1105,10.8735,10.9166,28.6490,11.3904
1292,Brown|Grey|Red|White,#55331A|#8C9099|#E72F1D|#EBF7FF,20.7140,11.9411,11.1631,10.8560,10.7616,26.2436,11.3985
1293,Brown|Cold White|Red|White,#55331A|#D9DFE5|#E72F1D|#EBF7FF,20.9504,12.0349,11.1724,10.8074,10.6654,26.0406,11.4212
1294,Black|Brown|White|Pink,#080A0D|#55331A|#EBF7FF|#F1A1AF,20.0176,11.6725,11.1873,11.1717,11.3265,27.5776,11.4221
1295,Dark Olive Drab|Cold White|Red|White,#575B54|#D9DFE5|#E72F1D|#EBF7FF,19.8341,12.1165,11.2551,10.7388,10.4135,26.0389,11.4277
1296,Dark Grey|Purple|Olive Green|Orange,#485259|#6C47B2|#948902|#F67405,24.7663,12.9882,11.1156,9.8762,9.0090,52.7609,11.4322
1297,Brown|Red|White|Pink,#55331A|#E72F1D|#EBF7FF|#F1A1AF,20.5113,11.9577,11.2151,10.9070,10.7794,26.2959,11.4324
1298,Polymaker Teal|Brown|Dark Olive Drab|Red,#4CC0C7|#55331A|#575B54|#E72F1D,19.9222,11.9125,11.1908,10.9651,10.9816,28.7569,11.4388
1299,Blue|Brown|Dark Olive Drab|Yellow,#003776|#55331A|#575B54|#FFE800,20.5805,11.9204,11.1911,10.9652,10.9890,31.5121,11.4428
1300,Dark Olive Drab|Red|White|Magenta,#575B54|#E72F1D|#EBF7FF|#F24574,19.8422,12.1324,11.2712,10.7547,10.4287,26.0974,11.4436
1301,Dark Olive Drab|Purple|Magenta|Yellow,#575B54|#6C47B2|#F24574|#FFE800,22.2953,12.6166,11.2733,10.2881,9.4307,37.4062,11.4524
1302,Dark Grey|Brown|Red|White,#485259|#55331A|#E72F1D|#EBF7FF,20.4339,11.8579,11.2170,11.0746,11.1531,26.0722,11.4662
1303,Blue|Black|White|Yellow,#003776|#080A0D|#EBF7FF|#FFE800,29.8216,12.4402,11.0833,10.5032,10.2633,21.8701,11.4717
1304,Black|Grey|Lime Green|Yellow,#080A0D|#8C9099|#D5D701|#FFE800,26.3294,12.1574,11.1799,10.7882,10.5907,21.7144,11.4728
1305,Blue|Olive Green|Tan|Pink,#003776|#948902|#A79E82|#F1A1AF,29.4055,12.7582,11.1962,10.2033,9.3923,28.3826,11.4807
1306,Polymaker Teal|Dark Olive Drab|Red|White,#4CC0C7|#575B54|#E72F1D|#EBF7FF,19.8818,12.1808,11.3160,10.7934,10.4592,26.0241,11.4871
1307,Blue|Green|Cold White|Red,#003776|#06924D|#D9DFE5|#E72F1D,29.6214,12.7496,11.0435,10.2393,9.7587,27.5015,11.4945
1308,Dark Olive Drab|Grey|Red|White,#575B54|#8C9099|#E72F1D|#EBF7FF,19.8297,12.1816,11.3298,10.8158,10.4897,26.1341,11.4987
1309,Green|Brown|Olive Green|Magenta,#06924D|#55331A|#948902|#F24574,26.0989,12.6880,11.0361,10.3108,9.9194,34.2955,11.4994
1310,Dark Grey|Polymaker Teal|Grey|Orange,#485259|#4CC0C7|#8C9099|#F67405,19.0231,12.1635,11.3385,10.8411,10.4990,23.5890,11.5023
1311,Dark Grey|Dark Olive Drab|Red|White,#485259|#575B54|#E72F1D|#EBF7FF,19.8498,12.1331,11.3186,10.8746,10.6280,25.9121,11.5039
1312,Black|Purple|Grey|Olive Green,#080A0D|#6C47B2|#8C9099|#948902,40.8986,13.7229,10.5384,9.2862,8.8551,33.1151,11.5045
1313,Azure Blue|Dark Olive Drab|Red|White,#0066D9|#575B54|#E72F1D|#EBF7FF,19.9036,12.1765,11.3284,10.8365,10.5354,26.2155,11.5065
1314,Blue|Green|Olive Green|Pink,#003776|#06924D|#948902|#F1A1AF,32.5584,13.0095,11.1364,10.0092,9.1127,29.0402,11.5094
1315,Black|Dark Olive Drab|Grey|Yellow,#080A0D|#575B54|#8C9099|#FFE800,20.3185,11.9849,11.3405,11.0350,10.8506,21.4061,11.5100
1316,Dark Olive Drab|Purple|Red|White,#575B54|#6C47B2|#E72F1D|#EBF7FF,19.9279,12.1984,11.3368,10.8383,10.5434,26.3739,11.5183
1317,Polymaker Teal|Brown|White|Pink,#4CC0C7|#55331A|#EBF7FF|#F1A1AF,20.4763,12.1182,11.2749,10.9439,10.8833,27.5179,11.5311
1318,Azure Blue|Brown|Olive Green|Orange,#0066D9|#55331A|#948902|#F67405,26.3800,13.1939,10.8686,9.8754,9.5745,37.8299,11.5347
1319,Brown|Purple|Red|White,#55331A|#6C47B2|#E72F1D|#EBF7FF,20.9180,12.0945,11.2881,10.9748,10.8693,26.2124,11.5347
1320,Brown|Red|White|Magenta,#55331A|#E72F1D|#EBF7FF|#F24574,20.9304,12.1310,11.3212,10.9823,10.8491,26.1726,11.5566
1321,Blue|Dark Olive Drab|Red|White,#003776|#575B54|#E72F1D|#EBF7FF,20.0460,12.2002,11.3731,10.9224,10.6742,26.0431,11.5613
1322,Blue|Brown|Red|White,#003776|#55331A|#E72F1D|#EBF7FF,21.0612,12.0429,11.3028,11.0906,11.1023,26.0913,11.5667
1323,Azure Blue|Dark Grey|Cold White|Orange,#0066D9|#485259|#D9DFE5|#F67405,19.5484,12.1773,11.3890,10.9756,10.7380,23.0594,11.5764
1324,Azure Blue|Brown|Red|White,#0066D9|#55331A|#E72F1D|#EBF7FF,21.0106,12.1120,11.3099,11.0444,11.0168,26.0958,11.5782
1325,Dark Grey|Brown|Olive Green|Red,#485259|#55331A|#948902|#E72F1D,25.7145,12.7350,11.0012,10.4288,10.4279,56.7737,11.5819
1326,Polymaker Teal|Dark Olive Drab|Cold White|Red,#4CC0C7|#575B54|#D9DFE5|#E72F1D,20.1889,12.2722,11.3676,10.8931,10.6237,25.7400,11.5827
1327,Black|Brown|Cold White|Red,#080A0D|#55331A|#D9DFE5|#E72F1D,23.6449,12.4427,11.1085,10.7304,10.6367,25.0394,11.5866
1328,Azure Blue|Dark Grey|Dark Olive Drab|Orange,#0066D9|#485259|#575B54|#F67405,19.1305,12.2852,11.4618,10.9016,10.4842,44.0754,11.5934
1329,Brown|Grey|White|Pink,#55331A|#8C9099|#EBF7FF|#F1A1AF,20.1042,12.0395,11.4009,11.1570,11.0915,27.2854,11.5983
1330,Blue|Tan|Lime Green|Red,#003776|#A79E82|#D5D701|#E72F1D,23.2527,12.7572,11.4400,10.4400,9.5086,30.0742,11.5986
1331,Polymaker Teal|Brown|Dark Olive Drab|Yellow,#4CC0C7|#55331A|#575B54|#FFE800,19.2051,11.9412,11.3823,11.2593,11.3547,25.8770,11.6002
1332,Dark Grey|Purple|Grey|Orange,#485259|#6C47B2|#8C9099|#F67405,18.8637,12.1615,11.4643,11.0485,10.7635,30.7169,11.6050
1333,Dark Grey|Grey|Magenta|Orange,#485259|#8C9099|#F24574|#F67405,18.8637,12.1615,11.4643,11.0485,10.7635,30.7169,11.6050
1334,Dark Grey|Grey|Red|Orange,#485259|#8C9099|#E72F1D|#F67405,18.8704,12.1645,11.4680,11.0526,10.7684,30.7169,11.6086
1335,Brown|Cold White|White|Pink,#55331A|#D9DFE5|#EBF7FF|#F1A1AF,20.2575,12.0903,11.4165,11.1332,11.0156,27.5732,11.6118
1336,Black|Dark Olive Drab|White|Yellow,#080A0D|#575B54|#EBF7FF|#FFE800,21.7214,12.1408,11.4192,11.0851,10.9163,19.6584,11.6129
1337,Blue|Dark Grey|Grey|Orange,#003776|#485259|#8C9099|#F67405,18.8756,12.1738,11.4789,11.0657,10.7829,30.7232,11.6198
1338,Brown|Purple|White|Pink,#55331A|#6C47B2|#EBF7FF|#F1A1AF,20.1902,12.0855,11.4222,11.1610,11.0821,27.3828,11.6233
1339,Polymaker Teal|Brown|Dark Olive Drab|Pink,#4CC0C7|#55331A|#575B54|#F1A1AF,18.7924,11.9518,11.4481,11.3105,11.3739,28.2806,11.6312
1340,Blue|Green|Dark Grey|Red,#003776|#06924D|#485259|#E72F1D,26.5264,12.9372,11.2854,10.3324,9.6316,39.9620,11.6348
1341,Azure Blue|Dark Grey|Grey|Orange,#0066D9|#485259|#8C9099|#F67405,18.8860,12.1890,11.4955,11.0855,10.8102,31.3974,11.6372
1342,Dark Grey|Purple|Olive Green|Red,#485259|#6C47B2|#948902|#E72F1D,29.6043,13.7128,11.2121,9.5889,8.4882,56.6644,11.6508
1343,Blue|Black|Grey|Yellow,#003776|#080A0D|#8C9099|#FFE800,26.5506,12.4039,11.3525,10.9100,10.6806,22.3372,11.6569
1344,Blue|Brown|White|Pink,#003776|#55331A|#EBF7FF|#F1A1AF,20.3417,12.0370,11.4470,11.3043,11.3482,27.2997,11.6706
1345,Brown|Dark Olive Drab|Purple|Yellow,#55331A|#575B54|#6C47B2|#FFE800,20.0257,12.3606,11.4554,10.9851,10.7564,33.6137,11.6729
1346,Green|Dark Grey|Purple|Orange,#06924D|#485259|#6C47B2|#F67405,23.2440,12.9843,11.4770,10.3869,9.4630,40.3388,11.6856
1347,Azure Blue|Brown|White|Pink,#0066D9|#55331A|#EBF7FF|#F1A1AF,20.2899,12.0998,11.4653,11.2751,11.2725,27.5761,11.6875
1348,Black|Grey|Pink|Orange,#080A0D|#8C9099|#F1A1AF|#F67405,23.8235,12.1513,11.4401,11.2332,11.2243,29.9267,11.6923
1349,Black|Purple|Cold White|Orange,#080A0D|#6C47B2|#D9DFE5|#F67405,28.7597,12.5357,11.2460,10.8511,10.7041,24.4067,11.6934
1350,Azure Blue|Dark Olive Drab|Magenta|Orange,#0066D9|#575B54|#F24574|#F67405,19.3180,12.4770,11.5770,10.9243,10.4050,43.9209,11.7006
1351,Dark Olive Drab|Tan|Cold White|Yellow,#575B54|#A79E82|#D9DFE5|#FFE800,16.6085,12.2183,11.6295,11.1943,10.8391,21.8448,11.7063
1352,Blue|Lime Green|Red|Magenta,#003776|#D5D701|#E72F1D|#F24574,31.0385,13.4298,11.3188,9.9837,8.9496,35.7565,11.7068
1353,Black|Cold White|Magenta|Orange,#080A0D|#D9DFE5|#F24574|#F67405,28.7750,12.5513,11.2591,10.8644,10.7171,24.4475,11.7079
1354,Brown|White|Pink|Magenta,#55331A|#EBF7FF|#F1A1AF|#F24574,20.3035,12.1702,11.5165,11.2468,11.1404,27.9773,11.7085
1355,Black|Cold White|Red|Orange,#080A0D|#D9DFE5|#E72F1D|#F67405,28.7681,12.5534,11.2641,10.8696,10.7234,24.4514,11.7115
1356,Black|Brown|Dark Olive Drab|Yellow,#080A0D|#55331A|#575B54|#FFE800,19.3392,11.9305,11.4846,11.4970,11.6722,38.8585,11.7137
1357,Dark Grey|Brown|White|Pink,#485259|#55331A|#EBF7FF|#F1A1AF,19.7785,11.9712,11.5107,11.4607,11.5858,27.2264,11.7160
1358,Dark Grey|Brown|Dark Olive Drab|Yellow,#485259|#55331A|#575B54|#FFE800,20.1052,12.0999,11.4855,11.3322,11.3966,37.0859,11.7161
1359,Dark Grey|Polymaker Teal|Brown|Yellow,#485259|#4CC0C7|#55331A|#FFE800,20.9844,12.1493,11.4497,11.3036,11.4417,25.9336,11.7264
1360,Blue|Green|Olive Green|Magenta,#003776|#06924D|#948902|#F24574,33.2309,13.3820,11.3308,10.0727,9.0557,34.4709,11.7273
1361,Dark Olive Drab|Tan|White|Yellow,#575B54|#A79E82|#EBF7FF|#FFE800,16.6044,12.2476,11.6696,11.2382,10.8831,22.0148,11.7429
1362,Black|Grey|Olive Green|Cold White,#080A0D|#8C9099|#948902|#D9DFE5,33.1852,12.8904,11.2268,10.6280,10.3807,23.5156,11.7592
1363,Black|Olive Green|Pink|Orange,#080A0D|#948902|#F1A1AF|#F67405,29.7870,12.9019,11.1775,10.6195,10.6031,34.5402,11.7607
1364,Brown|Dark Olive Drab|Lime Green|Yellow,#55331A|#575B54|#D5D701|#FFE800,19.5726,12.1496,11.5483,11.3779,11.4124,38.8647,11.7638
1365,Brown|Dark Olive Drab|Olive Green|Yellow,#55331A|#575B54|#948902|#FFE800,19.5770,12.1546,11.5532,11.3827,11.4173,38.8647,11.7686
1366,Azure Blue|Black|Grey|Yellow,#0066D9|#080A0D|#8C9099|#FFE800,28.9531,12.8147,11.3447,10.7300,10.4610,24.7714,11.7723
1367,Azure Blue|Dark Olive Drab|Red|Orange,#0066D9|#575B54|#E72F1D|#F67405,19.3888,12.5287,11.6521,11.0181,10.5055,43.8759,11.7734
1368,Blue|Lime Green|Cold White|Orange,#003776|#D5D701|#D9DFE5|#F67405,27.7707,12.8891,11.3903,10.6582,10.2087,28.7972,11.7737
1369,Green|Brown|Dark Olive Drab|Yellow,#06924D|#55331A|#575B54|#FFE800,19.5753,12.1623,11.5625,11.3955,11.4350,38.9999,11.7789
1370,Blue|Lime Green|Red|Orange,#003776|#D5D701|#E72F1D|#F67405,29.8730,13.4332,11.4471,10.1284,9.0340,39.7724,11.7808
1371,Dark Olive Drab|Red|White|Pink,#575B54|#E72F1D|#EBF7FF|#F1A1AF,19.4931,12.4265,11.6579,11.1784,10.8593,26.2423,11.8025
1372,Dark Olive Drab|Grey|Cold White|Red,#575B54|#8C9099|#D9DFE5|#E72F1D,19.7384,12.3930,11.6267,11.2141,10.9657,26.2584,11.8036
1373,Blue|Brown|Cold White|Red,#003776|#55331A|#D9DFE5|#E72F1D,23.6258,12.6681,11.3572,10.9472,10.7959,25.0213,11.8077
1374,Blue|Dark Grey|Brown|Yellow,#003776|#485259|#55331A|#FFE800,22.0690,12.3055,11.5168,11.3169,11.3807,31.2599,11.8112
1375,Blue|Tan|Lime Green|Orange,#003776|#A79E82|#D5D701|#F67405,23.0104,12.9020,11.6676,10.7313,9.8678,30.0420,11.8166
1376,Dark Grey|Purple|Pink|Yellow,#485259|#6C47B2|#F1A1AF|#FFE800,22.5859,12.9414,11.6163,10.6964,9.9305,30.2234,11.8189
1377,Blue|Brown|Magenta|Yellow,#003776|#55331A|#F24574|#FFE800,25.4648,12.7016,11.3865,10.9407,10.8520,33.0207,11.8212
1378,Blue|Azure Blue|Dark Olive Drab|Orange,#003776|#0066D9|#575B54|#F67405,19.5962,12.5175,11.6800,11.1301,10.7359,44.0750,11.8238
1379,Azure Blue|Black|Dark Olive Drab|Yellow,#0066D9|#080A0D|#575B54|#FFE800,26.5548,12.7864,11.4528,10.8633,10.5974,24.6855,11.8248
1380,Blue|Brown|Orange|Yellow,#003776|#55331A|#F67405|#FFE800,24.7659,12.8776,11.3949,10.7830,10.5790,35.0291,11.8303
1381,Dark Grey|Brown|Purple|Yellow,#485259|#55331A|#6C47B2|#FFE800,21.6787,12.4789,11.5489,11.1936,11.1206,34.2734,11.8363
1382,Azure Blue|Black|Dark Grey|Yellow,#0066D9|#080A0D|#485259|#FFE800,27.5089,12.8819,11.4589,10.8171,10.5190,24.4924,11.8495
1383,Azure Blue|Dark Olive Drab|Purple|Orange,#0066D9|#575B54|#6C47B2|#F67405,19.4536,12.6220,11.7338,11.1067,10.6301,44.0903,11.8644
1384,Dark Grey|Purple|Lime Green|Pink,#485259|#6C47B2|#D5D701|#F1A1AF,23.3584,13.0987,11.6565,10.6333,9.7870,29.9924,11.8660
1385,Dark Grey|Brown|Lime Green|Yellow,#485259|#55331A|#D5D701|#FFE800,21.4996,12.3441,11.5948,11.3997,11.4654,36.9893,11.8719
1386,Blue|Lime Green|Magenta|Orange,#003776|#D5D701|#F24574|#F67405,29.8873,13.5212,11.5356,10.2246,9.1332,39.4685,11.8729
1387,Green|Dark Grey|Brown|Yellow,#06924D|#485259|#55331A|#FFE800,21.5027,12.3477,11.5997,11.4049,11.4725,36.9814,11.8763
1388,Azure Blue|Black|White|Yellow,#0066D9|#080A0D|#EBF7FF|#FFE800,30.7757,13.0588,11.4118,10.6991,10.4097,24.9555,11.8790
1389,Dark Grey|Brown|Olive Green|Yellow,#485259|#55331A|#948902|#FFE800,21.5348,12.3680,11.6060,11.3994,11.4580,37.0117,11.8837
1390,Black|Dark Grey|Grey|Yellow,#080A0D|#485259|#8C9099|#FFE800,23.6485,12.4561,11.6445,11.3167,11.1479,22.0026,11.8864
1391,Black|Dark Olive Drab|Cold White|Yellow,#080A0D|#575B54|#D9DFE5|#FFE800,20.2736,12.3672,11.7174,11.4151,11.2613,20.5321,11.8912
1392,Black|Dark Grey|Brown|Yellow,#080A0D|#485259|#55331A|#FFE800,21.2891,12.2376,11.6007,11.5471,11.7101,37.0731,11.8923
1393,Brown|Cold White|Red|Magenta,#55331A|#D9DFE5|#E72F1D|#F24574,23.4768,12.8506,11.4537,10.9479,10.6745,25.3721,11.8992
1394,Blue|Green|Lime Green|Red,#003776|#06924D|#D5D701|#E72F1D,31.7425,13.6311,11.5214,10.1955,9.0992,38.9938,11.9133
1395,Blue|Green|Black|Orange,#003776|#06924D|#080A0D|#F67405,28.9906,13.1800,11.3929,10.6764,10.3636,40.4527,11.9282
1396,Blue|Tan|Red|Yellow,#003776|#A79E82|#E72F1D|#FFE800,23.1043,13.0459,11.7867,10.8147,9.9142,29.3945,11.9303
1397,Green|Black|Grey|Pink,#06924D|#080A0D|#8C9099|#F1A1AF,27.2205,12.7646,11.6138,11.0986,10.7687,25.4155,11.9316
1398,Blue|Green|Cold White|Magenta,#003776|#06924D|#D9DFE5|#F24574,31.5982,13.2808,11.5074,10.5908,9.9666,29.0473,11.9358
1399,Blue|Olive Green|Magenta|Orange,#003776|#948902|#F24574|#F67405,36.2897,14.3220,11.4081,9.5505,8.2403,59.1537,11.9362
1400,Brown|Grey|Cold White|Red,#55331A|#8C9099|#D9DFE5|#E72F1D,20.9530,12.4332,11.6933,11.4421,11.3938,25.9288,11.9376
1401,Blue|Olive Green|Red|Orange,#003776|#948902|#E72F1D|#F67405,36.2861,14.3269,11.4120,9.5539,8.2437,59.1577,11.9404
1402,Black|Dark Grey|White|Yellow,#080A0D|#485259|#EBF7FF|#FFE800,26.6100,12.6640,11.6314,11.2258,11.0578,21.2220,11.9449
1403,Azure Blue|Black|Polymaker Teal|Orange,#0066D9|#080A0D|#4CC0C7|#F67405,25.4488,12.7589,11.6321,11.1315,10.8452,24.7326,11.9452
1404,Blue|Tan|Orange|Yellow,#003776|#A79E82|#F67405|#FFE800,22.7353,13.0173,11.8135,10.8785,10.0090,29.5646,11.9479
1405,Green|Black|Brown|White,#06924D|#080A0D|#55331A|#EBF7FF,21.0325,12.3169,11.6747,11.6006,11.7670,29.4441,11.9587
1406,Blue|Green|Brown|Orange,#003776|#06924D|#55331A|#F67405,26.0910,13.2780,11.4004,10.6673,10.4681,40.5289,11.9727
1407,Brown|Dark Olive Drab|Cold White|Magenta,#55331A|#575B54|#D9DFE5|#F24574,21.1637,12.5523,11.6901,11.4083,11.4197,27.9428,11.9803
1408,Green|Dark Grey|Purple|Red,#06924D|#485259|#6C47B2|#E72F1D,26.7989,13.3712,11.6599,10.5960,9.7554,40.1740,11.9836
1409,Dark Olive Drab|Olive Green|Tan|Cold White,#575B54|#948902|#A79E82|#D9DFE5,18.3267,12.6051,11.8874,11.3756,10.9497,22.1935,11.9903
1410,Black|Polymaker Teal|Pink|Orange,#080A0D|#4CC0C7|#F1A1AF|#F67405,25.9898,12.7266,11.6883,11.2616,11.0421,23.4333,11.9941
1411,Azure Blue|Brown|Cold White|Red,#0066D9|#55331A|#D9DFE5|#E72F1D,23.6065,12.8568,11.5477,11.1336,11.0049,25.0453,11.9952
1412,Polymaker Teal|Dark Olive Drab|Tan|Yellow,#4CC0C7|#575B54|#A79E82|#FFE800,16.8542,12.5275,11.9319,11.4652,11.0683,23.2065,11.9963
1413,Brown|Dark Olive Drab|Grey|Pink,#55331A|#575B54|#8C9099|#F1A1AF,18.8483,12.2657,11.8217,11.7272,11.8280,30.9763,11.9965
1414,Brown|Dark Olive Drab|Grey|Red,#55331A|#575B54|#8C9099|#E72F1D,19.6589,12.3554,11.7906,11.6418,11.6983,36.1429,11.9986
1415,Dark Olive Drab|Grey|Tan|Yellow,#575B54|#8C9099|#A79E82|#FFE800,16.9121,12.5524,11.9445,11.4555,11.0085,23.6002,12.0040
1416,Brown|Purple|Cold White|Red,#55331A|#6C47B2|#D9DFE5|#E72F1D,23.5948,12.9300,11.5567,11.0886,10.8570,25.9817,12.0093
1417,Blue|Green|Tan|Orange,#003776|#06924D|#A79E82|#F67405,23.5884,13.1287,11.8299,10.8928,10.0618,30.0585,12.0108
1418,Blue|Purple|Olive Green|Magenta,#003776|#6C47B2|#948902|#F24574,40.3300,14.3068,11.4130,9.7177,8.5511,46.5601,12.0123
1419,Blue|Azure Blue|Black|Yellow,#003776|#0066D9|#080A0D|#FFE800,29.9586,13.2195,11.5525,10.8109,10.4613,25.3005,12.0152
1420,Black|Brown|Dark Olive Drab|Pink,#080A0D|#55331A|#575B54|#F1A1AF,18.6762,12.1321,11.8273,11.9124,12.1862,33.2404,12.0222
1421,Green|Dark Grey|Grey|Magenta,#06924D|#485259|#8C9099|#F24574,26.6702,13.2258,11.7291,10.8268,10.1148,32.2007,12.0263
1422,Black|Dark Olive Drab|Grey|Red,#080A0D|#575B54|#8C9099|#E72F1D,20.4862,12.3935,11.7796,11.6612,11.7736,36.1577,12.0274
1423,Green|Dark Olive Drab|Tan|Yellow,#06924D|#575B54|#A79E82|#FFE800,16.8763,12.5778,11.9732,11.4787,11.0265,25.3540,12.0283
1424,Blue|Green|Black|Red,#003776|#06924D|#080A0D|#E72F1D,31.3592,13.3120,11.4063,10.7486,10.5092,40.1060,12.0303
1425,Polymaker Teal|Dark Olive Drab|Red|Magenta,#4CC0C7|#575B54|#E72F1D|#F24574,20.6652,12.7628,11.8382,11.3028,10.9624,28.8987,12.0328
1426,Dark Olive Drab|Olive Green|Tan|Yellow,#575B54|#948902|#A79E82|#FFE800,17.5001,12.6110,11.9597,11.4581,11.0103,25.3716,12.0345
1427,Brown|Dark Olive Drab|Red|Pink,#55331A|#575B54|#E72F1D|#F1A1AF,19.0734,12.3193,11.8558,11.7532,11.8527,33.2692,12.0362
1428,Dark Olive Drab|Tan|Lime Green|Yellow,#575B54|#A79E82|#D5D701|#FFE800,16.8876,12.5911,11.9865,11.4924,11.0404,25.3536,12.0417
1429,Green|Black|Brown|Cold White,#06924D|#080A0D|#55331A|#D9DFE5,25.0659,13.1841,11.4541,10.9168,10.9121,29.7969,12.0505
1430,Brown|Dark Olive Drab|White|Magenta,#55331A|#575B54|#EBF7FF|#F24574,20.3418,12.5207,11.8566,11.6410,11.6615,29.6735,12.0809
1431,Dark Olive Drab|Cold White|Red|Pink,#575B54|#D9DFE5|#E72F1D|#F1A1AF,19.5823,12.6797,11.9382,11.4904,11.1953,27.4415,12.0850
1432,Blue|Black|Red|Yellow,#003776|#080A0D|#E72F1D|#FFE800,30.1573,13.0601,11.6284,11.1143,10.8656,34.4966,12.0872
1433,Dark Grey|Polymaker Teal|Dark Olive Drab|Red,#485259|#4CC0C7|#575B54|#E72F1D,20.6737,12.7566,11.8794,11.4186,11.1663,28.8204,12.0876
1434,Blue|Green|Red|Pink,#003776|#06924D|#E72F1D|#F1A1AF,28.3554,13.4075,11.7845,10.7862,9.9594,28.9897,12.0969
1435,Azure Blue|Polymaker Teal|Dark Olive Drab|Red,#0066D9|#4CC0C7|#575B54|#E72F1D,20.7363,12.8093,11.8974,11.3875,11.0723,28.9897,12.0984
1436,Blue|Purple|Olive Green|Orange,#003776|#6C47B2|#948902|#F67405,36.6696,14.4973,11.5567,9.7088,8.4051,59.2263,12.1030
1437,Polymaker Teal|Dark Olive Drab|Purple|Red,#4CC0C7|#575B54|#6C47B2|#E72F1D,20.7518,12.8246,11.9021,11.3884,11.0822,29.0213,12.1065
1438,Blue|Green|Brown|White,#003776|#06924D|#55331A|#EBF7FF,21.6527,12.6820,11.8175,11.5469,11.6213,29.4748,12.1145
1439,Dark Grey|Dark Olive Drab|Tan|Yellow,#485259|#575B54|#A79E82|#FFE800,17.4689,12.6943,12.0564,11.5430,11.0738,25.2823,12.1186
1440,Green|Polymaker Teal|Brown|White,#06924D|#4CC0C7|#55331A|#EBF7FF,21.2765,12.7337,11.8923,11.5109,11.3825,29.4345,12.1223
1441,Dark Olive Drab|Olive Green|Tan|White,#575B54|#948902|#A79E82|#EBF7FF,18.6314,12.7507,12.0270,11.5065,11.0700,22.6470,12.1286
1442,Dark Grey|Brown|Dark Olive Drab|Pink,#485259|#55331A|#575B54|#F1A1AF,18.9289,12.3327,11.9415,11.9331,12.1301,33.2438,12.1329
1443,Brown|Dark Olive Drab|Pink|Magenta,#55331A|#575B54|#F1A1AF|#F24574,18.9574,12.4049,11.9586,11.8660,11.9731,33.2300,12.1354
1444,Azure Blue|Green|Brown|White,#0066D9|#06924D|#55331A|#EBF7FF,21.5932,12.7516,11.8565,11.5203,11.5012,29.4924,12.1359
1445,Blue|Green|Brown|Cold White,#003776|#06924D|#55331A|#D9DFE5,25.6069,13.2935,11.5335,10.9978,10.9826,29.8005,12.1456
1446,Green|Brown|Cold White|White,#06924D|#55331A|#D9DFE5|#EBF7FF,21.2501,12.7620,11.9426,11.5301,11.3196,29.5102,12.1460
1447,Azure Blue|Black|Olive Green|Yellow,#0066D9|#080A0D|#948902|#FFE800,32.2484,13.4724,11.5808,10.8229,10.5377,26.0417,12.1477
1448,Blue|Polymaker Teal|Dark Olive Drab|Red,#003776|#4CC0C7|#575B54|#E72F1D,20.8666,12.8230,11.9373,11.4755,11.2248,28.8652,12.1493
1449,Polymaker Teal|Dark Olive Drab|Olive Green|Tan,#4CC0C7|#575B54|#948902|#A79E82,18.4269,12.7896,12.0645,11.5188,11.0347,24.5758,12.1542
1450,Green|Dark Olive Drab|Olive Green|Tan,#06924D|#575B54|#948902|#A79E82,18.4271,12.7923,12.0663,11.5166,11.0277,24.6092,12.1545
1451,Dark Olive Drab|Grey|Olive Green|Tan,#575B54|#8C9099|#948902|#A79E82,18.4918,12.8057,12.0763,11.5310,11.0467,24.6023,12.1684
1452,Green|Dark Grey|Brown|White,#06924D|#485259|#55331A|#EBF7FF,20.7475,12.5461,11.9423,11.8353,11.9695,29.4404,12.1907
1453,Azure Blue|Brown|Dark Olive Drab|Olive Green,#0066D9|#55331A|#575B54|#948902,24.1301,12.9904,11.8121,11.4032,11.3453,34.8879,12.1968
1454,Azure Blue|Black|Cold White|Yellow,#0066D9|#080A0D|#D9DFE5|#FFE800,30.1777,13.4103,11.7375,10.9908,10.6587,26.3790,12.2006
1455,Polymaker Teal|Brown|Cold White|Red,#4CC0C7|#55331A|#D9DFE5|#E72F1D,23.2624,12.9963,11.8053,11.4116,11.2912,25.9981,12.2040
1456,Blue|Brown|Red|Yellow,#003776|#55331A|#E72F1D|#FFE800,25.8565,13.1404,11.7691,11.2684,11.1194,35.5885,12.2044
1457,Black|Polymaker Teal|Brown|White,#080A0D|#4CC0C7|#55331A|#EBF7FF,20.7874,12.4877,11.9513,11.9260,12.1091,30.1210,12.2069
1458,Dark Grey|Dark Olive Drab|Olive Green|Tan,#485259|#575B54|#948902|#A79E82,19.4684,12.8910,12.0968,11.5265,11.0348,24.5031,12.2087
1459,Black|Cold White|White|Yellow,#080A0D|#D9DFE5|#EBF7FF|#FFE800,30.7995,13.1075,11.8375,11.3178,11.0721,22.4988,12.2126
1460,Black|Dark Olive Drab|Olive Green|Cold White,#080A0D|#575B54|#948902|#D9DFE5,27.6544,13.2141,11.7708,11.2294,11.0179,23.5797,12.2217
1461,Azure Blue|Green|Black|Red,#0066D9|#06924D|#080A0D|#E72F1D,29.7094,13.4504,11.6915,10.9951,10.6668,35.5525,12.2227
1462,Azure Blue|Black|Brown|White,#0066D9|#080A0D|#55331A|#EBF7FF,20.7584,12.4829,11.9885,11.9703,12.1326,30.1210,12.2266
1463,Blue|Lime Green|Pink|Orange,#003776|#D5D701|#F1A1AF|#F67405,28.0509,13.6280,11.9485,10.8255,9.9554,30.1171,12.2267
1464,Black|Brown|Purple|White,#080A0D|#55331A|#6C47B2|#EBF7FF,20.7557,12.4845,11.9921,11.9740,12.1327,30.1214,12.2293
1465,Black|Brown|Dark Olive Drab|Cold White,#080A0D|#55331A|#575B54|#D9DFE5,23.2251,13.0074,11.7652,11.4557,11.5761,29.5693,12.2316
1466,Brown|Dark Olive Drab|Purple|Pink,#55331A|#575B54|#6C47B2|#F1A1AF,19.0981,12.5037,12.0364,11.9665,12.1322,33.2276,12.2351
1467,Black|Brown|Cold White|White,#080A0D|#55331A|#D9DFE5|#EBF7FF,20.8002,12.5038,11.9934,11.9688,12.1256,30.2489,12.2363
1468,Blue|Black|Brown|White,#003776|#080A0D|#55331A|#EBF7FF,20.7564,12.4909,11.9999,11.9822,12.1424,30.1210,12.2366
1469,Blue|Brown|Dark Olive Drab|Pink,#003776|#55331A|#575B54|#F1A1AF,19.1234,12.4290,12.0385,12.0538,12.2596,33.2441,12.2414
1470,Black|Dark Olive Drab|Red|Pink,#080A0D|#575B54|#E72F1D|#F1A1AF,20.4981,12.5658,12.0338,11.9422,12.0715,33.1979,12.2540
1471,Blue|Green|Cold White|Orange,#003776|#06924D|#D9DFE5|#F67405,27.6088,13.3777,11.8777,11.1313,10.6724,27.8146,12.2545
1472,Blue|Green|Lime Green|Magenta,#003776|#06924D|#D5D701|#F24574,31.9321,13.9196,11.9124,10.5954,9.4919,34.1934,12.2575
1473,Polymaker Teal|Brown|Cold White|Pink,#4CC0C7|#55331A|#D9DFE5|#F1A1AF,21.6252,13.0073,11.9205,11.5088,11.3968,28.3103,12.2580
1474,Azure Blue|Brown|Dark Olive Drab|Pink,#0066D9|#55331A|#575B54|#F1A1AF,19.1485,12.4739,12.0543,12.0487,12.2513,33.2279,12.2613
1475,Blue|Green|Red|White,#003776|#06924D|#E72F1D|#EBF7FF,28.1875,13.5663,11.9391,10.9758,10.2904,30.4774,12.2711
1476,Green|Black|White|Yellow,#06924D|#080A0D|#EBF7FF|#FFE800,30.8121,13.1487,11.8983,11.3977,11.1634,22.5138,12.2732
1477,Green|Brown|Purple|White,#06924D|#55331A|#6C47B2|#EBF7FF,21.8214,12.9733,11.9930,11.5822,11.5336,29.4764,12.2778
1478,Dark Grey|Grey|Pink|Orange,#485259|#8C9099|#F1A1AF|#F67405,19.2525,12.7831,12.1471,11.7800,11.5447,30.2365,12.2815
1479,Blue|Brown|Olive Green|Yellow,#003776|#55331A|#948902|#FFE800,25.6502,13.2495,11.8426,11.3145,11.1909,31.9288,12.2820
1480,Polymaker Teal|Dark Olive Drab|Grey|Red,#4CC0C7|#575B54|#8C9099|#E72F1D,20.3190,12.9291,12.1321,11.6629,11.3432,28.9767,12.2960
1481,Green|Black|Purple|Red,#06924D|#080A0D|#6C47B2|#E72F1D,33.3215,14.5624,11.5045,10.0390,9.4673,40.5653,12.3007
1482,Blue|Green|Brown|Yellow,#003776|#06924D|#55331A|#FFE800,25.6017,13.2505,11.8613,11.3576,11.2605,31.8402,12.3040
1483,Black|Brown|Purple|Cold White,#080A0D|#55331A|#6C47B2|#D9DFE5,24.6412,13.4525,11.6958,11.1615,11.1951,29.5289,12.3070
1484,Black|Dark Grey|Brown|White,#080A0D|#485259|#55331A|#EBF7FF,20.3183,12.4777,12.0810,12.1370,12.3585,30.0363,12.3073
1485,Azure Blue|Green|Black|Orange,#0066D9|#06924D|#080A0D|#F67405,27.5045,13.4513,11.8656,11.1654,10.7974,32.6218,12.3084
1486,Black|Polymaker Teal|White|Yellow,#080A0D|#4CC0C7|#EBF7FF|#FFE800,30.8297,13.1798,11.9320,11.4380,11.2092,22.5000,12.3089
1487,Green|Brown|Grey|White,#06924D|#55331A|#8C9099|#EBF7FF,21.1593,12.8790,12.1141,11.7407,11.5651,29.5269,12.3099
1488,Dark Grey|Tan|Cold White|Yellow,#485259|#A79E82|#D9DFE5|#FFE800,18.8609,12.8882,12.2038,11.7362,11.3669,22.4970,12.3122
1489,Green|Black|Dark Grey|Pink,#06924D|#080A0D|#485259|#F1A1AF,25.1433,13.1440,12.0535,11.4876,11.0983,25.6069,12.3158
1490,Blue|Brown|Lime Green|Yellow,#003776|#55331A|#D5D701|#FFE800,25.4919,13.2211,11.8938,11.4120,11.2937,31.9315,12.3166
1491,Black|Olive Green|White|Yellow,#080A0D|#948902|#EBF7FF|#FFE800,31.3416,13.2885,11.9112,11.3515,11.0946,23.1033,12.3200
1492,Azure Blue|Black|Polymaker Teal|Yellow,#0066D9|#080A0D|#4CC0C7|#FFE800,30.3450,13.5497,11.8617,11.1002,10.7456,26.4135,12.3249
1493,Dark Grey|Brown|Dark Olive Drab|Cold White,#485259|#55331A|#575B54|#D9DFE5,23.3820,13.1557,11.8617,11.4986,11.5685,29.6104,12.3272
1494,Dark Grey|Tan|White|Yellow,#485259|#A79E82|#EBF7FF|#FFE800,18.8488,12.9024,12.2295,11.7597,11.3795,22.5100,12.3311
1495,Blue|Black|Brown|Cold White,#003776|#080A0D|#55331A|#D9DFE5,24.6443,13.4853,11.7305,11.1863,11.2177,29.6769,12.3358
1496,Black|Brown|Grey|White,#080A0D|#55331A|#8C9099|#EBF7FF,20.6268,12.5585,12.0942,12.1157,12.3246,30.1777,12.3371
1497,Black|Grey|Olive Green|White,#080A0D|#8C9099|#948902|#EBF7FF,32.0754,13.3031,11.9002,11.3864,11.1700,23.8054,12.3447
1498,Brown|Lime Green|Pink|Orange,#55331A|#D5D701|#F1A1AF|#F67405,20.8736,13.0266,12.0801,11.6720,11.5134,25.9815,12.3493
1499,Dark Grey|Brown|Cold White|White,#485259|#55331A|#D9DFE5|#EBF7FF,20.5965,12.6419,12.1285,12.0684,12.2108,30.0774,12.3551
1500,Azure Blue|Dark Olive Drab|Tan|Yellow,#0066D9|#575B54|#A79E82|#FFE800,17.7549,13.0017,12.2735,11.7196,11.2406,24.4103,12.3607
1501,Brown|Purple|Cold White|White,#55331A|#6C47B2|#D9DFE5|#EBF7FF,20.9554,12.8541,12.1699,11.8674,11.7440,30.1042,12.3607
1502,Green|Brown|Dark Olive Drab|White,#06924D|#55331A|#575B54|#EBF7FF,19.9236,12.6836,12.1899,12.0526,12.1069,29.4543,12.3681
1503,Polymaker Teal|Brown|Red|Pink,#4CC0C7|#55331A|#E72F1D|#F1A1AF,22.0677,13.1495,12.0187,11.5870,11.4759,27.9363,12.3683
1504,Black|Brown|Dark Olive Drab|White,#080A0D|#55331A|#575B54|#EBF7FF,19.5979,12.4935,12.1751,12.2464,12.4603,29.9409,12.3700
1505,Polymaker Teal|Brown|Purple|White,#4CC0C7|#55331A|#6C47B2|#EBF7FF,21.1170,12.9123,12.1341,11.8303,11.7985,30.1730,12.3713
1506,Polymaker Teal|Brown|Cold White|White,#4CC0C7|#55331A|#D9DFE5|#EBF7FF,21.1425,12.9262,12.1425,11.8169,11.7507,30.2452,12.3715
1507,Black|Lime Green|White|Yellow,#080A0D|#D5D701|#EBF7FF|#FFE800,30.8487,13.2398,12.0031,11.5111,11.2768,22.5640,12.3755
1508,Brown|Dark Olive Drab|Purple|Cold White,#55331A|#575B54|#6C47B2|#D9DFE5,23.4416,13.2596,11.9289,11.4970,11.5237,29.5921,12.3783
1509,Dark Grey|Brown|Purple|White,#485259|#55331A|#6C47B2|#EBF7FF,20.5640,12.6578,12.1630,12.1106,12.2555,30.0304,12.3842
1510,Dark Grey|Polymaker Teal|Brown|White,#485259|#4CC0C7|#55331A|#EBF7FF,20.5756,12.6635,12.1648,12.1127,12.2575,30.0304,12.3881
1511,Blue|Polymaker Teal|Brown|White,#003776|#4CC0C7|#55331A|#EBF7FF,21.1716,12.8170,12.1431,11.9635,12.0212,30.1284,12.3903
1512,Blue|Purple|Lime Green|Orange,#003776|#6C47B2|#D5D701|#F67405,30.1583,14.0273,12.0633,10.7546,9.6776,39.8496,12.3909
1513,Blue|Brown|Cold White|White,#003776|#55331A|#D9DFE5|#EBF7FF,21.0918,12.7773,12.1704,12.0075,12.0366,30.0702,12.3924
1514,Azure Blue|Dark Grey|Brown|White,#0066D9|#485259|#55331A|#EBF7FF,20.5745,12.6657,12.1702,12.1194,12.2631,30.0298,12.3925
1515,Azure Blue|Polymaker Teal|Brown|White,#0066D9|#4CC0C7|#55331A|#EBF7FF,21.1272,12.8673,12.1482,11.9208,11.9351,30.1390,12.3940
1516,Dark Grey|Olive Green|Tan|Cold White,#485259|#948902|#A79E82|#D9DFE5,20.9450,13.1244,12.2464,11.6641,11.1978,22.6889,12.3943
1517,Blue|Brown|Dark Olive Drab|Cold White,#003776|#55331A|#575B54|#D9DFE5,23.4394,13.2286,11.9276,11.5647,11.6458,29.9807,12.3967
1518,Blue|Black|Olive Green|Cold White,#003776|#080A0D|#948902|#D9DFE5,40.4646,14.0274,11.5598,10.7709,10.5222,27.2318,12.3991
1519,Polymaker Teal|Dark Olive Drab|Red|Pink,#4CC0C7|#575B54|#E72F1D|#F1A1AF,19.8449,13.0017,12.2599,11.7978,11.4821,27.8071,12.3997
1520,Blue|Olive Green|Magenta|Yellow,#003776|#948902|#F24574|#FFE800,33.3667,13.9376,11.9578,10.8624,10.0388,33.6983,12.4000
1521,Blue|Dark Olive Drab|Olive Green|Tan,#003776|#575B54|#948902|#A79E82,22.9144,13.2559,12.2161,11.5545,11.0193,25.6174,12.4052
1522,Dark Grey|Polymaker Teal|Pink|Orange,#485259|#4CC0C7|#F1A1AF|#F67405,19.7786,13.0161,12.2427,11.7965,11.5051,23.6991,12.4063
1523,Dark Olive Drab|Grey|Cold White|Yellow,#575B54|#8C9099|#D9DFE5|#FFE800,18.2744,12.9786,12.2985,11.8379,11.4928,22.0767,12.4082
1524,Brown|Grey|Cold White|Pink,#55331A|#8C9099|#D9DFE5|#F1A1AF,20.4578,12.8451,12.2111,11.9729,11.9016,27.7677,12.4090
1525,Green|Black|Grey|Olive Green,#06924D|#080A0D|#8C9099|#948902,33.1366,13.5260,11.9240,11.3033,10.9861,30.8908,12.4146
1526,Brown|Dark Olive Drab|Cold White|White,#55331A|#575B54|#D9DFE5|#EBF7FF,19.8829,12.7239,12.2429,12.1122,12.1685,29.8833,12.4180
1527,Blue|Dark Grey|Brown|White,#003776|#485259|#55331A|#EBF7FF,20.6155,12.6788,12.1939,12.1586,12.3149,30.0304,12.4187
1528,Azure Blue|Brown|Cold White|White,#0066D9|#55331A|#D9DFE5|#EBF7FF,21.0545,12.8697,12.2044,11.9689,11.9310,30.0210,12.4193
1529,Polymaker Teal|Brown|Grey|White,#4CC0C7|#55331A|#8C9099|#EBF7FF,20.9879,12.9271,12.1972,11.9164,11.8865,30.2430,12.4217
1530,Dark Grey|Cold White|Pink|Orange,#485259|#D9DFE5|#F1A1AF|#F67405,19.7814,12.9595,12.2659,11.8903,11.6806,22.9767,12.4249
1531,Black|Dark Grey|Brown|Cold White,#080A0D|#485259|#55331A|#D9DFE5,24.0429,13.3195,11.8808,11.5426,11.6535,29.5464,12.4310
1532,Blue|Brown|Purple|White,#003776|#55331A|#6C47B2|#EBF7FF,21.0559,12.7990,12.2162,12.0650,12.0959,30.0365,12.4320
1533,Green|Polymaker Teal|Brown|Cold White,#06924D|#4CC0C7|#55331A|#D9DFE5,25.4029,13.5570,11.8363,11.3072,11.2971,31.2326,12.4321
1534,Green|Dark Olive Drab|Cold White|Pink,#06924D|#575B54|#D9DFE5|#F1A1AF,20.4377,13.2117,12.2735,11.6582,11.1847,24.9815,12.4349
1535,Blue|Azure Blue|Brown|White,#003776|#0066D9|#55331A|#EBF7FF,21.0578,12.8025,12.2203,12.0685,12.0983,30.0365,12.4355
1536,Blue|Black|Brown|Yellow,#003776|#080A0D|#55331A|#FFE800,24.9638,13.1947,12.0337,11.6871,11.6418,31.9408,12.4409
1537,Dark Grey|Brown|Dark Olive Drab|White,#485259|#55331A|#575B54|#EBF7FF,19.8402,12.6713,12.2550,12.2149,12.3563,29.9540,12.4431
1538,Dark Grey|Brown|White|Magenta,#485259|#55331A|#EBF7FF|#F24574,21.1189,12.7862,12.1970,12.1104,12.2506,30.0241,12.4483
1539,Dark Olive Drab|Tan|Lime Green|Cold White,#575B54|#A79E82|#D5D701|#D9DFE5,16.8891,12.9340,12.3870,11.9736,11.6324,22.2066,12.4538
1540,Polymaker Teal|Brown|Dark Olive Drab|White,#4CC0C7|#55331A|#575B54|#EBF7FF,19.8592,12.7494,12.2842,12.1617,12.2213,29.9513,12.4555
1541,Brown|Grey|Cold White|White,#55331A|#8C9099|#D9DFE5|#EBF7FF,20.8678,12.9011,12.2690,12.0106,11.9293,30.2652,12.4558
1542,Black|Polymaker Teal|Brown|Pink,#080A0D|#4CC0C7|#55331A|#F1A1AF,21.4865,13.0252,12.1109,11.8995,11.9970,28.4297,12.4624
1543,Black|Olive Green|Cold White|Yellow,#080A0D|#948902|#D9DFE5|#FFE800,33.1166,13.5340,11.9405,11.3953,11.1895,24.4726,12.4647
1544,Polymaker Teal|Dark Olive Drab|Tan|Cold White,#4CC0C7|#575B54|#A79E82|#D9DFE5,15.9582,12.9199,12.4353,12.0101,11.6206,22.6395,12.4650
1545,Green|Brown|Purple|Cold White,#06924D|#55331A|#6C47B2|#D9DFE5,25.8144,13.6646,11.8583,11.2692,11.1781,30.2159,12.4669
1546,Azure Blue|Brown|Purple|White,#0066D9|#55331A|#6C47B2|#EBF7FF,21.0079,12.8961,12.2612,12.0386,12.0037,30.1279,12.4674
1547,Dark Olive Drab|Grey|Tan|Cold White,#575B54|#8C9099|#A79E82|#D9DFE5,15.9480,12.9163,12.4392,12.0238,11.6431,22.6413,12.4701
1548,Dark Olive Drab|Olive Green|Tan|Lime Green,#575B54|#948902|#A79E82|#D5D701,18.1252,13.0483,12.3908,11.8961,11.4661,25.9975,12.4722
1549,Blue|Black|Grey|Olive Green,#003776|#080A0D|#8C9099|#948902,33.7284,13.5633,12.0048,11.3942,11.0595,30.8299,12.4788
1550,Black|Brown|White|Magenta,#080A0D|#55331A|#EBF7FF|#F24574,21.4047,12.7820,12.2131,12.1890,12.3714,30.7286,12.4855
1551,Dark Grey|Purple|Red|Yellow,#485259|#6C47B2|#E72F1D|#FFE800,23.8100,13.5726,12.3300,11.4045,10.5584,40.6728,12.4885
1552,Dark Grey|Olive Green|Tan|Yellow,#485259|#948902|#A79E82|#FFE800,20.0801,13.1690,12.3853,11.8188,11.3186,25.3651,12.4939
1553,Polymaker Teal|Brown|Purple|Pink,#4CC0C7|#55331A|#6C47B2|#F1A1AF,21.7541,13.2455,12.1431,11.7470,11.6986,28.5008,12.4963
1554,Green|Dark Olive Drab|Tan|Cold White,#06924D|#575B54|#A79E82|#D9DFE5,16.0092,12.9535,12.4678,12.0433,11.6559,22.7069,12.4984
1555,Dark Grey|Tan|Cold White|Pink,#485259|#A79E82|#D9DFE5|#F1A1AF,17.9485,13.0462,12.4194,11.9507,11.5514,23.8983,12.4984
1556,Blue|Polymaker Teal|Brown|Pink,#003776|#4CC0C7|#55331A|#F1A1AF,21.7845,13.1687,12.1527,11.8361,11.8339,28.4514,12.5024
1557,Blue|Brown|Purple|Cold White,#003776|#55331A|#6C47B2|#D9DFE5,24.8588,13.6608,11.9196,11.3445,11.2775,29.6907,12.5026
1558,Brown|Grey|White|Magenta,#55331A|#8C9099|#EBF7FF|#F24574,21.3763,13.0201,12.2924,12.0117,11.9481,30.0121,12.5159
1559,Azure Blue|Green|Black|Yellow,#0066D9|#06924D|#080A0D|#FFE800,30.4274,13.7334,12.0579,11.3005,10.9461,26.5183,12.5169
1560,Blue|Black|Olive Green|White,#003776|#080A0D|#948902|#EBF7FF,33.4541,13.5599,12.0238,11.4825,11.2855,23.8789,12.5212
1561,Azure Blue|Dark Grey|Brown|Olive Green,#0066D9|#485259|#55331A|#948902,26.8659,13.5843,11.9802,11.4600,11.4564,35.0364,12.5221
1562,Dark Grey|Tan|White|Pink,#485259|#A79E82|#EBF7FF|#F1A1AF,17.9345,13.0708,12.4489,11.9809,11.5735,23.9177,12.5259
1563,Brown|Purple|Grey|White,#55331A|#6C47B2|#8C9099|#EBF7FF,20.8686,12.9783,12.3350,12.0820,12.0146,30.1908,12.5301
1564,Brown|Cold White|Red|Pink,#55331A|#D9DFE5|#E72F1D|#F1A1AF,21.7059,13.4248,12.2128,11.6388,11.3696,27.0086,12.5318
1565,Black|Dark Olive Drab|Olive Green|White,#080A0D|#575B54|#948902|#EBF7FF,25.8349,13.2202,12.2422,11.8464,11.6451,22.6132,12.5333
1566,Blue|Green|Red|Magenta,#003776|#06924D|#E72F1D|#F24574,32.0648,14.1467,12.1568,10.9223,9.9178,40.5203,12.5345
1567,Azure Blue|Polymaker Teal|Brown|Pink,#0066D9|#4CC0C7|#55331A|#F1A1AF,21.7768,13.2180,12.1936,11.8535,11.8230,28.4860,12.5357
1568,Blue|Purple|Lime Green|Red,#003776|#6C47B2|#D5D701|#E72F1D,31.6499,14.2206,12.1679,10.8511,9.7679,39.2418,12.5359
1569,Dark Grey|Brown|Purple|Cold White,#485259|#55331A|#6C47B2|#D9DFE5,24.1816,13.4779,12.0215,11.6005,11.6418,29.5443,12.5392
1570,Black|Dark Grey|Cold White|Yellow,#080A0D|#485259|#D9DFE5|#FFE800,23.1343,13.0959,12.3058,11.9898,11.8430,21.9380,12.5428
1571,Green|Dark Grey|Olive Green|Tan,#06924D|#485259|#948902|#A79E82,21.0371,13.3041,12.4138,11.7821,11.2376,24.6475,12.5431
1572,Dark Grey|Polymaker Teal|Olive Green|Tan,#485259|#4CC0C7|#948902|#A79E82,21.0379,13.3022,12.4129,11.7847,11.2449,24.5966,12.5435
1573,Dark Grey|Grey|Olive Green|Tan,#485259|#8C9099|#948902|#A79E82,21.0542,13.3068,12.4166,11.7883,11.2472,24.6373,12.5475
1574,Black|Brown|Cold White|Pink,#080A0D|#55331A|#D9DFE5|#F1A1AF,21.6162,13.2149,12.2029,11.8832,11.9064,28.2633,12.5490
1575,Blue|Brown|Dark Olive Drab|White,#003776|#55331A|#575B54|#EBF7FF,20.0325,12.7710,12.3532,12.3289,12.4771,29.9521,12.5499
1576,Green|Polymaker Teal|Dark Olive Drab|Pink,#06924D|#4CC0C7|#575B54|#F1A1AF,20.6029,13.3577,12.4002,11.7427,11.2108,25.2580,12.5502
1577,Polymaker Teal|Brown|Pink|Magenta,#4CC0C7|#55331A|#F1A1AF|#F24574,21.8073,13.2777,12.2197,11.8231,11.7206,28.6531,12.5504
1578,Dark Grey|Polymaker Teal|Tan|Pink,#485259|#4CC0C7|#A79E82|#F1A1AF,18.0642,13.1432,12.4849,11.9587,11.4721,24.0649,12.5510
1579,Polymaker Teal|Brown|Grey|Red,#4CC0C7|#55331A|#8C9099|#E72F1D,21.6986,13.0626,12.3061,12.0431,11.9806,28.9286,12.5528
1580,Black|Polymaker Teal|Brown|Red,#080A0D|#4CC0C7|#55331A|#E72F1D,23.3077,13.2127,12.1307,11.9013,11.9519,28.6372,12.5570
1581,Blue|Brown|Purple|Yellow,#003776|#55331A|#6C47B2|#FFE800,25.4647,13.4642,12.1537,11.6556,11.4890,32.3217,12.5599
1582,Dark Olive Drab|Grey|Olive Green|Yellow,#575B54|#8C9099|#948902|#FFE800,19.7097,13.2066,12.4363,11.9194,11.4926,23.2231,12.5630
1583,Dark Grey|Brown|Cold White|Pink,#485259|#55331A|#D9DFE5|#F1A1AF,20.2506,12.9410,12.3482,12.1866,12.2506,27.5990,12.5638
1584,Blue|Azure Blue|Lime Green|Orange,#003776|#0066D9|#D5D701|#F67405,27.8135,13.9232,12.2681,11.2044,10.3944,29.3939,12.5638
1585,Dark Grey|Grey|Tan|Pink,#485259|#8C9099|#A79E82|#F1A1AF,18.0591,13.1711,12.5059,11.9602,11.4369,24.8888,12.5657
1586,Green|Black|Lime Green|Magenta,#06924D|#080A0D|#D5D701|#F24574,33.0757,13.6889,11.9281,11.4490,11.4683,36.8238,12.5690
1587,Green|Dark Grey|Brown|Cold White,#06924D|#485259|#55331A|#D9DFE5,24.7140,13.4647,12.0399,11.6741,11.7462,31.2209,12.5694
1588,Azure Blue|Brown|Dark Olive Drab|White,#0066D9|#55331A|#575B54|#EBF7FF,19.9943,12.8210,12.3794,12.3221,12.4428,29.9521,12.5715
1589,Azure Blue|Dark Grey|Tan|Pink,#0066D9|#485259|#A79E82|#F1A1AF,18.0772,13.1814,12.5153,11.9674,11.4437,24.9195,12.5744
1590,Dark Grey|Polymaker Teal|Tan|Yellow,#485259|#4CC0C7|#A79E82|#FFE800,19.1110,13.1860,12.4840,11.9637,11.5225,23.4288,12.5748
1591,Azure Blue|Brown|Grey|White,#0066D9|#55331A|#8C9099|#EBF7FF,20.9228,12.9639,12.3627,12.1889,12.2042,30.1592,12.5764
1592,Blue|Dark Grey|Brown|Cold White,#003776|#485259|#55331A|#D9DFE5,24.2099,13.4700,12.0675,11.6892,11.7544,29.9915,12.5796
1593,Dark Olive Drab|Tan|Lime Green|White,#575B54|#A79E82|#D5D701|#EBF7FF,16.9469,13.0499,12.5164,12.1141,11.7902,22.5121,12.5820
1594,Polymaker Teal|Dark Olive Drab|Grey|Tan,#4CC0C7|#575B54|#8C9099|#A79E82,16.0792,13.0741,12.5677,12.0908,11.6164,24.6793,12.5824
1595,Dark Grey|Olive Green|Tan|White,#485259|#948902|#A79E82|#EBF7FF,21.2089,13.2914,12.4502,11.8740,11.3874,23.3686,12.5827
1596,Azure Blue|Black|Olive Green|White,#0066D9|#080A0D|#948902|#EBF7FF,33.3247,13.6458,12.0770,11.5295,11.3203,24.2725,12.5877
1597,Blue|Brown|Grey|White,#003776|#55331A|#8C9099|#EBF7FF,20.9880,12.9352,12.3721,12.2443,12.3080,30.1645,12.5898
1598,Blue|Lime Green|Red|Pink,#003776|#D5D701|#E72F1D|#F1A1AF,28.3304,13.8998,12.2879,11.2869,10.5353,30.6100,12.5933
1599,Polymaker Teal|Brown|White|Magenta,#4CC0C7|#55331A|#EBF7FF|#F24574,21.7481,13.1900,12.3293,11.9993,11.9487,30.7822,12.5946
1600,Green|Dark Grey|Tan|Yellow,#06924D|#485259|#A79E82|#FFE800,19.1343,13.2316,12.5174,11.9615,11.4498,25.3590,12.5966
1601,Brown|Dark Olive Drab|Purple|Lime Green,#55331A|#575B54|#6C47B2|#D5D701,21.3076,13.2891,12.3460,11.9101,11.7412,34.3732,12.5996
1602,Green|Dark Grey|Dark Olive Drab|Pink,#06924D|#485259|#575B54|#F1A1AF,20.7001,13.4105,12.4585,11.7900,11.2167,25.8036,12.6002
1603,Dark Grey|Grey|Tan|Yellow,#485259|#8C9099|#A79E82|#FFE800,19.1461,13.2224,12.5175,11.9824,11.4923,23.7752,12.6024
1604,Brown|Purple|White|Magenta,#55331A|#6C47B2|#EBF7FF|#F24574,21.4810,13.1031,12.3781,12.1067,12.0512,30.0517,12.6049
1605,Polymaker Teal|Dark Olive Drab|Tan|White,#4CC0C7|#575B54|#A79E82|#EBF7FF,16.0177,13.0539,12.5821,12.1616,11.7730,23.0313,12.6077
1606,Dark Olive Drab|Tan|Cold White|White,#575B54|#A79E82|#D9DFE5|#EBF7FF,16.0162,13.0525,12.5819,12.1631,11.7755,23.0313,12.6078
1607,Green|Black|Purple|Orange,#06924D|#080A0D|#6C47B2|#F67405,32.2959,14.8878,11.8099,10.3280,9.7684,41.5393,12.6079
1608,Polymaker Teal|Brown|Grey|Pink,#4CC0C7|#55331A|#8C9099|#F1A1AF,21.1236,13.1433,12.3565,12.0735,12.0172,28.4831,12.6084
1609,Azure Blue|Green|Dark Olive Drab|Pink,#0066D9|#06924D|#575B54|#F1A1AF,20.7185,13.4408,12.4706,11.7787,11.1809,26.2692,12.6098
1610,Dark Olive Drab|Grey|Tan|White,#575B54|#8C9099|#A79E82|#EBF7FF,16.0092,13.0510,12.5840,12.1702,11.7881,23.0354,12.6106
1611,Black|Brown|Cold White|Magenta,#080A0D|#55331A|#D9DFE5|#F24574,24.7247,13.4431,12.1312,11.7818,11.7213,28.2840,12.6125
1612,Green|Dark Olive Drab|Grey|Tan,#06924D|#575B54|#8C9099|#A79E82,16.1278,13.1063,12.5976,12.1188,11.6446,24.7190,12.6126
1613,Blue|Brown|White|Magenta,#003776|#55331A|#EBF7FF|#F24574,21.5879,13.0153,12.3586,12.2111,12.2784,30.0298,12.6132
1614,Blue|Brown|Dark Olive Drab|Lime Green,#003776|#55331A|#575B54|#D5D701,21.4362,13.0430,12.3541,12.1838,12.2582,34.5706,12.6134
1615,Green|Polymaker Teal|Dark Olive Drab|Tan,#06924D|#4CC0C7|#575B54|#A79E82,16.1385,13.1154,12.6028,12.1170,11.6368,24.6873,12.6162
1616,Brown|Dark Olive Drab|Grey|White,#55331A|#575B54|#8C9099|#EBF7FF,19.8509,12.8925,12.4497,12.3459,12.4255,30.3395,12.6192
1617,Dark Olive Drab|Grey|Red|Magenta,#575B54|#8C9099|#E72F1D|#F24574,20.3945,13.2314,12.4686,12.0213,11.7090,36.2563,12.6263
1618,Dark Grey|Brown|Grey|White,#485259|#55331A|#8C9099|#EBF7FF,20.5049,12.8459,12.4251,12.4131,12.5868,30.3315,12.6295
1619,Black|Dark Grey|Olive Green|Cold White,#080A0D|#485259|#948902|#D9DFE5,31.2205,13.7906,12.0991,11.4721,11.2315,24.5929,12.6313
1620,Dark Grey|Tan|Lime Green|Yellow,#485259|#A79E82|#D5D701|#FFE800,19.1666,13.2655,12.5524,11.9975,11.4864,25.3607,12.6315
1621,Green|Dark Olive Drab|Grey|Yellow,#06924D|#575B54|#8C9099|#FFE800,18.5494,13.2419,12.5386,12.0284,11.6006,23.1406,12.6351
1622,Blue|Lime Green|Orange|Yellow,#003776|#D5D701|#F67405|#FFE800,29.6446,14.1009,12.3377,11.1709,10.1671,36.8656,12.6359
1623,Green|Brown|Dark Olive Drab|Cold White,#06924D|#55331A|#575B54|#D9DFE5,23.4005,13.3544,12.2498,11.9311,11.9398,31.2842,12.6428
1624,Polymaker Teal|Dark Olive Drab|Grey|Yellow,#4CC0C7|#575B54|#8C9099|#FFE800,18.5446,13.2390,12.5426,12.0487,11.6556,22.7977,12.6438
1625,Dark Grey|Dark Olive Drab|Tan|Cold White,#485259|#575B54|#A79E82|#D9DFE5,16.3115,13.0846,12.6134,12.2099,11.8438,22.7737,12.6472
1626,Black|Polymaker Teal|Grey|Olive Green,#080A0D|#4CC0C7|#8C9099|#948902,33.0279,13.6912,12.2145,11.6042,11.2455,30.8217,12.6477
1627,Green|Black|Cold White|Yellow,#06924D|#080A0D|#D9DFE5|#FFE800,32.5751,13.6686,12.1623,11.6433,11.4467,24.3490,12.6559
1628,Polymaker Teal|Brown|Dark Olive Drab|Lime Green,#4CC0C7|#55331A|#575B54|#D5D701,20.4377,13.0017,12.4190,12.3129,12.4485,29.1978,12.6573
1629,Green|Dark Olive Drab|Tan|White,#06924D|#575B54|#A79E82|#EBF7FF,16.0949,13.1040,12.6301,12.2109,11.8249,23.1416,12.6574
1630,Black|Polymaker Teal|Brown|Cold White,#080A0D|#4CC0C7|#55331A|#D9DFE5,24.7487,13.5258,12.0870,11.7972,11.9241,31.7776,12.6615
1631,Dark Grey|Purple|Magenta|Yellow,#485259|#6C47B2|#F24574|#FFE800,24.0996,13.7352,12.4950,11.5884,10.7721,37.0973,12.6618
1632,Dark Grey|Purple|Tan|Pink,#485259|#6C47B2|#A79E82|#F1A1AF,18.1830,13.2711,12.6034,12.0554,11.5336,24.9335,12.6633
1633,Polymaker Teal|Brown|Red|Magenta,#4CC0C7|#55331A|#E72F1D|#F24574,23.6502,13.4571,12.2641,11.8737,11.7765,28.7759,12.6654
1634,Black|Lime Green|Cold White|Yellow,#080A0D|#D5D701|#D9DFE5|#FFE800,32.6028,13.6828,12.1720,11.6494,11.4552,24.3436,12.6661
1635,Black|Dark Olive Drab|Grey|Olive Green,#080A0D|#575B54|#8C9099|#948902,26.3999,13.4607,12.3498,11.8719,11.5927,30.7308,12.6663
1636,Blue|Brown|Cold White|Pink,#003776|#55331A|#D9DFE5|#F1A1AF,21.7018,13.4055,12.3257,11.9302,11.8442,28.2919,12.6679
1637,Black|Polymaker Teal|Olive Green|White,#080A0D|#4CC0C7|#948902|#EBF7FF,32.7058,13.6422,12.1858,11.6938,11.5166,23.6861,12.6680
1638,Black|Olive Green|Cold White|White,#080A0D|#948902|#D9DFE5|#EBF7FF,32.7148,13.6437,12.1857,11.6927,11.5165,23.7201,12.6682
1639,Black|Cold White|Pink|Orange,#080A0D|#D9DFE5|#F1A1AF|#F67405,28.6361,13.6364,12.2600,11.7011,11.5359,23.3432,12.6687
1640,Blue|Dark Grey|Tan|Pink,#003776|#485259|#A79E82|#F1A1AF,18.2212,13.2845,12.6190,12.0717,11.5490,24.9975,12.6781
1641,Blue|Lime Green|Cold White|Magenta,#003776|#D5D701|#D9DFE5|#F24574,29.8156,13.8488,12.2681,11.5084,11.0251,29.5596,12.6786
1642,Brown|Cold White|White|Magenta,#55331A|#D9DFE5|#EBF7FF|#F24574,21.6061,13.2120,12.4566,12.1484,12.0443,30.5640,12.6802
1643,Dark Grey|Brown|Cold White|Red,#485259|#55331A|#D9DFE5|#E72F1D,22.1204,13.2420,12.3687,12.1230,12.1463,25.1683,12.6825
1644,Azure Blue|Black|Purple|Olive Green,#0066D9|#080A0D|#6C47B2|#948902,42.4186,14.8379,11.8129,10.5313,9.9263,38.3216,12.6846
1645,Brown|Pink|Orange|Yellow,#55331A|#F1A1AF|#F67405|#FFE800,20.6850,13.2679,12.4575,12.1162,11.9647,24.8156,12.6920
1646,Dark Olive Drab|Olive Green|Cold White|Yellow,#575B54|#948902|#D9DFE5|#FFE800,19.7458,13.3489,12.5440,12.0378,11.6743,22.3891,12.6933
1647,Dark Grey|Dark Olive Drab|Grey|Red,#485259|#575B54|#8C9099|#E72F1D,20.4043,13.2341,12.5257,12.1613,11.9448,36.2009,12.6977
1648,Dark Olive Drab|Purple|Grey|Red,#575B54|#6C47B2|#8C9099|#E72F1D,20.4766,13.2943,12.5343,12.1088,11.8315,36.2658,12.7016
1649,Blue|Polymaker Teal|Brown|Red,#003776|#4CC0C7|#55331A|#E72F1D,23.6919,13.4269,12.3025,11.9816,11.9521,28.6901,12.7042
1650,Azure Blue|Polymaker Teal|Brown|Red,#0066D9|#4CC0C7|#55331A|#E72F1D,23.6779,13.4476,12.2994,11.9629,11.9214,28.7016,12.7052
1651,Dark Olive Drab|Grey|Lime Green|Yellow,#575B54|#8C9099|#D5D701|#FFE800,18.6062,13.3073,12.6089,12.1036,11.6789,23.1433,12.7054
1652,Azure Blue|Dark Olive Drab|Grey|Red,#0066D9|#575B54|#8C9099|#E72F1D,20.4661,13.2895,12.5428,12.1249,11.8431,36.4240,12.7072
1653,Blue|Black|Olive Green|Magenta,#003776|#080A0D|#948902|#F24574,37.2977,14.2958,11.7647,11.1187,11.1994,47.4817,12.7073
1654,Dark Olive Drab|Grey|Tan|Lime Green,#575B54|#8C9099|#A79E82|#D5D701,17.1300,13.2219,12.6559,12.1933,11.7689,24.5943,12.7076
1655,Polymaker Teal|Dark Olive Drab|Tan|Lime Green,#4CC0C7|#575B54|#A79E82|#D5D701,17.1119,13.2199,12.6598,12.2076,11.8093,24.2355,12.7137
1656,Brown|Purple|Cold White|Pink,#55331A|#6C47B2|#D9DFE5|#F1A1AF,21.5854,13.6035,12.4018,11.8704,11.6519,28.3833,12.7369
1657,Dark Olive Drab|Grey|Red|Pink,#575B54|#8C9099|#E72F1D|#F1A1AF,19.9120,13.3049,12.6063,12.1718,11.8655,31.0415,12.7383
1658,Green|Dark Olive Drab|Tan|Lime Green,#06924D|#575B54|#A79E82|#D5D701,17.1298,13.2568,12.6926,12.2250,11.7960,25.8694,12.7409
1659,Polymaker Teal|Brown|Purple|Red,#4CC0C7|#55331A|#6C47B2|#E72F1D,23.7121,13.5191,12.3322,11.9663,11.8951,28.8449,12.7427
1660,Azure Blue|Brown|Cold White|Pink,#0066D9|#55331A|#D9DFE5|#F1A1AF,21.6764,13.5010,12.4037,11.9894,11.8793,28.3118,12.7452
1661,Green|Black|Olive Green|White,#06924D|#080A0D|#948902|#EBF7FF,32.7159,13.7111,12.2659,11.7806,11.6120,23.6279,12.7458
1662,Dark Grey|Dark Olive Drab|Tan|White,#485259|#575B54|#A79E82|#EBF7FF,16.3185,13.1749,12.7178,12.3194,11.9535,22.9105,12.7471
1663,Azure Blue|Brown|White|Magenta,#0066D9|#55331A|#EBF7FF|#F24574,21.6475,13.2183,12.5043,12.2842,12.2898,30.7619,12.7512
1664,Blue|Dark Olive Drab|Grey|Red,#003776|#575B54|#8C9099|#E72F1D,20.5942,13.3020,12.5798,12.2078,11.9879,36.2326,12.7549
1665,Dark Grey|Polymaker Teal|Dark Olive Drab|Tan,#485259|#4CC0C7|#575B54|#A79E82,16.4443,13.2464,12.7453,12.2737,11.8039,24.6293,12.7601
1666,Dark Grey|Dark Olive Drab|Grey|Tan,#485259|#575B54|#8C9099|#A79E82,16.4275,13.2408,12.7442,12.2804,11.8163,24.6522,12.7606
1667,Dark Grey|Dark Olive Drab|Grey|Yellow,#485259|#575B54|#8C9099|#FFE800,19.1272,13.3804,12.6625,12.1599,11.7438,23.2351,12.7702
1668,Brown|Cold White|Pink|Magenta,#55331A|#D9DFE5|#F1A1AF|#F24574,21.5753,13.6253,12.4709,11.9151,11.6390,28.4375,12.7702
1669,Blue|Dark Olive Drab|Tan|Yellow,#003776|#575B54|#A79E82|#FFE800,19.8440,13.4955,12.6804,12.0457,11.4652,26.8738,12.7706
1670,Blue|Polymaker Teal|Brown|Yellow,#003776|#4CC0C7|#55331A|#FFE800,24.7477,13.5579,12.3607,11.9856,11.9366,26.4831,12.7718
1671,Dark Olive Drab|Purple|Olive Green|Cold White,#575B54|#6C47B2|#948902|#D9DFE5,37.7608,14.7567,12.0901,10.7956,10.0399,31.5097,12.7762
1672,Brown|Dark Olive Drab|Purple|White,#55331A|#575B54|#6C47B2|#EBF7FF,20.1039,13.0419,12.5943,12.5307,12.6237,30.1747,12.7863
1673,Blue|Green|Dark Olive Drab|Pink,#003776|#06924D|#575B54|#F1A1AF,21.1683,13.6041,12.6398,11.9693,11.3995,26.2553,12.7867
1674,Green|Dark Grey|Dark Olive Drab|Tan,#06924D|#485259|#575B54|#A79E82,16.4972,13.2829,12.7786,12.3027,11.8308,24.6716,12.7928
1675,Green|Dark Olive Drab|Cold White|Yellow,#06924D|#575B54|#D9DFE5|#FFE800,18.9911,13.4069,12.6635,12.1789,11.8306,22.6319,12.7929
1676,Dark Olive Drab|Grey|White|Yellow,#575B54|#8C9099|#EBF7FF|#FFE800,18.9259,13.3905,12.6805,12.2022,11.8544,22.8284,12.7963
1677,Black|Brown|Grey|Red,#080A0D|#55331A|#8C9099|#E72F1D,21.2421,13.0547,12.5350,12.5434,12.7350,36.0551,12.7991
1678,Green|Dark Olive Drab|Grey|Pink,#06924D|#575B54|#8C9099|#F1A1AF,20.7012,13.6004,12.6646,11.9983,11.4228,26.0035,12.7993
1679,Blue|Polymaker Teal|Brown|Cold White,#003776|#4CC0C7|#55331A|#D9DFE5,25.0762,13.7124,12.2323,11.8901,11.9541,31.7996,12.8013
1680,Black|Grey|Olive Green|Lime Green,#080A0D|#8C9099|#948902|#D5D701,29.6504,13.5963,12.4552,12.0078,11.7784,23.7881,12.8020
1681,Blue|Brown|Cold White|Magenta,#003776|#55331A|#D9DFE5|#F24574,24.8905,13.6503,12.3489,11.9697,11.8676,28.2839,12.8100
1682,Blue|Olive Green|Red|Yellow,#003776|#948902|#E72F1D|#FFE800,33.0102,14.2782,12.4121,11.3536,10.5087,35.5213,12.8159
1683,Blue|Cold White|Orange|Yellow,#003776|#D9DFE5|#F67405|#FFE800,27.0755,13.8082,12.4978,11.8329,11.4191,28.6515,12.8205
1684,Dark Grey|Purple|Olive Green|Cold White,#485259|#6C47B2|#948902|#D9DFE5,39.5967,14.7773,12.1234,10.8660,10.1476,30.9137,12.8217
1685,Blue|Red|Orange|Yellow,#003776|#E72F1D|#F67405|#FFE800,29.3902,14.2531,12.5264,11.3925,10.4238,37.0078,12.8228
1686,Dark Olive Drab|Olive Green|White|Yellow,#575B54|#948902|#EBF7FF|#FFE800,20.7300,13.5162,12.6717,12.1310,11.7456,23.2311,12.8236
1687,Dark Olive Drab|Grey|Olive Green|Cold White,#575B54|#8C9099|#948902|#D9DFE5,25.1929,13.6954,12.5707,11.9565,11.5254,23.7869,12.8259
1688,Dark Olive Drab|Cold White|White|Yellow,#575B54|#D9DFE5|#EBF7FF|#FFE800,19.1567,13.4453,12.7171,12.2207,11.8607,22.6719,12.8330
1689,Dark Olive Drab|Lime Green|Cold White|Yellow,#575B54|#D5D701|#D9DFE5|#FFE800,19.0253,13.4465,12.7050,12.2233,11.8787,22.6502,12.8349
1690,Green|Dark Grey|Tan|Pink,#06924D|#485259|#A79E82|#F1A1AF,19.1973,13.5353,12.7536,12.1351,11.5504,24.9870,12.8352
1691,Azure Blue|Black|Grey|Olive Green,#0066D9|#080A0D|#8C9099|#948902,33.3375,13.9069,12.4243,11.7644,11.3225,33.0664,12.8357
1692,Green|Dark Olive Drab|White|Yellow,#06924D|#575B54|#EBF7FF|#FFE800,19.1641,13.4543,12.7230,12.2236,11.8609,22.6931,12.8390
1693,Dark Olive Drab|Red|Pink|Magenta,#575B54|#E72F1D|#F1A1AF|#F24574,20.1137,13.4303,12.7147,12.2529,11.9329,33.2724,12.8416
1694,Blue|Brown|Lime Green|Orange,#003776|#55331A|#D5D701|#F67405,25.4181,13.9832,12.3777,11.7153,11.5106,38.6671,12.8493
1695,Polymaker Teal|Dark Olive Drab|White|Yellow,#4CC0C7|#575B54|#EBF7FF|#FFE800,19.1703,13.4683,12.7389,12.2396,11.8774,22.7209,12.8539
1696,Polymaker Teal|Dark Olive Drab|Olive Green|Cold White,#4CC0C7|#575B54|#948902|#D9DFE5,25.6982,13.8452,12.5423,11.9087,11.5160,23.9100,12.8769
1697,Blue|Azure Blue|Green|Magenta,#003776|#0066D9|#06924D|#F24574,32.5706,14.3793,12.5132,11.3918,10.5005,34.9038,12.8856
1698,Polymaker Teal|Brown|Dark Olive Drab|Olive Green,#4CC0C7|#55331A|#575B54|#948902,23.3871,13.4794,12.5323,12.2923,12.3868,33.2045,12.8859
1699,Dark Grey|Dark Olive Drab|Tan|Lime Green,#485259|#575B54|#A79E82|#D5D701,17.7170,13.4201,12.8306,12.3539,11.9151,25.7526,12.8870
1700,Dark Grey|Brown|Dark Olive Drab|Lime Green,#485259|#55331A|#575B54|#D5D701,21.0510,13.2504,12.6421,12.5243,12.6380,41.6049,12.8873
1701,Black|Brown|Dark Olive Drab|Lime Green,#080A0D|#55331A|#575B54|#D5D701,20.6519,13.1088,12.6417,12.6727,12.8894,42.5724,12.8908
1702,Polymaker Teal|Brown|Purple|Cold White,#4CC0C7|#55331A|#6C47B2|#D9DFE5,25.0484,13.9322,12.3136,11.8679,11.9078,33.4773,12.9001
1703,Dark Olive Drab|Purple|Red|Pink,#575B54|#6C47B2|#E72F1D|#F1A1AF,20.1910,13.4845,12.7712,12.3270,12.0379,33.3057,12.9058
1704,Dark Grey|Brown|Purple|Lime Green,#485259|#55331A|#6C47B2|#D5D701,23.3235,13.6212,12.5596,12.1977,12.1933,35.2319,12.9095
1705,Dark Grey|Dark Olive Drab|Red|Pink,#485259|#575B54|#E72F1D|#F1A1AF,20.1251,13.4335,12.7702,12.3878,12.1578,33.2292,12.9106
1706,Azure Blue|Dark Olive Drab|Red|Pink,#0066D9|#575B54|#E72F1D|#F1A1AF,20.1777,13.4813,12.7799,12.3404,12.0436,33.3032,12.9109
1707,Dark Grey|Dark Olive Drab|White|Yellow,#485259|#575B54|#EBF7FF|#FFE800,19.5974,13.5353,12.7962,12.3063,11.9540,22.8434,12.9208
1708,Blue|Magenta|Orange|Yellow,#003776|#F24574|#F67405|#FFE800,29.3881,14.3633,12.6320,11.4889,10.5432,36.2826,12.9261
1709,Brown|Grey|Red|Magenta,#55331A|#8C9099|#E72F1D|#F24574,21.4762,13.3623,12.7058,12.5178,12.5199,36.0515,12.9401
1710,Azure Blue|Brown|Cold White|Magenta,#0066D9|#55331A|#D9DFE5|#F24574,24.8503,13.7824,12.4825,12.1045,12.0225,28.2815,12.9435
1711,Dark Grey|Dark Olive Drab|Olive Green|Cold White,#485259|#575B54|#948902|#D9DFE5,26.9559,13.9936,12.5895,11.9105,11.5022,23.9219,12.9520
1712,Green|Brown|Dark Olive Drab|Lime Green,#06924D|#55331A|#575B54|#D5D701,20.8808,13.3337,12.7219,12.5716,12.6474,42.5350,12.9526
1713,Brown|Dark Olive Drab|Olive Green|Lime Green,#55331A|#575B54|#948902|#D5D701,20.8869,13.3356,12.7220,12.5716,12.6476,42.5350,12.9536
1714,Blue|Black|Olive Green|Orange,#003776|#080A0D|#948902|#F67405,33.9534,14.6327,12.1323,11.2837,11.2604,59.6414,12.9582
1715,Blue|Dark Olive Drab|Red|Pink,#003776|#575B54|#E72F1D|#F1A1AF,20.3146,13.5016,12.8254,12.4327,12.1965,33.2549,12.9672
1716,Azure Blue|Polymaker Teal|Brown|Olive Green,#0066D9|#4CC0C7|#55331A|#948902,28.4968,14.2701,12.3301,11.6677,11.5108,33.3371,12.9689
1717,Dark Grey|Polymaker Teal|Brown|Pink,#485259|#4CC0C7|#55331A|#F1A1AF,20.6411,13.3151,12.7397,12.6247,12.7425,28.3227,12.9699
1718,Green|Dark Olive Drab|Olive Green|Cold White,#06924D|#575B54|#948902|#D9DFE5,25.7086,13.9595,12.6411,11.9827,11.5926,24.2095,12.9711
1719,Blue|Dark Grey|Olive Green|Tan,#003776|#485259|#948902|#A79E82,24.9849,13.8758,12.7794,12.0744,11.4690,25.9464,12.9751
1720,Azure Blue|Dark Olive Drab|Tan|Cold White,#0066D9|#575B54|#A79E82|#D9DFE5,16.5463,13.4445,12.9329,12.5058,12.1269,24.3751,12.9751
1721,Brown|Purple|Cold White|Magenta,#55331A|#6C47B2|#D9DFE5|#F24574,24.8594,13.8864,12.5091,12.0677,11.8834,28.8396,12.9770
1722,Azure Blue|Dark Olive Drab|Olive Green|Tan,#0066D9|#575B54|#948902|#A79E82,21.1592,13.7777,12.8477,12.1770,11.5838,26.6278,12.9773
1723,Black|Brown|Grey|Pink,#080A0D|#55331A|#8C9099|#F1A1AF,20.4983,13.1380,12.7574,12.8172,13.0371,30.9187,12.9776
1724,Blue|Green|Olive Green|Red,#003776|#06924D|#948902|#E72F1D,32.7397,14.5960,12.5720,11.3776,10.4429,40.2462,12.9868
1725,Blue|Tan|Lime Green|Magenta,#003776|#A79E82|#D5D701|#F24574,24.4574,14.1020,12.8242,11.8728,11.0129,30.1429,12.9874
1726,Polymaker Teal|Brown|Olive Green|Yellow,#4CC0C7|#55331A|#948902|#FFE800,23.8856,13.9123,12.5272,12.0716,12.0140,26.4998,12.9920
1727,Brown|Purple|Grey|Red,#55331A|#6C47B2|#8C9099|#E72F1D,21.5137,13.4040,12.7541,12.5861,12.6117,36.0712,12.9950
1728,Polymaker Teal|Dark Olive Drab|Cold White|Yellow,#4CC0C7|#575B54|#D9DFE5|#FFE800,19.0750,13.5992,12.8837,12.4218,12.0869,23.0642,13.0105
1729,Dark Grey|Olive Green|Tan|Lime Green,#485259|#948902|#A79E82|#D5D701,20.6691,13.6830,12.8993,12.3423,11.8520,25.9989,13.0127
1730,Green|Polymaker Teal|Brown|Yellow,#06924D|#4CC0C7|#55331A|#FFE800,23.8494,13.9281,12.5517,12.0993,12.0403,26.6264,13.0137
1731,Polymaker Teal|Brown|Lime Green|Yellow,#4CC0C7|#55331A|#D5D701|#FFE800,23.8500,13.9277,12.5518,12.0999,12.0411,26.6362,13.0138
1732,Black|Dark Olive Drab|Cold White|Pink,#080A0D|#575B54|#D9DFE5|#F1A1AF,19.8787,13.3123,12.8761,12.7200,12.6939,27.4466,13.0162
1733,Blue|Green|Pink|Orange,#003776|#06924D|#F1A1AF|#F67405,27.7409,14.2768,12.7584,11.7562,10.8899,30.3719,13.0165
1734,Dark Grey|Grey|Cold White|Yellow,#485259|#8C9099|#D9DFE5|#FFE800,20.7303,13.6478,12.8712,12.3895,12.0433,22.7115,13.0186
1735,Blue|Dark Olive Drab|Olive Green|Cold White,#003776|#575B54|#948902|#D9DFE5,29.2908,14.1492,12.6052,11.8914,11.4600,25.6979,13.0203
1736,Blue|Brown|Grey|Red,#003776|#55331A|#8C9099|#E72F1D,21.5774,13.3633,12.7709,12.6824,12.7826,36.0499,13.0228
1737,Blue|Tan|Cold White|Orange,#003776|#A79E82|#D9DFE5|#F67405,22.1884,13.7887,12.8626,12.2645,11.8041,30.2625,13.0266
1738,Azure Blue|Dark Olive Drab|Tan|White,#0066D9|#575B54|#A79E82|#EBF7FF,16.5382,13.4929,12.9916,12.5659,12.1843,24.4182,13.0294
1739,Azure Blue|Dark Grey|Dark Olive Drab|Tan,#0066D9|#485259|#575B54|#A79E82,16.6838,13.5295,13.0079,12.5309,12.0629,24.9833,13.0302
1740,Dark Grey|Dark Olive Drab|Cold White|Yellow,#485259|#575B54|#D9DFE5|#FFE800,19.7798,13.6476,12.8919,12.4154,12.0752,23.0133,13.0315
1741,Dark Grey|Grey|Olive Green|Yellow,#485259|#8C9099|#948902|#FFE800,22.5894,13.7639,12.8631,12.3024,11.8515,23.5055,13.0331
1742,Black|Polymaker Teal|Brown|Yellow,#080A0D|#4CC0C7|#55331A|#FFE800,23.6260,13.7776,12.5581,12.2968,12.4060,26.4648,13.0372
1743,Black|Dark Grey|Grey|Olive Green,#080A0D|#485259|#8C9099|#948902,30.7874,14.0181,12.6632,12.0609,11.6855,31.1651,13.0395
1744,Azure Blue|Brown|Grey|Red,#0066D9|#55331A|#8C9099|#E72F1D,21.5315,13.3998,12.7935,12.6802,12.7570,36.1929,13.0400
1745,Blue|Green|Grey|Red,#003776|#06924D|#8C9099|#E72F1D,27.1999,14.2868,12.8162,11.8015,10.9016,33.8774,13.0441
1746,Dark Grey|Brown|Pink|Orange,#485259|#55331A|#F1A1AF|#F67405,19.9300,13.2221,12.8576,12.8717,13.0737,35.7384,13.0469
1747,Dark Olive Drab|Lime Green|White|Yellow,#575B54|#D5D701|#EBF7FF|#FFE800,19.2988,13.6499,12.9324,12.4454,12.0908,22.8036,13.0477
1748,Dark Grey|Polymaker Teal|Brown|Lime Green,#485259|#4CC0C7|#55331A|#D5D701,22.6504,13.5201,12.7322,12.5929,12.7689,29.2467,13.0565
1749,Green|Black|Olive Green|Cold White,#06924D|#080A0D|#948902|#D9DFE5,39.8349,14.8855,12.1501,11.2352,10.9663,28.7574,13.0603
1750,Azure Blue|Dark Olive Drab|Cold White|Yellow,#0066D9|#575B54|#D9DFE5|#FFE800,20.5527,13.8485,12.8958,12.2870,11.8717,24.9848,13.0678
1751,Green|Brown|Purple|Orange,#06924D|#55331A|#6C47B2|#F67405,27.0564,15.0971,12.3795,11.0417,10.5095,41.0885,13.0694
1752,Blue|Dark Grey|Brown|Lime Green,#003776|#485259|#55331A|#D5D701,23.5072,13.6150,12.7407,12.5371,12.6419,34.4942,13.0760
1753,Azure Blue|Polymaker Teal|Dark Olive Drab|Tan,#0066D9|#4CC0C7|#575B54|#A79E82,16.6857,13.6032,13.0581,12.5603,12.0715,25.6194,13.0818
1754,Azure Blue|Dark Olive Drab|Grey|Tan,#0066D9|#575B54|#8C9099|#A79E82,16.6718,13.6021,13.0603,12.5628,12.0733,25.6198,13.0825
1755,Black|Dark Grey|Olive Green|White,#080A0D|#485259|#948902|#EBF7FF,29.8179,13.9040,12.7435,12.2747,12.0181,23.7884,13.0893
1756,Blue|Green|Tan|Magenta,#003776|#06924D|#A79E82|#F24574,25.2826,14.2236,12.9271,11.9926,11.1870,29.4922,13.1081
1757,Brown|Grey|Pink|Magenta,#55331A|#8C9099|#F1A1AF|#F24574,20.6786,13.4583,12.9292,12.7714,12.7694,30.9356,13.1149
1758,Azure Blue|Green|Dark Olive Drab|Tan,#0066D9|#06924D|#575B54|#A79E82,16.7538,13.6479,13.1004,12.6016,12.1145,25.6254,13.1248
1759,Brown|Grey|Cold White|Magenta,#55331A|#8C9099|#D9DFE5|#F24574,22.1116,13.6287,12.8915,12.6456,12.6237,29.8201,13.1371
1760,Green|Dark Olive Drab|Purple|Pink,#06924D|#575B54|#6C47B2|#F1A1AF,21.5944,14.0114,12.9841,12.2669,11.6611,27.5155,13.1392
1761,Black|Purple|Tan|Yellow,#080A0D|#6C47B2|#A79E82|#FFE800,26.2363,14.1118,12.8767,12.1678,11.6263,31.5687,13.1398
1762,Blue|Azure Blue|Lime Green|Red,#003776|#0066D9|#D5D701|#E72F1D,28.3449,14.5022,12.8541,11.7829,10.9155,28.7785,13.1426
1763,Azure Blue|Black|Olive Green|Cold White,#0066D9|#080A0D|#948902|#D9DFE5,37.6853,14.4947,12.5523,11.7908,11.3824,27.2068,13.1428
1764,Brown|Grey|Red|Pink,#55331A|#8C9099|#E72F1D|#F1A1AF,20.8047,13.4997,12.9541,12.7905,12.7875,30.9910,13.1451
1765,Blue|Brown|Dark Olive Drab|Olive Green,#003776|#55331A|#575B54|#948902,26.1901,13.9942,12.7075,12.3080,12.3470,42.2846,13.1511
1766,Brown|Purple|Grey|Pink,#55331A|#6C47B2|#8C9099|#F1A1AF,20.7023,13.4872,12.9631,12.8219,12.8404,30.9506,13.1546
1767,Azure Blue|Dark Olive Drab|White|Yellow,#0066D9|#575B54|#EBF7FF|#FFE800,19.9287,13.8565,13.0157,12.4654,12.0801,25.0837,13.1610
1768,Blue|Black|Cold White|Yellow,#003776|#080A0D|#D9DFE5|#FFE800,29.8368,14.0242,12.7604,12.3078,12.1160,27.6241,13.1660
1769,Blue|Tan|Red|Orange,#003776|#A79E82|#E72F1D|#F67405,22.4678,14.0668,13.0581,12.2772,11.5643,31.3744,13.1720
1770,Dark Grey|Grey|Olive Green|Cold White,#485259|#8C9099|#948902|#D9DFE5,28.8887,14.1387,12.8611,12.2122,11.7658,24.0414,13.1755
1771,Blue|Purple|Olive Green|Cold White,#003776|#6C47B2|#948902|#D9DFE5,48.3563,15.2191,12.3527,11.1348,10.4937,33.1156,13.1770
1772,Blue|Tan|Magenta|Orange,#003776|#A79E82|#F24574|#F67405,22.4525,14.0728,13.0635,12.2826,11.5699,31.3791,13.1777
1773,Dark Grey|Brown|Grey|Red,#485259|#55331A|#8C9099|#E72F1D,21.0700,13.4382,12.9554,12.9281,13.0987,36.0742,13.1831
1774,Black|Dark Olive Drab|White|Pink,#080A0D|#575B54|#EBF7FF|#F1A1AF,20.0095,13.4493,13.0510,12.9226,12.9127,27.2514,13.1859
1775,Azure Blue|Polymaker Teal|Dark Olive Drab|Yellow,#0066D9|#4CC0C7|#575B54|#FFE800,20.7393,13.9958,13.0224,12.3809,11.9152,25.0009,13.1884
1776,Azure Blue|Brown|Grey|Pink,#0066D9|#55331A|#8C9099|#F1A1AF,20.7233,13.4750,12.9949,12.9077,12.9763,30.9082,13.1914
1777,Azure Blue|Green|Dark Olive Drab|Yellow,#0066D9|#06924D|#575B54|#FFE800,20.7451,14.0036,13.0300,12.3888,11.9227,24.9984,13.1962
1778,Green|Brown|Grey|Cold White,#06924D|#55331A|#8C9099|#D9DFE5,23.0276,13.8880,12.8732,12.5044,12.4312,31.6261,13.1962
1779,Blue|Brown|Grey|Pink,#003776|#55331A|#8C9099|#F1A1AF,20.7791,13.4554,12.9962,12.9392,13.0374,30.9014,13.1973
1780,Azure Blue|Black|Lime Green|Yellow,#0066D9|#080A0D|#D5D701|#FFE800,30.7504,14.3438,12.7518,12.0540,11.7385,26.8055,13.1989
1781,Dark Grey|Polymaker Teal|Brown|Cold White,#485259|#4CC0C7|#55331A|#D9DFE5,24.1648,13.8252,12.7820,12.5747,12.6689,31.8336,13.2000
1782,Black|Grey|Lime Green|Cold White,#080A0D|#8C9099|#D5D701|#D9DFE5,27.7553,13.8222,12.9216,12.5893,12.4429,21.5063,13.2057
1783,Dark Grey|Brown|Grey|Pink,#485259|#55331A|#8C9099|#F1A1AF,20.1378,13.3687,13.0222,13.0558,13.2596,31.0309,13.2123
1784,Blue|Green|Purple|Magenta,#003776|#06924D|#6C47B2|#F24574,33.7891,14.8899,12.8441,11.5379,10.4521,35.1266,13.2139
1785,Blue|Green|Magenta|Orange,#003776|#06924D|#F24574|#F67405,30.1420,14.7418,12.9163,11.6944,10.6559,41.5557,13.2181
1786,Blue|Green|Orange|Yellow,#003776|#06924D|#F67405|#FFE800,29.8744,14.6693,12.9101,11.7726,10.7824,36.7921,13.2210
1787,Black|Dark Olive Drab|Cold White|Magenta,#080A0D|#575B54|#D9DFE5|#F24574,22.0565,13.6977,12.9541,12.7498,12.7773,29.1633,13.2237
1788,Azure Blue|Dark Olive Drab|Tan|Lime Green,#0066D9|#575B54|#A79E82|#D5D701,18.0365,13.8370,13.1736,12.6479,12.1851,24.9575,13.2425
1789,Green|Dark Grey|Grey|Yellow,#06924D|#485259|#8C9099|#FFE800,21.0049,13.9103,13.1088,12.5755,12.1376,23.3681,13.2429
1790,Dark Olive Drab|Purple|Olive Green|White,#575B54|#6C47B2|#948902|#EBF7FF,30.4500,14.6664,12.8125,11.8212,11.1773,30.5841,13.2438
1791,Dark Grey|Polymaker Teal|Grey|Yellow,#485259|#4CC0C7|#8C9099|#FFE800,20.9976,13.9060,13.1109,12.5931,12.1886,23.0718,13.2495
1792,Dark Grey|Tan|Lime Green|Cold White,#485259|#A79E82|#D5D701|#D9DFE5,19.1639,13.8025,13.1682,12.7196,12.3533,23.0833,13.2610
1793,Blue|Green|Olive Green|Orange,#003776|#06924D|#948902|#F67405,30.6936,14.8013,12.9213,11.7294,10.7597,40.5837,13.2654
1794,Blue|Dark Olive Drab|Olive Green|White,#003776|#575B54|#948902|#EBF7FF,27.3870,14.1839,12.9895,12.3586,11.9197,24.6754,13.2712
1795,Dark Grey|Purple|Olive Green|Tan,#485259|#6C47B2|#948902|#A79E82,34.1275,14.8241,12.8205,11.7473,10.9775,30.8695,13.2857
1796,Blue|Grey|Lime Green|Red,#003776|#8C9099|#D5D701|#E72F1D,25.5854,14.3957,13.1085,12.1762,11.3318,30.1509,13.2859
1797,Dark Grey|Grey|Lime Green|Yellow,#485259|#8C9099|#D5D701|#FFE800,21.0305,13.9496,13.1534,12.6263,12.1926,23.3679,13.2879
1798,Blue|Dark Olive Drab|Tan|Cold White,#003776|#575B54|#A79E82|#D9DFE5,17.8633,13.7787,13.2306,12.7976,12.4254,24.3379,13.2881
1799,Blue|Tan|Pink|Orange,#003776|#A79E82|#F1A1AF|#F67405,22.4190,14.1341,13.1644,12.4460,11.8000,31.1777,13.2901
1800,Blue|Olive Green|Tan|Cold White,#003776|#948902|#A79E82|#D9DFE5,31.4028,14.4133,12.9924,12.1832,11.5791,28.6362,13.2982
1801,Dark Olive Drab|Grey|Olive Green|White,#575B54|#8C9099|#948902|#EBF7FF,23.9940,14.0693,13.0989,12.5294,12.1078,23.9503,13.2993
1802,Blue|Polymaker Teal|Olive Green|Orange,#003776|#4CC0C7|#948902|#F67405,30.1945,14.4415,12.9942,12.1647,11.5213,28.3478,13.3031
1803,Green|Dark Olive Drab|Grey|Olive Green,#06924D|#575B54|#8C9099|#948902,25.3886,14.1993,13.0658,12.4079,11.9115,31.1374,13.3036
1804,Blue|Black|Cold White|Orange,#003776|#080A0D|#D9DFE5|#F67405,28.4547,14.0933,12.9197,12.5229,12.3811,24.9100,13.3081
1805,Black|Purple|Tan|Lime Green,#080A0D|#6C47B2|#A79E82|#D5D701,26.0128,14.2289,13.0590,12.3984,11.8888,30.5398,13.3136
1806,Black|Polymaker Teal|Dark Olive Drab|Pink,#080A0D|#4CC0C7|#575B54|#F1A1AF,20.0541,13.5821,13.1722,13.0454,13.0448,27.5475,13.3138
1807,Polymaker Teal|Brown|Purple|Yellow,#4CC0C7|#55331A|#6C47B2|#FFE800,24.6683,14.3774,12.8379,12.2561,12.0278,28.2720,13.3167
1808,Green|Dark Grey|Brown|Lime Green,#06924D|#485259|#55331A|#D5D701,23.1812,13.8072,12.9996,12.8265,12.9479,41.2492,13.3169
1809,Black|Dark Olive Drab|Lime Green|Cold White,#080A0D|#575B54|#D5D701|#D9DFE5,21.4715,13.7738,13.1421,12.8675,12.7298,21.6781,13.3206
1810,Black|Dark Grey|Brown|Lime Green,#080A0D|#485259|#55331A|#D5D701,22.9562,13.6891,12.9916,12.9537,13.1687,41.2624,13.3214
1811,Dark Grey|Dark Olive Drab|Grey|Olive Green,#485259|#575B54|#8C9099|#948902,25.9660,14.2329,13.0651,12.4112,11.9233,31.0981,13.3220
1812,Dark Grey|Brown|Olive Green|Lime Green,#485259|#55331A|#948902|#D5D701,23.2097,13.8237,13.0082,12.8219,12.9338,41.2554,13.3228
1813,Dark Grey|Purple|Grey|Olive Green,#485259|#6C47B2|#8C9099|#948902,41.1908,15.2311,12.6717,11.4193,10.6271,33.3399,13.3252
1814,Polymaker Teal|Dark Olive Drab|Grey|Olive Green,#4CC0C7|#575B54|#8C9099|#948902,25.4215,14.2062,13.0819,12.4472,11.9931,31.0852,13.3267
1815,Dark Grey|Dark Olive Drab|Olive Green|White,#485259|#575B54|#948902|#EBF7FF,24.6336,14.1146,13.1062,12.5398,12.1343,23.5195,13.3272
1816,Dark Grey|Polymaker Teal|Olive Green|Cold White,#485259|#4CC0C7|#948902|#D9DFE5,30.6431,14.4489,12.9166,12.2063,11.7803,24.5861,13.3276
1817,Blue|Green|Polymaker Teal|Magenta,#003776|#06924D|#4CC0C7|#F24574,31.6981,14.6392,12.9774,12.0163,11.2711,30.4796,13.3278
1818,Blue|Dark Grey|Olive Green|Cold White,#003776|#485259|#948902|#D9DFE5,33.3633,14.5717,12.8607,12.0976,11.6503,26.0746,13.3347
1819,Dark Grey|Tan|Lime Green|White,#485259|#A79E82|#D5D701|#EBF7FF,19.1832,13.8721,13.2555,12.8209,12.4699,23.1903,13.3465
1820,Azure Blue|Dark Grey|Olive Green|Tan,#0066D9|#485259|#948902|#A79E82,22.7439,14.1653,13.2130,12.5320,11.9052,26.0652,13.3487
1821,Blue|Dark Olive Drab|Grey|Olive Green,#003776|#575B54|#8C9099|#948902,28.0241,14.3522,13.0435,12.3453,11.8388,31.2282,13.3487
1822,Blue|Dark Grey|Dark Olive Drab|Tan,#003776|#485259|#575B54|#A79E82,17.7833,13.8836,13.3160,12.8149,12.3327,25.1284,13.3493
1823,Green|Dark Grey|Olive Green|Cold White,#06924D|#485259|#948902|#D9DFE5,30.4780,14.4608,12.9268,12.2387,11.8403,24.6289,13.3497
1824,Blue|Tan|Magenta|Yellow,#003776|#A79E82|#F24574|#FFE800,24.3685,14.3971,13.2008,12.3024,11.4809,29.9667,13.3498
1825,Blue|Dark Olive Drab|Tan|White,#003776|#575B54|#A79E82|#EBF7FF,17.8183,13.8305,13.2996,12.8753,12.5053,24.3388,13.3529
1826,Dark Grey|Olive Green|Cold White|Yellow,#485259|#948902|#D9DFE5|#FFE800,22.8698,14.0975,13.1575,12.6134,12.2386,23.2180,13.3554
1827,Dark Olive Drab|Olive Green|Cold White|White,#575B54|#948902|#D9DFE5|#EBF7FF,23.9500,14.1329,13.1676,12.6026,12.1854,23.9212,13.3677
1828,Polymaker Teal|Dark Olive Drab|Olive Green|White,#4CC0C7|#575B54|#948902|#EBF7FF,23.9508,14.1357,13.1697,12.6045,12.1881,23.9194,13.3701
1829,Black|Brown|Dark Olive Drab|Olive Green,#080A0D|#55331A|#575B54|#948902,23.0789,13.8250,13.0253,12.9240,13.0975,43.5148,13.3745
1830,Purple|Olive Green|Cold White|Magenta,#6C47B2|#948902|#D9DFE5|#F24574,47.1208,15.5886,12.5804,11.1657,10.3508,37.4609,13.3771
1831,Blue|Polymaker Teal|Dark Olive Drab|Tan,#003776|#4CC0C7|#575B54|#A79E82,17.9990,13.9377,13.3567,12.8500,12.3637,25.4307,13.3939
1832,Blue|Dark Olive Drab|Grey|Tan,#003776|#575B54|#8C9099|#A79E82,17.9707,13.9361,13.3611,12.8619,12.3805,25.4513,13.3990
1833,Black|Dark Olive Drab|Grey|Lime Green,#080A0D|#575B54|#8C9099|#D5D701,21.7178,13.8288,13.2482,12.9911,12.8445,23.4549,13.4099
1834,Black|Dark Grey|Pink|Orange,#080A0D|#485259|#F1A1AF|#F67405,21.5127,13.6436,13.2172,13.1901,13.3390,35.8026,13.4169
1835,Azure Blue|Dark Olive Drab|Olive Green|Cold White,#0066D9|#575B54|#948902|#D9DFE5,27.5592,14.5121,13.0726,12.3224,11.8130,26.7545,13.4173
1836,Black|Brown|Dark Olive Drab|Red,#080A0D|#55331A|#575B54|#E72F1D,21.2297,13.6606,13.1708,13.1775,13.4140,56.9420,13.4190
1837,Dark Olive Drab|Purple|Olive Green|Tan,#575B54|#6C47B2|#948902|#A79E82,32.3653,14.9115,12.9813,11.9284,11.1560,32.1795,13.4199
1838,Blue|Polymaker Teal|Olive Green|Tan,#003776|#4CC0C7|#948902|#A79E82,31.4723,14.5738,13.1354,12.2683,11.5585,28.7366,13.4211
1839,Blue|Green|Brown|Red,#003776|#06924D|#55331A|#E72F1D,27.3889,14.5488,12.8736,12.3019,12.2342,40.2852,13.4253
1840,Dark Grey|Brown|Dark Olive Drab|Olive Green,#485259|#55331A|#575B54|#948902,25.4322,14.1478,13.0220,12.7069,12.7975,42.6290,13.4273
1841,Dark Olive Drab|Purple|Grey|Olive Green,#575B54|#6C47B2|#8C9099|#948902,33.0511,14.9890,12.9549,11.8685,11.1197,32.8156,13.4287
1842,Blue|Green|Dark Olive Drab|Tan,#003776|#06924D|#575B54|#A79E82,18.0706,13.9832,13.3983,12.8872,12.3991,25.4975,13.4352
1843,Blue|Azure Blue|Dark Olive Drab|Tan,#003776|#0066D9|#575B54|#A79E82,17.9597,13.9756,13.3990,12.9014,12.4232,25.4971,13.4385
1844,Blue|Green|Red|Orange,#003776|#06924D|#E72F1D|#F67405,30.1583,14.9446,13.1103,11.9325,10.9618,40.6261,13.4386
1845,Blue|Green|Olive Green|Tan,#003776|#06924D|#948902|#A79E82,31.1567,14.5875,13.1702,12.2989,11.5794,28.8017,13.4432
1846,Blue|Grey|Olive Green|Tan,#003776|#8C9099|#948902|#A79E82,31.4781,14.5971,13.1724,12.2998,11.5746,28.9047,13.4485
1847,Green|Dark Olive Drab|Olive Green|White,#06924D|#575B54|#948902|#EBF7FF,23.9724,14.2047,13.2498,12.6962,12.2884,23.9384,13.4505
1848,Blue|Brown|Purple|Lime Green,#003776|#55331A|#6C47B2|#D5D701,26.7810,14.5892,12.9644,12.3135,12.1197,33.6769,13.4514
1849,Blue|Dark Grey|Tan|Yellow,#003776|#485259|#A79E82|#FFE800,21.6452,14.2234,13.3496,12.6838,12.0721,27.1279,13.4536
1850,Dark Grey|Polymaker Teal|Brown|Olive Green,#485259|#4CC0C7|#55331A|#948902,26.6007,14.4401,12.9226,12.4804,12.5638,33.2817,13.4603
1851,Polymaker Teal|Brown|Dark Olive Drab|Cold White,#4CC0C7|#55331A|#575B54|#D9DFE5,21.9319,13.8988,13.2068,13.0238,13.0625,30.3274,13.4613
1852,Blue|Dark Olive Drab|Grey|Yellow,#003776|#575B54|#8C9099|#FFE800,21.0830,14.1441,13.3266,12.7796,12.3296,25.8297,13.4618
1853,Blue|Green|Lime Green|Orange,#003776|#06924D|#D5D701|#F67405,30.0402,14.9160,13.1771,12.0142,11.0100,41.3048,13.4651
1854,Green|Black|Grey|Lime Green,#06924D|#080A0D|#8C9099|#D5D701,28.0341,14.1103,13.1917,12.8247,12.6271,23.5988,13.4675
1855,Dark Grey|Olive Green|White|Yellow,#485259|#948902|#EBF7FF|#FFE800,24.4923,14.2857,13.2610,12.6530,12.2310,23.7700,13.4693
1856,Black|Polymaker Teal|Grey|Lime Green,#080A0D|#4CC0C7|#8C9099|#D5D701,28.0318,14.1110,13.1952,12.8349,12.6517,23.5239,13.4730
1857,Azure Blue|Green|Brown|Cold White,#0066D9|#06924D|#55331A|#D9DFE5,26.1709,14.5756,12.8767,12.3736,12.4246,35.2041,13.4746
1858,Blue|Tan|Cold White|Red,#003776|#A79E82|#D9DFE5|#E72F1D,22.6261,14.2487,13.3297,12.7063,12.2115,30.5710,13.4775
1859,Blue|Lime Green|Pink|Magenta,#003776|#D5D701|#F1A1AF|#F24574,29.0239,14.8060,13.2037,12.1634,11.3655,31.3203,13.4847
1860,Dark Olive Drab|Cold White|Pink|Magenta,#575B54|#D9DFE5|#F1A1AF|#F24574,19.8267,14.0375,13.3681,12.9456,12.6514,28.1103,13.4915
1861,Brown|Dark Olive Drab|Grey|Cold White,#55331A|#575B54|#8C9099|#D9DFE5,21.5462,13.9603,13.2246,13.0277,13.1170,32.7744,13.4940
1862,Dark Grey|Polymaker Teal|Tan|Lime Green,#485259|#4CC0C7|#A79E82|#D5D701,19.3879,14.0770,13.4194,12.9115,12.4550,24.5449,13.4942
1863,Blue|Purple|Tan|Orange,#003776|#6C47B2|#A79E82|#F67405,22.6798,14.3835,13.3894,12.6205,11.9153,31.5029,13.5020
1864,Dark Grey|Grey|Tan|Lime Green,#485259|#8C9099|#A79E82|#D5D701,19.4042,14.0941,13.4322,12.9137,12.4309,24.8669,13.5039
1865,Blue|Purple|Orange|Yellow,#003776|#6C47B2|#F67405|#FFE800,29.6350,14.8803,13.2278,12.1318,11.1770,37.1951,13.5061
1866,Black|Brown|Grey|Cold White,#080A0D|#55331A|#8C9099|#D9DFE5,22.1340,13.9538,13.1787,13.0747,13.2618,32.8416,13.5143
1867,Green|Dark Grey|Tan|Lime Green,#06924D|#485259|#A79E82|#D5D701,19.4047,14.1106,13.4466,12.9200,12.4266,25.9811,13.5153
1868,Dark Grey|Polymaker Teal|Tan|Cold White,#485259|#4CC0C7|#A79E82|#D9DFE5,18.2905,14.0233,13.4710,13.0133,12.5958,23.9531,13.5183
1869,Brown|Dark Olive Drab|Red|Magenta,#55331A|#575B54|#E72F1D|#F24574,21.4667,13.9302,13.3039,13.1145,13.1597,56.9319,13.5223
1870,Dark Grey|Grey|Tan|Cold White,#485259|#8C9099|#A79E82|#D9DFE5,18.2794,14.0259,13.4777,13.0254,12.6110,23.9600,13.5257
1871,Dark Grey|Brown|Dark Olive Drab|Red,#485259|#55331A|#575B54|#E72F1D,21.4492,13.8665,13.2932,13.1919,13.3359,56.9186,13.5292
1872,Black|Dark Olive Drab|Lime Green|White,#080A0D|#575B54|#D5D701|#EBF7FF,23.4586,13.9928,13.3365,13.0704,12.9565,21.8610,13.5316
1873,Black|Dark Olive Drab|Pink|Magenta,#080A0D|#575B54|#F1A1AF|#F24574,20.7492,13.8578,13.3630,13.2230,13.2535,33.0905,13.5404
1874,Black|Dark Grey|Brown|Orange,#080A0D|#485259|#55331A|#F67405,20.9194,13.7214,13.3426,13.3711,13.5705,50.4240,13.5463
1875,Azure Blue|Dark Olive Drab|Lime Green|Yellow,#0066D9|#575B54|#D5D701|#FFE800,20.9127,14.3134,13.3879,12.7843,12.3419,25.0002,13.5489
1876,Dark Grey|Brown|Purple|Orange,#485259|#55331A|#6C47B2|#F67405,21.1690,13.8456,13.3488,13.2585,13.3724,50.4391,13.5521
1877,Dark Grey|Brown|Red|Orange,#485259|#55331A|#E72F1D|#F67405,21.1690,13.8456,13.3488,13.2586,13.3725,50.4391,13.5521
1878,Dark Grey|Brown|Magenta|Orange,#485259|#55331A|#F24574|#F67405,21.1695,13.8465,13.3499,13.2597,13.3736,50.4391,13.5531
1879,Blue|Purple|Olive Green|Tan,#003776|#6C47B2|#948902|#A79E82,37.5982,15.1494,13.0608,11.9707,11.1688,31.7760,13.5600
1880,Blue|Dark Olive Drab|White|Yellow,#003776|#575B54|#EBF7FF|#FFE800,21.4305,14.2655,13.4181,12.8581,12.4552,25.5714,13.5618
1881,Green|Dark Grey|Tan|Cold White,#06924D|#485259|#A79E82|#D9DFE5,18.3622,14.0692,13.5133,13.0550,12.6398,24.0504,13.5621
1882,Blue|Tan|Red|Magenta,#003776|#A79E82|#E72F1D|#F24574,22.8009,14.4404,13.4602,12.6950,12.0033,30.9506,13.5677
1883,Green|Dark Olive Drab|White|Pink,#06924D|#575B54|#EBF7FF|#F1A1AF,20.7934,14.2441,13.4292,12.8981,12.4915,25.6833,13.5711
1884,Dark Grey|Brown|Cold White|Magenta,#485259|#55331A|#D9DFE5|#F24574,23.5980,14.1514,13.2435,13.0182,13.0764,28.3588,13.5848
1885,Green|Dark Grey|Cold White|Yellow,#06924D|#485259|#D9DFE5|#FFE800,21.8583,14.2545,13.4138,12.9157,12.5697,23.4889,13.5851
1886,Dark Grey|Lime Green|Cold White|Yellow,#485259|#D5D701|#D9DFE5|#FFE800,21.8640,14.2590,13.4131,12.9152,12.5721,23.5696,13.5871
1887,Black|Dark Olive Drab|Grey|Pink,#080A0D|#575B54|#8C9099|#F1A1AF,20.0822,13.8477,13.4595,13.3352,13.3204,30.6482,13.5914
1888,Blue|Brown|Olive Green|Lime Green,#003776|#55331A|#948902|#D5D701,26.9026,14.6745,13.1171,12.5116,12.3643,34.6743,13.5930
1889,Blue|Dark Olive Drab|Cold White|Yellow,#003776|#575B54|#D9DFE5|#FFE800,21.5026,14.2759,13.4370,12.9225,12.5633,25.8200,13.5992
1890,Black|Dark Olive Drab|Purple|Red,#080A0D|#575B54|#6C47B2|#E72F1D,22.3600,14.0731,13.3670,13.1387,13.1798,56.8807,13.6059
1891,Blue|Black|Dark Olive Drab|Red,#003776|#080A0D|#575B54|#E72F1D,22.3599,14.0731,13.3671,13.1388,13.1799,56.8807,13.6060
1892,Brown|Dark Olive Drab|Purple|Olive Green,#55331A|#575B54|#6C47B2|#948902,23.6289,14.3171,13.2968,12.8979,12.7899,43.5026,13.6075
1893,Black|Dark Olive Drab|Red|Magenta,#080A0D|#575B54|#E72F1D|#F24574,22.3610,14.0761,13.3699,13.1407,13.1807,56.8807,13.6084
1894,Blue|Dark Grey|Brown|Orange,#003776|#485259|#55331A|#F67405,21.2279,13.8851,13.4043,13.3335,13.4597,50.4391,13.6093
1895,Blue|Dark Olive Drab|Tan|Lime Green,#003776|#575B54|#A79E82|#D5D701,20.2036,14.2757,13.5257,12.9517,12.4318,27.2846,13.6137
1896,Dark Grey|Polymaker Teal|Grey|Tan,#485259|#4CC0C7|#8C9099|#A79E82,18.2062,14.1504,13.5913,13.0778,12.5515,25.1181,13.6141
1897,Blue|Green|Brown|Lime Green,#003776|#06924D|#55331A|#D5D701,26.9144,14.6715,13.1175,12.5585,12.4742,34.6785,13.6150
1898,Polymaker Teal|Brown|Grey|Cold White,#4CC0C7|#55331A|#8C9099|#D9DFE5,22.3043,14.1378,13.3132,13.0942,13.1587,32.4651,13.6160
1899,Dark Grey|Brown|Grey|Cold White,#485259|#55331A|#8C9099|#D9DFE5,22.0358,14.0829,13.3127,13.1609,13.3045,32.8457,13.6219
1900,Dark Grey|Polymaker Teal|Tan|White,#485259|#4CC0C7|#A79E82|#EBF7FF,18.1223,14.0982,13.5855,13.1546,12.7547,24.0520,13.6264
1901,Dark Grey|Tan|Cold White|White,#485259|#A79E82|#D9DFE5|#EBF7FF,18.1210,14.0973,13.5858,13.1563,12.7572,24.0520,13.6268
1902,Green|Dark Grey|Polymaker Teal|Tan,#06924D|#485259|#4CC0C7|#A79E82,18.2727,14.1768,13.6090,13.0864,12.5541,25.1214,13.6316
1903,Blue|Brown|Dark Olive Drab|Red,#003776|#55331A|#575B54|#E72F1D,21.6514,13.9657,13.3900,13.3029,13.4413,56.9312,13.6343
1904,Dark Olive Drab|White|Pink|Magenta,#575B54|#EBF7FF|#F1A1AF|#F24574,19.9934,14.1816,13.5219,13.1008,12.8073,28.2030,13.6412
1905,Dark Grey|Grey|Tan|White,#485259|#8C9099|#A79E82|#EBF7FF,18.1127,14.1086,13.6015,13.1760,12.7807,24.0520,13.6423
1906,Blue|Black|Grey|Lime Green,#003776|#080A0D|#8C9099|#D5D701,28.1641,14.2975,13.3674,12.9881,12.7863,23.8161,13.6428
1907,Polymaker Teal|Brown|Dark Olive Drab|Magenta,#4CC0C7|#55331A|#575B54|#F24574,21.7680,14.0434,13.3892,13.2443,13.3601,32.4621,13.6438
1908,Green|Dark Grey|Grey|Tan,#06924D|#485259|#8C9099|#A79E82,18.2599,14.1844,13.6223,13.1061,12.5793,25.1447,13.6453
1909,Black|Dark Grey|Dark Olive Drab|Red,#080A0D|#485259|#575B54|#E72F1D,22.3568,14.1084,13.4105,13.1867,13.2214,56.8807,13.6476
1910,Green|Black|Magenta|Yellow,#06924D|#080A0D|#F24574|#FFE800,33.1798,14.6819,13.0712,12.6148,12.6211,37.0683,13.6483
1911,Blue|Black|Dark Olive Drab|Pink,#003776|#080A0D|#575B54|#F1A1AF,20.3328,13.9495,13.5245,13.3502,13.2917,33.0217,13.6498
1912,Blue|Black|Dark Olive Drab|Yellow,#003776|#080A0D|#575B54|#FFE800,22.1109,14.1061,13.4795,13.1971,13.0452,31.3386,13.6516
1913,Black|Dark Olive Drab|Purple|Pink,#080A0D|#575B54|#6C47B2|#F1A1AF,20.3346,13.9516,13.5270,13.3529,13.2948,33.0217,13.6523
1914,Azure Blue|Black|Dark Olive Drab|Pink,#0066D9|#080A0D|#575B54|#F1A1AF,20.3346,13.9528,13.5279,13.3531,13.2943,33.0217,13.6530
1915,Brown|Purple|Grey|Cold White,#55331A|#6C47B2|#8C9099|#D9DFE5,22.2818,14.2117,13.3751,13.1079,13.0928,32.7960,13.6598
1916,Blue|Grey|Olive Green|Cold White,#003776|#8C9099|#948902|#D9DFE5,38.6982,14.9923,13.2219,12.3360,11.7446,28.6132,13.6641
1917,Blue|Azure Blue|Lime Green|Magenta,#003776|#0066D9|#D5D701|#F24574,29.7270,14.9387,13.3344,12.3937,11.7236,30.6423,13.6662
1918,Dark Grey|Polymaker Teal|Cold White|Yellow,#485259|#4CC0C7|#D9DFE5|#FFE800,21.8936,14.3337,13.5008,13.0057,12.6598,23.5952,13.6697
1919,Blue|Brown|Grey|Cold White,#003776|#55331A|#8C9099|#D9DFE5,22.3471,14.1640,13.3692,13.1823,13.2511,32.7973,13.6731
1920,Blue|Purple|Tan|Red,#003776|#6C47B2|#A79E82|#E72F1D,22.8741,14.5459,13.5667,12.8023,12.1113,30.9548,13.6741
1921,Black|Dark Grey|Purple|Orange,#080A0D|#485259|#6C47B2|#F67405,22.1833,14.0309,13.4716,13.3222,13.3560,50.3922,13.6765
1922,Black|Dark Grey|Magenta|Orange,#080A0D|#485259|#F24574|#F67405,22.1833,14.0309,13.4716,13.3222,13.3560,50.3922,13.6765
1923,Blue|Black|Dark Grey|Orange,#003776|#080A0D|#485259|#F67405,22.1837,14.0314,13.4717,13.3220,13.3558,50.3922,13.6767
1924,Dark Olive Drab|Olive Green|Lime Green|Cold White,#575B54|#948902|#D5D701|#D9DFE5,21.2384,14.3427,13.5078,13.0132,12.6720,22.8029,13.6780
1925,Green|Dark Grey|Tan|White,#06924D|#485259|#A79E82|#EBF7FF,18.2076,14.1517,13.6358,13.2046,12.8058,24.1288,13.6782
1926,Blue|Polymaker Teal|Olive Green|Red,#003776|#4CC0C7|#948902|#E72F1D,32.9341,15.0280,13.3589,12.3289,11.4500,30.7820,13.6784
1927,Azure Blue|Dark Olive Drab|Olive Green|White,#0066D9|#575B54|#948902|#EBF7FF,25.8517,14.5724,13.4479,12.7887,12.2853,26.2325,13.6805
1928,Black|Dark Grey|Red|Orange,#080A0D|#485259|#E72F1D|#F67405,22.1861,14.0360,13.4763,13.3263,13.3596,50.3922,13.6812
1929,Black|Dark Grey|Dark Olive Drab|Pink,#080A0D|#485259|#575B54|#F1A1AF,20.3175,13.9829,13.5651,13.3873,13.3194,33.0213,13.6851
1930,Blue|Lime Green|Red|White,#003776|#D5D701|#E72F1D|#EBF7FF,28.1226,14.9011,13.4136,12.4835,11.8283,32.6227,13.6923
1931,Blue|Dark Grey|Brown|Olive Green,#003776|#485259|#55331A|#948902,28.7962,14.6661,13.1738,12.7229,12.7792,42.4215,13.6945
1932,Black|Dark Olive Drab|White|Magenta,#080A0D|#575B54|#EBF7FF|#F24574,22.1049,14.1076,13.4711,13.2906,13.3144,29.5862,13.6991
1933,Azure Blue|Dark Grey|Olive Green|Cold White,#0066D9|#485259|#948902|#D9DFE5,32.1665,14.8964,13.2883,12.5047,11.9799,26.7459,13.7006
1934,Blue|Green|White|Orange,#003776|#06924D|#EBF7FF|#F67405,27.2293,14.7767,13.4356,12.6416,12.0511,30.4763,13.7091
1935,Black|Olive Green|Lime Green|Cold White,#080A0D|#948902|#D5D701|#D9DFE5,34.7034,14.7998,13.1535,12.6205,12.4198,25.1480,13.7101
1936,Dark Grey|Polymaker Teal|Brown|Red,#485259|#4CC0C7|#55331A|#E72F1D,22.4186,14.1586,13.4452,13.2979,13.4016,28.8270,13.7283
1937,Dark Olive Drab|Grey|Olive Green|Lime Green,#575B54|#8C9099|#948902|#D5D701,21.3621,14.3757,13.5964,13.1070,12.7259,24.4475,13.7414
1938,Blue|Green|Purple|Red,#003776|#06924D|#6C47B2|#E72F1D,33.1023,15.5058,13.3744,11.9792,10.8423,40.5008,13.7425
1939,Azure Blue|Dark Olive Drab|Grey|Olive Green,#0066D9|#575B54|#8C9099|#948902,27.5315,14.7798,13.4824,12.7166,12.1066,34.1270,13.7482
1940,Blue|Purple|Grey|Olive Green,#003776|#6C47B2|#8C9099|#948902,44.0889,15.6423,13.1037,11.8755,11.0747,33.2852,13.7589
1941,Blue|Azure Blue|Dark Olive Drab|Yellow,#003776|#0066D9|#575B54|#FFE800,22.6780,14.5781,13.5708,12.9410,12.4849,26.2942,13.7596
1942,Blue|Dark Grey|Grey|Olive Green,#003776|#485259|#8C9099|#948902,32.3891,14.8878,13.4332,12.6592,12.0878,31.3620,13.7735
1943,Brown|Olive Green|Pink|Orange,#55331A|#948902|#F1A1AF|#F67405,22.9008,14.5715,13.4560,12.9772,12.8117,33.5715,13.7744
1944,Brown|Dark Olive Drab|Grey|Magenta,#55331A|#575B54|#8C9099|#F24574,21.1325,14.0973,13.5565,13.4527,13.5788,37.0137,13.7750
1945,Blue|Azure Blue|Tan|Red,#003776|#0066D9|#A79E82|#E72F1D,22.8051,14.6295,13.6674,12.9205,12.2398,31.0482,13.7750
1946,Dark Olive Drab|Purple|Cold White|Magenta,#575B54|#6C47B2|#D9DFE5|#F24574,21.9908,14.4301,13.5593,13.1201,12.8831,29.4260,13.7751
1947,Polymaker Teal|Dark Olive Drab|Pink|Magenta,#4CC0C7|#575B54|#F1A1AF|#F24574,20.0397,14.3200,13.6612,13.2380,12.9294,28.3054,13.7790
1948,Blue|Olive Green|Red|Magenta,#003776|#948902|#E72F1D|#F24574,40.0297,16.1246,13.2140,11.4400,10.2220,61.6907,13.7823
1949,Black|Olive Green|Lime Green|White,#080A0D|#948902|#D5D701|#EBF7FF,32.3901,14.6242,13.3772,12.9440,12.7898,23.7608,13.7841
1950,Blue|Tan|White|Orange,#003776|#A79E82|#EBF7FF|#F67405,22.6710,14.5203,13.6320,13.0505,12.5924,32.6767,13.7854
1951,Black|Dark Grey|Brown|Olive Green,#080A0D|#485259|#55331A|#948902,27.8882,14.6334,13.2514,12.9397,13.1241,42.6286,13.7866
1952,Blue|Polymaker Teal|Brown|Lime Green,#003776|#4CC0C7|#55331A|#D5D701,25.8421,14.6170,13.3188,12.9637,13.0117,29.2932,13.7904
1953,Azure Blue|Black|Dark Olive Drab|Red,#0066D9|#080A0D|#575B54|#E72F1D,22.4065,14.2192,13.5480,13.3752,13.4825,56.2167,13.7972
1954,Polymaker Teal|Brown|Cold White|Magenta,#4CC0C7|#55331A|#D9DFE5|#F24574,25.1114,14.5853,13.3760,13.0222,12.9435,30.4373,13.8038
1955,Dark Grey|Dark Olive Drab|Cold White|Magenta,#485259|#575B54|#D9DFE5|#F24574,21.9527,14.4241,13.5968,13.2069,13.0119,29.2630,13.8155
1956,Azure Blue|Dark Olive Drab|Cold White|Magenta,#0066D9|#575B54|#D9DFE5|#F24574,22.0051,14.4602,13.5994,13.1720,12.9410,29.4646,13.8161
1957,Azure Blue|Dark Grey|Tan|Cold White,#0066D9|#485259|#A79E82|#D9DFE5,18.3459,14.3047,13.7724,13.3340,12.9325,24.5992,13.8193
1958,Green|Dark Grey|Grey|Olive Green,#06924D|#485259|#8C9099|#948902,29.2622,14.8193,13.5445,12.8300,12.2691,31.2538,13.8246
1959,Blue|Black|Brown|Lime Green,#003776|#080A0D|#55331A|#D5D701,26.2558,14.6901,13.3641,12.9603,12.9108,34.6364,13.8252
1960,Brown|Dark Olive Drab|Purple|Red,#55331A|#575B54|#6C47B2|#E72F1D,21.6942,14.1981,13.5975,13.4634,13.5292,56.9462,13.8308
1961,Blue|Grey|Lime Green|Orange,#003776|#8C9099|#D5D701|#F67405,24.5637,14.8488,13.6810,12.8127,12.0187,29.2714,13.8308
1962,Blue|Dark Olive Drab|Cold White|Magenta,#003776|#575B54|#D9DFE5|#F24574,22.0732,14.4567,13.6108,13.2085,13.0061,29.3258,13.8326
1963,Dark Grey|Brown|Purple|Olive Green,#485259|#55331A|#6C47B2|#948902,28.0780,14.7876,13.3322,12.8789,12.9415,42.5332,13.8332
1964,Blue|Azure Blue|Green|Red,#003776|#0066D9|#06924D|#E72F1D,30.7591,15.2302,13.5120,12.4466,11.5750,36.1948,13.8384
1965,Azure Blue|Dark Grey|Tan|Lime Green,#0066D9|#485259|#A79E82|#D5D701,19.8183,14.4583,13.7587,13.2217,12.7436,24.5419,13.8400
1966,Azure Blue|Brown|Dark Olive Drab|Red,#0066D9|#55331A|#575B54|#E72F1D,21.6529,14.1593,13.5959,13.5257,13.6944,56.2771,13.8425
1967,Azure Blue|Dark Grey|Tan|Yellow,#0066D9|#485259|#A79E82|#FFE800,21.4147,14.6013,13.7100,13.0905,12.5749,26.9735,13.8459
1968,Dark Grey|Polymaker Teal|Grey|Olive Green,#485259|#4CC0C7|#8C9099|#948902,29.2912,14.8232,13.5604,12.8696,12.3540,31.1600,13.8464
1969,Black|Polymaker Teal|Brown|Olive Green,#080A0D|#4CC0C7|#55331A|#948902,27.4260,14.9525,13.1817,12.7632,12.9257,33.8307,13.8578
1970,Polymaker Teal|Brown|Purple|Lime Green,#4CC0C7|#55331A|#6C47B2|#D5D701,25.5020,14.9346,13.3197,12.7887,12.7025,29.8106,13.8617
1971,Green|Purple|Olive Green|Magenta,#06924D|#6C47B2|#948902|#F24574,37.6834,16.0017,13.4497,11.7339,10.3444,37.3577,13.8678
1972,Blue|Cold White|Red|Yellow,#003776|#D9DFE5|#E72F1D|#FFE800,28.4275,14.8048,13.5700,12.9333,12.5122,30.2111,13.8690
1973,Blue|Polymaker Teal|Brown|Olive Green,#003776|#4CC0C7|#55331A|#948902,27.9246,15.1142,13.2180,12.6298,12.6693,33.8507,13.8720
1974,Azure Blue|Brown|Grey|Cold White,#0066D9|#55331A|#8C9099|#D9DFE5,22.1052,14.2153,13.6499,13.5306,13.5780,32.1966,13.8729
1975,Blue|Purple|Olive Green|Red,#003776|#6C47B2|#948902|#E72F1D,40.3162,16.2763,13.2963,11.4707,10.1968,61.6601,13.8735
1976,Azure Blue|Dark Grey|Tan|White,#0066D9|#485259|#A79E82|#EBF7FF,18.3413,14.3584,13.8369,13.4028,13.0032,24.6574,13.8806
1977,Azure Blue|Dark Grey|Polymaker Teal|Tan,#0066D9|#485259|#4CC0C7|#A79E82,18.4810,14.4553,13.8806,13.3592,12.8295,25.5585,13.9072
1978,Azure Blue|Dark Grey|Grey|Tan,#0066D9|#485259|#8C9099|#A79E82,18.4664,14.4583,13.8872,13.3655,12.8357,25.5602,13.9119
1979,Dark Grey|Dark Olive Drab|Cold White|Pink,#485259|#575B54|#D9DFE5|#F1A1AF,19.1305,14.4095,13.8325,13.4179,13.0945,27.5398,13.9137
1980,Azure Blue|Dark Olive Drab|Cold White|Pink,#0066D9|#575B54|#D9DFE5|#F1A1AF,19.2034,14.4426,13.8376,13.3911,13.0328,27.7696,13.9169
1981,Azure Blue|Purple|Olive Green|Magenta,#0066D9|#6C47B2|#948902|#F24574,41.2442,16.2274,13.4308,11.6195,10.1910,41.1351,13.9235
1982,Azure Blue|Brown|Olive Green|Magenta,#0066D9|#55331A|#948902|#F24574,27.6388,15.2463,13.3423,12.6061,12.4130,38.2686,13.9262
1983,Dark Grey|Grey|Olive Green|White,#485259|#8C9099|#948902|#EBF7FF,27.9081,14.7962,13.6863,13.0683,12.6069,24.6742,13.9323
1984,Dark Grey|Cold White|White|Yellow,#485259|#D9DFE5|#EBF7FF|#FFE800,22.0697,14.6220,13.7915,13.2535,12.8788,23.9969,13.9378
1985,Dark Grey|Grey|White|Yellow,#485259|#8C9099|#EBF7FF|#FFE800,21.7022,14.5852,13.8016,13.2980,12.9379,23.9202,13.9416
1986,Polymaker Teal|Brown|Purple|Olive Green,#4CC0C7|#55331A|#6C47B2|#948902,27.8928,15.2239,13.2881,12.6596,12.6438,33.9282,13.9418
1987,Blue|Green|Polymaker Teal|Red,#003776|#06924D|#4CC0C7|#E72F1D,28.7195,15.0728,13.6544,12.8131,12.1307,29.7236,13.9429
1988,Azure Blue|Green|Dark Grey|Tan,#0066D9|#06924D|#485259|#A79E82,18.5450,14.4953,13.9175,13.3942,12.8654,25.5698,13.9447
1989,Dark Olive Drab|Olive Green|Lime Green|White,#575B54|#948902|#D5D701|#EBF7FF,22.4690,14.5869,13.7813,13.3040,12.9677,23.4954,13.9454
1990,Black|Polymaker Teal|Dark Olive Drab|Yellow,#080A0D|#4CC0C7|#575B54|#FFE800,20.7299,14.1891,13.7896,13.7024,13.7537,25.7424,13.9457
1991,Dark Grey|Purple|Olive Green|White,#485259|#6C47B2|#948902|#EBF7FF,38.2114,15.6302,13.4220,12.2650,11.5064,32.0027,13.9476
1992,Black|Dark Olive Drab|Lime Green|Yellow,#080A0D|#575B54|#D5D701|#FFE800,21.1810,14.3338,13.8152,13.5661,13.4201,38.8853,13.9499
1993,Blue|Dark Grey|Olive Green|White,#003776|#485259|#948902|#EBF7FF,31.5506,14.9660,13.6387,12.9378,12.4414,25.8393,13.9519
1994,Polymaker Teal|Dark Olive Drab|Cold White|Pink,#4CC0C7|#575B54|#D9DFE5|#F1A1AF,19.1772,14.4794,13.8763,13.4280,13.0651,27.7041,13.9537
1995,Azure Blue|Purple|Olive Green|Red,#0066D9|#6C47B2|#948902|#E72F1D,40.1273,16.3355,13.4733,11.5735,10.0611,43.7771,13.9545
1996,Dark Grey|Polymaker Teal|White|Yellow,#485259|#4CC0C7|#EBF7FF|#FFE800,22.0916,14.6476,13.8119,13.2645,12.8815,24.0508,13.9561
1997,Blue|Dark Olive Drab|Cold White|Pink,#003776|#575B54|#D9DFE5|#F1A1AF,19.3327,14.4568,13.8725,13.4584,13.1401,27.6564,13.9576
1998,Green|Black|Dark Olive Drab|Yellow,#06924D|#080A0D|#575B54|#FFE800,21.1709,14.3415,13.8246,13.5790,13.4399,39.0511,13.9603
1999,Dark Olive Drab|Purple|Cold White|Pink,#575B54|#6C47B2|#D9DFE5|#F1A1AF,19.3080,14.4954,13.8786,13.4350,13.0927,27.9453,13.9652
2000,Dark Olive Drab|Grey|Lime Green|Cold White,#575B54|#8C9099|#D5D701|#D9DFE5,19.6293,14.4733,13.8565,13.4590,13.1713,22.5482,13.9662
2001,Black|Grey|Lime Green|White,#080A0D|#8C9099|#D5D701|#EBF7FF,31.1863,14.7446,13.5969,13.1938,13.0535,23.5362,13.9692
2002,Black|Dark Olive Drab|Olive Green|Yellow,#080A0D|#575B54|#948902|#FFE800,21.4970,14.3923,13.8261,13.5616,13.4128,38.8985,13.9770
2003,Blue|Green|Magenta|Yellow,#003776|#06924D|#F24574|#FFE800,31.5484,15.3728,13.6687,12.5830,11.6689,33.8908,13.9779
2004,Blue|Green|Grey|Orange,#003776|#06924D|#8C9099|#F67405,25.5911,15.0632,13.8173,12.9169,12.0935,31.7936,13.9901
2005,Black|Dark Grey|Grey|Lime Green,#080A0D|#485259|#8C9099|#D5D701,25.4524,14.5422,13.7594,13.4434,13.2711,23.6834,13.9928
2006,Green|Dark Grey|White|Yellow,#06924D|#485259|#EBF7FF|#FFE800,22.1209,14.6887,13.8536,13.3059,12.9234,24.0577,13.9973
2007,Green|Black|Brown|Grey,#06924D|#080A0D|#55331A|#8C9099,22.4741,14.3310,13.6846,13.6700,13.9219,34.4088,14.0005
2008,Black|Purple|White|Yellow,#080A0D|#6C47B2|#EBF7FF|#FFE800,31.8698,15.1034,13.5777,12.9099,12.6340,33.5298,14.0067
2009,Dark Olive Drab|Cold White|White|Pink,#575B54|#D9DFE5|#EBF7FF|#F1A1AF,19.1336,14.5164,13.9421,13.5055,13.1489,27.4604,14.0109
2010,Azure Blue|Dark Olive Drab|Olive Green|Yellow,#0066D9|#575B54|#948902|#FFE800,24.9578,15.0102,13.7882,13.0156,12.4184,28.3398,14.0129
2011,Polymaker Teal|Dark Olive Drab|White|Pink,#4CC0C7|#575B54|#EBF7FF|#F1A1AF,19.1392,14.5256,13.9507,13.5123,13.1533,27.4604,14.0189
2012,Blue|Azure Blue|Tan|Orange,#003776|#0066D9|#A79E82|#F67405,22.5128,14.8517,13.9259,13.1929,12.5129,31.4359,14.0223
2013,Azure Blue|Grey|Olive Green|Red,#0066D9|#8C9099|#948902|#E72F1D,31.3136,15.5691,13.7993,12.4779,11.2477,38.7768,14.0235
2014,Dark Olive Drab|Grey|Cold White|Pink,#575B54|#8C9099|#D9DFE5|#F1A1AF,19.0708,14.5285,13.9513,13.5199,13.1673,27.6935,14.0242
2015,Azure Blue|Brown|Purple|Olive Green,#0066D9|#55331A|#6C47B2|#948902,28.3582,15.4902,13.4593,12.5769,12.2231,35.3876,14.0335
2016,Blue|Azure Blue|Brown|Olive Green,#003776|#0066D9|#55331A|#948902,28.3193,15.4272,13.4497,12.6465,12.3614,35.3498,14.0369
2017,Blue|Green|Red|Yellow,#003776|#06924D|#E72F1D|#FFE800,31.3947,15.3895,13.7378,12.7014,11.8191,35.3620,14.0455
2018,Dark Olive Drab|Grey|Pink|Magenta,#575B54|#8C9099|#F1A1AF|#F24574,20.0635,14.5738,13.9380,13.5207,13.2097,30.9210,14.0472
2019,Black|Polymaker Teal|Brown|Lime Green,#080A0D|#4CC0C7|#55331A|#D5D701,24.6582,14.7757,13.5450,13.3214,13.4632,29.3192,14.0485
2020,Green|Dark Olive Drab|Lime Green|Cold White,#06924D|#575B54|#D5D701|#D9DFE5,20.2023,14.6243,13.9159,13.4760,13.1666,23.1302,14.0502
2021,Green|Polymaker Teal|Brown|Olive Green,#06924D|#4CC0C7|#55331A|#948902,27.7184,15.2547,13.4058,12.8469,12.8732,33.9973,14.0508
2022,Blue|Olive Green|Tan|White,#003776|#948902|#A79E82|#EBF7FF,29.9929,15.0550,13.8276,13.0553,12.4207,29.4166,14.0552
2023,Polymaker Teal|Dark Olive Drab|Lime Green|Cold White,#4CC0C7|#575B54|#D5D701|#D9DFE5,20.2023,14.6292,13.9213,13.4820,13.1731,23.1509,14.0556
2024,Blue|Polymaker Teal|Tan|Orange,#003776|#4CC0C7|#A79E82|#F67405,22.9024,14.9040,13.9432,13.2162,12.5843,31.5897,14.0601
2025,Dark Grey|Olive Green|Cold White|White,#485259|#948902|#D9DFE5|#EBF7FF,27.9912,14.9199,13.8209,13.2075,12.7458,24.7802,14.0637
2026,Black|Dark Grey|Dark Olive Drab|Yellow,#080A0D|#485259|#575B54|#FFE800,21.8407,14.4733,13.9186,13.6552,13.5025,37.0685,14.0643
2027,Dark Olive Drab|Grey|White|Pink,#575B54|#8C9099|#EBF7FF|#F1A1AF,19.1223,14.5663,13.9986,13.5666,13.2142,27.4424,14.0665
2028,Dark Grey|Polymaker Teal|Olive Green|White,#485259|#4CC0C7|#948902|#EBF7FF,27.9934,14.9235,13.8240,13.2102,12.7493,24.7773,14.0669
2029,Polymaker Teal|Brown|Olive Green|Lime Green,#4CC0C7|#55331A|#948902|#D5D701,25.0377,14.9601,13.5715,13.1755,13.1866,29.3588,14.0678
2030,Dark Grey|Purple|Pink|Orange,#485259|#6C47B2|#F1A1AF|#F67405,20.9629,14.5519,13.9451,13.5865,13.3718,35.7971,14.0692
2031,Dark Grey|Pink|Magenta|Orange,#485259|#F1A1AF|#F24574|#F67405,20.9629,14.5519,13.9451,13.5865,13.3718,35.7971,14.0692
2032,Dark Grey|Red|Pink|Orange,#485259|#E72F1D|#F1A1AF|#F67405,20.9681,14.5530,13.9467,13.5892,13.3759,35.7971,14.0711
2033,Purple|Grey|Olive Green|Magenta,#6C47B2|#8C9099|#948902|#F24574,38.3236,15.9178,13.6480,12.2282,11.0792,38.7202,14.0730
2034,Green|Polymaker Teal|Brown|Lime Green,#06924D|#4CC0C7|#55331A|#D5D701,24.9785,14.9584,13.5794,13.1879,13.2026,29.3793,14.0731
2035,Dark Grey|Dark Olive Drab|White|Pink,#485259|#575B54|#EBF7FF|#F1A1AF,19.1029,14.5353,14.0026,13.6175,13.3130,27.2855,14.0764
2036,Azure Blue|Dark Olive Drab|White|Pink,#0066D9|#575B54|#EBF7FF|#F1A1AF,19.1782,14.5689,14.0076,13.5908,13.2522,27.5430,14.0798
2037,Blue|Dark Grey|Pink|Orange,#003776|#485259|#F1A1AF|#F67405,20.9732,14.5628,13.9582,13.6026,13.3904,35.7971,14.0827
2038,Blue|Green|Pink|Magenta,#003776|#06924D|#F1A1AF|#F24574,29.8438,15.2839,13.8286,12.9043,12.1268,30.1503,14.0941
2039,Dark Olive Drab|Cold White|White|Magenta,#575B54|#D9DFE5|#EBF7FF|#F24574,21.3475,14.7188,13.9419,13.4839,13.1944,29.5647,14.1014
2040,Azure Blue|Dark Grey|Pink|Orange,#0066D9|#485259|#F1A1AF|#F67405,20.9874,14.5802,13.9768,13.6239,13.4139,35.9141,14.1021
2041,Purple|Grey|Olive Green|Red,#6C47B2|#8C9099|#948902|#E72F1D,35.1788,15.8232,13.7344,12.3858,11.2802,39.4699,14.1045
2042,Blue|Black|Purple|Olive Green,#003776|#080A0D|#6C47B2|#948902,45.9107,16.3245,13.1869,11.8859,11.3501,43.3899,14.1052
2043,Dark Olive Drab|Purple|Pink|Magenta,#575B54|#6C47B2|#F1A1AF|#F24574,20.3050,14.6742,14.0106,13.5518,13.2105,33.1964,14.1130
2044,Blue|Dark Olive Drab|White|Pink,#003776|#575B54|#EBF7FF|#F1A1AF,19.3043,14.5816,14.0409,13.6554,13.3556,27.4265,14.1185
2045,Blue|Grey|Tan|Red,#003776|#8C9099|#A79E82|#E72F1D,22.6884,14.9524,14.0257,13.2853,12.5985,30.9965,14.1188
2046,Polymaker Teal|Brown|Grey|Magenta,#4CC0C7|#55331A|#8C9099|#F24574,22.7036,14.5381,13.8852,13.7053,13.7265,32.3021,14.1217
2047,Polymaker Teal|Dark Olive Drab|White|Magenta,#4CC0C7|#575B54|#EBF7FF|#F24574,21.3653,14.7418,13.9657,13.5081,13.2186,29.5973,14.1249
2048,Dark Olive Drab|Purple|White|Pink,#575B54|#6C47B2|#EBF7FF|#F1A1AF,19.2861,14.6244,14.0516,13.6373,13.3136,27.7674,14.1309
2049,Dark Olive Drab|Purple|White|Magenta,#575B54|#6C47B2|#EBF7FF|#F24574,21.3777,14.7489,13.9733,13.5186,13.2346,29.6201,14.1338
2050,Green|Dark Grey|Olive Green|White,#06924D|#485259|#948902|#EBF7FF,28.0127,14.9894,13.8976,13.2920,12.8371,24.7847,14.1407
2051,Azure Blue|Dark Olive Drab|Pink|Magenta,#0066D9|#575B54|#F1A1AF|#F24574,20.3189,14.6957,14.0418,13.5933,13.2551,33.1996,14.1445
2052,Azure Blue|Grey|Olive Green|Magenta,#0066D9|#8C9099|#948902|#F24574,33.6003,15.7602,13.8950,12.5329,11.2473,38.9109,14.1466
2053,Dark Olive Drab|Grey|White|Magenta,#575B54|#8C9099|#EBF7FF|#F24574,21.3239,14.7577,13.9908,13.5403,13.2553,29.5913,14.1490
2054,Blue|Pink|Orange|Yellow,#003776|#F1A1AF|#F67405|#FFE800,27.5668,15.2785,13.9332,13.0367,12.3139,29.8390,14.1576
2055,Green|Dark Grey|Brown|Grey,#06924D|#485259|#55331A|#8C9099,22.5856,14.5199,13.8603,13.7980,14.0062,34.5624,14.1590
2056,Azure Blue|Black|Brown|Cold White,#0066D9|#080A0D|#55331A|#D9DFE5,25.4741,14.8881,13.6822,13.4372,13.4802,34.7584,14.1626
2057,Dark Grey|Dark Olive Drab|Pink|Magenta,#485259|#575B54|#F1A1AF|#F24574,20.2608,14.6811,14.0568,13.6456,13.3487,33.1190,14.1634
2058,Green|Black|Lime Green|Cold White,#06924D|#080A0D|#D5D701|#D9DFE5,34.2194,15.1764,13.6407,13.1507,12.9711,25.3243,14.1636
2059,Azure Blue|Dark Olive Drab|White|Magenta,#0066D9|#575B54|#EBF7FF|#F24574,21.3893,14.7674,14.0030,13.5604,13.2830,29.6343,14.1639
2060,Green|Brown|Dark Olive Drab|Grey,#06924D|#55331A|#575B54|#8C9099,21.8510,14.5066,13.9350,13.8252,13.9536,34.5676,14.1659
2061,Black|Brown|Grey|Magenta,#080A0D|#55331A|#8C9099|#F24574,22.2495,14.3773,13.9066,13.9584,14.1999,37.0006,14.1678
2062,Dark Grey|Dark Olive Drab|Purple|Red,#485259|#575B54|#6C47B2|#E72F1D,22.2948,14.8707,14.0258,13.4715,13.0775,56.8658,14.1711
2063,Dark Olive Drab|Purple|Red|Magenta,#575B54|#6C47B2|#E72F1D|#F24574,22.3758,14.9335,14.0337,13.4092,12.9419,56.8671,14.1713
2064,Blue|Green|Brown|Grey,#003776|#06924D|#55331A|#8C9099,23.0080,14.6277,13.8670,13.7173,13.8521,34.4132,14.1725
2065,Dark Grey|Dark Olive Drab|Red|Magenta,#485259|#575B54|#E72F1D|#F24574,22.2946,14.8719,14.0274,13.4732,13.0789,56.8658,14.1726
2066,Blue|Azure Blue|Black|Olive Green,#003776|#0066D9|#080A0D|#948902,38.5145,15.5196,13.5488,12.8258,12.5004,35.4489,14.1727
2067,Green|Brown|Purple|Red,#06924D|#55331A|#6C47B2|#E72F1D,27.7268,15.7567,13.6076,12.5903,12.2085,40.4512,14.1735
2068,Dark Grey|Dark Olive Drab|White|Magenta,#485259|#575B54|#EBF7FF|#F24574,21.3381,14.7466,14.0128,13.6063,13.3649,29.4464,14.1764
2069,Blue|Dark Olive Drab|Pink|Magenta,#003776|#575B54|#F1A1AF|#F24574,20.3937,14.7079,14.0719,13.6501,13.3433,33.1500,14.1790
2070,Blue|Dark Grey|Dark Olive Drab|Red,#003776|#485259|#575B54|#E72F1D,22.3128,14.8788,14.0349,13.4837,13.0935,56.8658,14.1813
2071,Blue|Grey|Orange|Yellow,#003776|#8C9099|#F67405|#FFE800,24.3892,15.1560,14.0391,13.2076,12.4598,29.6845,14.1818
2072,Blue|Dark Olive Drab|White|Magenta,#003776|#575B54|#EBF7FF|#F24574,21.4572,14.7726,14.0261,13.6095,13.3607,29.5062,14.1911
2073,Dark Grey|Polymaker Teal|Dark Olive Drab|Pink,#485259|#4CC0C7|#575B54|#F1A1AF,19.3167,14.6792,14.1222,13.7173,13.3888,27.6619,14.1982
2074,Azure Blue|Polymaker Teal|Dark Olive Drab|Pink,#0066D9|#4CC0C7|#575B54|#F1A1AF,19.3888,14.7118,14.1264,13.6886,13.3216,27.8789,14.2002
2075,Blue|Black|Olive Green|Yellow,#003776|#080A0D|#948902|#FFE800,32.2161,15.1618,13.7398,13.2480,13.0288,32.6925,14.2049
2076,Blue|Grey|Tan|Orange,#003776|#8C9099|#A79E82|#F67405,22.2013,15.0288,14.1262,13.3930,12.7087,31.2337,14.2109
2077,Dark Grey|Purple|Magenta|Orange,#485259|#6C47B2|#F24574|#F67405,21.9775,14.8596,14.0974,13.5727,13.1756,50.4235,14.2162
2078,Dark Grey|Purple|Red|Orange,#485259|#6C47B2|#E72F1D|#F67405,21.9837,14.8615,14.1001,13.5764,13.1807,50.4242,14.2190
2079,Dark Grey|Red|Magenta|Orange,#485259|#E72F1D|#F24574|#F67405,21.9837,14.8615,14.1001,13.5764,13.1807,50.4242,14.2190
2080,Dark Grey|Dark Olive Drab|Lime Green|Cold White,#485259|#575B54|#D5D701|#D9DFE5,20.5951,14.7880,14.0802,13.6519,13.3573,23.2573,14.2199
2081,Blue|Dark Olive Drab|Purple|Red,#003776|#575B54|#6C47B2|#E72F1D,22.4902,14.9361,14.0759,13.5093,13.1053,56.8660,14.2227
2082,Blue|Dark Olive Drab|Red|Magenta,#003776|#575B54|#E72F1D|#F24574,22.4874,14.9372,14.0769,13.5093,13.1044,56.8660,14.2233
2083,Azure Blue|Black|Brown|Olive Green,#0066D9|#080A0D|#55331A|#948902,27.6768,15.4027,13.6569,13.0491,12.8716,35.3091,14.2259
2084,Polymaker Teal|Dark Olive Drab|Cold White|Magenta,#4CC0C7|#575B54|#D9DFE5|#F24574,22.2370,14.8627,14.0190,13.5894,13.3572,30.8877,14.2261
2085,Azure Blue|Brown|Dark Olive Drab|Cold White,#0066D9|#55331A|#575B54|#D9DFE5,22.4033,14.6076,13.9583,13.8576,13.9734,34.6977,14.2326
2086,Blue|Dark Grey|Purple|Orange,#003776|#485259|#6C47B2|#F67405,21.9884,14.8730,14.1136,13.5923,13.1981,50.4235,14.2327
2087,Blue|Dark Grey|Magenta|Orange,#003776|#485259|#F24574|#F67405,21.9884,14.8730,14.1136,13.5923,13.1981,50.4235,14.2327
2088,Azure Blue|Black|Dark Olive Drab|Olive Green,#0066D9|#080A0D|#575B54|#948902,27.1811,15.1111,13.9097,13.3559,13.0651,34.8360,14.2335
2089,Green|Dark Olive Drab|Grey|Lime Green,#06924D|#575B54|#8C9099|#D5D701,19.9420,14.7785,14.1380,13.6919,13.3289,24.4494,14.2352
2090,Blue|Dark Grey|Red|Orange,#003776|#485259|#E72F1D|#F67405,21.9946,14.8749,14.1163,13.5960,13.2031,50.4242,14.2354
2091,Black|Polymaker Teal|Purple|Olive Green,#080A0D|#4CC0C7|#6C47B2|#948902,47.1641,16.4430,13.1390,12.0294,11.7343,36.6236,14.2362
2092,Green|Black|Red|Magenta,#06924D|#080A0D|#E72F1D|#F24574,31.8860,15.1471,13.7390,13.3263,13.2613,40.1395,14.2367
2093,Polymaker Teal|Dark Olive Drab|Grey|Pink,#4CC0C7|#575B54|#8C9099|#F1A1AF,19.2892,14.7481,14.1725,13.7314,13.3583,27.7898,14.2398
2094,Blue|Tan|Red|White,#003776|#A79E82|#E72F1D|#EBF7FF,23.0733,14.9939,14.1015,13.4875,12.9865,33.4414,14.2407
2095,Polymaker Teal|Dark Olive Drab|Grey|Lime Green,#4CC0C7|#575B54|#8C9099|#D5D701,19.9388,14.7803,14.1429,13.7046,13.3591,24.3560,14.2424
2096,Blue|Polymaker Teal|Dark Olive Drab|Pink,#003776|#4CC0C7|#575B54|#F1A1AF,19.5187,14.7263,14.1622,13.7586,13.4358,27.7677,14.2425
2097,Polymaker Teal|Dark Olive Drab|Purple|Pink,#4CC0C7|#575B54|#6C47B2|#F1A1AF,19.4939,14.7649,14.1672,13.7314,13.3799,28.0500,14.2481
2098,Blue|Black|Dark Grey|Yellow,#003776|#080A0D|#485259|#FFE800,25.4056,14.8546,14.0217,13.6892,13.5274,31.8031,14.2719
2099,Azure Blue|Polymaker Teal|Brown|Cold White,#0066D9|#4CC0C7|#55331A|#D9DFE5,25.7897,14.9584,13.8155,13.5946,13.6470,34.7300,14.2765
2100,Blue|Tan|Red|Pink,#003776|#A79E82|#E72F1D|#F1A1AF,23.0561,15.0800,14.1693,13.5023,12.9262,31.6057,14.2912
2101,Blue|Azure Blue|Brown|Cold White,#003776|#0066D9|#55331A|#D9DFE5,25.7741,15.0461,13.8198,13.5368,13.5241,34.7535,14.2914
2102,Dark Grey|Lime Green|White|Yellow,#485259|#D5D701|#EBF7FF|#FFE800,22.3292,14.9847,14.1709,13.6437,13.2707,24.1675,14.3142
2103,Blue|Red|Pink|Yellow,#003776|#E72F1D|#F1A1AF|#FFE800,28.0424,15.4193,14.0668,13.2196,12.5675,31.3416,14.3195
2104,Azure Blue|Brown|Purple|Cold White,#0066D9|#55331A|#6C47B2|#D9DFE5,25.7445,15.0883,13.8549,13.5570,13.5285,34.7438,14.3227
2105,Azure Blue|Dark Grey|Brown|Orange,#0066D9|#485259|#55331A|#F67405,21.3834,14.4965,14.1092,14.1526,14.4108,45.6847,14.3246
2106,Purple|Olive Green|Cold White|Pink,#6C47B2|#948902|#D9DFE5|#F1A1AF,42.4803,16.2270,13.7548,12.4233,11.5185,39.3901,14.3252
2107,Blue|Green|Olive Green|Cold White,#003776|#06924D|#948902|#D9DFE5,42.9502,15.7777,13.7334,12.8738,12.3794,29.2059,14.3257
2108,Purple|Olive Green|Red|Pink,#6C47B2|#948902|#E72F1D|#F1A1AF,42.3755,16.4233,13.7469,12.2343,11.1643,38.6998,14.3288
2109,Grey|Olive Green|Cold White|Red,#8C9099|#948902|#D9DFE5|#E72F1D,28.9248,15.5899,14.1046,13.0768,12.1808,38.6103,14.3334
2110,Green|Dark Grey|Cold White|Pink,#06924D|#485259|#D9DFE5|#F1A1AF,23.6479,15.1228,14.1608,13.5472,13.0567,25.8284,14.3350
2111,Brown|Purple|Grey|Magenta,#55331A|#6C47B2|#8C9099|#F24574,22.5179,14.7198,14.1151,13.9747,14.0381,37.0198,14.3472
2112,Blue|Olive Green|Tan|Yellow,#003776|#948902|#A79E82|#FFE800,27.7617,15.3434,14.1800,13.3545,12.5949,29.3062,14.3489
2113,Black|Dark Grey|Lime Green|White,#080A0D|#485259|#D5D701|#EBF7FF,29.8699,15.0229,14.0320,13.6766,13.5489,23.2757,14.3498
2114,Blue|Azure Blue|Olive Green|Tan,#003776|#0066D9|#948902|#A79E82,28.3308,15.3340,14.1715,13.3665,12.6283,28.4034,14.3502
2115,Azure Blue|Olive Green|Red|Magenta,#0066D9|#948902|#E72F1D|#F24574,37.5053,16.5029,13.9513,12.2051,10.7392,42.8993,14.3540
2116,Azure Blue|Dark Olive Drab|Red|Magenta,#0066D9|#575B54|#E72F1D|#F24574,22.4078,15.0604,14.2071,13.6497,13.2495,56.1169,14.3551
2117,Blue|Cold White|Magenta|Yellow,#003776|#D9DFE5|#F24574|#FFE800,28.9420,15.3432,14.0399,13.3717,12.9396,30.7876,14.3574
2118,Azure Blue|Dark Olive Drab|Purple|Red,#0066D9|#575B54|#6C47B2|#E72F1D,22.4108,15.0637,14.2115,13.6539,13.2545,56.1169,14.3588
2119,Green|Polymaker Teal|Brown|Grey,#06924D|#4CC0C7|#55331A|#8C9099,22.6102,14.7666,14.1330,13.9529,13.9610,34.7246,14.3597
2120,Blue|Polymaker Teal|Lime Green|Red,#003776|#4CC0C7|#D5D701|#E72F1D,28.1430,15.4261,14.1221,13.2939,12.5959,30.8486,14.3600
2121,Dark Grey|Dark Olive Drab|Grey|Lime Green,#485259|#575B54|#8C9099|#D5D701,20.2996,14.8992,14.2562,13.8210,13.4672,24.3948,14.3601
2122,Blue|Lime Green|Cold White|Pink,#003776|#D5D701|#D9DFE5|#F1A1AF,28.6800,15.4434,14.0774,13.2867,12.7394,31.3609,14.3650
2123,Blue|Dark Grey|Tan|Cold White,#003776|#485259|#A79E82|#D9DFE5,19.6270,14.8776,14.3063,13.8552,13.4519,25.3647,14.3664
2124,Azure Blue|Dark Grey|Dark Olive Drab|Red,#0066D9|#485259|#575B54|#E72F1D,22.3448,15.0199,14.2137,13.7239,13.4090,56.1207,14.3719
2125,Blue|Brown|Grey|Magenta,#003776|#55331A|#8C9099|#F24574,22.5718,14.6685,14.1268,14.0755,14.2229,37.0048,14.3720
2126,Green|Grey|Cold White|Red,#06924D|#8C9099|#D9DFE5|#E72F1D,26.2914,15.5528,14.2023,13.1977,12.2706,37.0951,14.3753
2127,Black|Lime Green|Cold White|White,#080A0D|#D5D701|#D9DFE5|#EBF7FF,32.1676,15.1510,14.0151,13.6124,13.4547,23.8782,14.3817
2128,Black|Dark Grey|Polymaker Teal|Yellow,#080A0D|#485259|#4CC0C7|#FFE800,23.6543,14.7433,14.1572,14.0209,14.0636,25.6897,14.3821
2129,Dark Grey|Brown|Purple|Pink,#485259|#55331A|#6C47B2|#F1A1AF,20.5812,14.4558,14.2196,14.3190,14.5830,33.6537,14.3874
2130,Black|Brown|Dark Olive Drab|Grey,#080A0D|#55331A|#575B54|#8C9099,21.1336,14.5206,14.1513,14.2551,14.5773,34.7583,14.3878
2131,Black|Dark Grey|Brown|Pink,#080A0D|#485259|#55331A|#F1A1AF,20.3072,14.3531,14.2231,14.4237,14.7593,33.6512,14.3884
2132,Purple|Olive Green|White|Magenta,#6C47B2|#948902|#EBF7FF|#F24574,43.0452,16.3452,13.8467,12.4388,11.4565,39.2426,14.3920
2133,Azure Blue|Dark Grey|Olive Green|White,#0066D9|#485259|#948902|#EBF7FF,29.2423,15.3300,14.1418,13.4548,12.9250,26.2075,14.3924
2134,Dark Grey|Brown|Pink|Magenta,#485259|#55331A|#F1A1AF|#F24574,20.5850,14.4611,14.2251,14.3248,14.5888,33.6650,14.3929
2135,Dark Olive Drab|Grey|Cold White|Magenta,#575B54|#8C9099|#D9DFE5|#F24574,21.5485,14.9400,14.2284,13.8490,13.6240,30.4881,14.3945
2136,Blue|Green|Black|Yellow,#003776|#06924D|#080A0D|#FFE800,31.0090,15.2644,14.0038,13.5270,13.2889,33.2890,14.3957
2137,Black|Dark Grey|Lime Green|Yellow,#080A0D|#485259|#D5D701|#FFE800,24.0464,14.9117,14.2003,13.8812,13.6990,36.9307,14.3964
2138,Blue|Black|Lime Green|Yellow,#003776|#080A0D|#D5D701|#FFE800,30.9798,15.2475,14.0119,13.5490,13.3143,32.6253,14.3983
2139,Blue|Polymaker Teal|Tan|Red,#003776|#4CC0C7|#A79E82|#E72F1D,23.3180,15.2694,14.2903,13.5305,12.8571,31.7342,14.4000
2140,Blue|Lime Green|White|Orange,#003776|#D5D701|#EBF7FF|#F67405,27.5854,15.4432,14.1430,13.3611,12.7743,32.2077,14.4021
2141,Purple|Olive Green|Tan|Red,#6C47B2|#948902|#A79E82|#E72F1D,34.2910,16.0086,14.0082,12.7964,11.8296,38.1238,14.4025
2142,Azure Blue|Dark Grey|Brown|Pink,#0066D9|#485259|#55331A|#F1A1AF,20.5964,14.4698,14.2365,14.3410,14.6093,33.6537,14.4054
2143,Black|Polymaker Teal|Lime Green|White,#080A0D|#4CC0C7|#D5D701|#EBF7FF,32.1412,15.1685,14.0438,13.6472,13.4939,23.9053,14.4079
2144,Black|Dark Grey|Olive Green|Yellow,#080A0D|#485259|#948902|#FFE800,24.5679,14.9822,14.1918,13.8452,13.6607,36.9566,14.4137
2145,Dark Grey|Brown|Grey|Magenta,#485259|#55331A|#8C9099|#F24574,22.0761,14.6298,14.1928,14.2099,14.4298,37.0678,14.4199
2146,Blue|Azure Blue|Dark Olive Drab|Red,#003776|#0066D9|#575B54|#E72F1D,22.5365,15.0829,14.2627,13.7632,13.4414,56.1029,14.4230
2147,Azure Blue|Brown|Grey|Magenta,#0066D9|#55331A|#8C9099|#F24574,22.5624,14.7413,14.1879,14.1156,14.2441,38.9092,14.4284
2148,Azure Blue|Dark Grey|Grey|Olive Green,#0066D9|#485259|#8C9099|#948902,31.3137,15.5344,14.1475,13.3242,12.6480,33.7533,14.4293
2149,Green|Dark Grey|Polymaker Teal|Pink,#06924D|#485259|#4CC0C7|#F1A1AF,23.8072,15.2600,14.2738,13.6164,13.0621,25.9244,14.4382
2150,Green|Black|Dark Grey|Yellow,#06924D|#080A0D|#485259|#FFE800,24.1600,14.9360,14.2383,13.9466,13.8005,37.7575,14.4413
2151,Blue|Dark Grey|Brown|Pink,#003776|#485259|#55331A|#F1A1AF,20.6379,14.4936,14.2729,14.3928,14.6703,33.6546,14.4432
2152,Blue|Dark Grey|Tan|White,#003776|#485259|#A79E82|#EBF7FF,19.6178,14.9491,14.3919,13.9481,13.5478,25.4833,14.4486
2153,Green|Black|Lime Green|White,#06924D|#080A0D|#D5D701|#EBF7FF,32.1959,15.2046,14.0820,13.6935,13.5507,23.9576,14.4491
2154,Blue|Dark Grey|Polymaker Teal|Tan,#003776|#485259|#4CC0C7|#A79E82,19.7630,15.0284,14.4135,13.8736,13.3337,25.9651,14.4510
2155,Purple|Grey|Olive Green|Pink,#6C47B2|#8C9099|#948902|#F1A1AF,40.0856,16.2455,14.0070,12.6615,11.6034,38.8772,14.4535
2156,Azure Blue|Black|Dark Grey|Orange,#0066D9|#080A0D|#485259|#F67405,22.4051,14.6811,14.2377,14.2357,14.4339,45.6844,14.4584
2157,Azure Blue|Dark Olive Drab|Grey|Pink,#0066D9|#575B54|#8C9099|#F1A1AF,19.4219,14.9722,14.4011,13.9485,13.5439,30.8512,14.4603
2158,Dark Grey|Dark Olive Drab|Grey|Pink,#485259|#575B54|#8C9099|#F1A1AF,19.3492,14.9401,14.3985,13.9809,13.6164,30.7158,14.4605
2159,Blue|Dark Grey|Grey|Tan,#003776|#485259|#8C9099|#A79E82,19.7478,15.0389,14.4298,13.8965,13.3623,25.9898,14.4677
2160,Blue|Black|Polymaker Teal|Yellow,#003776|#080A0D|#4CC0C7|#FFE800,30.4714,15.1933,14.0726,13.7501,13.6969,28.5871,14.4717
2161,Azure Blue|Green|Olive Green|Magenta,#0066D9|#06924D|#948902|#F24574,33.2473,16.0950,14.2067,12.8544,11.6205,37.7267,14.4747
2162,Green|Purple|Cold White|Magenta,#06924D|#6C47B2|#D9DFE5|#F24574,34.9185,16.0754,14.0089,12.8819,12.1458,35.5278,14.4786
2163,Azure Blue|Green|Dark Grey|Pink,#0066D9|#06924D|#485259|#F1A1AF,23.9258,15.3423,14.3305,13.6196,12.9792,26.5479,14.4810
2164,Dark Olive Drab|Lime Green|Cold White|White,#575B54|#D5D701|#D9DFE5|#EBF7FF,20.3287,15.0144,14.3670,13.9480,13.6511,23.8997,14.4812
2165,Azure Blue|Dark Grey|Dark Olive Drab|Yellow,#0066D9|#485259|#575B54|#FFE800,22.9657,15.3634,14.3066,13.6009,13.0733,28.4735,14.4822
2166,Azure Blue|Black|Dark Grey|Olive Green,#0066D9|#080A0D|#485259|#948902,32.2192,15.5919,14.0590,13.3758,13.0107,34.9193,14.4839
2167,Blue|Green|Dark Grey|Tan,#003776|#06924D|#485259|#A79E82,19.8337,15.0711,14.4507,13.9059,13.3641,26.0002,14.4885
2168,Dark Olive Drab|Grey|Lime Green|White,#575B54|#8C9099|#D5D701|#EBF7FF,20.1858,15.0084,14.3790,13.9692,13.6801,23.9052,14.4888
2169,Azure Blue|Dark Grey|Dark Olive Drab|Pink,#0066D9|#485259|#575B54|#F1A1AF,19.6019,15.0325,14.4460,13.9608,13.5324,33.0787,14.4967
2170,Dark Grey|Dark Olive Drab|Purple|Pink,#485259|#575B54|#6C47B2|#F1A1AF,19.6042,15.0327,14.4457,13.9607,13.5336,33.0793,14.4967
2171,Polymaker Teal|Dark Olive Drab|Lime Green|White,#4CC0C7|#575B54|#D5D701|#EBF7FF,20.3352,15.0331,14.3855,13.9641,13.6672,23.9022,14.4986
2172,Blue|Grey|Lime Green|Magenta,#003776|#8C9099|#D5D701|#F24574,27.2695,15.5592,14.2967,13.4414,12.7014,30.8611,14.5003
2173,Green|Dark Olive Drab|Lime Green|White,#06924D|#575B54|#D5D701|#EBF7FF,20.3365,15.0353,14.3879,13.9667,13.6698,23.9032,14.5010
2174,Blue|Black|Lime Green|White,#003776|#080A0D|#D5D701|#EBF7FF,32.2326,15.3065,14.1136,13.6962,13.5468,24.2294,14.5014
2175,Dark Grey|Brown|Dark Olive Drab|Grey,#485259|#55331A|#575B54|#8C9099,21.1422,14.6698,14.2887,14.3331,14.5998,34.7862,14.5015
2176,Blue|Dark Grey|Dark Olive Drab|Pink,#003776|#485259|#575B54|#F1A1AF,19.6185,15.0365,14.4506,13.9675,13.5421,33.0793,14.5020
2177,Blue|Dark Olive Drab|Grey|Pink,#003776|#575B54|#8C9099|#F1A1AF,19.5508,14.9867,14.4373,14.0201,13.6619,30.7538,14.5034
2178,Dark Grey|Grey|Olive Green|Lime Green,#485259|#8C9099|#948902|#D5D701,24.9381,15.2270,14.3173,13.7826,13.3546,24.8885,14.5048
2179,Blue|Black|Brown|Grey,#003776|#080A0D|#55331A|#8C9099,21.7674,14.6727,14.2491,14.3390,14.6306,34.7958,14.5058
2180,Black|Brown|Purple|Grey,#080A0D|#55331A|#6C47B2|#8C9099,21.7671,14.6725,14.2492,14.3393,14.6309,34.7958,14.5059
2181,Blue|Azure Blue|Dark Grey|Tan,#003776|#0066D9|#485259|#A79E82,19.7595,15.0777,14.4673,13.9345,13.4013,26.0493,14.5061
2182,Black|Polymaker Teal|Dark Olive Drab|Magenta,#080A0D|#4CC0C7|#575B54|#F24574,22.8439,14.9156,14.2553,14.0992,14.1719,32.3307,14.5074
2183,Dark Olive Drab|Purple|Grey|Pink,#575B54|#6C47B2|#8C9099|#F1A1AF,19.5272,15.0266,14.4450,13.9981,13.6128,30.9795,14.5124
2184,Black|Dark Grey|Lime Green|Cold White,#080A0D|#485259|#D5D701|#D9DFE5,24.8205,15.0878,14.2938,13.9382,13.7450,22.9944,14.5130
2185,Purple|Olive Green|Tan|Magenta,#6C47B2|#948902|#A79E82|#F24574,36.3222,16.1731,14.1011,12.8686,11.9082,38.2336,14.5209
2186,Azure Blue|Purple|Olive Green|Orange,#0066D9|#6C47B2|#948902|#F67405,38.2605,16.5785,14.0890,12.4740,11.1843,40.4674,14.5262
2187,Purple|Olive Green|Red|White,#6C47B2|#948902|#E72F1D|#EBF7FF,40.8613,16.4222,13.9803,12.6313,11.6968,39.7159,14.5267
2188,Azure Blue|Dark Olive Drab|Purple|Pink,#0066D9|#575B54|#6C47B2|#F1A1AF,19.7160,15.0944,14.4767,13.9601,13.5024,33.1773,14.5273
2189,Grey|Olive Green|Cold White|Magenta,#8C9099|#948902|#D9DFE5|#F24574,31.3609,15.8923,14.2762,13.1626,12.1983,39.0756,14.5275
2190,Blue|Brown|Dark Olive Drab|Grey,#003776|#55331A|#575B54|#8C9099,21.3523,14.7277,14.2986,14.3347,14.6083,34.8049,14.5312
2191,Blue|Purple|Lime Green|Magenta,#003776|#6C47B2|#D5D701|#F24574,31.8404,15.9173,14.2402,13.1471,12.1946,35.3147,14.5322
2192,Black|Dark Olive Drab|Purple|Yellow,#080A0D|#575B54|#6C47B2|#FFE800,22.3248,15.4208,14.3652,13.6491,13.0975,34.5976,14.5349
2193,Blue|Lime Green|White|Magenta,#003776|#D5D701|#EBF7FF|#F24574,29.1587,15.6901,14.2465,13.3829,12.8022,32.7964,14.5365
2194,Black|Dark Grey|Brown|Grey,#080A0D|#485259|#55331A|#8C9099,21.5742,14.6716,14.2929,14.4058,14.7174,34.7605,14.5387
2195,Blue|Azure Blue|Dark Olive Drab|Pink,#003776|#0066D9|#575B54|#F1A1AF,19.8031,15.0786,14.4847,14.0004,13.5784,33.1087,14.5395
2196,Blue|Dark Grey|Tan|Lime Green,#003776|#485259|#A79E82|#D5D701,22.1653,15.2564,14.4428,13.8253,13.2488,27.5643,14.5409
2197,Azure Blue|Dark Grey|Olive Green|Yellow,#0066D9|#485259|#948902|#FFE800,26.7536,15.5344,14.3075,13.5477,12.9848,28.4087,14.5410
2198,Azure Blue|Dark Olive Drab|Grey|Yellow,#0066D9|#575B54|#8C9099|#FFE800,22.3783,15.3967,14.3778,13.6859,13.1361,28.8209,14.5413
2199,Blue|Dark Olive Drab|Purple|Pink,#003776|#575B54|#6C47B2|#F1A1AF,19.8059,15.0823,14.4876,14.0031,13.5820,33.1082,14.5427
2200,Blue|Lime Green|Red|Yellow,#003776|#D5D701|#E72F1D|#FFE800,30.7609,15.7314,14.2903,13.3618,12.5489,35.6394,14.5466
2201,Green|Grey|Red|Magenta,#06924D|#8C9099|#E72F1D|#F24574,27.5005,15.9919,14.4223,13.1138,11.7771,38.9616,14.5529
2202,Green|Brown|Dark Olive Drab|Olive Green,#06924D|#55331A|#575B54|#948902,23.6975,15.0500,14.2348,14.0565,14.1795,52.8047,14.5533
2203,Azure Blue|Green|Brown|Olive Green,#0066D9|#06924D|#55331A|#948902,28.6270,15.9302,13.9500,13.1851,13.0138,38.5405,14.5576
2204,Blue|Green|White|Magenta,#003776|#06924D|#EBF7FF|#F24574,30.7005,15.7123,14.2658,13.4072,12.7753,31.4020,14.5597
2205,Blue|Lime Green|Pink|Yellow,#003776|#D5D701|#F1A1AF|#FFE800,28.2310,15.7024,14.3435,13.4217,12.6614,31.0697,14.5620
2206,Azure Blue|Black|Olive Green|Lime Green,#0066D9|#080A0D|#948902|#D5D701,34.0487,15.6995,14.0073,13.4259,13.2579,25.9122,14.5627
2207,Azure Blue|Dark Grey|Brown|Cold White,#0066D9|#485259|#55331A|#D9DFE5,24.4734,15.0494,14.2351,14.1012,14.2191,34.7625,14.5753
2208,Azure Blue|Green|Brown|Grey,#0066D9|#06924D|#55331A|#8C9099,22.9910,14.9809,14.3402,14.1878,14.2452,40.1462,14.5843
2209,Dark Olive Drab|Olive Green|Lime Green|Yellow,#575B54|#948902|#D5D701|#FFE800,20.7164,15.2869,14.5227,13.9051,13.3557,38.9628,14.5960
2210,Blue|Polymaker Teal|Red|Yellow,#003776|#4CC0C7|#E72F1D|#FFE800,28.3599,15.5674,14.3487,13.6254,13.0642,30.6537,14.5964
2211,Green|Brown|Purple|Grey,#06924D|#55331A|#6C47B2|#8C9099,22.9276,15.0079,14.3562,14.1849,14.1963,34.3605,14.5964
2212,Dark Grey|Brown|Red|Pink,#485259|#55331A|#E72F1D|#F1A1AF,20.7822,14.6616,14.4320,14.5397,14.8143,33.8198,14.6007
2213,Black|Polymaker Teal|Brown|Grey,#080A0D|#4CC0C7|#55331A|#8C9099,21.8075,14.7204,14.3842,14.4917,14.7481,35.1751,14.6060
2214,Green|Dark Olive Drab|Olive Green|Yellow,#06924D|#575B54|#948902|#FFE800,20.7181,15.2973,14.5351,13.9213,13.3788,39.2171,14.6093
2215,Green|Dark Olive Drab|Lime Green|Yellow,#06924D|#575B54|#D5D701|#FFE800,20.4055,15.2789,14.5482,13.9403,13.3958,39.2162,14.6096
2216,Blue|Lime Green|Magenta|Yellow,#003776|#D5D701|#F24574|#FFE800,30.7336,15.8570,14.3211,13.3677,12.5654,34.2371,14.6124
2217,Dark Grey|Dark Olive Drab|Lime Green|White,#485259|#575B54|#D5D701|#EBF7FF,20.6693,15.1470,14.4947,14.0807,13.7913,23.9034,14.6139
2218,Green|Grey|Olive Green|Magenta,#06924D|#8C9099|#948902|#F24574,31.1168,16.1455,14.4171,13.0849,11.7578,37.9686,14.6152
2219,Brown|Dark Olive Drab|Purple|Grey,#55331A|#575B54|#6C47B2|#8C9099,20.9777,14.8349,14.4436,14.4190,14.6175,34.7980,14.6270
2220,Dark Grey|Brown|Purple|Grey,#485259|#55331A|#6C47B2|#8C9099,21.7359,14.8449,14.4023,14.4189,14.6602,34.7599,14.6319
2221,Polymaker Teal|Dark Olive Drab|Olive Green|Yellow,#4CC0C7|#575B54|#948902|#FFE800,20.2575,15.1431,14.5218,14.1232,13.8500,26.0769,14.6332
2222,Blue|Olive Green|Tan|Lime Green,#003776|#948902|#A79E82|#D5D701,27.8616,15.5951,14.4780,13.6843,12.9443,29.5076,14.6397
2223,Blue|Dark Grey|Brown|Grey,#003776|#485259|#55331A|#8C9099,21.7636,14.8476,14.4082,14.4350,14.6866,34.7600,14.6413
2224,Green|Polymaker Teal|Dark Olive Drab|Yellow,#06924D|#4CC0C7|#575B54|#FFE800,19.8769,15.1354,14.5539,14.1693,13.9012,26.1285,14.6523
2225,Polymaker Teal|Dark Olive Drab|Lime Green|Yellow,#4CC0C7|#575B54|#D5D701|#FFE800,19.8864,15.1403,14.5582,14.1733,13.9053,26.1370,14.6568
2226,Purple|Olive Green|Cold White|Red,#6C47B2|#948902|#D9DFE5|#E72F1D,44.1918,16.4689,13.9919,12.8782,12.1657,37.3866,14.6735
2227,Black|Polymaker Teal|Red|White,#080A0D|#4CC0C7|#E72F1D|#EBF7FF,29.9020,15.5386,14.2640,13.8101,13.7232,27.4223,14.6744
2228,Azure Blue|Dark Grey|Cold White|Yellow,#0066D9|#485259|#D9DFE5|#FFE800,23.7576,15.5438,14.4831,13.8090,13.3338,28.4446,14.6764
2229,Blue|Brown|Purple|Grey,#003776|#55331A|#6C47B2|#8C9099,22.0175,14.9384,14.4510,14.4222,14.5824,34.7925,14.6803
2230,Blue|Green|Grey|Olive Green,#003776|#06924D|#8C9099|#948902,36.9555,15.9180,14.3646,13.4442,12.6859,31.7916,14.6811
2231,Black|Dark Olive Drab|Grey|Magenta,#080A0D|#575B54|#8C9099|#F24574,22.1393,15.0131,14.4650,14.3589,14.4457,36.9885,14.6860
2232,Dark Grey|Olive Green|Lime Green|Cold White,#485259|#948902|#D5D701|#D9DFE5,25.0481,15.4593,14.4822,13.9374,13.5745,23.9715,14.6984
2233,Blue|Green|Purple|Orange,#003776|#06924D|#6C47B2|#F67405,31.2391,16.3023,14.4033,13.0965,11.9647,41.2105,14.6994
2234,Green|Brown|Purple|Yellow,#06924D|#55331A|#6C47B2|#FFE800,25.7191,16.6916,14.1702,12.7175,12.0375,31.7179,14.7045
2235,Blue|Dark Olive Drab|Lime Green|Cold White,#003776|#575B54|#D5D701|#D9DFE5,22.1792,15.3374,14.5517,14.0908,13.7704,25.7367,14.7141
2236,Green|Grey|Olive Green|Red,#06924D|#8C9099|#948902|#E72F1D,28.0487,16.1187,14.5810,13.3113,11.9953,38.6089,14.7150
2237,Blue|Dark Olive Drab|Olive Green|Yellow,#003776|#575B54|#948902|#FFE800,23.9732,15.5532,14.5589,13.8773,13.3147,32.0187,14.7153
2238,Blue|Polymaker Teal|Grey|Olive Green,#003776|#4CC0C7|#8C9099|#948902,37.0039,15.9326,14.3946,13.4984,12.7900,32.2132,14.7155
2239,Grey|Olive Green|Red|Magenta,#8C9099|#948902|#E72F1D|#F24574,29.5382,16.2058,14.5646,13.2291,11.8993,40.2931,14.7175
2240,Blue|Grey|Red|Yellow,#003776|#8C9099|#E72F1D|#FFE800,25.8867,15.6161,14.5618,13.8428,13.2160,30.2187,14.7294
2241,Blue|Cold White|Pink|Yellow,#003776|#D9DFE5|#F1A1AF|#FFE800,27.6596,15.7007,14.4832,13.7586,13.2320,31.2580,14.7297
2242,Blue|Azure Blue|Orange|Yellow,#003776|#0066D9|#F67405|#FFE800,27.6848,15.9203,14.5107,13.5498,12.7863,29.9989,14.7350
2243,Purple|Olive Green|White|Pink,#6C47B2|#948902|#EBF7FF|#F1A1AF,42.2416,16.5017,14.2370,12.9855,12.1181,39.2227,14.7436
2244,Dark Grey|Dark Olive Drab|Olive Green|Yellow,#485259|#575B54|#948902|#FFE800,21.7514,15.4665,14.6606,14.0344,13.4859,37.2843,14.7504
2245,Azure Blue|Black|Lime Green|White,#0066D9|#080A0D|#D5D701|#EBF7FF,32.4970,15.6546,14.3387,13.8491,13.6643,25.4144,14.7519
2246,Blue|Green|Dark Grey|Pink,#003776|#06924D|#485259|#F1A1AF,24.5576,15.6214,14.5974,13.8846,13.2487,26.7335,14.7530
2247,Azure Blue|Green|Cold White|Red,#0066D9|#06924D|#D9DFE5|#E72F1D,29.2107,15.9064,14.4657,13.6013,12.9123,34.5337,14.7538
2248,Purple|Olive Green|Pink|Magenta,#6C47B2|#948902|#F1A1AF|#F24574,42.5377,16.7271,14.2257,12.7841,11.6970,39.1894,14.7556
2249,Blue|Azure Blue|Dark Olive Drab|Olive Green,#003776|#0066D9|#575B54|#948902,28.4443,15.8574,14.4669,13.6550,13.0725,35.0947,14.7562
2250,Azure Blue|Green|Tan|Red,#0066D9|#06924D|#A79E82|#E72F1D,25.1775,15.9360,14.6210,13.5790,12.5771,35.7190,14.7575
2251,Green|Dark Grey|Dark Olive Drab|Yellow,#06924D|#485259|#575B54|#FFE800,21.3086,15.4441,14.6921,14.0835,13.5378,37.2729,14.7638
2252,Black|Polymaker Teal|Cold White|Red,#080A0D|#4CC0C7|#D9DFE5|#E72F1D,28.7379,15.5256,14.4081,14.0025,13.8543,26.7591,14.7641
2253,Polymaker Teal|Brown|Dark Olive Drab|Grey,#4CC0C7|#55331A|#575B54|#8C9099,20.7314,14.9193,14.6175,14.6114,14.7810,35.1834,14.7654
2254,Blue|Tan|Pink|Yellow,#003776|#A79E82|#F1A1AF|#FFE800,25.1470,15.7065,14.6311,13.8271,13.1094,30.9378,14.7668
2255,Dark Grey|Dark Olive Drab|Lime Green|Yellow,#485259|#575B54|#D5D701|#FFE800,21.3201,15.4496,14.6964,14.0869,13.5402,37.2797,14.7682
2256,Green|Dark Grey|Grey|Pink,#06924D|#485259|#8C9099|#F1A1AF,23.8781,15.6031,14.6246,13.9402,13.3297,26.4056,14.7717
2257,Azure Blue|Dark Olive Drab|Olive Green|Lime Green,#0066D9|#575B54|#948902|#D5D701,24.2617,15.5876,14.5722,13.9668,13.5261,26.5563,14.7772
2258,Dark Grey|Olive Green|Lime Green|White,#485259|#948902|#D5D701|#EBF7FF,26.2165,15.5363,14.5828,14.0420,13.6711,24.3512,14.7891
2259,Blue|Polymaker Teal|Brown|Grey,#003776|#4CC0C7|#55331A|#8C9099,22.1720,15.0173,14.5854,14.5628,14.6919,35.1794,14.7901
2260,Blue|Dark Grey|Grey|Yellow,#003776|#485259|#8C9099|#FFE800,24.5302,15.5501,14.6314,14.0329,13.5292,28.0820,14.7915
2261,Azure Blue|Purple|Olive Green|Pink,#0066D9|#6C47B2|#948902|#F1A1AF,39.9456,16.6070,14.3815,12.9921,11.8653,37.7102,14.7995
2262,Black|Polymaker Teal|Brown|Magenta,#080A0D|#4CC0C7|#55331A|#F24574,25.3152,15.3950,14.3591,14.2340,14.3845,32.5315,14.8145
2263,Polymaker Teal|Brown|Purple|Grey,#4CC0C7|#55331A|#6C47B2|#8C9099,22.1821,15.0974,14.6198,14.5373,14.6117,35.1771,14.8174
2264,Azure Blue|Green|Grey|Red,#0066D9|#06924D|#8C9099|#E72F1D,27.3818,16.1070,14.6702,13.5358,12.4245,37.2121,14.8214
2265,Dark Olive Drab|Purple|Tan|Yellow,#575B54|#6C47B2|#A79E82|#FFE800,22.3496,15.8437,14.6745,13.8002,13.0186,33.5567,14.8219
2266,Black|Polymaker Teal|Olive Green|Cold White,#080A0D|#4CC0C7|#948902|#D9DFE5,39.7383,16.4178,14.0351,13.2414,12.9679,28.1954,14.8296
2267,Blue|Pink|Magenta|Yellow,#003776|#F1A1AF|#F24574|#FFE800,28.0327,15.9198,14.6095,13.7408,13.0260,31.0795,14.8303
2268,Dark Grey|Polymaker Teal|Dark Olive Drab|Yellow,#485259|#4CC0C7|#575B54|#FFE800,20.7551,15.3299,14.7204,14.3310,14.0631,26.3835,14.8305
2269,Black|Dark Olive Drab|Purple|Olive Green,#080A0D|#575B54|#6C47B2|#948902,33.1453,16.6762,14.2476,13.0168,12.3821,47.9271,14.8465
2270,Azure Blue|Black|Brown|Grey,#0066D9|#080A0D|#55331A|#8C9099,21.9875,14.9346,14.6194,14.7593,15.0605,41.7662,14.8469
2271,Blue|Black|Brown|Olive Green,#003776|#080A0D|#55331A|#948902,33.2923,16.1770,14.1083,13.5180,13.4725,43.2081,14.8475
2272,Azure Blue|Dark Olive Drab|Purple|Olive Green,#0066D9|#575B54|#6C47B2|#948902,29.8888,16.2694,14.5166,13.4287,12.5978,36.0299,14.8490
2273,Blue|Dark Grey|White|Yellow,#003776|#485259|#EBF7FF|#FFE800,24.0553,15.6097,14.6853,14.0888,13.6643,27.0712,14.8493
2274,Azure Blue|Green|Cold White|Magenta,#0066D9|#06924D|#D9DFE5|#F24574,31.3817,16.0972,14.5613,13.6163,12.8692,35.5709,14.8568
2275,Azure Blue|Dark Grey|Purple|Olive Green,#0066D9|#485259|#6C47B2|#948902,35.1592,16.5100,14.4304,13.2044,12.2929,36.1324,14.8572
2276,Green|Purple|Olive Green|Pink,#06924D|#6C47B2|#948902|#F1A1AF,39.8808,16.6607,14.3877,13.0554,12.0348,38.0287,14.8580
2277,Dark Grey|Polymaker Teal|Brown|Grey,#485259|#4CC0C7|#55331A|#8C9099,21.6115,14.9607,14.6685,14.7587,15.0141,35.1868,14.8597
2278,Blue|Green|Pink|Yellow,#003776|#06924D|#F1A1AF|#FFE800,29.0507,16.0608,14.6436,13.6605,12.8077,30.6923,14.8607
2279,Blue|Grey|Lime Green|Pink,#003776|#8C9099|#D5D701|#F1A1AF,28.3438,15.9529,14.6313,13.7709,13.0654,31.2893,14.8619
2280,Green|Brown|Lime Green|Magenta,#06924D|#55331A|#D5D701|#F24574,25.3933,15.5955,14.4919,14.1329,14.0666,36.8117,14.8642
2281,Azure Blue|Dark Grey|Dark Olive Drab|Olive Green,#0066D9|#485259|#575B54|#948902,27.7824,15.9719,14.6085,13.7621,13.1143,35.1284,14.8670
2282,Blue|Polymaker Teal|Lime Green|Pink,#003776|#4CC0C7|#D5D701|#F1A1AF,28.8794,15.9402,14.6029,13.8033,13.1980,31.7375,14.8718
2283,Blue|Azure Blue|Olive Green|Cold White,#003776|#0066D9|#948902|#D9DFE5,40.3696,16.1650,14.4398,13.5800,12.9588,29.1853,14.8725
2284,Blue|Brown|Purple|Olive Green,#003776|#55331A|#6C47B2|#948902,33.7199,16.3786,14.1544,13.3683,13.1877,43.2096,14.8735
2285,Green|Polymaker Teal|Grey|Red,#06924D|#4CC0C7|#8C9099|#E72F1D,27.0280,16.1817,14.7326,13.5729,12.4179,37.6068,14.8773
2286,Blue|Azure Blue|Purple|Olive Green,#003776|#0066D9|#6C47B2|#948902,45.1968,16.9233,14.3365,12.8371,11.6887,36.9130,14.8802
2287,Azure Blue|Olive Green|Red|Orange,#0066D9|#948902|#E72F1D|#F67405,35.1623,16.7516,14.5402,13.0250,11.7317,40.2644,14.8883
2288,Blue|Green|Dark Olive Drab|Yellow,#003776|#06924D|#575B54|#FFE800,22.9452,15.6397,14.7774,14.1438,13.5943,32.0264,14.8917
2289,Azure Blue|Olive Green|Magenta|Orange,#0066D9|#948902|#F24574|#F67405,35.1662,16.7547,14.5456,13.0316,11.7386,40.2644,14.8931
2290,Blue|Azure Blue|Dark Grey|Olive Green,#003776|#0066D9|#485259|#948902,33.4171,16.1644,14.5144,13.6254,13.0090,35.1651,14.8949
2291,Azure Blue|Black|Grey|Lime Green,#0066D9|#080A0D|#8C9099|#D5D701,31.3688,15.7854,14.4815,14.0063,13.8480,25.9331,14.8959
2292,Blue|Dark Olive Drab|Grey|Lime Green,#003776|#575B54|#8C9099|#D5D701,22.1035,15.5144,14.7768,14.2857,13.8856,26.0208,14.9000
2293,Azure Blue|Dark Olive Drab|Lime Green|White,#0066D9|#575B54|#D5D701|#EBF7FF,20.9600,15.4844,14.7833,14.3264,14.0004,25.5035,14.9054
2294,Blue|Polymaker Teal|Brown|Magenta,#003776|#4CC0C7|#55331A|#F24574,25.6868,15.5706,14.4629,14.2446,14.3299,32.5441,14.9076
2295,Blue|Dark Olive Drab|Lime Green|Yellow,#003776|#575B54|#D5D701|#FFE800,22.9837,15.6614,14.7957,14.1602,13.6111,32.0396,14.9108
2296,Purple|Grey|Olive Green|Orange,#6C47B2|#8C9099|#948902|#F67405,34.1898,16.4236,14.5948,13.4001,12.3814,38.6074,14.9119
2297,Azure Blue|Polymaker Teal|Brown|Magenta,#0066D9|#4CC0C7|#55331A|#F24574,25.6729,15.6049,14.4865,14.2496,14.3190,32.5308,14.9273
2298,Blue|White|Pink|Yellow,#003776|#EBF7FF|#F1A1AF|#FFE800,28.0384,15.9420,14.6812,13.9327,13.4207,32.2733,14.9374
2299,Blue|Purple|Olive Green|White,#003776|#6C47B2|#948902|#EBF7FF,44.3864,16.6423,14.3965,13.2341,12.4103,34.1332,14.9382
2300,Green|Brown|Purple|Lime Green,#06924D|#55331A|#6C47B2|#D5D701,26.5789,16.9159,14.3185,12.9640,12.4032,32.0563,14.9400
2301,Blue|Green|Grey|Magenta,#003776|#06924D|#8C9099|#F24574,29.8520,16.1713,14.7366,13.7376,12.8249,33.8095,14.9545
2302,Blue|Dark Grey|Cold White|Yellow,#003776|#485259|#D9DFE5|#FFE800,25.0309,15.7039,14.7668,14.2160,13.8223,28.0331,14.9599
2303,Polymaker Teal|Brown|Purple|Magenta,#4CC0C7|#55331A|#6C47B2|#F24574,25.7116,15.6799,14.5234,14.2443,14.2777,32.5883,14.9621
2304,Azure Blue|Olive Green|Cold White|Magenta,#0066D9|#948902|#D9DFE5|#F24574,37.1932,16.3672,14.5768,13.5616,12.7813,35.9564,14.9644
2305,Polymaker Teal|Purple|Olive Green|Pink,#4CC0C7|#6C47B2|#948902|#F1A1AF,42.1769,16.7926,14.4634,13.1603,12.2021,40.2925,14.9764
2306,Black|Brown|Dark Olive Drab|Magenta,#080A0D|#55331A|#575B54|#F24574,22.1850,15.1754,14.7204,14.7864,15.0986,55.3078,14.9809
2307,Blue|Polymaker Teal|Lime Green|Magenta,#003776|#4CC0C7|#D5D701|#F24574,29.6265,16.0288,14.7134,13.9334,13.3153,31.3104,14.9811
2308,Blue|Olive Green|Cold White|White,#003776|#948902|#D9DFE5|#EBF7FF,37.4950,16.1826,14.6532,13.7827,13.1090,30.3568,14.9826
2309,Blue|Grey|Olive Green|White,#003776|#8C9099|#948902|#EBF7FF,36.4054,16.1085,14.6813,13.8618,13.2108,29.8179,14.9852
2310,Blue|Polymaker Teal|Olive Green|White,#003776|#4CC0C7|#948902|#EBF7FF,37.4963,16.1855,14.6569,13.7859,13.1095,30.3568,14.9857
2311,Polymaker Teal|Dark Olive Drab|Purple|Magenta,#4CC0C7|#575B54|#6C47B2|#F24574,22.8003,15.6125,14.8050,14.3632,14.1022,32.3539,14.9878
2312,Green|Brown|Red|Magenta,#06924D|#55331A|#E72F1D|#F24574,26.8262,15.8349,14.6160,14.1514,13.9811,40.2959,14.9931
2313,Azure Blue|Dark Grey|Purple|Orange,#0066D9|#485259|#6C47B2|#F67405,22.1983,15.5053,14.8522,14.4887,14.2890,45.5493,14.9970
2314,Azure Blue|Dark Grey|Magenta|Orange,#0066D9|#485259|#F24574|#F67405,22.1983,15.5054,14.8522,14.4888,14.2891,45.5493,14.9971
2315,Azure Blue|Dark Grey|Red|Orange,#0066D9|#485259|#E72F1D|#F67405,22.1991,15.5058,14.8530,14.4901,14.2910,45.5493,14.9979
2316,Azure Blue|Dark Grey|Polymaker Teal|Yellow,#0066D9|#485259|#4CC0C7|#FFE800,24.0844,15.9180,14.8135,14.0866,13.5491,29.0357,15.0023
2317,Blue|Azure Blue|Dark Grey|Orange,#003776|#0066D9|#485259|#F67405,22.2082,15.5092,14.8567,14.4966,14.2997,45.5493,15.0029
2318,Green|Purple|Red|Pink,#06924D|#6C47B2|#E72F1D|#F1A1AF,32.3950,16.6082,14.6500,13.3985,12.4259,36.9822,15.0034
2319,Azure Blue|Polymaker Teal|Brown|Grey,#0066D9|#4CC0C7|#55331A|#8C9099,22.3367,15.2449,14.8044,14.7756,14.9100,40.0448,15.0103
2320,Polymaker Teal|Dark Olive Drab|Grey|Magenta,#4CC0C7|#575B54|#8C9099|#F24574,22.1067,15.5630,14.8567,14.4679,14.2207,32.0853,15.0155
2321,Azure Blue|Dark Grey|White|Yellow,#0066D9|#485259|#EBF7FF|#FFE800,23.3539,15.8369,14.8605,14.2050,13.7279,28.3819,15.0209
2322,Azure Blue|Green|Dark Grey|Yellow,#0066D9|#06924D|#485259|#FFE800,24.1023,15.9372,14.8337,14.1090,13.5726,29.0864,15.0231
2323,Azure Blue|Polymaker Teal|Dark Olive Drab|Magenta,#0066D9|#4CC0C7|#575B54|#F24574,22.8135,15.6420,14.8434,14.4141,14.1613,32.3747,15.0280
2324,Blue|Azure Blue|Brown|Grey,#003776|#0066D9|#55331A|#8C9099,22.3041,15.2157,14.8212,14.8406,15.0245,41.7594,15.0282
2325,Blue|Lime Green|White|Pink,#003776|#D5D701|#EBF7FF|#F1A1AF,28.7797,16.0837,14.7758,13.9729,13.3938,32.8404,15.0283
2326,Azure Blue|Dark Grey|Grey|Yellow,#0066D9|#485259|#8C9099|#FFE800,23.7564,15.8849,14.8538,14.1723,13.6440,29.1153,15.0286
2327,Blue|Tan|Lime Green|Pink,#003776|#A79E82|#D5D701|#F1A1AF,25.4057,15.9771,14.8877,14.0806,13.3405,30.9275,15.0289
2328,Black|Purple|Olive Green|Yellow,#080A0D|#6C47B2|#948902|#FFE800,35.7495,16.6280,14.2848,13.4385,13.0930,38.3661,15.0333
2329,Dark Grey|Polymaker Teal|Dark Olive Drab|Magenta,#485259|#4CC0C7|#575B54|#F24574,22.7546,15.6119,14.8479,14.4591,14.2492,32.2975,15.0355
2330,Dark Olive Drab|Purple|Cold White|Yellow,#575B54|#6C47B2|#D9DFE5|#FFE800,22.8314,15.9096,14.8350,14.1669,13.6888,33.2561,15.0383
2331,Azure Blue|Brown|Purple|Grey,#0066D9|#55331A|#6C47B2|#8C9099,22.2645,15.2569,14.8423,14.8270,14.9736,41.7629,15.0420
2332,Dark Grey|Grey|Lime Green|Cold White,#485259|#8C9099|#D5D701|#D9DFE5,22.5870,15.6119,14.8981,14.4762,14.1717,23.5482,15.0440
2333,Black|Polymaker Teal|Dark Olive Drab|Olive Green,#080A0D|#4CC0C7|#575B54|#948902,26.3771,15.6587,14.7348,14.4339,14.3806,33.3085,15.0463
2334,Green|Purple|Red|Magenta,#06924D|#6C47B2|#E72F1D|#F24574,35.6673,17.2809,14.6428,12.8145,11.2587,41.6546,15.0477
2335,Azure Blue|Polymaker Teal|Dark Olive Drab|Olive Green,#0066D9|#4CC0C7|#575B54|#948902,27.8120,16.1082,14.7771,13.9896,13.4109,33.5819,15.0489
2336,Blue|Polymaker Teal|Dark Olive Drab|Magenta,#003776|#4CC0C7|#575B54|#F24574,22.8797,15.6392,14.8594,14.4591,14.2400,32.3199,15.0492
2337,Blue|Black|Polymaker Teal|Red,#003776|#080A0D|#4CC0C7|#E72F1D,29.1331,15.8505,14.6987,14.2565,14.0648,28.7458,15.0535
2338,Black|Polymaker Teal|Purple|Red,#080A0D|#4CC0C7|#6C47B2|#E72F1D,29.1331,15.8505,14.6987,14.2565,14.0648,28.7458,15.0535
2339,Green|Purple|Olive Green|Red,#06924D|#6C47B2|#948902|#E72F1D,37.8692,17.4298,14.5967,12.6794,11.0828,41.8797,15.0546
2340,Blue|Green|Lime Green|Pink,#003776|#06924D|#D5D701|#F1A1AF,29.1006,16.2311,14.8425,13.8790,13.0517,30.8739,15.0550
2341,Black|Polymaker Teal|Red|Magenta,#080A0D|#4CC0C7|#E72F1D|#F24574,29.1385,15.8573,14.7029,14.2598,14.0687,28.7477,15.0586
2342,Azure Blue|Black|Polymaker Teal|Red,#0066D9|#080A0D|#4CC0C7|#E72F1D,29.1372,15.8545,14.7047,14.2630,14.0717,28.7486,15.0588
2343,Blue|Green|Olive Green|White,#003776|#06924D|#948902|#EBF7FF,37.4964,16.2575,14.7353,13.8683,13.1986,30.3872,15.0629
2344,Green|Olive Green|Cold White|Magenta,#06924D|#948902|#D9DFE5|#F24574,31.5720,16.4911,14.8367,13.6615,12.5889,38.9751,15.0763
2345,Dark Grey|Brown|Dark Olive Drab|Magenta,#485259|#55331A|#575B54|#F24574,22.3888,15.3579,14.8306,14.7959,15.0192,55.3089,15.0769
2346,Blue|Red|Magenta|Yellow,#003776|#E72F1D|#F24574|#FFE800,30.5142,16.2569,14.8033,13.9037,13.1617,35.0147,15.0803
2347,Green|Dark Grey|Olive Green|Yellow,#06924D|#485259|#948902|#FFE800,24.0411,15.8959,14.9547,14.2745,13.6934,37.1343,15.0852
2348,Dark Grey|Olive Green|Lime Green|Yellow,#485259|#948902|#D5D701|#FFE800,24.0415,15.8966,14.9553,14.2747,13.6929,37.1397,15.0857
2349,Blue|Dark Grey|Dark Olive Drab|Yellow,#003776|#485259|#575B54|#FFE800,23.1777,15.8257,14.9763,14.3470,13.8015,31.8363,15.0864
2350,Blue|Polymaker Teal|Olive Green|Cold White,#003776|#4CC0C7|#948902|#D9DFE5,43.1090,16.4792,14.5879,13.7427,13.2122,29.3405,15.1110
2351,Azure Blue|Purple|Olive Green|Cold White,#0066D9|#6C47B2|#948902|#D9DFE5,46.3416,16.9633,14.5289,13.2647,12.3570,36.5082,15.1140
2352,Dark Olive Drab|Purple|Olive Green|Yellow,#575B54|#6C47B2|#948902|#FFE800,25.1254,16.4040,14.9332,13.8256,12.8504,35.4049,15.1148
2353,Green|Dark Grey|White|Pink,#06924D|#485259|#EBF7FF|#F1A1AF,24.0147,15.8418,14.9567,14.3878,13.9362,25.9213,15.1148
2354,Azure Blue|Green|Olive Green|Red,#0066D9|#06924D|#948902|#E72F1D,31.9768,16.7069,14.8682,13.5484,12.3411,38.2594,15.1276
2355,Green|Grey|Lime Green|Red,#06924D|#8C9099|#D5D701|#E72F1D,25.4251,16.2496,15.0257,14.0080,12.9954,37.4614,15.1288
2356,Black|Dark Grey|Cold White|Red,#080A0D|#485259|#D9DFE5|#E72F1D,24.3766,15.6646,14.8979,14.5986,14.4905,26.6062,15.1316
2357,Azure Blue|Dark Grey|Brown|Grey,#0066D9|#485259|#55331A|#8C9099,21.8305,15.2084,14.9344,15.0563,15.3542,41.8097,15.1323
2358,Azure Blue|Brown|Dark Olive Drab|Grey,#0066D9|#55331A|#575B54|#8C9099,21.0765,15.2310,14.9630,15.0364,15.2887,41.7907,15.1337
2359,Blue|Azure Blue|Olive Green|White,#003776|#0066D9|#948902|#EBF7FF,37.4941,16.3515,14.8351,13.9546,13.2703,30.7044,15.1530
2360,Purple|Grey|Olive Green|Cold White,#6C47B2|#8C9099|#948902|#D9DFE5,46.9434,17.0164,14.5678,13.2937,12.3438,38.1698,15.1551
2361,Black|Purple|Cold White|Red,#080A0D|#6C47B2|#D9DFE5|#E72F1D,32.1406,15.9822,14.7274,14.3387,14.1902,27.4808,15.1604
2362,Blue|Dark Olive Drab|Lime Green|White,#003776|#575B54|#D5D701|#EBF7FF,22.4547,15.7774,15.0227,14.5441,14.1983,26.3485,15.1607
2363,Black|Cold White|Red|Magenta,#080A0D|#D9DFE5|#E72F1D|#F24574,32.1435,15.9857,14.7306,14.3410,14.1918,27.4810,15.1633
2364,Dark Grey|Polymaker Teal|Olive Green|Yellow,#485259|#4CC0C7|#948902|#FFE800,23.5430,15.7912,14.9969,14.5358,14.2326,26.2963,15.1635
2365,Black|Purple|Grey|Yellow,#080A0D|#6C47B2|#8C9099|#FFE800,27.9523,15.9024,14.9227,14.4253,14.0913,32.5250,15.1639
2366,Brown|Purple|Lime Green|Yellow,#55331A|#6C47B2|#D5D701|#FFE800,25.1579,16.9799,14.6894,13.3578,12.7085,31.9371,15.1689
2367,Blue|Azure Blue|Green|Orange,#003776|#0066D9|#06924D|#F67405,28.7527,16.3662,14.9351,13.9809,13.1531,33.7488,15.1735
2368,Blue|Brown|Dark Olive Drab|Magenta,#003776|#55331A|#575B54|#F24574,22.5648,15.4479,14.9201,14.9047,15.1274,55.3097,15.1763
2369,Green|Purple|Tan|Red,#06924D|#6C47B2|#A79E82|#E72F1D,29.3143,16.5550,14.9040,13.8014,12.8900,36.8169,15.1782
2370,Dark Olive Drab|Purple|Grey|Magenta,#575B54|#6C47B2|#8C9099|#F24574,22.1081,15.7297,15.0281,14.6300,14.3649,37.0052,15.1798
2371,Brown|Purple|Olive Green|Yellow,#55331A|#6C47B2|#948902|#FFE800,25.3855,17.0381,14.6850,13.3228,12.6701,31.9012,15.1805
2372,Blue|Black|Cold White|Red,#003776|#080A0D|#D9DFE5|#E72F1D,32.1285,16.0083,14.7515,14.3610,14.2124,27.4766,15.1846
2373,Azure Blue|Dark Olive Drab|Lime Green|Cold White,#0066D9|#575B54|#D5D701|#D9DFE5,21.8418,15.8144,15.0361,14.5615,14.2381,25.8509,15.1880
2374,Black|Dark Grey|Purple|Olive Green,#080A0D|#485259|#6C47B2|#948902,35.2797,16.8746,14.6081,13.5096,12.9023,42.7257,15.1921
2375,Green|Grey|Tan|Magenta,#06924D|#8C9099|#A79E82|#F24574,25.5595,16.3739,15.1071,14.0217,12.9355,38.5987,15.1978
2376,Azure Blue|Black|Dark Olive Drab|Lime Green,#0066D9|#080A0D|#575B54|#D5D701,28.2979,15.9575,14.8712,14.4595,14.3189,25.8084,15.2085
2377,Green|Dark Grey|Polymaker Teal|Yellow,#06924D|#485259|#4CC0C7|#FFE800,22.8283,15.7999,15.0713,14.6365,14.3423,26.0760,15.2182
2378,Polymaker Teal|Purple|Olive Green|Magenta,#4CC0C7|#6C47B2|#948902|#F24574,42.4163,17.0689,14.7199,13.3695,12.3254,39.1311,15.2192
2379,Green|Dark Grey|Lime Green|Yellow,#06924D|#485259|#D5D701|#FFE800,23.4022,15.9822,15.1148,14.4566,13.8712,37.9553,15.2194
2380,Blue|Green|Polymaker Teal|Orange,#003776|#06924D|#4CC0C7|#F67405,26.8970,16.1393,15.0080,14.3038,13.7186,28.6225,15.2215
2381,Dark Grey|Polymaker Teal|Lime Green|Yellow,#485259|#4CC0C7|#D5D701|#FFE800,22.8423,15.8067,15.0771,14.6413,14.3464,26.0673,15.2240
2382,Dark Grey|Dark Olive Drab|Grey|Magenta,#485259|#575B54|#8C9099|#F24574,22.0718,15.7336,15.0721,14.7266,14.5127,36.9824,15.2301
2383,Black|Purple|Olive Green|Lime Green,#080A0D|#6C47B2|#948902|#D5D701,37.8775,17.0054,14.3955,13.4552,13.1018,37.8791,15.2303
2384,Blue|Polymaker Teal|Dark Olive Drab|Yellow,#003776|#4CC0C7|#575B54|#FFE800,22.4808,15.8301,15.1022,14.6436,14.3151,27.4894,15.2368
2385,Green|Polymaker Teal|Purple|Magenta,#06924D|#4CC0C7|#6C47B2|#F24574,34.8398,16.8057,14.8346,13.6688,12.7880,35.8350,15.2372
2386,Blue|Dark Olive Drab|Grey|Magenta,#003776|#575B54|#8C9099|#F24574,22.1913,15.7585,15.0832,14.7265,14.5027,36.9889,15.2425
2387,Green|Purple|Grey|Red,#06924D|#6C47B2|#8C9099|#E72F1D,29.7789,16.5926,15.0183,13.9239,12.9331,37.7679,15.2583
2388,Azure Blue|Dark Olive Drab|Grey|Magenta,#0066D9|#575B54|#8C9099|#F24574,22.1617,15.7973,15.1085,14.7305,14.4855,38.9660,15.2639
2389,Dark Grey|Polymaker Teal|Grey|Lime Green,#485259|#4CC0C7|#8C9099|#D5D701,22.9393,15.8740,15.1332,14.6646,14.2960,24.9240,15.2693
2390,Azure Blue|Dark Grey|Polymaker Teal|Olive Green,#0066D9|#485259|#4CC0C7|#948902,32.7860,16.4835,14.9239,14.0731,13.4709,33.6400,15.2783
2391,Azure Blue|Black|Purple|Yellow,#0066D9|#080A0D|#6C47B2|#FFE800,31.3056,16.3437,14.9140,14.2295,13.8351,34.0111,15.2866
2392,Blue|Black|Dark Olive Drab|Olive Green,#003776|#080A0D|#575B54|#948902,26.8200,16.0934,15.0004,14.4864,14.2039,41.2252,15.2899
2393,Green|Dark Grey|Lime Green|Cold White,#06924D|#485259|#D5D701|#D9DFE5,23.7856,15.9343,15.1120,14.6459,14.3256,23.9145,15.2901
2394,Dark Grey|Polymaker Teal|Lime Green|Cold White,#485259|#4CC0C7|#D5D701|#D9DFE5,23.7879,15.9360,15.1123,14.6452,14.3248,23.9204,15.2906
2395,Green|Dark Grey|Grey|Lime Green,#06924D|#485259|#8C9099|#D5D701,22.8880,15.8956,15.1582,14.6863,14.2978,24.8268,15.2910
2396,Azure Blue|Grey|Olive Green|Orange,#0066D9|#8C9099|#948902|#F67405,29.1954,16.6033,15.1341,13.9810,12.8678,37.9271,15.2922
2397,Brown|Purple|Olive Green|Lime Green,#55331A|#6C47B2|#948902|#D5D701,26.2299,17.1933,14.7214,13.4148,12.8402,31.8251,15.3041
2398,Azure Blue|Green|Purple|Magenta,#0066D9|#06924D|#6C47B2|#F24574,34.6516,16.9656,14.9878,13.6766,12.5681,38.0576,15.3211
2399,Azure Blue|Dark Grey|Lime Green|Yellow,#0066D9|#485259|#D5D701|#FFE800,24.2576,16.2012,15.1413,14.4437,13.9300,28.9750,15.3225
2400,Blue|Azure Blue|Lime Green|Pink,#003776|#0066D9|#D5D701|#F1A1AF,29.1455,16.4480,15.0974,14.2286,13.5400,32.6118,15.3383
2401,Azure Blue|Olive Green|Tan|Red,#0066D9|#948902|#A79E82|#E72F1D,26.9105,16.5265,15.2237,14.1642,13.1466,37.0293,15.3453
2402,Blue|Black|Dark Olive Drab|Lime Green,#003776|#080A0D|#575B54|#D5D701,23.0193,15.7513,15.1868,14.9522,14.8394,34.4613,15.3518
2403,Green|Grey|Tan|Red,#06924D|#8C9099|#A79E82|#E72F1D,23.1457,16.4371,15.3154,14.2733,13.1880,38.6681,15.3552
2404,Black|Dark Grey|Polymaker Teal|Red,#080A0D|#485259|#4CC0C7|#E72F1D,24.4847,15.9366,15.1067,14.7758,14.6581,28.7612,15.3562
2405,Black|Brown|Purple|Yellow,#080A0D|#55331A|#6C47B2|#FFE800,24.7694,16.8594,14.8815,13.8539,13.4496,31.2244,15.3567
2406,Azure Blue|Green|Dark Olive Drab|Olive Green,#0066D9|#06924D|#575B54|#948902,28.0186,16.4393,15.1035,14.2853,13.6656,38.3253,15.3623
2407,Blue|Dark Grey|Olive Green|Yellow,#003776|#485259|#948902|#FFE800,26.4318,16.2637,15.1827,14.4661,13.8882,31.8632,15.3649
2408,Green|Purple|Tan|Magenta,#06924D|#6C47B2|#A79E82|#F24574,30.4757,16.7482,15.0927,14.0102,13.1291,36.2289,15.3792
2409,Brown|Dark Olive Drab|Purple|Magenta,#55331A|#575B54|#6C47B2|#F24574,22.6263,15.6802,15.1331,15.0804,15.2392,55.3141,15.3803
2410,Blue|Olive Green|Cold White|Yellow,#003776|#948902|#D9DFE5|#FFE800,33.0181,16.3775,15.0785,14.4153,13.9673,30.5386,15.3964
2411,Azure Blue|Brown|Dark Olive Drab|Magenta,#0066D9|#55331A|#575B54|#F24574,22.6547,15.6678,15.1422,15.1302,15.3664,57.4340,15.3990
2412,Black|Grey|Cold White|Red,#080A0D|#8C9099|#D9DFE5|#E72F1D,26.6344,15.8367,15.1680,14.9759,14.9515,27.2138,15.4063
2413,Black|Dark Grey|Dark Olive Drab|Olive Green,#080A0D|#485259|#575B54|#948902,26.4190,16.1480,15.1321,14.6698,14.4294,42.5605,15.4089
2414,Dark Olive Drab|Purple|Grey|Yellow,#575B54|#6C47B2|#8C9099|#FFE800,23.0212,16.3205,15.2432,14.5074,13.8975,33.9135,15.4139
2415,Blue|Red|White|Yellow,#003776|#E72F1D|#EBF7FF|#FFE800,28.0785,16.4122,15.1735,14.4210,13.8897,33.0550,15.4166
2416,Azure Blue|Dark Grey|Dark Olive Drab|Lime Green,#0066D9|#485259|#575B54|#D5D701,22.1819,16.0400,15.2695,14.7992,14.4670,25.1292,15.4196
2417,Blue|Tan|Cold White|Magenta,#003776|#A79E82|#D9DFE5|#F24574,23.8822,16.1499,15.2968,14.6944,14.1895,31.6676,15.4222
2418,Blue|Dark Olive Drab|Purple|Tan,#003776|#575B54|#6C47B2|#A79E82,20.4933,16.1242,15.3372,14.7247,14.1892,31.1060,15.4244
2419,Black|Polymaker Teal|Dark Olive Drab|Lime Green,#080A0D|#4CC0C7|#575B54|#D5D701,22.0402,15.6796,15.2665,15.1733,15.2179,29.1887,15.4264
2420,Blue|Polymaker Teal|Magenta|Yellow,#003776|#4CC0C7|#F24574|#FFE800,28.9744,16.3920,15.1681,14.4621,13.9269,30.9681,15.4271
2421,Black|Brown|Purple|Lime Green,#080A0D|#55331A|#6C47B2|#D5D701,25.5991,16.9605,14.8818,13.8965,13.5499,31.2934,15.4285
2422,Blue|Tan|Cold White|Yellow,#003776|#A79E82|#D9DFE5|#FFE800,25.2767,16.2157,15.2936,14.6500,14.1234,30.2178,15.4328
2423,Blue|Grey|Magenta|Yellow,#003776|#8C9099|#F24574|#FFE800,26.9632,16.3693,15.2628,14.5130,13.8762,30.7694,15.4412
2424,Green|Grey|Cold White|Magenta,#06924D|#8C9099|#D9DFE5|#F24574,29.2058,16.6902,15.2593,14.1933,13.2024,37.2676,15.4417
2425,Azure Blue|Green|Dark Olive Drab|Lime Green,#0066D9|#06924D|#575B54|#D5D701,22.1861,16.0962,15.3000,14.7981,14.4320,26.0180,15.4472
2426,Azure Blue|Polymaker Teal|Dark Olive Drab|Lime Green,#0066D9|#4CC0C7|#575B54|#D5D701,22.1859,16.0966,15.3007,14.7990,14.4330,26.0180,15.4478
2427,Green|Dark Grey|Purple|Pink,#06924D|#485259|#6C47B2|#F1A1AF,25.6237,16.3725,15.2766,14.5397,13.8978,28.3520,15.4561
2428,Blue|Azure Blue|Grey|Olive Green,#003776|#0066D9|#8C9099|#948902,36.0932,16.6805,15.2204,14.2728,13.4256,34.5150,15.4766
2429,Green|Polymaker Teal|Cold White|Magenta,#06924D|#4CC0C7|#D9DFE5|#F24574,31.0790,16.8264,15.2416,14.1291,13.1560,39.5618,15.4778
2430,Black|Dark Olive Drab|Olive Green|Lime Green,#080A0D|#575B54|#948902|#D5D701,23.0948,15.9139,15.3215,15.0591,14.9209,42.5072,15.4865
2431,Azure Blue|Olive Green|Cold White|Red,#0066D9|#948902|#D9DFE5|#E72F1D,35.4379,16.7338,15.1400,14.2551,13.5413,36.1018,15.4945
2432,Dark Grey|Dark Olive Drab|Purple|Tan,#485259|#575B54|#6C47B2|#A79E82,20.3475,16.1899,15.4093,14.7998,14.2634,31.3988,15.4948
2433,Blue|Grey|Olive Green|Yellow,#003776|#8C9099|#948902|#FFE800,30.9269,16.4467,15.2905,14.5553,13.9194,29.4839,15.5010
2434,Azure Blue|Green|Red|Magenta,#0066D9|#06924D|#E72F1D|#F24574,31.0279,16.9925,15.2669,14.0141,12.8584,38.3097,15.5033
2435,Polymaker Teal|Grey|Olive Green|Magenta,#4CC0C7|#8C9099|#948902|#F24574,32.4272,16.9844,15.3012,14.0223,12.7778,40.9916,15.5034
2436,Black|Dark Grey|Purple|Yellow,#080A0D|#485259|#6C47B2|#FFE800,25.1698,16.4481,15.3243,14.5876,13.9968,36.1623,15.5179
2437,Blue|Purple|Tan|Magenta,#003776|#6C47B2|#A79E82|#F24574,24.0527,16.3407,15.4281,14.7142,14.0538,31.7339,15.5275
2438,Dark Olive Drab|Purple|Tan|Lime Green,#575B54|#6C47B2|#A79E82|#D5D701,22.9448,16.5013,15.3784,14.5621,13.8451,33.3606,15.5317
2439,Blue|Polymaker Teal|Pink|Yellow,#003776|#4CC0C7|#F1A1AF|#FFE800,27.8130,16.4764,15.3212,14.5892,13.9982,31.4115,15.5328
2440,Green|Brown|Magenta|Yellow,#06924D|#55331A|#F24574|#FFE800,25.1272,16.2250,15.2136,14.8461,14.7594,36.9554,15.5356
2441,Blue|Olive Green|White|Yellow,#003776|#948902|#EBF7FF|#FFE800,33.9195,16.6200,15.2454,14.4516,13.8817,31.0827,15.5358
2442,Blue|Azure Blue|Olive Green|Yellow,#003776|#0066D9|#948902|#FFE800,34.0057,16.6456,15.2351,14.4432,13.8746,30.3049,15.5444
2443,Dark Grey|Polymaker Teal|Dark Olive Drab|Olive Green,#485259|#4CC0C7|#575B54|#948902,26.3460,16.3488,15.2845,14.7496,14.4382,33.4418,15.5492
2444,Green|Black|Dark Olive Drab|Lime Green,#06924D|#080A0D|#575B54|#D5D701,22.5778,15.9269,15.4195,15.1864,15.0555,42.5073,15.5566
2445,Blue|Grey|Pink|Yellow,#003776|#8C9099|#F1A1AF|#FFE800,26.8405,16.5021,15.3914,14.6147,13.9316,31.1723,15.5584
2446,Blue|Polymaker Teal|Dark Olive Drab|Olive Green,#003776|#4CC0C7|#575B54|#948902,27.9781,16.4493,15.2677,14.6780,14.3325,33.4930,15.5637
2447,Azure Blue|Green|Polymaker Teal|Magenta,#0066D9|#06924D|#4CC0C7|#F24574,31.6864,16.8963,15.3166,14.2352,13.2741,35.8219,15.5657
2448,Purple|Olive Green|Tan|Cold White,#6C47B2|#948902|#A79E82|#D9DFE5,40.3963,17.1472,15.0949,13.9852,13.1495,38.6378,15.5662
2449,Green|Purple|Olive Green|Tan,#06924D|#6C47B2|#948902|#A79E82,40.4851,17.2302,15.1184,13.9209,12.9518,37.8881,15.5756
2450,Blue|Black|Lime Green|Cold White,#003776|#080A0D|#D5D701|#D9DFE5,32.2448,16.4093,15.1870,14.7425,14.5462,27.3684,15.5759
2451,Green|Tan|Cold White|Magenta,#06924D|#A79E82|#D9DFE5|#F24574,26.4129,16.7721,15.4676,14.3880,13.3317,39.5464,15.5800
2452,Purple|Olive Green|Tan|Pink,#6C47B2|#948902|#A79E82|#F1A1AF,37.2761,17.0695,15.2270,14.0973,13.1855,39.0740,15.5834
2453,Polymaker Teal|Dark Olive Drab|Purple|Olive Green,#4CC0C7|#575B54|#6C47B2|#948902,29.4735,16.8557,15.2420,14.3258,13.7047,34.4722,15.5907
2454,Blue|Grey|Tan|Magenta,#003776|#8C9099|#A79E82|#F24574,23.9973,16.4006,15.4959,14.7842,14.1257,31.7200,15.5924
2455,Azure Blue|Olive Green|Cold White|Orange,#0066D9|#948902|#D9DFE5|#F67405,33.5599,16.7555,15.2714,14.4319,13.7847,36.8950,15.5937
2456,Blue|Azure Blue|Tan|Magenta,#003776|#0066D9|#A79E82|#F24574,23.9417,16.3957,15.5016,14.7929,14.1259,31.8090,15.5943
2457,Black|Polymaker Teal|Grey|Red,#080A0D|#4CC0C7|#8C9099|#E72F1D,26.9417,16.1354,15.3433,15.0568,14.9645,28.9282,15.5961
2458,Blue|Polymaker Teal|Tan|Yellow,#003776|#4CC0C7|#A79E82|#FFE800,25.5262,16.4746,15.4952,14.7305,14.0294,30.2329,15.6025
2459,Blue|White|Magenta|Yellow,#003776|#EBF7FF|#F24574|#FFE800,28.8348,16.6182,15.3714,14.6294,14.1049,32.9583,15.6238
2460,Azure Blue|Dark Olive Drab|Purple|Tan,#0066D9|#575B54|#6C47B2|#A79E82,20.5370,16.3289,15.5345,14.9214,14.3801,31.8173,15.6251
2461,Blue|Green|Tan|Yellow,#003776|#06924D|#A79E82|#FFE800,25.5956,16.5268,15.5303,14.7249,13.9424,30.3633,15.6258
2462,Black|Dark Grey|Dark Olive Drab|Lime Green,#080A0D|#485259|#575B54|#D5D701,22.8042,16.0061,15.4893,15.2545,15.1258,41.5411,15.6303
2463,Green|Polymaker Teal|Grey|Magenta,#06924D|#4CC0C7|#8C9099|#F24574,29.6469,17.0110,15.4811,14.2521,13.0370,37.4079,15.6315
2464,Azure Blue|Grey|Olive Green|Pink,#0066D9|#8C9099|#948902|#F1A1AF,32.9359,17.0133,15.4451,14.2535,13.1376,38.2289,15.6334
2465,Green|Purple|Red|White,#06924D|#6C47B2|#E72F1D|#EBF7FF,32.2608,17.1197,15.2740,14.1661,13.3856,38.4259,15.6429
2466,Green|Polymaker Teal|Dark Olive Drab|Olive Green,#06924D|#4CC0C7|#575B54|#948902,25.8379,16.4219,15.4101,14.8832,14.5688,33.5846,15.6525
2467,Green|Grey|Red|Pink,#06924D|#8C9099|#E72F1D|#F1A1AF,27.1132,16.8989,15.5434,14.4209,13.2665,39.6603,15.6599
2468,Black|Dark Grey|Red|White,#080A0D|#485259|#E72F1D|#EBF7FF,26.6211,16.0461,15.4401,15.2749,15.2746,28.5697,15.6605
2469,Azure Blue|Olive Green|Tan|Magenta,#0066D9|#948902|#A79E82|#F24574,28.1942,16.8672,15.5231,14.4609,13.4455,37.3973,15.6640
2470,Blue|Dark Grey|Cold White|Red,#003776|#485259|#D9DFE5|#E72F1D,23.6627,16.2615,15.4614,15.0849,14.9035,27.0469,15.6732
2471,Dark Grey|Purple|Cold White|Red,#485259|#6C47B2|#D9DFE5|#E72F1D,23.6639,16.2621,15.4621,15.0854,14.9038,27.0469,15.6737
2472,Dark Grey|Cold White|Red|Magenta,#485259|#D9DFE5|#E72F1D|#F24574,23.6638,16.2624,15.4624,15.0856,14.9039,27.0469,15.6740
2473,Azure Blue|Green|Dark Grey|Olive Green,#0066D9|#06924D|#485259|#948902,33.0521,16.9076,15.3241,14.4455,13.8118,38.2840,15.6765
2474,Azure Blue|Dark Grey|Cold White|Red,#0066D9|#485259|#D9DFE5|#E72F1D,23.6647,16.2665,15.4664,15.0886,14.9068,27.0499,15.6776
2475,Polymaker Teal|Grey|Olive Green|Red,#4CC0C7|#8C9099|#948902|#E72F1D,30.0657,17.0218,15.5278,14.3468,13.1643,40.8982,15.6843
2476,Blue|Dark Olive Drab|Purple|Olive Green,#003776|#575B54|#6C47B2|#948902,31.6088,17.2383,15.3569,14.1373,13.1767,41.4074,15.6878
2477,Azure Blue|Brown|Olive Green|Red,#0066D9|#55331A|#948902|#E72F1D,28.2164,16.9923,15.1389,14.3868,14.1663,42.3664,15.6896
2478,Blue|Tan|Lime Green|Yellow,#003776|#A79E82|#D5D701|#FFE800,25.6933,16.6024,15.6040,14.7981,14.0109,30.3850,15.7002
2479,Black|Dark Grey|Polymaker Teal|Olive Green,#080A0D|#485259|#4CC0C7|#948902,31.4935,16.5177,15.2935,14.8973,14.7993,33.5629,15.7075
2480,Azure Blue|Black|Dark Grey|Lime Green,#0066D9|#080A0D|#485259|#D5D701,30.0651,16.5240,15.3477,14.8957,14.7322,26.3982,15.7099
2481,Dark Grey|Polymaker Teal|Brown|Magenta,#485259|#4CC0C7|#55331A|#F24574,24.3811,16.1086,15.4068,15.3287,15.5337,32.5805,15.7186
2482,Polymaker Teal|Purple|Grey|Olive Green,#4CC0C7|#6C47B2|#8C9099|#948902,46.2589,17.6021,15.2025,13.8471,12.7637,38.1292,15.7246
2483,Dark Grey|Polymaker Teal|Cold White|Red,#485259|#4CC0C7|#D9DFE5|#E72F1D,23.9332,16.3517,15.5131,15.0999,14.8850,26.7985,15.7258
2484,Green|Polymaker Teal|Olive Green|Magenta,#06924D|#4CC0C7|#948902|#F24574,32.1519,17.2231,15.5191,14.2390,13.0138,39.7716,15.7310
2485,Dark Grey|Dark Olive Drab|Purple|Olive Green,#485259|#575B54|#6C47B2|#948902,33.6222,17.4671,15.3776,14.0023,12.8962,42.7759,15.7347
2486,Brown|Purple|Lime Green|Magenta,#55331A|#6C47B2|#D5D701|#F24574,25.6056,16.9386,15.2376,14.5350,14.3927,38.4737,15.7368
2487,Blue|Azure Blue|Dark Olive Drab|Lime Green,#003776|#0066D9|#575B54|#D5D701,23.5922,16.4067,15.5798,15.0840,14.7268,26.4157,15.7453
2488,Green|Purple|Cold White|Red,#06924D|#6C47B2|#D9DFE5|#E72F1D,33.5915,17.0338,15.3079,14.4677,13.9190,35.9351,15.7507
2489,Polymaker Teal|Purple|Olive Green|Tan,#4CC0C7|#6C47B2|#948902|#A79E82,39.9730,17.3953,15.3378,14.1321,13.1175,38.3434,15.7637
2490,Azure Blue|Green|Red|Pink,#0066D9|#06924D|#E72F1D|#F1A1AF,28.5459,17.0269,15.5846,14.5013,13.4822,37.2648,15.7641
2491,Black|Dark Olive Drab|Purple|Lime Green,#080A0D|#575B54|#6C47B2|#D5D701,23.7781,16.6558,15.5700,14.8735,14.3564,35.5369,15.7647
2492,Grey|Olive Green|Cold White|Orange,#8C9099|#948902|#D9DFE5|#F67405,26.6190,16.7788,15.6191,14.7516,13.9635,40.5023,15.7652
2493,Dark Olive Drab|Purple|Lime Green|Cold White,#575B54|#6C47B2|#D5D701|#D9DFE5,23.8398,16.6487,15.5476,14.8855,14.4154,32.9356,15.7671
2494,Purple|Grey|Olive Green|Tan,#6C47B2|#8C9099|#948902|#A79E82,39.9335,17.3870,15.3627,14.1664,13.1556,38.2853,15.7767
2495,Green|Purple|Grey|Olive Green,#06924D|#6C47B2|#8C9099|#948902,46.1346,17.6134,15.2602,13.9551,12.9148,37.6959,15.7843
2496,Blue|Azure Blue|Red|Yellow,#003776|#0066D9|#E72F1D|#FFE800,28.6252,16.9032,15.5458,14.6668,14.0102,31.3090,15.7850
2497,Azure Blue|Green|Purple|Red,#0066D9|#06924D|#6C47B2|#E72F1D,32.7508,17.3844,15.4942,14.1972,13.0570,38.4170,15.7908
2498,Purple|Olive Green|Lime Green|Orange,#6C47B2|#948902|#D5D701|#F67405,43.7026,18.2651,15.1800,13.3200,11.9309,42.8652,15.7926
2499,Azure Blue|Black|Polymaker Teal|Olive Green,#0066D9|#080A0D|#4CC0C7|#948902,38.4489,16.9540,15.2734,14.6471,14.3185,33.9690,15.8006
2500,Dark Olive Drab|Purple|Tan|White,#575B54|#6C47B2|#A79E82|#EBF7FF,20.7255,16.4502,15.6934,15.1578,14.7367,32.4512,15.8040
2501,Blue|Purple|Lime Green|Pink,#003776|#6C47B2|#D5D701|#F1A1AF,29.2171,16.9317,15.6061,14.6988,13.9434,32.9115,15.8153
2502,Green|Dark Grey|Brown|Olive Green,#06924D|#485259|#55331A|#948902,27.0006,16.5435,15.3785,15.0949,15.2286,53.0029,15.8192
2503,Green|Purple|Olive Green|Cold White,#06924D|#6C47B2|#948902|#D9DFE5,53.3051,17.7738,15.0362,13.8681,13.1351,37.3690,15.8209
2504,Grey|Olive Green|Red|Pink,#8C9099|#948902|#E72F1D|#F1A1AF,29.9076,17.1367,15.6824,14.5109,13.3494,40.3057,15.8238
2505,Polymaker Teal|Dark Olive Drab|Olive Green|Lime Green,#4CC0C7|#575B54|#948902|#D5D701,21.7794,16.3457,15.7001,15.3027,15.0367,29.3036,15.8242
2506,Blue|Dark Grey|Dark Olive Drab|Olive Green,#003776|#485259|#575B54|#948902,28.9243,16.9252,15.5734,14.7496,14.1324,41.5451,15.8374
2507,Dark Olive Drab|Purple|Tan|Cold White,#575B54|#6C47B2|#A79E82|#D9DFE5,21.4690,16.5495,15.7116,15.1299,14.6733,30.8847,15.8397
2508,Dark Olive Drab|Purple|Lime Green|Yellow,#575B54|#6C47B2|#D5D701|#FFE800,23.6673,16.9908,15.7477,14.7176,13.7577,36.3489,15.8542
2509,Grey|Olive Green|Tan|Red,#8C9099|#948902|#A79E82|#E72F1D,23.5379,16.9035,15.8168,14.8058,13.7610,40.0515,15.8547
2510,Purple|Olive Green|White|Orange,#6C47B2|#948902|#EBF7FF|#F67405,40.4598,17.4289,15.3633,14.2883,13.5591,39.7168,15.8586
2511,Blue|Black|Brown|Pink,#003776|#080A0D|#55331A|#F1A1AF,21.5328,15.8952,15.7405,15.8320,16.0077,33.7936,15.8636
2512,Black|Brown|Purple|Pink,#080A0D|#55331A|#6C47B2|#F1A1AF,21.5279,15.8958,15.7422,15.8329,16.0060,33.7934,15.8644
2513,Azure Blue|Black|Brown|Pink,#0066D9|#080A0D|#55331A|#F1A1AF,21.5354,15.9010,15.7430,15.8360,16.0164,33.7944,15.8685
2514,Black|Brown|Pink|Magenta,#080A0D|#55331A|#F1A1AF|#F24574,21.5317,15.9008,15.7477,15.8388,16.0119,33.8044,15.8698
2515,Green|Dark Olive Drab|Purple|Yellow,#06924D|#575B54|#6C47B2|#FFE800,23.7027,16.9950,15.7604,14.7496,13.8147,36.6244,15.8723
2516,Dark Grey|Polymaker Teal|Purple|Olive Green,#485259|#4CC0C7|#6C47B2|#948902,34.9405,17.3329,15.4261,14.4205,13.7501,34.5569,15.8767
2517,Blue|Black|Dark Olive Drab|Magenta,#003776|#080A0D|#575B54|#F24574,23.7168,16.3226,15.6627,15.4470,15.4565,55.2711,15.8848
2518,Black|Dark Olive Drab|Purple|Magenta,#080A0D|#575B54|#6C47B2|#F24574,23.7168,16.3226,15.6627,15.4470,15.4565,55.2711,15.8848
2519,Green|Grey|Magenta|Orange,#06924D|#8C9099|#F24574|#F67405,25.9581,17.1326,15.8214,14.6476,13.3963,39.2182,15.8901
2520,Polymaker Teal|Purple|Olive Green|Cold White,#4CC0C7|#6C47B2|#948902|#D9DFE5,53.4616,17.8939,15.1334,13.8895,13.0698,38.6051,15.8917
2521,Dark Grey|Purple|Tan|Cold White,#485259|#6C47B2|#A79E82|#D9DFE5,21.6392,16.5487,15.7937,15.2556,14.8174,29.5342,15.9022
2522,Green|Polymaker Teal|Tan|Magenta,#06924D|#4CC0C7|#A79E82|#F24574,26.8365,17.1340,15.7954,14.6723,13.5621,40.3820,15.9032
2523,Blue|Black|Dark Grey|Olive Green,#003776|#080A0D|#485259|#948902,32.2382,16.9294,15.5079,14.8799,14.5337,41.8133,15.9046
2524,Blue|Brown|Purple|Pink,#003776|#55331A|#6C47B2|#F1A1AF,21.6434,16.0422,15.7588,15.7755,15.9142,33.7894,15.9089
2525,Polymaker Teal|Dark Olive Drab|Purple|Tan,#4CC0C7|#575B54|#6C47B2|#A79E82,21.5839,16.6894,15.8066,15.1385,14.5469,30.8478,15.9140
2526,Blue|Brown|Pink|Magenta,#003776|#55331A|#F1A1AF|#F24574,21.6477,16.0479,15.7649,15.7819,15.9205,33.8012,15.9149
2527,Black|Dark Grey|Dark Olive Drab|Magenta,#080A0D|#485259|#575B54|#F24574,23.7085,16.3522,15.6991,15.4803,15.4846,55.2773,15.9162
2528,Blue|Azure Blue|Brown|Pink,#003776|#0066D9|#55331A|#F1A1AF,21.6550,16.0531,15.7678,15.7864,15.9290,33.7893,15.9198
2529,Azure Blue|Dark Olive Drab|Grey|Lime Green,#0066D9|#575B54|#8C9099|#D5D701,22.8140,16.6066,15.7791,15.2381,14.8071,28.1140,15.9224
2530,Dark Olive Drab|Purple|Olive Green|Lime Green,#575B54|#6C47B2|#948902|#D5D701,26.5182,17.2020,15.7052,14.6437,13.7389,35.8362,15.9229
2531,Dark Grey|Purple|Tan|Yellow,#485259|#6C47B2|#A79E82|#FFE800,24.6141,16.9875,15.7726,14.8708,14.0777,34.1291,15.9292
2532,Purple|Olive Green|Cold White|Orange,#6C47B2|#948902|#D9DFE5|#F67405,42.1504,17.4396,15.3725,14.4306,13.8022,37.7544,15.9351
2533,Dark Olive Drab|Purple|Grey|Tan,#575B54|#6C47B2|#8C9099|#A79E82,21.5912,16.7084,15.8336,15.1655,14.5726,30.8555,15.9369
2534,Azure Blue|Black|Lime Green|Cold White,#0066D9|#080A0D|#D5D701|#D9DFE5,32.1311,16.8899,15.5267,14.9961,14.7836,26.9474,15.9430
2535,Blue|Dark Olive Drab|Purple|Yellow,#003776|#575B54|#6C47B2|#FFE800,24.1979,16.9246,15.8156,14.9646,14.2051,34.5351,15.9446
2536,Green|Dark Olive Drab|Olive Green|Lime Green,#06924D|#575B54|#948902|#D5D701,22.2883,16.6045,15.8539,15.2853,14.8008,42.5846,15.9449
2537,Blue|Dark Olive Drab|Olive Green|Lime Green,#003776|#575B54|#948902|#D5D701,25.0145,16.7429,15.7848,15.1514,14.6442,34.9571,15.9471
2538,Dark Grey|Polymaker Teal|Red|White,#485259|#4CC0C7|#E72F1D|#EBF7FF,23.4193,16.5266,15.7761,15.3680,15.1379,27.4003,15.9473
2539,Azure Blue|Brown|Purple|Pink,#0066D9|#55331A|#6C47B2|#F1A1AF,21.5303,16.1117,15.7978,15.7854,15.9006,33.7908,15.9485
2540,Azure Blue|Dark Grey|Olive Green|Lime Green,#0066D9|#485259|#948902|#D5D701,28.6928,16.8897,15.6904,15.0140,14.5245,27.7303,15.9518
2541,Azure Blue|Brown|Pink|Magenta,#0066D9|#55331A|#F1A1AF|#F24574,21.5347,16.1174,15.8040,15.7917,15.9069,33.8010,15.9546
2542,Green|Polymaker Teal|Purple|Red,#06924D|#4CC0C7|#6C47B2|#E72F1D,32.3514,17.3458,15.6222,14.5767,13.7620,35.7129,15.9613
2543,Dark Grey|Purple|Cold White|Yellow,#485259|#6C47B2|#D9DFE5|#FFE800,25.2326,16.8597,15.7406,15.0635,14.5796,34.2571,15.9616
2544,Blue|Grey|Tan|Yellow,#003776|#8C9099|#A79E82|#FFE800,25.5048,16.8171,15.8651,15.1115,14.3830,30.2450,15.9643
2545,Green|Polymaker Teal|Dark Olive Drab|Lime Green,#06924D|#4CC0C7|#575B54|#D5D701,21.2055,16.4383,15.8629,15.4923,15.2398,29.3451,15.9653
2546,Grey|Olive Green|Magenta|Orange,#8C9099|#948902|#F24574|#F67405,27.2400,17.1905,15.8828,14.7456,13.5621,40.7022,15.9680
2547,Azure Blue|Green|Grey|Magenta,#0066D9|#06924D|#8C9099|#F24574,29.9268,17.2727,15.8026,14.6638,13.5423,37.8794,15.9682
2548,Black|Purple|Cold White|Yellow,#080A0D|#6C47B2|#D9DFE5|#FFE800,33.3404,16.8527,15.5693,15.0870,14.8798,34.1181,15.9699
2549,Black|Purple|Lime Green|White,#080A0D|#6C47B2|#D5D701|#EBF7FF,33.9316,17.0441,15.5282,14.9085,14.6274,35.1584,15.9763
2550,Azure Blue|Dark Olive Drab|Purple|Yellow,#0066D9|#575B54|#6C47B2|#FFE800,24.7763,16.9669,15.7609,14.9861,14.4163,34.6346,15.9765
2551,Azure Blue|Olive Green|Red|Pink,#0066D9|#948902|#E72F1D|#F1A1AF,34.3127,17.4423,15.7342,14.5217,13.4550,37.8515,15.9820
2552,Grey|Olive Green|Pink|Orange,#8C9099|#948902|#F1A1AF|#F67405,27.8381,17.2476,15.8785,14.7206,13.5583,40.5224,15.9841
2553,Dark Grey|Polymaker Teal|Purple|Tan,#485259|#4CC0C7|#6C47B2|#A79E82,21.7703,16.6982,15.8994,15.2729,14.7057,29.5650,15.9856
2554,Green|Olive Green|Tan|Magenta,#06924D|#948902|#A79E82|#F24574,25.8941,17.1593,15.8975,14.8204,13.7762,39.7088,15.9899
2555,Dark Grey|Grey|Lime Green|White,#485259|#8C9099|#D5D701|#EBF7FF,23.4939,16.6031,15.8600,15.3777,15.0176,25.6738,15.9904
2556,Black|Polymaker Teal|Cold White|Yellow,#080A0D|#4CC0C7|#D9DFE5|#FFE800,33.0505,16.8524,15.6035,15.1296,14.9178,27.6630,15.9910
2557,Grey|Olive Green|Red|Orange,#8C9099|#948902|#E72F1D|#F67405,27.0819,17.2103,15.9157,14.7824,13.6013,40.7325,15.9963
2558,Purple|Olive Green|Orange|Yellow,#6C47B2|#948902|#F67405|#FFE800,43.9877,18.2505,15.3795,13.7463,12.5365,41.3832,15.9984
2559,Blue|Tan|White|Magenta,#003776|#A79E82|#EBF7FF|#F24574,24.1363,16.7146,15.8954,15.3031,14.7954,34.2663,16.0089
2560,Dark Grey|Grey|Cold White|Red,#485259|#8C9099|#D9DFE5|#E72F1D,22.6837,16.4363,15.8619,15.5835,15.4503,27.1773,16.0099
2561,Dark Olive Drab|Purple|White|Yellow,#575B54|#6C47B2|#EBF7FF|#FFE800,24.3465,16.9508,15.8065,15.0797,14.5731,35.1087,16.0153
2562,Dark Grey|Cold White|Red|White,#485259|#D9DFE5|#E72F1D|#EBF7FF,23.0524,16.4879,15.8715,15.5456,15.3658,27.5687,16.0167
2563,Grey|Olive Green|Lime Green|Red,#8C9099|#948902|#D5D701|#E72F1D,26.3732,17.1312,15.9402,14.9106,13.8538,40.2706,16.0209
2564,Blue|Polymaker Teal|Tan|Magenta,#003776|#4CC0C7|#A79E82|#F24574,24.3073,16.8171,15.9325,15.2279,14.5636,32.3974,16.0225
2565,Dark Grey|Purple|Olive Green|Yellow,#485259|#6C47B2|#948902|#FFE800,27.9564,17.2928,15.8136,14.7524,13.8236,36.4800,16.0226
2566,Green|Grey|Lime Green|Magenta,#06924D|#8C9099|#D5D701|#F24574,27.1618,17.1712,15.9051,14.8751,13.8515,38.2683,16.0232
2567,Azure Blue|Purple|Olive Green|White,#0066D9|#6C47B2|#948902|#EBF7FF,46.3066,17.7476,15.5116,14.3084,13.3994,38.7919,16.0280
2568,Dark Grey|Purple|Grey|Tan,#485259|#6C47B2|#8C9099|#A79E82,21.7965,16.7388,15.9427,15.3183,14.7489,29.5598,16.0285
2569,Dark Grey|Lime Green|Cold White|White,#485259|#D5D701|#D9DFE5|#EBF7FF,23.7007,16.6496,15.8962,15.4080,15.0497,25.7901,16.0288
2570,Blue|Dark Grey|Purple|Olive Green,#003776|#485259|#6C47B2|#948902,36.1729,17.7132,15.6361,14.3537,13.3197,41.7476,16.0334
2571,Blue|Dark Grey|Polymaker Teal|Olive Green,#003776|#485259|#4CC0C7|#948902,33.0755,17.0619,15.6455,15.0083,14.6526,33.6568,16.0351
2572,Green|Dark Grey|Lime Green|White,#06924D|#485259|#D5D701|#EBF7FF,23.6989,16.6558,15.9040,15.4151,15.0565,25.7529,16.0355
2573,Dark Grey|Polymaker Teal|Lime Green|White,#485259|#4CC0C7|#D5D701|#EBF7FF,23.7013,16.6559,15.9045,15.4153,15.0567,25.7492,16.0356
2574,Blue|Dark Grey|Lime Green|Cold White,#003776|#485259|#D5D701|#D9DFE5,25.4965,16.7371,15.8532,15.3482,15.0046,26.7269,16.0427
2575,Black|Purple|Lime Green|Magenta,#080A0D|#6C47B2|#D5D701|#F24574,35.0469,17.1987,15.4139,14.8900,14.9268,38.6382,16.0443
2576,Dark Grey|Purple|Red|White,#485259|#6C47B2|#E72F1D|#EBF7FF,23.0796,16.5254,15.9114,15.5849,15.4038,27.8351,16.0551
2577,Blue|Dark Grey|Red|White,#003776|#485259|#E72F1D|#EBF7FF,23.0796,16.5254,15.9114,15.5849,15.4038,27.8351,16.0552
2578,Azure Blue|Dark Grey|Red|White,#0066D9|#485259|#E72F1D|#EBF7FF,23.0791,16.5259,15.9119,15.5855,15.4044,27.8342,16.0557
2579,Dark Grey|Red|White|Magenta,#485259|#E72F1D|#EBF7FF|#F24574,23.0804,16.5264,15.9125,15.5860,15.4049,27.8362,16.0562
2580,Azure Blue|Olive Green|Cold White|Pink,#0066D9|#948902|#D9DFE5|#F1A1AF,34.2698,17.3671,15.7977,14.7464,13.8923,38.1068,16.0568
2581,Black|Brown|Red|Pink,#080A0D|#55331A|#E72F1D|#F1A1AF,21.6953,16.0858,15.9450,16.0533,16.2495,33.9609,16.0696
2582,Azure Blue|Black|Dark Olive Drab|Magenta,#0066D9|#080A0D|#575B54|#F24574,23.8336,16.4841,15.8483,15.6733,15.7354,57.3801,16.0787
2583,Dark Grey|Dark Olive Drab|Olive Green|Lime Green,#485259|#575B54|#948902|#D5D701,22.9263,16.7480,15.9769,15.4118,14.9387,41.6033,16.0799
2584,Dark Grey|Grey|Red|White,#485259|#8C9099|#E72F1D|#EBF7FF,23.0299,16.5468,15.9436,15.6260,15.4508,27.8135,16.0864
2585,Brown|Purple|Pink|Magenta,#55331A|#6C47B2|#F1A1AF|#F24574,21.4080,16.3362,15.9702,15.8740,15.8926,33.7959,16.1051
2586,Purple|Olive Green|Pink|Orange,#6C47B2|#948902|#F1A1AF|#F67405,41.4274,18.0749,15.6011,14.1387,13.0484,39.5802,16.1068
2587,Dark Olive Drab|Purple|Grey|Lime Green,#575B54|#6C47B2|#8C9099|#D5D701,24.1388,17.0409,15.9257,15.1794,14.5787,33.0915,16.1102
2588,Green|Grey|Red|Orange,#06924D|#8C9099|#E72F1D|#F67405,25.3620,17.3073,16.0579,14.9139,13.6871,39.2442,16.1106
2589,Dark Grey|Dark Olive Drab|Purple|Yellow,#485259|#575B54|#6C47B2|#FFE800,24.0647,17.1937,16.0054,15.0299,14.1191,36.7524,16.1118
2590,Blue|Polymaker Teal|Purple|Olive Green,#003776|#4CC0C7|#6C47B2|#948902,49.1379,17.9329,15.4492,14.2920,13.5880,36.5855,16.1124
2591,Polymaker Teal|Purple|Olive Green|Red,#4CC0C7|#6C47B2|#948902|#E72F1D,38.6227,17.7133,15.7295,14.5165,13.5036,39.7817,16.1149
2592,Blue|Brown|Red|Pink,#003776|#55331A|#E72F1D|#F1A1AF,21.8128,16.2348,15.9622,15.9951,16.1558,33.9533,16.1150
2593,Dark Grey|Polymaker Teal|Dark Olive Drab|Lime Green,#485259|#4CC0C7|#575B54|#D5D701,21.6608,16.5876,16.0112,15.6489,15.4057,29.3085,16.1182
2594,Blue|Olive Green|Lime Green|White,#003776|#948902|#D5D701|#EBF7FF,35.6408,17.2068,15.8186,15.0340,14.4735,30.7586,16.1204
2595,Blue|Azure Blue|Pink|Yellow,#003776|#0066D9|#F1A1AF|#FFE800,28.3501,17.1320,15.9135,15.1120,14.4507,31.6947,16.1220
2596,Green|Dark Olive Drab|Purple|Tan,#06924D|#575B54|#6C47B2|#A79E82,21.7465,16.8898,16.0137,15.3586,14.7858,32.7841,16.1242
2597,Blue|Green|Dark Grey|Yellow,#003776|#06924D|#485259|#FFE800,26.4467,16.9788,16.0058,15.3062,14.6738,32.6180,16.1425
2598,Black|Purple|Lime Green|Yellow,#080A0D|#6C47B2|#D5D701|#FFE800,34.8525,17.5136,15.5285,14.7847,14.4367,39.2246,16.1492
2599,Blue|Azure Blue|Dark Grey|Yellow,#003776|#0066D9|#485259|#FFE800,27.1143,17.0512,15.9534,15.2496,14.7168,30.8193,16.1504
2600,Black|Polymaker Teal|Red|Pink,#080A0D|#4CC0C7|#E72F1D|#F1A1AF,29.4033,16.7372,15.8617,15.5736,15.5221,28.3307,16.1554
2601,Blue|Dark Grey|Lime Green|Yellow,#003776|#485259|#D5D701|#FFE800,26.4830,16.9997,16.0182,15.3135,14.6798,32.6046,16.1566
2602,Azure Blue|Brown|Red|Pink,#0066D9|#55331A|#E72F1D|#F1A1AF,21.7021,16.3060,16.0041,16.0080,16.1456,33.9536,16.1570
2603,Blue|Azure Blue|Black|Lime Green,#003776|#0066D9|#080A0D|#D5D701,32.2638,17.0830,15.7710,15.2533,15.0508,26.6910,16.1681
2604,Black|Red|White|Pink,#080A0D|#E72F1D|#EBF7FF|#F1A1AF,30.2108,16.6830,15.8902,15.6538,15.6248,28.9515,16.1684
2605,Polymaker Teal|Dark Olive Drab|Purple|Yellow,#4CC0C7|#575B54|#6C47B2|#FFE800,23.3231,17.0774,16.0196,15.2631,14.6485,33.7886,16.1702
2606,Azure Blue|Olive Green|Pink|Orange,#0066D9|#948902|#F1A1AF|#F67405,34.2182,17.6876,15.9273,14.6833,13.6019,38.1859,16.1855
2607,Green|Tan|Lime Green|Magenta,#06924D|#A79E82|#D5D701|#F24574,26.1844,17.2250,16.0544,15.1470,14.3270,39.9262,16.1860
2608,Black|Grey|Red|White,#080A0D|#8C9099|#E72F1D|#EBF7FF,29.8727,16.6843,15.8944,15.6937,15.6936,28.7452,16.1890
2609,Green|Dark Grey|Dark Olive Drab|Lime Green,#06924D|#485259|#575B54|#D5D701,22.2162,16.8123,16.1282,15.5935,15.1245,41.6010,16.2029
2610,Black|Cold White|Red|White,#080A0D|#D9DFE5|#E72F1D|#EBF7FF,30.4435,16.7480,15.9173,15.6706,15.6312,28.7953,16.2093
2611,Azure Blue|Black|Polymaker Teal|Lime Green,#0066D9|#080A0D|#4CC0C7|#D5D701,32.4497,17.1654,15.7924,15.2589,15.0463,26.9934,16.2121
2612,Green|Black|Magenta|Orange,#06924D|#080A0D|#F24574|#F67405,31.8414,16.9416,15.7684,15.4877,15.5183,40.9517,16.2147
2613,Green|Dark Grey|Polymaker Teal|Olive Green,#06924D|#485259|#4CC0C7|#948902,31.3358,17.1416,15.8745,15.3019,14.9796,33.6072,16.2218
2614,Purple|Olive Green|Cold White|White,#6C47B2|#948902|#D9DFE5|#EBF7FF,47.3065,18.0120,15.7155,14.4632,13.5246,39.7794,16.2376
2615,Polymaker Teal|Purple|Olive Green|White,#4CC0C7|#6C47B2|#948902|#EBF7FF,47.3101,18.0163,15.7186,14.4628,13.5207,39.7800,16.2395
2616,Blue|Purple|Red|Yellow,#003776|#6C47B2|#E72F1D|#FFE800,31.4063,17.3861,16.0037,15.0979,14.3150,37.7996,16.2420
2617,Blue|Dark Grey|Grey|Lime Green,#003776|#485259|#8C9099|#D5D701,25.1888,16.9375,16.0976,15.5653,15.1245,26.8936,16.2514
2618,Black|Purple|Grey|Red,#080A0D|#6C47B2|#8C9099|#E72F1D,27.2243,16.6496,16.0158,15.8544,15.8673,36.0534,16.2520
2619,Blue|Black|Grey|Red,#003776|#080A0D|#8C9099|#E72F1D,27.2243,16.6496,16.0158,15.8544,15.8673,36.0534,16.2520
2620,Black|Grey|Red|Magenta,#080A0D|#8C9099|#E72F1D|#F24574,27.2246,16.6497,16.0159,15.8545,15.8674,36.0534,16.2521
2621,Azure Blue|Black|Grey|Red,#0066D9|#080A0D|#8C9099|#E72F1D,27.2281,16.6550,16.0224,15.8633,15.8799,36.2012,16.2592
2622,Azure Blue|Green|Black|Lime Green,#0066D9|#06924D|#080A0D|#D5D701,32.4708,17.2109,15.8471,15.3180,15.1066,26.9835,16.2645
2623,Purple|Olive Green|Tan|Orange,#6C47B2|#948902|#A79E82|#F67405,32.6347,17.6083,16.0115,14.9375,14.0259,38.6053,16.2729
2624,Azure Blue|Polymaker Teal|Purple|Olive Green,#0066D9|#4CC0C7|#6C47B2|#948902,46.7830,18.3143,15.7660,14.2629,13.0377,38.1548,16.2886
2625,Grey|Olive Green|Lime Green|Orange,#8C9099|#948902|#D5D701|#F67405,25.9536,17.3539,16.2228,15.2357,14.2130,40.5563,16.2948
2626,Green|Purple|Olive Green|White,#06924D|#6C47B2|#948902|#EBF7FF,47.2560,18.0493,15.7684,14.5465,13.6474,39.4096,16.2979
2627,Azure Blue|Green|Lime Green|Red,#0066D9|#06924D|#D5D701|#E72F1D,29.3410,17.5410,16.0731,15.0562,14.1816,36.8757,16.2986
2628,Grey|Olive Green|Tan|Magenta,#8C9099|#948902|#A79E82|#F24574,25.4682,17.4029,16.2343,15.2013,14.1527,40.6450,16.3021
2629,Blue|Tan|White|Yellow,#003776|#A79E82|#EBF7FF|#FFE800,25.6819,17.0772,16.1881,15.5288,14.9444,32.7727,16.3030
2630,Blue|Tan|Lime Green|Cold White,#003776|#A79E82|#D5D701|#D9DFE5,25.5053,17.0457,16.1854,15.5735,15.0557,30.4381,16.3096
2631,Blue|Azure Blue|Magenta|Yellow,#003776|#0066D9|#F24574|#FFE800,29.1642,17.3758,16.0707,15.2444,14.6133,31.5335,16.3101
2632,Black|Purple|Red|White,#080A0D|#6C47B2|#E72F1D|#EBF7FF,30.4682,16.8260,16.0224,15.8017,15.7820,28.8262,16.3139
2633,Black|Red|White|Magenta,#080A0D|#E72F1D|#EBF7FF|#F24574,30.4682,16.8261,16.0224,15.8018,15.7821,28.8262,16.3140
2634,Azure Blue|Green|Polymaker Teal|Red,#0066D9|#06924D|#4CC0C7|#E72F1D,28.9454,17.4793,16.1153,15.1495,14.2485,36.2996,16.3144
2635,Azure Blue|Black|Red|White,#0066D9|#080A0D|#E72F1D|#EBF7FF,30.4718,16.8281,16.0234,15.8028,15.7838,28.8526,16.3155
2636,Dark Grey|Polymaker Teal|Red|Magenta,#485259|#4CC0C7|#E72F1D|#F24574,24.8155,17.0352,16.1129,15.6010,15.2793,28.9330,16.3181
2637,Blue|Black|Red|White,#003776|#080A0D|#E72F1D|#EBF7FF,30.4696,16.8324,16.0285,15.8069,15.7868,28.8262,16.3196
2638,Azure Blue|Olive Green|Tan|Orange,#0066D9|#948902|#A79E82|#F67405,27.8559,17.4032,16.2271,15.2579,14.3053,37.5624,16.3305
2639,Brown|Red|Pink|Magenta,#55331A|#E72F1D|#F1A1AF|#F24574,21.4489,16.5333,16.2243,16.1316,16.1235,33.9519,16.3325
2640,Azure Blue|Polymaker Teal|Olive Green|Magenta,#0066D9|#4CC0C7|#948902|#F24574,36.4791,17.8279,16.0522,14.8471,13.7282,39.1218,16.3375
2641,Blue|Green|Dark Olive Drab|Lime Green,#003776|#06924D|#575B54|#D5D701,23.7448,17.0209,16.2319,15.6541,15.1541,34.9694,16.3375
2642,Blue|Tan|Pink|Magenta,#003776|#A79E82|#F1A1AF|#F24574,24.1207,17.0582,16.2475,15.6182,15.0328,32.7371,16.3382
2643,Dark Grey|Dark Olive Drab|Purple|Magenta,#485259|#575B54|#6C47B2|#F24574,23.6543,17.0047,16.2078,15.6933,15.3294,55.2601,16.3490
2644,Green|Purple|Pink|Magenta,#06924D|#6C47B2|#F1A1AF|#F24574,33.2081,17.7809,16.0441,14.9176,13.9936,37.1262,16.3493
2645,Blue|Dark Grey|Dark Olive Drab|Magenta,#003776|#485259|#575B54|#F24574,23.6597,17.0067,16.2097,15.6963,15.3336,55.2601,16.3515
2646,Black|Grey|White|Pink,#080A0D|#8C9099|#EBF7FF|#F1A1AF,28.5849,16.6717,16.1675,16.0453,16.0584,29.1445,16.3585
2647,Purple|Olive Green|Lime Green|Red,#6C47B2|#948902|#D5D701|#E72F1D,43.8123,18.7035,15.7796,14.0145,12.7048,41.5272,16.3590
2648,Blue|Dark Olive Drab|Purple|Magenta,#003776|#575B54|#6C47B2|#F24574,23.7777,17.0332,16.2186,15.6879,15.3113,55.2585,16.3606
2649,Grey|Olive Green|Pink|Magenta,#8C9099|#948902|#F1A1AF|#F24574,30.6094,17.6456,16.2395,15.0778,13.9385,41.0556,16.3617
2650,Green|Purple|Grey|Magenta,#06924D|#6C47B2|#8C9099|#F24574,31.7825,17.6659,16.1366,15.0593,14.0706,36.9422,16.3626
2651,Blue|White|Orange|Yellow,#003776|#EBF7FF|#F67405|#FFE800,27.3056,17.2386,16.1799,15.4967,14.9877,32.0972,16.3677
2652,Black|Polymaker Teal|White|Pink,#080A0D|#4CC0C7|#EBF7FF|#F1A1AF,29.4348,16.7137,16.1669,16.0240,16.0218,29.2995,16.3688
2653,Black|Cold White|White|Pink,#080A0D|#D9DFE5|#EBF7FF|#F1A1AF,29.4434,16.7141,16.1703,16.0256,16.0204,29.2882,16.3698
2654,Blue|Azure Blue|Tan|Yellow,#003776|#0066D9|#A79E82|#FFE800,25.9900,17.2239,16.2662,15.5302,14.8569,31.0901,16.3770
2655,Blue|Polymaker Teal|Orange|Yellow,#003776|#4CC0C7|#F67405|#FFE800,26.7854,17.2400,16.2234,15.5239,14.9049,30.7879,16.3820
2656,Green|Purple|Olive Green|Orange,#06924D|#6C47B2|#948902|#F67405,38.0811,18.5247,15.9809,14.2423,12.7274,42.6603,16.3835
2657,Black|Purple|White|Pink,#080A0D|#6C47B2|#EBF7FF|#F1A1AF,29.4493,16.7256,16.1844,16.0430,16.0414,29.2936,16.3843
2658,Azure Blue|Black|White|Pink,#0066D9|#080A0D|#EBF7FF|#F1A1AF,29.4497,16.7265,16.1852,16.0437,16.0420,29.2955,16.3851
2659,Brown|Purple|Red|Pink,#55331A|#6C47B2|#E72F1D|#F1A1AF,21.6083,16.5941,16.2562,16.1774,16.2254,34.0424,16.3858
2660,Blue|Black|White|Pink,#003776|#080A0D|#EBF7FF|#F1A1AF,29.4509,16.7285,16.1860,16.0454,16.0457,29.2943,16.3869
2661,Dark Grey|Red|White|Pink,#485259|#E72F1D|#EBF7FF|#F1A1AF,23.3468,16.8761,16.2525,15.9050,15.7049,28.8109,16.3905
2662,Blue|Dark Grey|Polymaker Teal|Yellow,#003776|#485259|#4CC0C7|#FFE800,26.0456,17.0752,16.2331,15.7124,15.3144,28.5964,16.3938
2663,Green|Tan|Red|Magenta,#06924D|#A79E82|#E72F1D|#F24574,25.0324,17.5180,16.3327,15.2731,14.2191,40.3361,16.3955
2664,Azure Blue|Olive Green|Pink|Magenta,#0066D9|#948902|#F1A1AF|#F24574,34.5393,17.7946,16.1859,15.0000,13.9197,38.0894,16.3973
2665,Azure Blue|Green|Tan|Magenta,#0066D9|#06924D|#A79E82|#F24574,25.7847,17.4895,16.3052,15.3072,14.3305,37.5311,16.3983
2666,Blue|Grey|Olive Green|Lime Green,#003776|#8C9099|#948902|#D5D701,32.4372,17.3415,16.1996,15.4584,14.7953,29.9312,16.3999
2667,Blue|Dark Grey|Dark Olive Drab|Lime Green,#003776|#485259|#575B54|#D5D701,23.7071,17.0720,16.3026,15.7405,15.2513,34.9759,16.4062
2668,Blue|Black|Olive Green|Red,#003776|#080A0D|#948902|#E72F1D,38.3554,17.8589,15.5343,14.9795,15.1146,63.4672,16.4192
2669,Azure Blue|Olive Green|Red|White,#0066D9|#948902|#E72F1D|#EBF7FF,33.9608,17.8077,16.1722,15.0337,14.0794,39.8661,16.4207
2670,Blue|Green|Olive Green|Yellow,#003776|#06924D|#948902|#FFE800,34.0735,17.5456,16.1615,15.3290,14.6225,33.5024,16.4373
2671,Black|Polymaker Teal|Lime Green|Cold White,#080A0D|#4CC0C7|#D5D701|#D9DFE5,34.4423,17.3544,16.0042,15.5229,15.3150,27.5380,16.4387
2672,Black|Purple|Lime Green|Red,#080A0D|#6C47B2|#D5D701|#E72F1D,37.5855,18.7621,15.5695,14.1199,13.6473,36.8738,16.4410
2673,Purple|Grey|Olive Green|White,#6C47B2|#8C9099|#948902|#EBF7FF,45.1006,18.0909,15.9829,14.7957,13.8897,39.2799,16.4433
2674,Blue|Olive Green|Lime Green|Cold White,#003776|#948902|#D5D701|#D9DFE5,35.5703,17.4622,16.0997,15.4329,14.9999,30.1342,16.4475
2675,Blue|Black|Olive Green|Lime Green,#003776|#080A0D|#948902|#D5D701,35.1398,17.3945,15.9804,15.5049,15.3343,36.1189,16.4497
2676,Green|Cold White|Red|Magenta,#06924D|#D9DFE5|#E72F1D|#F24574,30.5620,17.8600,16.2537,15.0736,13.9954,39.3332,16.4668
2677,Blue|Olive Green|Lime Green|Yellow,#003776|#948902|#D5D701|#FFE800,34.0872,17.5682,16.1944,15.3670,14.6606,33.5133,16.4676
2678,Blue|Polymaker Teal|Tan|Lime Green,#003776|#4CC0C7|#A79E82|#D5D701,25.7318,17.2900,16.3782,15.6559,14.9663,30.4336,16.4729
2679,Dark Grey|Polymaker Teal|Purple|Red,#485259|#4CC0C7|#6C47B2|#E72F1D,24.9477,17.2161,16.2810,15.7516,15.4088,29.1571,16.4838
2680,Blue|Dark Grey|Polymaker Teal|Red,#003776|#485259|#4CC0C7|#E72F1D,24.9476,17.2162,16.2810,15.7516,15.4088,29.1571,16.4839
2681,Black|Dark Grey|Grey|Red,#080A0D|#485259|#8C9099|#E72F1D,24.2696,16.7566,16.3150,16.2130,16.2405,36.1847,16.4848
2682,Dark Grey|Purple|Grey|Yellow,#485259|#6C47B2|#8C9099|#FFE800,25.3678,17.4182,16.3052,15.5614,14.9500,34.8959,16.4898
2683,Blue|Green|Tan|Lime Green,#003776|#06924D|#A79E82|#D5D701,25.7671,17.3279,16.4083,15.6617,14.9210,30.7925,16.4948
2684,Azure Blue|Dark Grey|Polymaker Teal|Red,#0066D9|#485259|#4CC0C7|#E72F1D,24.9567,17.2303,16.2957,15.7654,15.4211,29.1743,16.4978
2685,Green|Black|Dark Olive Drab|Olive Green,#06924D|#080A0D|#575B54|#948902,26.6462,17.0980,16.2221,15.9077,15.8301,52.7922,16.5028
2686,Black|Purple|Grey|Lime Green,#080A0D|#6C47B2|#8C9099|#D5D701,29.7676,17.3169,16.2538,15.7068,15.3343,32.9505,16.5119
2687,Azure Blue|Dark Olive Drab|Purple|Magenta,#0066D9|#575B54|#6C47B2|#F24574,23.8247,17.1895,16.3793,15.8585,15.4988,57.3431,16.5240
2688,Black|Dark Grey|Olive Green|Lime Green,#080A0D|#485259|#948902|#D5D701,26.9328,17.1156,16.2974,15.9442,15.7632,41.1616,16.5299
2689,Blue|Polymaker Teal|Dark Olive Drab|Lime Green,#003776|#4CC0C7|#575B54|#D5D701,23.2576,17.0741,16.4052,15.9868,15.6929,29.5430,16.5304
2690,Blue|Purple|Pink|Yellow,#003776|#6C47B2|#F1A1AF|#FFE800,29.1902,17.5663,16.3441,15.5173,14.8284,33.3827,16.5418
2691,Azure Blue|Dark Grey|Dark Olive Drab|Magenta,#0066D9|#485259|#575B54|#F24574,23.7706,17.1682,16.3966,15.9254,15.6175,57.3673,16.5468
2692,Blue|Azure Blue|Dark Olive Drab|Magenta,#003776|#0066D9|#575B54|#F24574,23.8921,17.1933,16.4036,15.9171,15.5969,57.3431,16.5552
2693,Blue|Dark Grey|Purple|Tan,#003776|#485259|#6C47B2|#A79E82,22.2211,17.2361,16.4823,15.8790,15.3191,31.3730,16.5576
2694,Blue|Black|Dark Grey|Lime Green,#003776|#080A0D|#485259|#D5D701,26.6413,17.1035,16.3685,16.0532,15.8827,34.3503,16.5783
2695,Azure Blue|Olive Green|White|Magenta,#0066D9|#948902|#EBF7FF|#F24574,35.4752,17.9901,16.3307,15.1789,14.2187,39.9702,16.5845
2696,Grey|Olive Green|Cold White|Pink,#8C9099|#948902|#D9DFE5|#F1A1AF,30.4301,17.7448,16.4394,15.4291,14.5103,41.4446,16.5870
2697,Green|Red|Pink|Magenta,#06924D|#E72F1D|#F1A1AF|#F24574,28.9494,17.8592,16.4608,15.3172,14.1716,41.0275,16.5882
2698,Azure Blue|Green|Black|Olive Green,#0066D9|#06924D|#080A0D|#948902,38.6363,17.7644,16.0475,15.4499,15.1994,38.5439,16.6071
2699,Green|Grey|Olive Green|Orange,#06924D|#8C9099|#948902|#F67405,26.2160,17.7870,16.5599,15.4317,14.2106,39.5697,16.6093
2700,Azure Blue|Green|Red|White,#0066D9|#06924D|#E72F1D|#EBF7FF,28.4692,17.7727,16.4267,15.4534,14.6073,40.0474,16.6131
2701,Blue|Brown|Pink|Orange,#003776|#55331A|#F1A1AF|#F67405,22.6351,16.7887,16.4179,16.4417,16.6403,36.4264,16.6152
2702,Green|Grey|Pink|Magenta,#06924D|#8C9099|#F1A1AF|#F24574,28.9252,17.8641,16.4998,15.3751,14.2410,40.2422,16.6196
2703,Black|Dark Grey|White|Pink,#080A0D|#485259|#EBF7FF|#F1A1AF,25.6956,16.9005,16.5185,16.4104,16.4053,29.1418,16.6555
2704,Green|Polymaker Teal|Red|Magenta,#06924D|#4CC0C7|#E72F1D|#F24574,29.4541,17.9745,16.5027,15.3392,14.1785,40.1524,16.6568
2705,Blue|Black|Polymaker Teal|Olive Green,#003776|#080A0D|#4CC0C7|#948902,41.8311,17.7080,16.0405,15.6373,15.6229,34.8993,16.6726
2706,Black|Dark Grey|Polymaker Teal|Lime Green,#080A0D|#485259|#4CC0C7|#D5D701,25.7004,17.0493,16.4602,16.2971,16.3015,29.2984,16.6732
2707,Azure Blue|Olive Green|Lime Green|Orange,#0066D9|#948902|#D5D701|#F67405,32.0297,17.9953,16.4579,15.3520,14.3980,39.0023,16.6736
2708,Azure Blue|Dark Olive Drab|Purple|Lime Green,#0066D9|#575B54|#6C47B2|#D5D701,25.3217,17.6561,16.4577,15.6960,15.1285,33.2292,16.6760
2709,Green|Black|Purple|Yellow,#06924D|#080A0D|#6C47B2|#FFE800,35.2071,18.1049,16.0565,15.2513,14.9024,38.8817,16.6781
2710,Green|Grey|Cold White|Orange,#06924D|#8C9099|#D9DFE5|#F67405,24.8964,17.6398,16.5943,15.7303,14.9013,39.5485,16.6850
2711,Blue|Grey|Tan|Lime Green,#003776|#8C9099|#A79E82|#D5D701,25.6889,17.5047,16.6113,15.8812,15.1639,30.4774,16.6930
2712,Blue|Purple|Magenta|Yellow,#003776|#6C47B2|#F24574|#FFE800,31.3682,17.8520,16.4517,15.5352,14.7625,36.1660,16.6936
2713,Blue|Polymaker Teal|Olive Green|Yellow,#003776|#4CC0C7|#948902|#FFE800,33.8302,17.6635,16.3881,15.7269,15.2757,30.3452,16.6952
2714,Dark Grey|Purple|Tan|White,#485259|#6C47B2|#A79E82|#EBF7FF,22.1469,17.2976,16.5992,16.0979,15.6823,31.9152,16.6978
2715,Grey|Olive Green|Orange|Yellow,#8C9099|#948902|#F67405|#FFE800,25.8293,17.7009,16.6406,15.7027,14.7165,40.8212,16.7018
2716,Green|Olive Green|Pink|Magenta,#06924D|#948902|#F1A1AF|#F24574,29.8431,17.9673,16.5566,15.4504,14.3772,41.1681,16.7088
2717,Azure Blue|Dark Grey|Purple|Tan,#0066D9|#485259|#6C47B2|#A79E82,22.2644,17.3890,16.6353,16.0412,15.4866,31.7749,16.7151
2718,Black|Grey|Cold White|Pink,#080A0D|#8C9099|#D9DFE5|#F1A1AF,27.8704,16.9964,16.5568,16.4533,16.4634,30.0300,16.7248
2719,Azure Blue|Black|Cold White|Orange,#0066D9|#080A0D|#D9DFE5|#F67405,29.7493,17.5685,16.3803,15.8840,15.7060,29.1379,16.7263
2720,Green|Tan|Magenta|Yellow,#06924D|#A79E82|#F24574|#FFE800,26.4510,17.7285,16.5961,15.7246,14.9087,40.3585,16.7266
2721,Green|Polymaker Teal|Cold White|Red,#06924D|#4CC0C7|#D9DFE5|#E72F1D,28.6106,17.8804,16.5544,15.5744,14.6519,40.4549,16.7274
2722,Green|Tan|White|Magenta,#06924D|#A79E82|#EBF7FF|#F24574,25.8966,17.8146,16.6568,15.6459,14.6630,41.6877,16.7303
2723,Green|Black|Dark Grey|Lime Green,#06924D|#080A0D|#485259|#D5D701,26.2286,17.2409,16.5515,16.2456,16.0742,41.1149,16.7433
2724,Green|Purple|Magenta|Orange,#06924D|#6C47B2|#F24574|#F67405,35.8119,18.8494,16.3982,14.6517,13.1513,43.4154,16.7506
2725,Black|Brown|Pink|Orange,#080A0D|#55331A|#F1A1AF|#F67405,23.1333,16.8174,16.6006,16.6982,16.9126,36.4195,16.7578
2726,Blue|Azure Blue|Polymaker Teal|Olive Green,#003776|#0066D9|#4CC0C7|#948902,41.1401,18.0822,16.4063,15.4608,14.7038,34.1693,16.7715
2727,Black|Polymaker Teal|Cold White|Pink,#080A0D|#4CC0C7|#D9DFE5|#F1A1AF,29.4410,17.2278,16.5549,16.3451,16.3080,29.8415,16.7865
2728,Green|Black|Purple|Lime Green,#06924D|#080A0D|#6C47B2|#D5D701,36.8542,18.3040,16.1370,15.3185,14.9618,38.5985,16.8113
2729,Blue|Green|Tan|Pink,#003776|#06924D|#A79E82|#F1A1AF,26.2544,17.6622,16.7069,15.9799,15.2921,31.8378,16.8211
2730,Green|Grey|Red|Yellow,#06924D|#8C9099|#E72F1D|#FFE800,24.8706,17.8406,16.7815,15.8030,14.7781,39.1716,16.8218
2731,Blue|Dark Grey|Grey|Red,#003776|#485259|#8C9099|#E72F1D,23.3396,17.2307,16.6893,16.4170,16.2676,36.1921,16.8239
2732,Dark Grey|Purple|Grey|Red,#485259|#6C47B2|#8C9099|#E72F1D,23.3407,17.2311,16.6897,16.4173,16.2679,36.1921,16.8242
2733,Dark Grey|Grey|Red|Magenta,#485259|#8C9099|#E72F1D|#F24574,23.3404,17.2315,16.6900,16.4173,16.2677,36.1921,16.8244
2734,Azure Blue|Dark Grey|Grey|Red,#0066D9|#485259|#8C9099|#E72F1D,23.3427,17.2369,16.6972,16.4277,16.2819,36.3366,16.8323
2735,Green|Dark Olive Drab|Purple|Lime Green,#06924D|#575B54|#6C47B2|#D5D701,24.8756,17.9501,16.7026,15.7164,14.8244,36.5588,16.8333
2736,Azure Blue|Dark Grey|Purple|Yellow,#0066D9|#485259|#6C47B2|#FFE800,27.2542,17.9225,16.5886,15.7524,15.1555,35.6511,16.8375
2737,Azure Blue|Olive Green|Orange|Yellow,#0066D9|#948902|#F67405|#FFE800,32.6009,18.1053,16.6257,15.5893,14.6861,39.3084,16.8473
2738,Black|Polymaker Teal|Grey|Pink,#080A0D|#4CC0C7|#8C9099|#F1A1AF,28.0836,17.1440,16.6719,16.5629,16.5865,29.9421,16.8534
2739,Grey|Olive Green|Tan|Orange,#8C9099|#948902|#A79E82|#F67405,23.5839,17.8068,16.8510,15.9176,14.9247,40.5642,16.8622
2740,Blue|Polymaker Teal|Lime Green|Orange,#003776|#4CC0C7|#D5D701|#F67405,26.9473,17.7036,16.7168,16.0210,15.3937,31.0371,16.8623
2741,Azure Blue|Purple|Grey|Olive Green,#0066D9|#6C47B2|#8C9099|#948902,41.7584,18.4210,16.5248,15.3109,14.2346,38.6292,16.8659
2742,Blue|Dark Grey|Purple|Yellow,#003776|#485259|#6C47B2|#FFE800,26.6214,17.9021,16.7236,15.8313,15.0365,34.7580,16.8667
2743,Dark Grey|Purple|Olive Green|Lime Green,#485259|#6C47B2|#948902|#D5D701,30.3138,18.2267,16.6199,15.5121,14.5822,36.7465,16.8694
2744,Blue|Azure Blue|Tan|Lime Green,#003776|#0066D9|#A79E82|#D5D701,25.9563,17.6741,16.7736,16.0662,15.3988,30.8027,16.8702
2745,Dark Grey|Purple|Tan|Lime Green,#485259|#6C47B2|#A79E82|#D5D701,25.4728,17.8653,16.7304,15.8859,15.1225,33.7788,16.8756
2746,Green|Purple|White|Magenta,#06924D|#6C47B2|#EBF7FF|#F24574,33.6915,18.2009,16.5590,15.5527,14.8036,38.4984,16.8768
2747,Azure Blue|Brown|Pink|Orange,#0066D9|#55331A|#F1A1AF|#F67405,22.6851,17.0971,16.6673,16.6593,16.8442,36.5767,16.8782
2748,Dark Grey|Polymaker Teal|Grey|Red,#485259|#4CC0C7|#8C9099|#E72F1D,24.5444,17.5377,16.7076,16.2210,15.8956,29.0530,16.8794
2749,Dark Grey|Purple|Lime Green|Yellow,#485259|#6C47B2|#D5D701|#FFE800,26.3825,18.0343,16.7588,15.7509,14.8163,37.1807,16.8926
2750,Dark Grey|Polymaker Teal|Olive Green|Lime Green,#485259|#4CC0C7|#948902|#D5D701,25.9047,17.5341,16.7064,16.2514,15.9679,29.3769,16.8927
2751,Black|Cold White|Red|Pink,#080A0D|#D9DFE5|#E72F1D|#F1A1AF,30.2465,17.4967,16.6390,16.2923,16.1693,28.8199,16.8945
2752,Azure Blue|Green|Purple|Olive Green,#0066D9|#06924D|#6C47B2|#948902,46.9179,18.9522,16.4027,14.8522,13.5763,40.9698,16.9022
2753,Dark Grey|Dark Olive Drab|Purple|Lime Green,#485259|#575B54|#6C47B2|#D5D701,24.8721,17.9843,16.7781,15.8235,14.9620,36.6821,16.9039
2754,Green|Dark Grey|Purple|Yellow,#06924D|#485259|#6C47B2|#FFE800,26.3757,18.0365,16.7734,15.7867,14.8753,37.2295,16.9116
2755,Blue|Dark Olive Drab|Purple|Lime Green,#003776|#575B54|#6C47B2|#D5D701,25.1619,17.9583,16.7833,15.8827,15.0942,35.9484,16.9205
2756,Green|Dark Grey|Dark Olive Drab|Olive Green,#06924D|#485259|#575B54|#948902,26.6303,17.7513,16.7149,16.1204,15.7248,52.6833,16.9358
2757,Black|Polymaker Teal|Purple|Pink,#080A0D|#4CC0C7|#6C47B2|#F1A1AF,29.6066,17.3793,16.7035,16.4955,16.4644,29.8847,16.9374
2758,Blue|Black|Polymaker Teal|Pink,#003776|#080A0D|#4CC0C7|#F1A1AF,29.6067,17.3797,16.7039,16.4959,16.4649,29.8847,16.9378
2759,Black|Dark Grey|Cold White|Pink,#080A0D|#485259|#D9DFE5|#F1A1AF,25.0911,17.1754,16.8172,16.7036,16.6840,29.9532,16.9395
2760,Blue|Dark Grey|Olive Green|Lime Green,#003776|#485259|#948902|#D5D701,28.6425,17.8346,16.7339,16.0445,15.5032,34.7237,16.9396
2761,Azure Blue|Black|Polymaker Teal|Pink,#0066D9|#080A0D|#4CC0C7|#F1A1AF,29.6069,17.3824,16.7078,16.4997,16.4682,29.8901,16.9411
2762,Green|Dark Olive Drab|Purple|Olive Green,#06924D|#575B54|#6C47B2|#948902,29.6172,18.2639,16.6650,15.6294,14.8266,52.7305,16.9466
2763,Blue|Green|Dark Olive Drab|Olive Green,#003776|#06924D|#575B54|#948902,28.1991,17.8607,16.7032,16.0417,15.5919,52.7219,16.9512
2764,Green|Dark Grey|Olive Green|Lime Green,#06924D|#485259|#948902|#D5D701,26.4168,17.7410,16.8011,16.1707,15.6629,41.1327,16.9559
2765,Green|Grey|Red|White,#06924D|#8C9099|#E72F1D|#EBF7FF,27.7620,18.1228,16.8271,15.7984,14.8286,42.4450,16.9606
2766,Polymaker Teal|Grey|Olive Green|Pink,#4CC0C7|#8C9099|#948902|#F1A1AF,30.8179,18.1880,16.8640,15.7816,14.7328,42.4211,16.9848
2767,Dark Grey|Cold White|Red|Pink,#485259|#D9DFE5|#E72F1D|#F1A1AF,23.1681,17.4035,16.8657,16.5804,16.4263,28.8128,16.9920
2768,Green|Dark Grey|Purple|Tan,#06924D|#485259|#6C47B2|#A79E82,23.2117,17.7153,16.9035,16.2888,15.7269,32.1978,17.0021
2769,Grey|Olive Green|Red|White,#8C9099|#948902|#E72F1D|#EBF7FF,30.5401,18.2270,16.8484,15.7826,14.7976,42.5437,17.0048
2770,Blue|Black|Purple|Yellow,#003776|#080A0D|#6C47B2|#FFE800,31.7813,17.9394,16.7116,16.0733,15.6265,36.2648,17.0063
2771,Green|Grey|Tan|Orange,#06924D|#8C9099|#A79E82|#F67405,23.2591,17.9929,17.0064,16.0492,15.0348,39.8124,17.0210
2772,Grey|Olive Green|White|Magenta,#8C9099|#948902|#EBF7FF|#F24574,32.2117,18.2708,16.8515,15.7803,14.8159,42.8183,17.0255
2773,Azure Blue|Black|Cold White|Red,#0066D9|#080A0D|#D9DFE5|#E72F1D,32.6005,17.8081,16.6495,16.2742,16.1299,28.4993,17.0412
2774,Blue|Black|Dark Olive Drab|Cold White,#003776|#080A0D|#575B54|#D9DFE5,21.1414,17.2453,16.9373,16.8429,16.8243,31.4417,17.0441
2775,Green|Black|Brown|Red,#06924D|#080A0D|#55331A|#E72F1D,26.7230,17.5465,16.7225,16.5454,16.5827,40.5238,17.0460
2776,Black|Dark Olive Drab|Purple|Cold White,#080A0D|#575B54|#6C47B2|#D9DFE5,20.9665,17.2459,16.9459,16.8464,16.8268,31.5093,17.0461
2777,Azure Blue|Green|Pink|Magenta,#0066D9|#06924D|#F1A1AF|#F24574,29.9298,18.2279,16.8917,15.8655,14.8822,38.3925,17.0467
2778,Azure Blue|Green|Olive Green|Orange,#0066D9|#06924D|#948902|#F67405,30.9228,18.4096,16.8636,15.6891,14.5737,37.9223,17.0494
2779,Dark Grey|Polymaker Teal|Purple|Yellow,#485259|#4CC0C7|#6C47B2|#FFE800,25.9214,17.9923,16.8755,16.1089,15.4840,34.1423,17.0506
2780,Dark Grey|Polymaker Teal|Red|Pink,#485259|#4CC0C7|#E72F1D|#F1A1AF,24.2780,17.6374,16.8839,16.4659,16.2244,28.3721,17.0517
2781,Black|Dark Grey|Purple|Lime Green,#080A0D|#485259|#6C47B2|#D5D701,27.4509,18.0595,16.8274,16.0516,15.4559,36.6801,17.0555
2782,Polymaker Teal|Dark Olive Drab|Purple|Lime Green,#4CC0C7|#575B54|#6C47B2|#D5D701,24.4597,17.9850,16.9019,16.1403,15.5308,33.1748,17.0626
2783,Green|Grey|Lime Green|Orange,#06924D|#8C9099|#D5D701|#F67405,24.8958,18.0706,17.0206,16.0571,15.0428,39.6389,17.0639
2784,Azure Blue|Green|Red|Orange,#0066D9|#06924D|#E72F1D|#F67405,29.4147,18.3763,16.8912,15.7542,14.6708,37.6298,17.0652
2785,Black|Dark Grey|Dark Olive Drab|Cold White,#080A0D|#485259|#575B54|#D9DFE5,20.9747,17.2629,16.9661,16.8676,16.8462,31.5899,17.0653
2786,Green|Purple|Lime Green|Red,#06924D|#6C47B2|#D5D701|#E72F1D,37.6000,19.1468,16.6887,14.9838,13.4991,45.5811,17.0653
2787,Azure Blue|Polymaker Teal|Olive Green|Red,#0066D9|#4CC0C7|#948902|#E72F1D,33.4939,18.3746,16.8661,15.7563,14.7118,39.5566,17.0654
2788,Blue|Azure Blue|Olive Green|Lime Green,#003776|#0066D9|#948902|#D5D701,36.0167,18.1501,16.7672,15.9911,15.4350,30.5330,17.0706
2789,Green|Cold White|Pink|Magenta,#06924D|#D9DFE5|#F1A1AF|#F24574,29.4056,18.2847,16.9419,15.8602,14.7974,41.1701,17.0725
2790,Black|Grey|Red|Pink,#080A0D|#8C9099|#E72F1D|#F1A1AF,28.1351,17.3747,16.8650,16.7778,16.8510,31.6441,17.0763
2791,Black|Dark Grey|Polymaker Teal|Pink,#080A0D|#485259|#4CC0C7|#F1A1AF,25.2315,17.3211,16.9561,16.8556,16.8575,29.9238,17.0884
2792,Dark Grey|Purple|Lime Green|Cold White,#485259|#6C47B2|#D5D701|#D9DFE5,27.1532,18.0316,16.8575,16.1566,15.6708,33.9690,17.0941
2793,Green|Grey|Pink|Orange,#06924D|#8C9099|#F1A1AF|#F67405,25.7661,18.2076,17.0554,15.9831,14.8189,40.2841,17.0953
2794,Black|Polymaker Teal|Pink|Magenta,#080A0D|#4CC0C7|#F1A1AF|#F24574,29.8186,17.5498,16.8661,16.6625,16.6421,30.6020,17.1061
2795,Brown|Red|Pink|Orange,#55331A|#E72F1D|#F1A1AF|#F67405,22.0824,17.3210,16.9708,16.8921,16.9234,36.3974,17.1066
2796,Brown|Pink|Magenta|Orange,#55331A|#F1A1AF|#F24574|#F67405,22.0824,17.3210,16.9708,16.8921,16.9234,36.3974,17.1066
2797,Grey|Tan|Lime Green|Red,#8C9099|#A79E82|#D5D701|#E72F1D,22.2028,18.0107,17.1206,16.2055,15.2258,40.7240,17.1081
2798,Brown|Purple|Pink|Orange,#55331A|#6C47B2|#F1A1AF|#F67405,22.2762,17.3744,16.9580,16.8534,16.9039,36.5817,17.1139
2799,Azure Blue|Dark Grey|Lime Green|White,#0066D9|#485259|#D5D701|#EBF7FF,24.8767,17.8233,16.9884,16.4199,15.9904,29.2083,17.1216
2800,Blue|Black|Grey|Pink,#003776|#080A0D|#8C9099|#F1A1AF,28.1221,17.3717,16.9487,16.8722,16.9227,31.4031,17.1220
2801,Black|Purple|Grey|Pink,#080A0D|#6C47B2|#8C9099|#F1A1AF,28.1221,17.3717,16.9487,16.8722,16.9227,31.4031,17.1220
2802,Azure Blue|Black|Grey|Pink,#0066D9|#080A0D|#8C9099|#F1A1AF,28.1231,17.3733,16.9503,16.8738,16.9243,31.4037,17.1236
2803,Blue|Grey|Cold White|Yellow,#003776|#8C9099|#D9DFE5|#FFE800,27.9257,17.8877,16.9617,16.3700,15.9121,31.4259,17.1288
2804,Dark Olive Drab|Purple|Lime Green|White,#575B54|#6C47B2|#D5D701|#EBF7FF,25.6855,18.0683,16.9101,16.1959,15.7016,35.2360,17.1321
2805,Green|Tan|Red|Pink,#06924D|#A79E82|#E72F1D|#F1A1AF,25.2345,18.2184,17.0856,16.0486,15.0017,41.9889,17.1335
2806,Green|Grey|Orange|Yellow,#06924D|#8C9099|#F67405|#FFE800,24.8299,18.1259,17.0906,16.1452,15.1707,39.6490,17.1355
2807,Black|White|Pink|Magenta,#080A0D|#EBF7FF|#F1A1AF|#F24574,30.2200,17.4778,16.9239,16.7964,16.8142,31.3867,17.1371
2808,Black|Brown|Dark Olive Drab|Purple,#080A0D|#55331A|#575B54|#6C47B2,20.8407,17.1614,16.9885,17.1136,17.4604,49.4779,17.1375
2809,Green|Polymaker Teal|Tan|Red,#06924D|#4CC0C7|#A79E82|#E72F1D,25.1336,18.2558,17.0900,16.0231,14.9327,41.8748,17.1395
2810,Green|Red|White|Magenta,#06924D|#E72F1D|#EBF7FF|#F24574,29.0649,18.3901,16.9965,15.8967,14.8648,42.7819,17.1434
2811,Blue|Green|Cold White|Yellow,#003776|#06924D|#D9DFE5|#FFE800,30.6182,18.0048,16.9199,16.2966,15.8381,32.5333,17.1507
2812,Green|Polymaker Teal|Grey|Orange,#06924D|#4CC0C7|#8C9099|#F67405,25.2627,18.1614,17.0936,16.1414,15.1499,40.3647,17.1514
2813,Green|Tan|Cold White|Red,#06924D|#A79E82|#D9DFE5|#E72F1D,24.8366,18.2136,17.1101,16.1148,15.1170,42.2072,17.1642
2814,Green|Brown|Magenta|Orange,#06924D|#55331A|#F24574|#F67405,26.2950,17.7935,16.8692,16.5736,16.5172,41.1290,17.1835
2815,Azure Blue|Green|Magenta|Orange,#0066D9|#06924D|#F24574|#F67405,29.6531,18.5178,17.0255,15.8838,14.7915,38.0853,17.2008
2816,Green|Black|Purple|Olive Green,#06924D|#080A0D|#6C47B2|#948902,49.0141,19.6635,16.0937,14.7492,14.3825,54.6107,17.2064
2817,Azure Blue|Green|Grey|Orange,#0066D9|#06924D|#8C9099|#F67405,26.5083,18.2965,17.1192,16.1196,15.1054,38.1375,17.2081
2818,Green|Dark Grey|Polymaker Teal|Lime Green,#06924D|#485259|#4CC0C7|#D5D701,24.9655,17.7669,17.0571,16.6525,16.3922,29.3031,17.2097
2819,Black|Polymaker Teal|Dark Olive Drab|Cold White,#080A0D|#4CC0C7|#575B54|#D9DFE5,21.2080,17.4020,17.1029,17.0177,17.0079,33.1817,17.2099
2820,Black|Purple|Cold White|Pink,#080A0D|#6C47B2|#D9DFE5|#F1A1AF,29.8684,17.6486,17.0100,16.7723,16.6927,30.1144,17.2105
2821,Azure Blue|Black|Cold White|Pink,#0066D9|#080A0D|#D9DFE5|#F1A1AF,29.8706,17.6503,17.0099,16.7735,16.6976,30.1156,17.2119
2822,Blue|Black|Cold White|Pink,#003776|#080A0D|#D9DFE5|#F1A1AF,29.8692,17.6525,17.0146,16.7774,16.6982,30.1144,17.2149
2823,Blue|Tan|Lime Green|White,#003776|#A79E82|#D5D701|#EBF7FF,25.9486,17.9491,17.1167,16.4964,15.9436,32.9890,17.2228
2824,Black|Purple|Lime Green|Cold White,#080A0D|#6C47B2|#D5D701|#D9DFE5,35.1106,18.0942,16.8139,16.3841,16.2003,34.6172,17.2391
2825,Blue|Polymaker Teal|Tan|Cold White,#003776|#4CC0C7|#A79E82|#D9DFE5,24.6479,17.9027,17.1795,16.6007,16.0625,32.0511,17.2517
2826,Black|Cold White|Pink|Magenta,#080A0D|#D9DFE5|#F1A1AF|#F24574,29.9159,17.6898,17.0510,16.8164,16.7408,30.4565,17.2531
2827,Blue|Grey|Tan|Cold White,#003776|#8C9099|#A79E82|#D9DFE5,24.6062,17.9055,17.1907,16.6141,16.0747,32.0447,17.2598
2828,Green|Polymaker Teal|Pink|Magenta,#06924D|#4CC0C7|#F1A1AF|#F24574,29.5654,18.5014,17.1370,16.0187,14.8891,41.3314,17.2600
2829,Azure Blue|Green|Tan|Orange,#0066D9|#06924D|#A79E82|#F67405,26.3825,18.3548,17.1670,16.1664,15.1669,37.7601,17.2606
2830,Green|Cold White|Red|Pink,#06924D|#D9DFE5|#E72F1D|#F1A1AF,28.5009,18.4369,17.1570,16.1002,15.0452,41.8327,17.2685
2831,Blue|Green|Black|Lime Green,#003776|#06924D|#080A0D|#D5D701,33.9101,18.1012,16.8735,16.4380,16.2514,35.9593,17.2696
2832,Grey|Olive Green|Lime Green|Magenta,#8C9099|#948902|#D5D701|#F24574,27.5719,18.3509,17.1817,16.2073,15.2215,41.5656,17.2791
2833,Brown|Purple|Magenta|Yellow,#55331A|#6C47B2|#F24574|#FFE800,25.4729,18.2730,16.9008,16.2926,16.1856,37.3309,17.2828
2834,Blue|Green|Tan|Cold White,#003776|#06924D|#A79E82|#D9DFE5,24.8877,17.9525,17.2189,16.6450,16.1199,31.8353,17.2988
2835,Blue|Polymaker Teal|Grey|Yellow,#003776|#4CC0C7|#8C9099|#FFE800,28.1782,18.1168,17.1540,16.4871,15.9087,31.4086,17.3020
2836,Green|Black|Dark Grey|Olive Green,#06924D|#080A0D|#485259|#948902,32.0149,18.0921,16.9127,16.5197,16.4233,52.8987,17.3059
2837,Blue|Green|Grey|Yellow,#003776|#06924D|#8C9099|#FFE800,28.2108,18.1402,17.1674,16.4835,15.8720,31.4363,17.3119
2838,Black|Dark Grey|Grey|Pink,#080A0D|#485259|#8C9099|#F1A1AF,25.2618,17.5086,17.1930,17.1285,17.1582,31.5166,17.3185
2839,Grey|Tan|Red|Yellow,#8C9099|#A79E82|#E72F1D|#FFE800,22.2598,18.2004,17.3289,16.4417,15.5026,41.1809,17.3210
2840,Green|Polymaker Teal|Olive Green|Red,#06924D|#4CC0C7|#948902|#E72F1D,30.2217,18.6301,17.1732,16.0172,14.8615,40.5247,17.3237
2841,Azure Blue|Olive Green|Tan|Pink,#0066D9|#948902|#A79E82|#F1A1AF,29.5624,18.4086,17.2339,16.2633,15.3205,38.7545,17.3360
2842,Blue|Polymaker Teal|Grey|Tan,#003776|#4CC0C7|#8C9099|#A79E82,24.7014,18.0403,17.2919,16.6335,15.9610,31.8638,17.3369
2843,Blue|Tan|Cold White|Pink,#003776|#A79E82|#D9DFE5|#F1A1AF,24.2660,17.9615,17.2616,16.7185,16.2319,33.0983,17.3400
2844,Green|Polymaker Teal|Brown|Dark Olive Drab,#06924D|#4CC0C7|#55331A|#575B54,22.2136,17.4362,17.1854,17.2508,17.5228,43.5476,17.3435
2845,Green|Purple|Grey|Orange,#06924D|#6C47B2|#8C9099|#F67405,29.7613,18.5581,17.1410,16.1353,15.2250,37.8444,17.3467
2846,Azure Blue|Purple|Olive Green|Tan,#0066D9|#6C47B2|#948902|#A79E82,35.1925,18.6231,17.1048,16.0713,15.1135,38.0192,17.3472
2847,Polymaker Teal|Grey|Olive Green|Orange,#4CC0C7|#8C9099|#948902|#F67405,27.9571,18.4023,17.2588,16.2933,15.2976,42.8164,17.3478
2848,Blue|Dark Grey|Lime Green|White,#003776|#485259|#D5D701|#EBF7FF,26.9676,18.0723,17.1977,16.6412,16.2304,28.9155,17.3568
2849,Blue|Green|Polymaker Teal|Tan,#003776|#06924D|#4CC0C7|#A79E82,24.9906,18.0777,17.3027,16.6396,15.9768,31.8297,17.3587
2850,Green|Tan|Pink|Magenta,#06924D|#A79E82|#F1A1AF|#F24574,26.1094,18.4506,17.3078,16.2670,15.1971,40.7310,17.3588
2851,Black|Dark Grey|Brown|Dark Olive Drab,#080A0D|#485259|#55331A|#575B54,20.9619,17.2662,17.2195,17.4569,17.8248,53.6668,17.3616
2852,Blue|Green|Grey|Tan,#003776|#06924D|#8C9099|#A79E82,24.9435,18.0818,17.3102,16.6421,15.9737,31.8510,17.3619
2853,Azure Blue|Polymaker Teal|Olive Green|Pink,#0066D9|#4CC0C7|#948902|#F1A1AF,34.5803,18.6360,17.1678,16.0936,15.1145,40.2282,17.3648
2854,Azure Blue|Green|Cold White|Orange,#0066D9|#06924D|#D9DFE5|#F67405,28.3950,18.3911,17.1617,16.3479,15.6830,37.5491,17.3695
2855,Blue|Black|Brown|Dark Olive Drab,#003776|#080A0D|#55331A|#575B54,21.0459,17.2847,17.2317,17.4621,17.8224,58.1959,17.3734
2856,Azure Blue|Olive Green|White|Pink,#0066D9|#948902|#EBF7FF|#F1A1AF,34.8246,18.5768,17.1602,16.1747,15.3333,40.2978,17.3758
2857,Black|Grey|Pink|Magenta,#080A0D|#8C9099|#F1A1AF|#F24574,28.3998,17.6232,17.1990,17.1310,17.1923,31.6804,17.3771
2858,Green|Dark Grey|Purple|Olive Green,#06924D|#485259|#6C47B2|#948902,35.2851,18.9310,17.0193,15.8563,14.9802,52.8505,17.3936
2859,Green|Purple|Pink|Orange,#06924D|#6C47B2|#F1A1AF|#F67405,33.4254,18.8689,17.1114,15.9242,14.9163,37.9147,17.3965
2860,Green|Black|Brown|Dark Olive Drab,#06924D|#080A0D|#55331A|#575B54,22.0206,17.4164,17.2345,17.3892,17.6958,54.9466,17.4028
2861,Dark Grey|Brown|Dark Olive Drab|Purple,#485259|#55331A|#575B54|#6C47B2,21.2184,17.4382,17.2729,17.3703,17.6430,53.6545,17.4043
2862,Green|Brown|Olive Green|Red,#06924D|#55331A|#948902|#E72F1D,27.1516,18.0283,17.0879,16.7809,16.7061,40.5772,17.4046
2863,Blue|Lime Green|Cold White|Yellow,#003776|#D5D701|#D9DFE5|#FFE800,30.7649,18.2575,17.1685,16.5546,16.1130,32.4570,17.4060
2864,Green|Olive Green|Tan|Red,#06924D|#948902|#A79E82|#E72F1D,25.0896,18.4324,17.3601,16.3855,15.4019,42.1976,17.4089
2865,Blue|Polymaker Teal|Tan|Pink,#003776|#4CC0C7|#A79E82|#F1A1AF,24.3987,18.0816,17.3474,16.7449,16.1718,33.1247,17.4132
2866,Blue|Azure Blue|Tan|Pink,#003776|#0066D9|#A79E82|#F1A1AF,24.3823,18.0934,17.3536,16.7349,16.1308,33.1755,17.4141
2867,Azure Blue|Green|White|Magenta,#0066D9|#06924D|#EBF7FF|#F24574,30.7739,18.5756,17.2324,16.2605,15.4173,40.7986,17.4180
2868,Green|Dark Grey|Brown|Dark Olive Drab,#06924D|#485259|#55331A|#575B54,22.2631,17.5678,17.2593,17.2719,17.4833,54.8438,17.4198
2869,Grey|Tan|Red|Magenta,#8C9099|#A79E82|#E72F1D|#F24574,22.0095,18.2742,17.4453,16.5691,15.6225,40.6000,17.4216
2870,Green|Tan|Red|White,#06924D|#A79E82|#E72F1D|#EBF7FF,25.3367,18.4899,17.3825,16.3843,15.3961,43.2080,17.4371
2871,Azure Blue|Olive Green|Lime Green|Red,#0066D9|#948902|#D5D701|#E72F1D,32.4513,18.6874,17.2401,16.2078,15.2876,38.8781,17.4476
2872,Azure Blue|Green|Olive Green|Pink,#0066D9|#06924D|#948902|#F1A1AF,31.9486,18.6866,17.3007,16.2255,15.1947,38.9289,17.4561
2873,Blue|Azure Blue|Tan|Cold White,#003776|#0066D9|#A79E82|#D9DFE5,24.3653,18.1023,17.4256,16.8801,16.3764,32.0684,17.4912
2874,Blue|Grey|Tan|Pink,#003776|#8C9099|#A79E82|#F1A1AF,24.3275,18.1685,17.4381,16.8200,16.2159,33.1451,17.4943
2875,Black|Polymaker Teal|Brown|Dark Olive Drab,#080A0D|#4CC0C7|#55331A|#575B54,21.7871,17.3708,17.3256,17.6215,18.0632,43.4380,17.4961
2876,Black|Dark Olive Drab|Cold White|White,#080A0D|#575B54|#D9DFE5|#EBF7FF,20.8009,17.5853,17.4516,17.4105,17.4103,32.2487,17.4979
2877,Blue|Purple|Tan|Pink,#003776|#6C47B2|#A79E82|#F1A1AF,24.4884,18.1801,17.4362,16.8171,16.2139,33.1374,17.4986
2878,Blue|Brown|Dark Olive Drab|Purple,#003776|#55331A|#575B54|#6C47B2,21.4601,17.5412,17.3649,17.4602,17.7234,58.1981,17.5007
2879,Purple|Olive Green|Tan|White,#6C47B2|#948902|#A79E82|#EBF7FF,36.2574,18.7551,17.2342,16.2646,15.4503,39.1617,17.5098
2880,Blue|Black|Dark Olive Drab|White,#003776|#080A0D|#575B54|#EBF7FF,20.8135,17.5972,17.4640,17.4235,17.4247,32.2486,17.5103
2881,Black|Polymaker Teal|Dark Olive Drab|White,#080A0D|#4CC0C7|#575B54|#EBF7FF,20.8141,17.5984,17.4653,17.4249,17.4262,32.2486,17.5117
2882,Azure Blue|Black|Dark Olive Drab|White,#0066D9|#080A0D|#575B54|#EBF7FF,20.8146,17.5991,17.4655,17.4248,17.4260,32.2486,17.5120
2883,Black|Dark Olive Drab|Purple|White,#080A0D|#575B54|#6C47B2|#EBF7FF,20.8229,17.6074,17.4698,17.4271,17.4311,32.2486,17.5173
2884,Dark Grey|Polymaker Teal|Brown|Dark Olive Drab,#485259|#4CC0C7|#55331A|#575B54,22.0146,17.5147,17.3556,17.5223,17.8819,43.4309,17.5185
2885,Grey|Tan|Cold White|Red,#8C9099|#A79E82|#D9DFE5|#E72F1D,21.9679,18.2723,17.5170,16.7859,16.0456,40.8754,17.5291
2886,Blue|Green|Brown|Dark Olive Drab,#003776|#06924D|#55331A|#575B54,22.5185,17.6926,17.3621,17.3674,17.5609,54.9024,17.5300
2887,Dark Grey|Grey|Red|Pink,#485259|#8C9099|#E72F1D|#F1A1AF,23.2079,17.8704,17.4209,17.1932,17.0776,31.6938,17.5318
2888,Blue|Azure Blue|Polymaker Teal|Tan,#003776|#0066D9|#4CC0C7|#A79E82,24.4919,18.2281,17.4915,16.8368,16.1681,32.0678,17.5324
2889,Azure Blue|Grey|Olive Green|Cold White,#0066D9|#8C9099|#948902|#D9DFE5,35.7733,18.6842,17.3312,16.3815,15.5317,37.0578,17.5329
2890,Black|Dark Grey|Dark Olive Drab|White,#080A0D|#485259|#575B54|#EBF7FF,20.8063,17.6237,17.4887,17.4470,17.4470,32.2486,17.5353
2891,Green|Grey|White|Magenta,#06924D|#8C9099|#EBF7FF|#F24574,30.1345,18.7114,17.3990,16.3662,15.3744,41.7793,17.5388
2892,Green|Polymaker Teal|Red|Pink,#06924D|#4CC0C7|#E72F1D|#F1A1AF,28.6426,18.7834,17.4378,16.3048,15.1603,42.4124,17.5441
2893,Blue|Dark Grey|Brown|Dark Olive Drab,#003776|#485259|#55331A|#575B54,21.4069,17.5622,17.4120,17.5340,17.8191,56.7987,17.5481
2894,Blue|Dark Grey|Dark Olive Drab|Cold White,#003776|#485259|#575B54|#D9DFE5,20.9065,17.8971,17.4655,17.2058,17.0343,31.6176,17.5514
2895,Blue|Azure Blue|Grey|Tan,#003776|#0066D9|#8C9099|#A79E82,24.4227,18.2464,17.5176,16.8611,16.1885,32.0552,17.5538
2896,Green|Olive Green|White|Magenta,#06924D|#948902|#EBF7FF|#F24574,32.0671,18.8227,17.3628,16.2878,15.2991,42.5971,17.5552
2897,Blue|Polymaker Teal|Cold White|Yellow,#003776|#4CC0C7|#D9DFE5|#FFE800,30.8143,18.4310,17.3319,16.6993,16.2481,32.6592,17.5651
2898,Grey|Olive Green|White|Orange,#8C9099|#948902|#EBF7FF|#F67405,28.5380,18.5747,17.4316,16.5567,15.8006,43.2277,17.5657
2899,Green|Olive Green|Red|Pink,#06924D|#948902|#E72F1D|#F1A1AF,29.0392,18.7340,17.4669,16.4060,15.3357,41.9055,17.5700
2900,Dark Grey|Dark Olive Drab|Purple|Cold White,#485259|#575B54|#6C47B2|#D9DFE5,20.9182,17.9307,17.4810,17.2133,17.0413,31.6091,17.5720
2901,Blue|Green|Dark Grey|Olive Green,#003776|#06924D|#485259|#948902,33.5495,18.6379,17.2281,16.5142,16.0598,52.8583,17.5760
2902,Black|Dark Olive Drab|Grey|White,#080A0D|#575B54|#8C9099|#EBF7FF,20.7093,17.6555,17.5358,17.5053,17.5128,32.2899,17.5804
2903,Blue|Dark Olive Drab|Purple|Cold White,#003776|#575B54|#6C47B2|#D9DFE5,21.0805,17.9574,17.4937,17.2161,17.0369,31.5498,17.5868
2904,Blue|Green|Polymaker Teal|Olive Green,#003776|#06924D|#4CC0C7|#948902,43.8109,18.7975,17.1160,16.3856,15.9500,35.0106,17.5915
2905,Blue|Azure Blue|Green|Tan,#003776|#0066D9|#06924D|#A79E82,24.9224,18.2970,17.5394,16.8925,16.2499,31.9476,17.5948
2906,Green|Grey|Magenta|Yellow,#06924D|#8C9099|#F24574|#FFE800,26.5014,18.6299,17.5322,16.5637,15.5609,39.8458,17.5968
2907,Blue|Polymaker Teal|Brown|Dark Olive Drab,#003776|#4CC0C7|#55331A|#575B54,22.1948,17.6006,17.4280,17.5973,17.9534,43.4316,17.5990
2908,Black|Olive Green|Lime Green|Magenta,#080A0D|#948902|#D5D701|#F24574,35.2327,18.2753,17.1062,16.9440,17.1285,40.6749,17.6096
2909,Green|Purple|Lime Green|Magenta,#06924D|#6C47B2|#D5D701|#F24574,37.7801,19.4447,17.3009,15.7849,14.4297,40.0641,17.6148
2910,Green|Purple|Red|Orange,#06924D|#6C47B2|#E72F1D|#F67405,35.9995,19.5755,17.2877,15.6554,14.2270,42.7643,17.6155
2911,Blue|Green|Cold White|Pink,#003776|#06924D|#D9DFE5|#F1A1AF,29.8623,18.5203,17.4261,16.7137,16.1319,32.2421,17.6170
2912,Blue|Grey|Lime Green|Yellow,#003776|#8C9099|#D5D701|#FFE800,27.9239,18.4412,17.4963,16.8064,16.1712,30.9287,17.6238
2913,Green|Polymaker Teal|Purple|Olive Green,#06924D|#4CC0C7|#6C47B2|#948902,53.5790,19.5936,16.9616,15.6689,14.7413,39.0472,17.6312
2914,Blue|Green|Dark Grey|Lime Green,#003776|#06924D|#485259|#D5D701,27.2194,18.3971,17.4954,16.8695,16.3344,34.8646,17.6333
2915,Purple|Olive Green|Tan|Lime Green,#6C47B2|#948902|#A79E82|#D5D701,35.7015,18.9795,17.3839,16.2875,15.2656,39.0510,17.6335
2916,Blue|Tan|White|Pink,#003776|#A79E82|#EBF7FF|#F1A1AF,24.4148,18.2473,17.5669,17.0282,16.5392,34.0783,17.6377
2917,Grey|Olive Green|Red|Yellow,#8C9099|#948902|#E72F1D|#FFE800,25.2332,18.6133,17.6292,16.7105,15.7272,41.4350,17.6619
2918,Dark Grey|Polymaker Teal|Dark Olive Drab|Cold White,#485259|#4CC0C7|#575B54|#D9DFE5,21.0409,18.0092,17.5823,17.3410,17.1838,33.1505,17.6751
2919,Purple|Olive Green|Tan|Yellow,#6C47B2|#948902|#A79E82|#FFE800,36.1240,19.0511,17.4122,16.3117,15.3117,38.6785,17.6814
2920,Blue|Azure Blue|Green|Pink,#003776|#0066D9|#06924D|#F1A1AF,30.0713,18.6690,17.5177,16.6986,15.9530,32.3642,17.6838
2921,Green|Brown|Dark Olive Drab|Purple,#06924D|#55331A|#575B54|#6C47B2,22.5700,17.9277,17.5586,17.4717,17.5481,54.8917,17.6997
2922,Green|Lime Green|Cold White|Magenta,#06924D|#D5D701|#D9DFE5|#F24574,30.8903,18.8541,17.4766,16.5609,15.8001,40.4075,17.7075
2923,Blue|Green|Polymaker Teal|Pink,#003776|#06924D|#4CC0C7|#F1A1AF,30.0152,18.6682,17.5486,16.7829,16.1278,32.2418,17.7256
2924,Green|Purple|Tan|Orange,#06924D|#6C47B2|#A79E82|#F67405,30.0788,18.9531,17.5190,16.5055,15.6219,38.4008,17.7293
2925,Blue|Polymaker Teal|Dark Olive Drab|Cold White,#003776|#4CC0C7|#575B54|#D9DFE5,21.3073,18.0774,17.6360,17.3923,17.2401,33.1689,17.7348
2926,Green|Tan|Lime Green|Red,#06924D|#A79E82|#D5D701|#E72F1D,24.9846,18.6112,17.6681,16.8708,16.0949,42.2677,17.7410
2927,Green|Cold White|White|Magenta,#06924D|#D9DFE5|#EBF7FF|#F24574,30.5541,18.9707,17.6224,16.5364,15.4854,42.3143,17.7536
2928,Green|Polymaker Teal|White|Magenta,#06924D|#4CC0C7|#EBF7FF|#F24574,30.5540,18.9777,17.6316,16.5489,15.5035,42.3251,17.7633
2929,Black|Dark Olive Drab|Grey|Cold White,#080A0D|#575B54|#8C9099|#D9DFE5,19.8929,17.8376,17.7388,17.7127,17.7206,33.6220,17.7752
2930,Blue|Black|Polymaker Teal|Lime Green,#003776|#080A0D|#4CC0C7|#D5D701,33.4937,18.4513,17.3905,17.1057,17.0996,30.5656,17.7785
2931,Azure Blue|Dark Grey|Grey|Lime Green,#0066D9|#485259|#8C9099|#D5D701,25.8549,18.5303,17.6428,17.0508,16.5718,30.1715,17.7905
2932,Polymaker Teal|Olive Green|Cold White|Magenta,#4CC0C7|#948902|#D9DFE5|#F24574,35.8758,19.1478,17.5385,16.4488,15.4951,43.8261,17.7983
2933,Purple|Olive Green|Lime Green|Pink,#6C47B2|#948902|#D5D701|#F1A1AF,40.7500,19.2324,17.4347,16.3730,15.5457,40.2751,17.8027
2934,Azure Blue|Black|Dark Olive Drab|Cold White,#0066D9|#080A0D|#575B54|#D9DFE5,21.6042,17.9877,17.6978,17.6263,17.6306,36.8793,17.8070
2935,Polymaker Teal|Brown|Dark Olive Drab|Purple,#4CC0C7|#55331A|#575B54|#6C47B2,22.2709,17.8582,17.6550,17.7572,18.0237,43.4350,17.8077
2936,Azure Blue|Dark Grey|Lime Green|Cold White,#0066D9|#485259|#D5D701|#D9DFE5,26.2978,18.5640,17.6485,17.0773,16.6674,29.9275,17.8207
2937,Blue|Black|Dark Grey|Pink,#003776|#080A0D|#485259|#F1A1AF,25.5400,17.9975,17.7040,17.6513,17.6984,33.7110,17.8244
2938,Black|Dark Grey|Purple|Pink,#080A0D|#485259|#6C47B2|#F1A1AF,25.5400,17.9975,17.7040,17.6513,17.6984,33.7110,17.8244
2939,Azure Blue|Black|Dark Grey|Pink,#0066D9|#080A0D|#485259|#F1A1AF,25.5405,17.9987,17.7052,17.6525,17.6996,33.7119,17.8256
2940,Blue|Azure Blue|Green|Olive Green,#003776|#0066D9|#06924D|#948902,41.4010,19.1501,17.4840,16.5148,15.7417,38.4605,17.8324
2941,Dark Grey|Purple|White|Yellow,#485259|#6C47B2|#EBF7FF|#FFE800,27.6801,18.7657,17.6175,16.9091,16.4084,36.2903,17.8374
2942,Blue|Dark Grey|Polymaker Teal|Lime Green,#003776|#485259|#4CC0C7|#D5D701,26.7690,18.4613,17.6794,17.2235,16.9079,29.7689,17.8424
2943,Azure Blue|Polymaker Teal|Olive Green|Cold White,#0066D9|#4CC0C7|#948902|#D9DFE5,40.3693,19.1269,17.5292,16.5704,15.7783,36.5367,17.8487
2944,Green|Black|Olive Green|Red,#06924D|#080A0D|#948902|#E72F1D,33.1621,18.4965,17.4536,17.2020,17.1876,40.5740,17.8493
2945,Polymaker Teal|Dark Olive Drab|Cold White|White,#4CC0C7|#575B54|#D9DFE5|#EBF7FF,20.2260,18.1717,17.8338,17.5555,17.3330,31.9304,17.8636
2946,Green|Tan|Red|Yellow,#06924D|#A79E82|#E72F1D|#FFE800,24.9274,18.7027,17.7984,17.0457,16.3172,42.4754,17.8742
2947,Black|Purple|Cold White|Magenta,#080A0D|#6C47B2|#D9DFE5|#F24574,35.5284,18.7126,17.4116,17.0398,16.9402,32.1510,17.8762
2948,Blue|Black|Cold White|Magenta,#003776|#080A0D|#D9DFE5|#F24574,35.5294,18.7174,17.4215,17.0513,16.9502,32.1540,17.8843
2949,Green|Tan|Magenta|Orange,#06924D|#A79E82|#F24574|#F67405,26.0991,18.9119,17.8289,16.8846,15.9704,41.9346,17.8983
2950,Azure Blue|Polymaker Teal|Grey|Olive Green,#0066D9|#4CC0C7|#8C9099|#948902,36.0933,19.1547,17.7376,16.6524,15.5844,38.0230,17.9036
2951,Dark Grey|Dark Olive Drab|Cold White|White,#485259|#575B54|#D9DFE5|#EBF7FF,20.1980,18.1814,17.8843,17.6535,17.4750,31.8746,17.9175
2952,Grey|Olive Green|White|Pink,#8C9099|#948902|#EBF7FF|#F1A1AF,31.2715,18.9835,17.8031,16.8696,15.9947,43.4967,17.9265
2953,Dark Grey|Polymaker Teal|Dark Olive Drab|White,#485259|#4CC0C7|#575B54|#EBF7FF,20.2071,18.1932,17.8958,17.6648,17.4875,31.8765,17.9290
2954,Blue|Green|Olive Green|Lime Green,#003776|#06924D|#948902|#D5D701,36.9460,19.0772,17.6231,16.7899,16.1308,36.1073,17.9335
2955,Azure Blue|Green|Grey|Olive Green,#0066D9|#06924D|#8C9099|#948902,36.1169,19.1965,17.7725,16.6738,15.5797,38.9101,17.9352
2956,Azure Blue|Dark Grey|Dark Olive Drab|White,#0066D9|#485259|#575B54|#EBF7FF,20.2248,18.2075,17.9100,17.6805,17.5049,31.8778,17.9440
2957,Dark Olive Drab|Grey|Cold White|White,#575B54|#8C9099|#D9DFE5|#EBF7FF,20.1759,18.2432,17.9174,17.6468,17.4283,31.9862,17.9450
2958,Grey|Lime Green|Cold White|Red,#8C9099|#D5D701|#D9DFE5|#E72F1D,24.2555,18.7196,17.8747,17.1767,16.5149,41.2728,17.9482
2959,Polymaker Teal|Dark Olive Drab|Grey|White,#4CC0C7|#575B54|#8C9099|#EBF7FF,20.1836,18.2522,17.9266,17.6552,17.4359,31.9931,17.9537
2960,Blue|Dark Grey|Dark Olive Drab|White,#003776|#485259|#575B54|#EBF7FF,20.2865,18.2215,17.9237,17.6971,17.5269,31.8786,17.9593
2961,Azure Blue|Dark Olive Drab|Cold White|White,#0066D9|#575B54|#D9DFE5|#EBF7FF,20.3453,18.2617,17.9368,17.6807,17.4805,31.9711,17.9712
2962,Green|Purple|Lime Green|Orange,#06924D|#6C47B2|#D5D701|#F67405,36.5082,19.9311,17.6385,16.0117,14.5620,46.5397,17.9714
2963,Blue|Polymaker Teal|Tan|White,#003776|#4CC0C7|#A79E82|#EBF7FF,24.8827,18.5795,17.9111,17.3666,16.8570,34.6692,17.9730
2964,Blue|Tan|Cold White|White,#003776|#A79E82|#D9DFE5|#EBF7FF,24.8822,18.5794,17.9116,17.3676,16.8582,34.6692,17.9735
2965,Dark Grey|Purple|Grey|Lime Green,#485259|#6C47B2|#8C9099|#D5D701,27.8210,18.9305,17.7710,17.0169,16.4064,34.8493,17.9737
2966,Blue|Dark Olive Drab|Cold White|White,#003776|#575B54|#D9DFE5|#EBF7FF,20.4634,18.2520,17.9417,17.7090,17.5350,31.8963,17.9805
2967,Azure Blue|Polymaker Teal|Dark Olive Drab|White,#0066D9|#4CC0C7|#575B54|#EBF7FF,20.3550,18.2737,17.9483,17.6919,17.4929,31.9709,17.9828
2968,Blue|Polymaker Teal|Dark Olive Drab|White,#003776|#4CC0C7|#575B54|#EBF7FF,20.4728,18.2637,17.9529,17.7200,17.5471,31.8957,17.9918
2969,Blue|Azure Blue|Dark Olive Drab|White,#003776|#0066D9|#575B54|#EBF7FF,20.4711,18.2674,17.9565,17.7237,17.5507,31.8957,17.9955
2970,Green|Polymaker Teal|Red|White,#06924D|#4CC0C7|#E72F1D|#EBF7FF,28.9169,19.1939,17.8806,16.8116,15.7968,43.7237,18.0027
2971,Green|Red|White|Pink,#06924D|#E72F1D|#EBF7FF|#F1A1AF,28.8158,19.1693,17.8927,16.8398,15.8118,43.5420,18.0045
2972,Dark Grey|Dark Olive Drab|Grey|White,#485259|#575B54|#8C9099|#EBF7FF,20.1539,18.2609,17.9765,17.7535,17.5788,31.9418,18.0072
2973,Blue|Grey|Tan|White,#003776|#8C9099|#A79E82|#EBF7FF,24.8674,18.6129,17.9492,17.4066,16.8995,34.7009,18.0098
2974,Polymaker Teal|Dark Olive Drab|Purple|Cold White,#4CC0C7|#575B54|#6C47B2|#D9DFE5,21.2355,18.3912,17.9203,17.6361,17.4629,35.8777,18.0137
2975,Green|Purple|Orange|Yellow,#06924D|#6C47B2|#F67405|#FFE800,36.8576,19.8417,17.6561,16.1915,14.9166,44.0262,18.0166
2976,Green|Cold White|Red|White,#06924D|#D9DFE5|#E72F1D|#EBF7FF,29.0361,19.2147,17.8943,16.8209,15.7939,43.7572,18.0178
2977,Azure Blue|Dark Grey|Polymaker Teal|Lime Green,#0066D9|#485259|#4CC0C7|#D5D701,26.5836,18.7993,17.8632,17.2589,16.7963,29.8523,18.0291
2978,Green|White|Pink|Magenta,#06924D|#EBF7FF|#F1A1AF|#F24574,29.8157,19.1732,17.9122,16.8862,15.8909,42.4315,18.0297
2979,Azure Blue|Green|Dark Grey|Lime Green,#0066D9|#06924D|#485259|#D5D701,26.5936,18.8020,17.8664,17.2638,16.8020,29.8531,18.0329
2980,Blue|Green|Tan|White,#003776|#06924D|#A79E82|#EBF7FF,25.3037,18.6511,17.9606,17.4226,16.9332,34.3564,18.0368
2981,Grey|Tan|Red|Orange,#8C9099|#A79E82|#E72F1D|#F67405,22.0767,18.8619,18.0698,17.2161,16.2903,41.4461,18.0390
2982,Grey|Tan|Cold White|Orange,#8C9099|#A79E82|#D9DFE5|#F67405,21.8367,18.7184,18.0340,17.3783,16.7172,41.4885,18.0483
2983,Azure Blue|Dark Olive Drab|Grey|White,#0066D9|#575B54|#8C9099|#EBF7FF,20.3009,18.3413,18.0289,17.7802,17.5833,32.0345,18.0607
2984,Azure Blue|Green|Purple|Orange,#0066D9|#06924D|#6C47B2|#F67405,31.7874,19.4213,17.8295,16.7067,15.7203,38.2411,18.0640
2985,Grey|Tan|Orange|Yellow,#8C9099|#A79E82|#F67405|#FFE800,22.1962,18.8915,18.0883,17.2410,16.3346,41.4100,18.0662
2986,Blue|Green|Lime Green|Yellow,#003776|#06924D|#D5D701|#FFE800,31.9977,19.0591,17.8785,17.0754,16.3398,34.6605,18.0672
2987,Blue|Dark Olive Drab|Grey|White,#003776|#575B54|#8C9099|#EBF7FF,20.4207,18.3324,18.0355,17.8112,17.6415,31.9692,18.0718
2988,Azure Blue|Green|Pink|Orange,#0066D9|#06924D|#F1A1AF|#F67405,29.1036,19.2782,17.9586,16.8660,15.7652,38.0362,18.0721
2989,Blue|Brown|Olive Green|Magenta,#003776|#55331A|#948902|#F24574,27.8136,18.8338,17.6474,17.3235,17.4129,45.6822,18.0787
2990,Grey|Tan|Lime Green|Orange,#8C9099|#A79E82|#D5D701|#F67405,22.3334,18.9335,18.1065,17.2287,16.2883,41.5143,18.0811
2991,Blue|Azure Blue|Tan|White,#003776|#0066D9|#A79E82|#EBF7FF,24.8895,18.7117,18.0482,17.5052,16.9976,34.7330,18.1085
2992,Dark Grey|Dark Olive Drab|Purple|White,#485259|#575B54|#6C47B2|#EBF7FF,20.4878,18.4002,18.0713,17.8332,17.6610,31.8928,18.1167
2993,Blue|Purple|Olive Green|Yellow,#003776|#6C47B2|#948902|#FFE800,37.4882,19.4065,17.8587,16.8498,15.9854,37.3496,18.1281
2994,Green|Dark Grey|Purple|Lime Green,#06924D|#485259|#6C47B2|#D5D701,28.4457,19.3150,17.9702,16.9426,16.0221,37.3765,18.1288
2995,Grey|Tan|Magenta|Orange,#8C9099|#A79E82|#F24574|#F67405,22.1260,18.9586,18.1687,17.3163,16.3901,41.4546,18.1375
2996,Grey|Tan|Pink|Orange,#8C9099|#A79E82|#F1A1AF|#F67405,22.0104,18.9229,18.1658,17.3638,16.4933,41.7878,18.1434
2997,Azure Blue|Olive Green|White|Orange,#0066D9|#948902|#EBF7FF|#F67405,33.1769,19.1682,17.9436,17.1224,16.4454,40.1249,18.1453
2998,Blue|Dark Grey|Cold White|Pink,#003776|#485259|#D9DFE5|#F1A1AF,22.7673,18.5158,18.0837,17.7912,17.5748,30.1951,18.1535
2999,Dark Grey|Purple|Cold White|Pink,#485259|#6C47B2|#D9DFE5|#F1A1AF,22.7673,18.5158,18.0837,17.7912,17.5748,30.1951,18.1535
3000,Azure Blue|Dark Grey|Cold White|Pink,#0066D9|#485259|#D9DFE5|#F1A1AF,22.7676,18.5162,18.0841,17.7916,17.5751,30.1955,18.1539
3001,Black|Dark Grey|Pink|Magenta,#080A0D|#485259|#F1A1AF|#F24574,25.9077,18.3293,18.0306,17.9933,18.0645,33.8197,18.1613
3002,Blue|Dark Olive Drab|Purple|White,#003776|#575B54|#6C47B2|#EBF7FF,20.7005,18.4577,18.1187,17.8742,17.6988,31.9271,18.1659
3003,Green|Grey|Olive Green|Pink,#06924D|#8C9099|#948902|#F1A1AF,29.8386,19.2986,18.0895,17.0385,15.9476,42.1042,18.1686
3004,Green|Lime Green|Pink|Magenta,#06924D|#D5D701|#F1A1AF|#F24574,29.2541,19.1586,18.0221,17.1792,16.4145,42.3520,18.1689
3005,Azure Blue|Dark Grey|Purple|Lime Green,#0066D9|#485259|#6C47B2|#D5D701,28.8684,19.2426,17.9281,17.0959,16.4687,35.2237,18.1693
3006,Polymaker Teal|Dark Olive Drab|Grey|Cold White,#4CC0C7|#575B54|#8C9099|#D9DFE5,19.8970,18.4412,18.1569,17.9101,17.7099,33.6299,18.1756
3007,Black|Dark Grey|Red|Pink,#080A0D|#485259|#E72F1D|#F1A1AF,25.7026,18.2994,18.0236,18.0544,18.2126,34.2027,18.1769
3008,Dark Grey|Cold White|Pink|Magenta,#485259|#D9DFE5|#F1A1AF|#F24574,23.1363,18.5437,18.0991,17.8335,17.6606,30.6462,18.1886
3009,Green|Polymaker Teal|Lime Green|Red,#06924D|#4CC0C7|#D5D701|#E72F1D,28.4057,19.2193,18.0558,17.1647,16.2978,40.9316,18.1920
3010,Blue|Polymaker Teal|Olive Green|Lime Green,#003776|#4CC0C7|#948902|#D5D701,36.5806,19.1925,17.8781,17.2180,16.7893,31.3896,18.2052
3011,Blue|Dark Grey|Purple|Lime Green,#003776|#485259|#6C47B2|#D5D701,28.6375,19.3264,18.0431,17.0962,16.2587,36.1400,18.2113
3012,Blue|Dark Grey|Red|Pink,#003776|#485259|#E72F1D|#F1A1AF,23.9627,18.5416,18.1035,17.8832,17.7895,34.0854,18.2124
3013,Dark Grey|Purple|Red|Pink,#485259|#6C47B2|#E72F1D|#F1A1AF,23.9631,18.5417,18.1034,17.8831,17.7895,34.0854,18.2124
3014,Dark Grey|Red|Pink|Magenta,#485259|#E72F1D|#F1A1AF|#F24574,23.9631,18.5418,18.1035,17.8832,17.7895,34.0854,18.2125
3015,Azure Blue|Dark Grey|Red|Pink,#0066D9|#485259|#E72F1D|#F1A1AF,23.9638,18.5438,18.1058,17.8856,17.7917,34.0864,18.2147
3016,Dark Grey|Cold White|White|Pink,#485259|#D9DFE5|#EBF7FF|#F1A1AF,22.7762,18.5565,18.1451,17.8773,17.6886,29.8813,18.2169
3017,Dark Grey|Grey|Cold White|Pink,#485259|#8C9099|#D9DFE5|#F1A1AF,22.4846,18.5538,18.1603,17.8995,17.7087,30.0652,18.2267
3018,Blue|Dark Grey|White|Pink,#003776|#485259|#EBF7FF|#F1A1AF,22.7858,18.5680,18.1556,17.8857,17.6947,29.8838,18.2268
3019,Dark Grey|Purple|White|Pink,#485259|#6C47B2|#EBF7FF|#F1A1AF,22.7858,18.5680,18.1556,17.8857,17.6947,29.8838,18.2268
3020,Azure Blue|Dark Grey|White|Pink,#0066D9|#485259|#EBF7FF|#F1A1AF,22.7861,18.5683,18.1559,17.8860,17.6950,29.8839,18.2271
3021,Dark Grey|Dark Olive Drab|Grey|Cold White,#485259|#575B54|#8C9099|#D9DFE5,19.8764,18.4602,18.2182,18.0202,17.8646,33.6098,18.2402
3022,Azure Blue|Dark Olive Drab|Purple|White,#0066D9|#575B54|#6C47B2|#EBF7FF,20.7336,18.5545,18.1933,17.9289,17.7352,32.0382,18.2417
3023,Grey|Lime Green|Red|Magenta,#8C9099|#D5D701|#E72F1D|#F24574,24.9390,19.2116,18.2271,17.2935,16.3119,41.4169,18.2526
3024,Dark Grey|Polymaker Teal|White|Pink,#485259|#4CC0C7|#EBF7FF|#F1A1AF,22.8088,18.5914,18.1803,17.9148,17.7285,29.9219,18.2531
3025,Dark Grey|Polymaker Teal|Cold White|Pink,#485259|#4CC0C7|#D9DFE5|#F1A1AF,22.8926,18.6179,18.1807,17.9058,17.7158,30.1340,18.2619
3026,Dark Grey|Grey|White|Pink,#485259|#8C9099|#EBF7FF|#F1A1AF,22.6966,18.5929,18.1905,17.9317,17.7505,29.8589,18.2623
3027,Azure Blue|Grey|Tan|Red,#0066D9|#8C9099|#A79E82|#E72F1D,22.8933,19.0732,18.2746,17.4534,16.5796,41.5399,18.2633
3028,Blue|Polymaker Teal|Purple|Tan,#003776|#4CC0C7|#6C47B2|#A79E82,25.7697,19.0355,18.2040,17.5196,16.8581,33.0874,18.2775
3029,Blue|Purple|Tan|Cold White,#003776|#6C47B2|#A79E82|#D9DFE5,25.7570,18.9689,18.1846,17.5938,17.0686,32.8108,18.2814
3030,Black|Purple|Magenta|Yellow,#080A0D|#6C47B2|#F24574|#FFE800,35.4912,19.1625,17.8078,17.4106,17.4562,37.7854,18.2865
3031,Blue|Purple|Grey|Tan,#003776|#6C47B2|#8C9099|#A79E82,25.7402,19.0460,18.2165,17.5273,16.8577,33.0934,18.2866
3032,Blue|Azure Blue|Cold White|Yellow,#003776|#0066D9|#D9DFE5|#FFE800,30.6261,19.2656,18.0809,17.3206,16.7483,33.6974,18.2931
3033,Azure Blue|Dark Grey|Dark Olive Drab|Cold White,#0066D9|#485259|#575B54|#D9DFE5,21.4992,18.6234,18.2000,17.9683,17.8197,36.8557,18.2959
3034,Dark Grey|Polymaker Teal|Purple|Lime Green,#485259|#4CC0C7|#6C47B2|#D5D701,27.9915,19.3018,18.1086,17.2951,16.6502,33.7626,18.2985
3035,Blue|Dark Olive Drab|Grey|Cold White,#003776|#575B54|#8C9099|#D9DFE5,20.1413,18.5259,18.2707,18.0715,17.9217,33.6185,18.2987
3036,Grey|Olive Green|Tan|Pink,#8C9099|#948902|#A79E82|#F1A1AF,26.8254,19.2845,18.2674,17.3139,16.3353,42.2038,18.2992
3037,Polymaker Teal|Olive Green|Cold White|Red,#4CC0C7|#948902|#D9DFE5|#E72F1D,32.5650,19.4875,18.1178,17.1233,16.2120,43.6630,18.3054
3038,Blue|Black|Purple|Lime Green,#003776|#080A0D|#6C47B2|#D5D701,34.4523,19.3840,17.9306,17.2295,16.7959,36.8086,18.3067
3039,Azure Blue|Green|Brown|Dark Olive Drab,#0066D9|#06924D|#55331A|#575B54,23.4635,18.4530,18.1366,18.1920,18.4627,52.2760,18.3225
3040,Azure Blue|Polymaker Teal|Dark Olive Drab|Cold White,#0066D9|#4CC0C7|#575B54|#D9DFE5,21.6286,18.6912,18.2386,17.9805,17.8100,36.8495,18.3358
3041,Blue|Azure Blue|Dark Olive Drab|Cold White,#003776|#0066D9|#575B54|#D9DFE5,21.7388,18.6784,18.2419,18.0077,17.8638,36.8567,18.3431
3042,Blue|Black|Dark Olive Drab|Grey,#003776|#080A0D|#575B54|#8C9099,20.2341,18.3918,18.3103,18.2996,18.3243,35.0118,18.3457
3043,Green|Pink|Magenta|Orange,#06924D|#F1A1AF|#F24574|#F67405,29.2693,19.4884,18.2358,17.2052,16.1921,42.3511,18.3468
3044,Olive Green|Tan|Cold White|Magenta,#948902|#A79E82|#D9DFE5|#F24574,24.9231,19.3341,18.3144,17.3634,16.4190,45.2232,18.3488
3045,Azure Blue|Olive Green|Red|Yellow,#0066D9|#948902|#E72F1D|#FFE800,33.9680,19.4596,18.1659,17.2441,16.4029,40.5146,18.3519
3046,Black|Dark Olive Drab|Purple|Grey,#080A0D|#575B54|#6C47B2|#8C9099,20.2437,18.4017,18.3159,18.3029,18.3303,35.0118,18.3523
3047,Blue|Green|Grey|Pink,#003776|#06924D|#8C9099|#F1A1AF,29.7090,19.2698,18.2131,17.4362,16.7108,32.3950,18.3530
3048,Dark Olive Drab|Purple|Cold White|White,#575B54|#6C47B2|#D9DFE5|#EBF7FF,20.9249,18.6812,18.3050,18.0308,17.8270,32.3676,18.3560
3049,Dark Olive Drab|Purple|Grey|Cold White,#575B54|#6C47B2|#8C9099|#D9DFE5,20.2363,18.6362,18.3254,18.0853,17.9097,33.9452,18.3607
3050,Azure Blue|Green|Olive Green|Cold White,#0066D9|#06924D|#948902|#D9DFE5,40.3286,19.6338,18.0378,17.0928,16.3238,36.3925,18.3633
3051,Polymaker Teal|Dark Olive Drab|Purple|White,#4CC0C7|#575B54|#6C47B2|#EBF7FF,20.9343,18.6929,18.3162,18.0413,17.8384,32.3682,18.3671
3052,Grey|Tan|Red|Pink,#8C9099|#A79E82|#E72F1D|#F1A1AF,22.5014,19.1289,18.3809,17.6067,16.7716,42.7523,18.3678
3053,Black|Dark Grey|Dark Olive Drab|Grey,#080A0D|#485259|#575B54|#8C9099,20.2300,18.4160,18.3339,18.3221,18.3457,35.0117,18.3691
3054,Green|Purple|White|Orange,#06924D|#6C47B2|#EBF7FF|#F67405,33.4144,19.5997,18.0592,17.1401,16.4739,39.6604,18.3699
3055,Blue|Polymaker Teal|Lime Green|Yellow,#003776|#4CC0C7|#D5D701|#FFE800,31.5980,19.2442,18.1579,17.5014,16.9897,32.7856,18.3728
3056,Azure Blue|Dark Olive Drab|Grey|Cold White,#0066D9|#575B54|#8C9099|#D9DFE5,20.1083,18.6227,18.3503,18.1256,17.9476,34.0809,18.3741
3057,Black|Polymaker Teal|Dark Olive Drab|Grey,#080A0D|#4CC0C7|#575B54|#8C9099,20.2602,18.4102,18.3368,18.3440,18.4003,35.3504,18.3771
3058,Blue|Azure Blue|Polymaker Teal|Yellow,#003776|#0066D9|#4CC0C7|#FFE800,30.7712,19.3809,18.1813,17.3821,16.7426,33.6720,18.3815
3059,Blue|Brown|Olive Green|Orange,#003776|#55331A|#948902|#F67405,28.0905,19.2865,17.9501,17.4768,17.4380,58.3918,18.3817
3060,Azure Blue|Olive Green|Lime Green|Magenta,#0066D9|#948902|#D5D701|#F24574,33.6442,19.5413,18.1864,17.2267,16.3548,40.3905,18.3840
3061,Purple|Olive Green|Red|Yellow,#6C47B2|#948902|#E72F1D|#FFE800,44.2957,20.2399,17.8620,16.5427,15.5274,43.0347,18.3913
3062,Purple|Olive Green|Pink|Yellow,#6C47B2|#948902|#F1A1AF|#FFE800,41.4828,19.7765,18.0244,17.0137,16.2255,40.0773,18.3951
3063,Blue|Dark Grey|Polymaker Teal|Pink,#003776|#485259|#4CC0C7|#F1A1AF,23.0730,18.7652,18.3195,18.0325,17.8223,30.1315,18.3989
3064,Dark Grey|Polymaker Teal|Purple|Pink,#485259|#4CC0C7|#6C47B2|#F1A1AF,23.0730,18.7652,18.3195,18.0325,17.8223,30.1315,18.3989
3065,Azure Blue|Dark Grey|Polymaker Teal|Pink,#0066D9|#485259|#4CC0C7|#F1A1AF,23.0735,18.7659,18.3202,18.0332,17.8229,30.1331,18.3995
3066,Black|Brown|Lime Green|Magenta,#080A0D|#55331A|#D5D701|#F24574,26.3792,18.6398,18.1520,18.1624,18.3383,40.7381,18.4011
3067,Polymaker Teal|Purple|Olive Green|Orange,#4CC0C7|#6C47B2|#948902|#F67405,37.1678,19.6725,18.1183,17.1522,16.3349,39.7687,18.4124
3068,Black|Dark Grey|Cold White|Magenta,#080A0D|#485259|#D9DFE5|#F24574,27.4642,18.9143,18.2002,17.9163,17.7988,32.1037,18.4153
3069,Grey|Tan|Red|White,#8C9099|#A79E82|#E72F1D|#EBF7FF,22.6495,19.1289,18.4082,17.7021,16.9857,44.7421,18.4155
3070,Brown|Purple|Red|Yellow,#55331A|#6C47B2|#E72F1D|#FFE800,26.5644,19.7915,17.9919,17.0457,16.7357,39.6918,18.4186
3071,Purple|Olive Green|Red|Orange,#6C47B2|#948902|#E72F1D|#F67405,46.0840,21.2202,17.8338,15.6248,13.9198,62.2882,18.4225
3072,Blue|Azure Blue|Grey|Yellow,#003776|#0066D9|#8C9099|#FFE800,30.2630,19.3680,18.2405,17.4784,16.8725,33.7206,18.4232
3073,Grey|Tan|Lime Green|Magenta,#8C9099|#A79E82|#D5D701|#F24574,23.7275,19.3328,18.4120,17.5176,16.5951,42.0279,18.4252
3074,Dark Olive Drab|Purple|Grey|White,#575B54|#6C47B2|#8C9099|#EBF7FF,20.8727,18.7533,18.3907,18.1256,17.9281,32.4161,18.4394
3075,Azure Blue|Black|Purple|Lime Green,#0066D9|#080A0D|#6C47B2|#D5D701,33.6139,19.4549,18.0809,17.4420,17.0791,35.8185,18.4484
3076,Blue|Green|Polymaker Teal|Yellow,#003776|#06924D|#4CC0C7|#FFE800,31.6106,19.3198,18.2373,17.5775,17.0585,32.8899,18.4487
3077,Dark Grey|Polymaker Teal|Grey|Pink,#485259|#4CC0C7|#8C9099|#F1A1AF,22.8264,18.7969,18.3814,18.1106,17.9075,30.1338,18.4538
3078,Purple|Olive Green|Lime Green|White,#6C47B2|#948902|#D5D701|#EBF7FF,45.5254,19.8455,18.0244,17.0632,16.3537,40.7979,18.4543
3079,Dark Grey|White|Pink|Magenta,#485259|#EBF7FF|#F1A1AF|#F24574,23.5780,18.8226,18.3713,18.1084,17.9475,30.9345,18.4655
3080,Polymaker Teal|Grey|Olive Green|Cold White,#4CC0C7|#8C9099|#948902|#D9DFE5,33.2339,19.5331,18.3459,17.4037,16.4994,39.8581,18.4684
3081,Green|Purple|Cold White|Orange,#06924D|#6C47B2|#D9DFE5|#F67405,33.9847,19.5597,18.1450,17.3955,16.8765,37.9560,18.4776
3082,Purple|Grey|Tan|Red,#6C47B2|#8C9099|#A79E82|#E72F1D,24.9355,19.3657,18.4303,17.5988,16.7951,41.3673,18.4822
3083,Polymaker Teal|Olive Green|Red|Magenta,#4CC0C7|#948902|#E72F1D|#F24574,33.2332,19.8044,18.3310,17.1766,16.0342,43.6318,18.4905
3084,Green|Grey|Olive Green|Cold White,#06924D|#8C9099|#948902|#D9DFE5,33.2183,19.5472,18.3672,17.4345,16.5419,40.0152,18.4909
3085,Azure Blue|Green|Red|Yellow,#0066D9|#06924D|#E72F1D|#FFE800,29.9871,19.5729,18.3205,17.4245,16.6353,39.4783,18.4987
3086,Purple|Olive Green|Lime Green|Magenta,#6C47B2|#948902|#D5D701|#F24574,43.0482,20.2723,18.0723,16.7353,15.6261,41.7139,18.5038
3087,Dark Grey|Polymaker Teal|Pink|Magenta,#485259|#4CC0C7|#F1A1AF|#F24574,23.5848,18.8812,18.4073,18.1332,17.9550,30.6884,18.5072
3088,Green|Polymaker Teal|Lime Green|Magenta,#06924D|#4CC0C7|#D5D701|#F24574,30.3938,19.5898,18.3598,17.4337,16.5522,40.9353,18.5118
3089,Black|Purple|Pink|Orange,#080A0D|#6C47B2|#F1A1AF|#F67405,30.3516,18.6884,18.3118,18.3355,18.5053,36.5839,18.5120
3090,Black|Red|Pink|Orange,#080A0D|#E72F1D|#F1A1AF|#F67405,30.3516,18.6884,18.3118,18.3355,18.5053,36.5839,18.5120
3091,Black|Pink|Magenta|Orange,#080A0D|#F1A1AF|#F24574|#F67405,30.3516,18.6884,18.3118,18.3355,18.5053,36.5839,18.5120
3092,Grey|Olive Green|Magenta|Yellow,#8C9099|#948902|#F24574|#FFE800,26.8172,19.4711,18.4643,17.5565,16.6024,42.5279,18.5138
3093,Olive Green|Tan|Red|Magenta,#948902|#A79E82|#E72F1D|#F24574,23.4089,19.5119,18.5863,17.6171,16.5810,45.1187,18.5645
3094,Polymaker Teal|Olive Green|Tan|Magenta,#4CC0C7|#948902|#A79E82|#F24574,28.0319,19.7004,18.4995,17.4377,16.3677,44.5931,18.5690
3095,Blue|Dark Grey|Grey|Pink,#003776|#485259|#8C9099|#F1A1AF,22.8027,18.9136,18.5129,18.2290,17.9979,31.4874,18.5713
3096,Dark Grey|Purple|Grey|Pink,#485259|#6C47B2|#8C9099|#F1A1AF,22.8027,18.9136,18.5129,18.2290,17.9979,31.4874,18.5713
3097,Azure Blue|Dark Grey|Grey|Pink,#0066D9|#485259|#8C9099|#F1A1AF,22.8033,18.9147,18.5139,18.2300,17.9989,31.5061,18.5723
3098,Green|Cold White|Magenta|Orange,#06924D|#D9DFE5|#F24574|#F67405,30.3773,19.7926,18.3822,17.3671,16.4702,42.0805,18.5798
3099,Green|Black|Polymaker Teal|Brown,#06924D|#080A0D|#4CC0C7|#55331A,26.5211,18.9731,18.1374,18.1878,18.5901,43.8395,18.5805
3100,Azure Blue|Black|Cold White|Magenta,#0066D9|#080A0D|#D9DFE5|#F24574,35.6728,19.3841,18.1377,17.7823,17.6872,32.2579,18.5832
3101,Azure Blue|Dark Olive Drab|Purple|Cold White,#0066D9|#575B54|#6C47B2|#D9DFE5,21.9960,18.9683,18.4827,18.2207,18.0583,36.8718,18.5945
3102,Black|Grey|White|Magenta,#080A0D|#8C9099|#EBF7FF|#F24574,31.6153,19.0058,18.3409,18.1887,18.2185,33.2466,18.5972
3103,Grey|Cold White|Red|Yellow,#8C9099|#D9DFE5|#E72F1D|#FFE800,24.0909,19.3447,18.5640,17.8614,17.1898,41.7535,18.6031
3104,Azure Blue|Black|Dark Olive Drab|Grey,#0066D9|#080A0D|#575B54|#8C9099,20.4647,18.6345,18.5639,18.5734,18.6312,41.7565,18.6040
3105,Green|Black|Dark Olive Drab|Cold White,#06924D|#080A0D|#575B54|#D9DFE5,23.9062,18.9078,18.4497,18.3084,18.2983,36.8406,18.6081
3106,Olive Green|Tan|Cold White|Red,#948902|#A79E82|#D9DFE5|#E72F1D,23.3953,19.5134,18.6134,17.7215,16.8108,45.1886,18.6175
3107,Blue|Grey|White|Yellow,#003776|#8C9099|#EBF7FF|#FFE800,29.8693,19.4657,18.4439,17.7747,17.2419,34.0155,18.6202
3108,Blue|Green|Purple|Olive Green,#003776|#06924D|#6C47B2|#948902,49.3457,20.6633,18.0410,16.5772,15.5214,54.0128,18.6202
3109,Grey|Lime Green|Cold White|Orange,#8C9099|#D5D701|#D9DFE5|#F67405,23.7501,19.3312,18.5729,17.9207,17.2974,41.3554,18.6259
3110,Azure Blue|Green|Lime Green|Magenta,#0066D9|#06924D|#D5D701|#F24574,30.7623,19.7697,18.4530,17.4841,16.5979,38.2746,18.6269
3111,Azure Blue|Polymaker Teal|Brown|Dark Olive Drab,#0066D9|#4CC0C7|#55331A|#575B54,22.8938,18.6402,18.4684,18.6291,18.9859,48.7462,18.6346
3112,Blue|Green|Polymaker Teal|Brown,#003776|#06924D|#4CC0C7|#55331A,26.9572,19.1320,18.2036,18.1385,18.4596,43.8366,18.6353
3113,Purple|Olive Green|Magenta|Orange,#6C47B2|#948902|#F24574|#F67405,46.1034,21.3605,18.0470,15.9181,14.2443,62.3192,18.6393
3114,Purple|Tan|Red|Magenta,#6C47B2|#A79E82|#E72F1D|#F24574,26.6519,19.6507,18.5299,17.6291,16.8069,41.7242,18.6399
3115,Grey|Lime Green|Red|Orange,#8C9099|#D5D701|#E72F1D|#F67405,24.1509,19.5488,18.6494,17.7564,16.8002,41.3182,18.6526
3116,Azure Blue|Olive Green|Tan|Cold White,#0066D9|#948902|#A79E82|#D9DFE5,29.6155,19.5587,18.5629,17.7662,17.0014,38.2933,18.6624
3117,Dark Grey|Grey|Pink|Magenta,#485259|#8C9099|#F1A1AF|#F24574,23.2558,18.9993,18.5877,18.3365,18.1615,31.8276,18.6679
3118,Grey|Lime Green|Red|Yellow,#8C9099|#D5D701|#E72F1D|#FFE800,24.4116,19.5561,18.6736,17.7930,16.8408,41.7346,18.6745
3119,Blue|Azure Blue|Green|Yellow,#003776|#0066D9|#06924D|#FFE800,30.6739,19.6549,18.4832,17.7118,17.0971,31.9727,18.6833
3120,Blue|Cold White|White|Yellow,#003776|#D9DFE5|#EBF7FF|#FFE800,30.6033,19.5592,18.5021,17.8171,17.2948,33.9951,18.6881
3121,Green|Black|Brown|Orange,#06924D|#080A0D|#55331A|#F67405,26.5335,19.0101,18.4119,18.3708,18.5221,41.5069,18.6904
3122,Blue|Purple|Olive Green|Lime Green,#003776|#6C47B2|#948902|#D5D701,40.0675,20.1546,18.3615,17.2353,16.2925,38.0243,18.6949
3123,Blue|Green|Purple|Pink,#003776|#06924D|#6C47B2|#F1A1AF,31.8220,19.7480,18.5249,17.6820,16.9380,33.5132,18.7150
3124,Purple|Tan|Lime Green|Red,#6C47B2|#A79E82|#D5D701|#E72F1D,29.1065,19.9331,18.5855,17.5097,16.5155,42.2065,18.7214
3125,Blue|Black|Polymaker Teal|Brown,#003776|#080A0D|#4CC0C7|#55331A,26.2013,19.0574,18.2966,18.3872,18.8068,43.5898,18.7223
3126,Azure Blue|Polymaker Teal|Olive Green|Tan,#0066D9|#4CC0C7|#948902|#A79E82,29.7065,19.7007,18.6505,17.7457,16.7981,38.2674,18.7232
3127,Black|Polymaker Teal|Brown|Purple,#080A0D|#4CC0C7|#55331A|#6C47B2,26.2000,19.0607,18.2999,18.3885,18.8050,43.5898,18.7246
3128,Grey|Lime Green|Magenta|Orange,#8C9099|#D5D701|#F24574|#F67405,24.2351,19.6215,18.7213,17.8292,16.8712,41.3375,18.7254
3129,Blue|Grey|Cold White|Orange,#003776|#8C9099|#D9DFE5|#F67405,24.6929,19.2606,18.6461,18.1983,17.8143,32.7073,18.7294
3130,Purple|Olive Green|Lime Green|Yellow,#6C47B2|#948902|#D5D701|#FFE800,45.8500,20.1323,18.3111,17.3273,16.4539,41.2271,18.7298
3131,Blue|Green|White|Yellow,#003776|#06924D|#EBF7FF|#FFE800,30.6038,19.6062,18.5373,17.8580,17.3570,34.1471,18.7321
3132,Azure Blue|Green|Olive Green|Tan,#0066D9|#06924D|#948902|#A79E82,29.6957,19.7087,18.6601,17.7571,16.8130,38.2881,18.7329
3133,Blue|Green|Purple|Tan,#003776|#06924D|#6C47B2|#A79E82,26.8597,19.5420,18.6523,17.9461,17.2819,32.8615,18.7441
3134,Azure Blue|Grey|Olive Green|Tan,#0066D9|#8C9099|#948902|#A79E82,29.5395,19.7155,18.6813,17.7767,16.8318,38.2751,18.7461
3135,Green|Polymaker Teal|Brown|Purple,#06924D|#4CC0C7|#55331A|#6C47B2,26.9594,19.2842,18.3320,18.2129,18.4641,43.8371,18.7486
3136,Blue|Polymaker Teal|Brown|Purple,#003776|#4CC0C7|#55331A|#6C47B2,26.5112,19.1973,18.3529,18.3199,18.6431,43.5916,18.7586
3137,Azure Blue|Tan|Red|Magenta,#0066D9|#A79E82|#E72F1D|#F24574,23.6928,19.6381,18.7901,17.9449,17.0571,41.7951,18.7915
3138,Black|Purple|Red|Yellow,#080A0D|#6C47B2|#E72F1D|#FFE800,37.4499,20.7660,18.0752,16.8477,16.4722,38.9355,18.8069
3139,Blue|Black|Pink|Orange,#003776|#080A0D|#F1A1AF|#F67405,30.3763,18.9894,18.6156,18.6481,18.8265,36.6494,18.8187
3140,Dark Grey|Polymaker Teal|Dark Olive Drab|Grey,#485259|#4CC0C7|#575B54|#8C9099,20.2446,19.0254,18.7998,18.6134,18.4729,35.3408,18.8194
3141,Blue|Dark Grey|Dark Olive Drab|Grey,#003776|#485259|#575B54|#8C9099,20.3000,19.0365,18.8034,18.6043,18.4386,35.0090,18.8204
3142,Olive Green|Tan|Lime Green|Red,#948902|#A79E82|#D5D701|#E72F1D,23.1687,19.6308,18.8344,18.0122,17.1285,45.1726,18.8215
3143,Dark Grey|Brown|Purple|Red,#485259|#55331A|#6C47B2|#E72F1D,25.3431,18.9279,18.6093,18.7157,19.0240,60.3410,18.8218
3144,Dark Grey|Brown|Red|Magenta,#485259|#55331A|#E72F1D|#F24574,25.3432,18.9283,18.6096,18.7159,19.0243,60.3410,18.8221
3145,Azure Blue|Tan|Cold White|Red,#0066D9|#A79E82|#D9DFE5|#E72F1D,23.5694,19.5455,18.7840,18.0991,17.4378,41.8149,18.8223
3146,Blue|Purple|Tan|Yellow,#003776|#6C47B2|#A79E82|#FFE800,29.4566,19.8801,18.6898,17.7777,16.9404,36.3351,18.8289
3147,Black|Dark Grey|Brown|Red,#080A0D|#485259|#55331A|#E72F1D,25.1131,18.8180,18.6196,18.8487,19.2439,60.4209,18.8334
3148,Green|Lime Green|Red|Pink,#06924D|#D5D701|#E72F1D|#F1A1AF,28.7457,19.7851,18.7057,17.8925,17.1464,42.5825,18.8388
3149,Green|Polymaker Teal|Grey|Olive Green,#06924D|#4CC0C7|#8C9099|#948902,33.4378,19.9954,18.7556,17.6908,16.5904,40.0123,18.8431
3150,Polymaker Teal|Grey|Tan|Red,#4CC0C7|#8C9099|#A79E82|#E72F1D,23.6877,19.7257,18.8568,17.9606,17.0123,43.1243,18.8431
3151,Blue|Polymaker Teal|White|Yellow,#003776|#4CC0C7|#EBF7FF|#FFE800,30.6760,19.7214,18.6718,17.9909,17.4650,34.3084,18.8562
3152,Black|Grey|Cold White|Magenta,#080A0D|#8C9099|#D9DFE5|#F24574,29.9178,19.2246,18.6494,18.4931,18.4735,33.2948,18.8588
3153,Green|Olive Green|Red|White,#06924D|#948902|#E72F1D|#EBF7FF,30.6015,20.0545,18.7280,17.6734,16.6827,43.8106,18.8639
3154,Black|Dark Grey|White|Magenta,#080A0D|#485259|#EBF7FF|#F24574,29.0867,19.1969,18.6680,18.5373,18.5477,33.2126,18.8671
3155,Dark Grey|Dark Olive Drab|Purple|Grey,#485259|#575B54|#6C47B2|#8C9099,20.4481,19.1070,18.8460,18.6372,18.4720,35.0100,18.8721
3156,Blue|Dark Grey|Purple|Pink,#003776|#485259|#6C47B2|#F1A1AF,23.3647,19.2513,18.8231,18.4947,18.2272,33.6682,18.8730
3157,Blue|Azure Blue|Dark Grey|Pink,#003776|#0066D9|#485259|#F1A1AF,23.3651,19.2518,18.8237,18.4953,18.2278,33.6685,18.8736
3158,Azure Blue|Dark Grey|Purple|Pink,#0066D9|#485259|#6C47B2|#F1A1AF,23.3651,19.2518,18.8237,18.4953,18.2278,33.6685,18.8736
3159,Grey|Tan|Magenta|Yellow,#8C9099|#A79E82|#F24574|#FFE800,23.8581,19.7472,18.8764,18.0073,17.0931,42.5448,18.8773
3160,Blue|Polymaker Teal|Dark Olive Drab|Grey,#003776|#4CC0C7|#575B54|#8C9099,20.5086,19.0917,18.8528,18.6655,18.5309,35.3424,18.8786
3161,Blue|Dark Grey|Brown|Red,#003776|#485259|#55331A|#E72F1D,25.3999,18.9670,18.6677,18.7964,19.1190,60.3410,18.8817
3162,Tan|Lime Green|Cold White|Red,#A79E82|#D5D701|#D9DFE5|#E72F1D,22.9347,19.6600,18.8776,18.1159,17.3750,45.4735,18.8880
3163,Grey|Tan|Cold White|Magenta,#8C9099|#A79E82|#D9DFE5|#F24574,23.2038,19.6578,18.8909,18.1344,17.3567,42.0034,18.8961
3164,Purple|Tan|Cold White|Red,#6C47B2|#A79E82|#D9DFE5|#E72F1D,26.7682,19.7722,18.7547,18.0249,17.4130,41.6750,18.8986
3165,Blue|Dark Grey|Cold White|Magenta,#003776|#485259|#D9DFE5|#F24574,26.1933,19.4311,18.7096,18.3676,18.2004,32.0389,18.8994
3166,Dark Grey|Purple|Cold White|Magenta,#485259|#6C47B2|#D9DFE5|#F24574,26.1933,19.4311,18.7096,18.3676,18.2004,32.0389,18.8994
3167,Blue|Dark Olive Drab|Purple|Grey,#003776|#575B54|#6C47B2|#8C9099,20.6327,19.1492,18.8728,18.6545,18.4836,35.0119,18.9019
3168,Blue|Lime Green|White|Yellow,#003776|#D5D701|#EBF7FF|#FFE800,30.7300,19.7582,18.7162,18.0492,17.5410,34.1245,18.9037
3169,Azure Blue|Polymaker Teal|Olive Green|Orange,#0066D9|#4CC0C7|#948902|#F67405,32.2952,19.9098,18.7691,17.8980,17.0274,39.6605,18.9039
3170,Azure Blue|Dark Grey|Cold White|Magenta,#0066D9|#485259|#D9DFE5|#F24574,26.1955,19.4353,18.7143,18.3731,18.2062,32.0469,18.9042
3171,Purple|Grey|Olive Green|Lime Green,#6C47B2|#8C9099|#948902|#D5D701,39.3117,20.1908,18.6483,17.6244,16.6950,38.9844,18.9076
3172,Grey|Tan|White|Orange,#8C9099|#A79E82|#EBF7FF|#F67405,22.5112,19.5542,18.8985,18.2654,17.6289,44.9162,18.9098
3173,Blue|Grey|Magenta|Orange,#003776|#8C9099|#F24574|#F67405,25.0146,19.5364,18.8546,18.2854,17.7371,33.9799,18.9109
3174,Polymaker Teal|Dark Olive Drab|Purple|Grey,#4CC0C7|#575B54|#6C47B2|#8C9099,20.5947,19.1732,18.8777,18.6495,18.4936,35.8106,18.9114
3175,Blue|Purple|Grey|Orange,#003776|#6C47B2|#8C9099|#F67405,25.0178,19.5404,18.8586,18.2892,17.7408,34.0043,18.9148
3176,Green|Polymaker Teal|Purple|Orange,#06924D|#4CC0C7|#6C47B2|#F67405,32.7560,20.0705,18.6466,17.7680,17.0642,38.2441,18.9193
3177,Blue|Grey|Red|Orange,#003776|#8C9099|#E72F1D|#F67405,25.0188,19.5446,18.8633,18.2940,17.7458,33.9796,18.9193
3178,Azure Blue|Green|Polymaker Teal|Orange,#0066D9|#06924D|#4CC0C7|#F67405,28.2758,19.8807,18.7916,17.9609,17.1838,38.3538,18.9208
3179,Purple|Grey|Lime Green|Red,#6C47B2|#8C9099|#D5D701|#E72F1D,29.2895,20.0357,18.7808,17.8084,16.9024,41.5191,18.9221
3180,Blue|Dark Grey|Pink|Magenta,#003776|#485259|#F1A1AF|#F24574,23.7168,19.2849,18.8576,18.5777,18.3836,33.7975,18.9313
3181,Dark Grey|Purple|Pink|Magenta,#485259|#6C47B2|#F1A1AF|#F24574,23.7168,19.2849,18.8576,18.5777,18.3836,33.7975,18.9313
3182,Azure Blue|Dark Grey|Pink|Magenta,#0066D9|#485259|#F1A1AF|#F24574,23.7175,19.2862,18.8589,18.5790,18.3850,33.7974,18.9326
3183,Tan|Lime Green|Red|Magenta,#A79E82|#D5D701|#E72F1D|#F24574,23.0301,19.7419,18.9548,18.1292,17.2533,45.1755,18.9356
3184,Azure Blue|Grey|Tan|Orange,#0066D9|#8C9099|#A79E82|#F67405,22.9536,19.7155,18.9524,18.1564,17.3076,42.1309,18.9359
3185,Blue|Azure Blue|Grey|Orange,#003776|#0066D9|#8C9099|#F67405,25.0359,19.5629,18.8833,18.3190,17.7793,34.5177,18.9409
3186,Olive Green|Tan|White|Magenta,#948902|#A79E82|#EBF7FF|#F24574,27.2520,19.9811,18.8919,17.9091,16.9583,47.6578,18.9451
3187,Green|Polymaker Teal|Dark Olive Drab|Cold White,#06924D|#4CC0C7|#575B54|#D9DFE5,23.5037,19.4082,18.8081,18.4906,18.3154,36.7203,18.9494
3188,Green|Lime Green|White|Magenta,#06924D|#D5D701|#EBF7FF|#F24574,29.9592,19.9017,18.7882,18.0057,17.3587,42.9211,18.9537
3189,Azure Blue|Grey|Lime Green|Red,#0066D9|#8C9099|#D5D701|#E72F1D,26.2905,19.9321,18.8927,17.9802,17.0793,42.5906,18.9562
3190,Tan|Cold White|Red|Magenta,#A79E82|#D9DFE5|#E72F1D|#F24574,22.9224,19.7992,18.9822,18.1235,17.2183,45.2094,18.9614
3191,Azure Blue|Purple|Tan|Red,#0066D9|#6C47B2|#A79E82|#E72F1D,25.0949,19.8829,18.9217,18.0544,17.1834,41.8581,18.9687
3192,Black|Polymaker Teal|White|Magenta,#080A0D|#4CC0C7|#EBF7FF|#F24574,32.7347,19.4301,18.6937,18.5125,18.5190,34.1039,18.9713
3193,Grey|Lime Green|Orange|Yellow,#8C9099|#D5D701|#F67405|#FFE800,24.0858,19.8234,18.9858,18.1397,17.2175,41.5399,18.9815
3194,Green|Dark Grey|Dark Olive Drab|Cold White,#06924D|#485259|#575B54|#D9DFE5,23.5216,19.4296,18.8591,18.5740,18.4269,36.7154,19.0018
3195,Olive Green|Tan|Red|Yellow,#948902|#A79E82|#E72F1D|#FFE800,23.1089,19.7865,19.0299,18.2458,17.4087,45.4241,19.0162
3196,Polymaker Teal|Olive Green|Tan|Red,#4CC0C7|#948902|#A79E82|#E72F1D,25.8865,20.0506,18.9950,17.9851,16.9396,44.8898,19.0178
3197,Black|Lime Green|Magenta|Yellow,#080A0D|#D5D701|#F24574|#FFE800,35.5467,19.5610,18.6002,18.4896,18.6806,43.0823,19.0253
3198,Grey|Cold White|Orange|Yellow,#8C9099|#D9DFE5|#F67405|#FFE800,23.7687,19.7180,19.0055,18.3744,17.7669,41.5935,19.0462
3199,Green|Brown|Red|Orange,#06924D|#55331A|#E72F1D|#F67405,26.6999,19.5071,18.7760,18.5860,18.6022,41.5024,19.0465
3200,Blue|Azure Blue|Dark Grey|Lime Green,#003776|#0066D9|#485259|#D5D701,29.5945,19.8673,18.8635,18.2383,17.7552,31.9671,19.0528
3201,Azure Blue|Tan|Lime Green|Red,#0066D9|#A79E82|#D5D701|#E72F1D,25.0185,19.9931,19.0340,18.1194,17.2051,43.5136,19.0563
3202,Grey|Red|Orange|Yellow,#8C9099|#E72F1D|#F67405|#FFE800,24.1342,19.8987,19.0572,18.2187,17.3122,41.5656,19.0587
3203,Brown|Olive Green|Lime Green|Magenta,#55331A|#948902|#D5D701|#F24574,25.4170,19.3762,18.8235,18.7451,18.8516,40.8734,19.0607
3204,Blue|Green|White|Pink,#003776|#06924D|#EBF7FF|#F1A1AF,30.4477,19.8891,18.9046,18.2484,17.7054,32.8157,19.0687
3205,Blue|Green|Lime Green|Cold White,#003776|#06924D|#D5D701|#D9DFE5,33.2567,19.9159,18.8275,18.2223,17.7859,32.5621,19.0691
3206,Azure Blue|Dark Grey|Dark Olive Drab|Grey,#0066D9|#485259|#575B54|#8C9099,20.4869,19.2822,19.0574,18.8706,18.7250,41.7404,19.0764
3207,Blue|Azure Blue|Lime Green|Yellow,#003776|#0066D9|#D5D701|#FFE800,30.9292,20.0234,18.8879,18.1335,17.5279,32.0875,19.0784
3208,Azure Blue|Polymaker Teal|Dark Olive Drab|Grey,#0066D9|#4CC0C7|#575B54|#8C9099,20.5874,19.3101,19.0579,18.8491,18.6929,40.0397,19.0796
3209,Olive Green|Tan|Lime Green|Magenta,#948902|#A79E82|#D5D701|#F24574,25.0371,19.9616,19.0488,18.1997,17.3291,45.3960,19.0806
3210,Blue|Green|Dark Olive Drab|Cold White,#003776|#06924D|#575B54|#D9DFE5,23.8383,19.5256,18.9370,18.6431,18.4924,36.7244,19.0844
3211,Black|Cold White|White|Magenta,#080A0D|#D9DFE5|#EBF7FF|#F24574,32.7329,19.5259,18.8188,18.6452,18.6482,34.1953,19.0856
3212,Tan|Lime Green|Red|Yellow,#A79E82|#D5D701|#E72F1D|#FFE800,22.9399,19.8519,19.1089,18.3246,17.4853,45.4300,19.0882
3213,Green|Brown|Olive Green|Orange,#06924D|#55331A|#948902|#F67405,26.6641,19.5453,18.8246,18.6420,18.6622,41.5071,19.0937
3214,Grey|Lime Green|Cold White|Magenta,#8C9099|#D5D701|#D9DFE5|#F24574,25.7309,19.8857,19.0137,18.3029,17.6393,42.5375,19.0943
3215,Azure Blue|Green|Lime Green|Orange,#0066D9|#06924D|#D5D701|#F67405,29.6130,20.2123,18.9395,17.9779,17.1092,39.1355,19.0951
3216,Blue|Polymaker Teal|Lime Green|Cold White,#003776|#4CC0C7|#D5D701|#D9DFE5,33.2687,19.9621,18.8553,18.2442,17.8138,32.5408,19.1032
3217,Green|Polymaker Teal|Magenta|Orange,#06924D|#4CC0C7|#F24574|#F67405,29.0596,20.1909,19.0065,18.0229,17.0293,42.7475,19.1069
3218,Olive Green|Tan|Red|Pink,#948902|#A79E82|#E72F1D|#F1A1AF,24.8743,20.0701,19.1140,18.1578,17.1565,46.6557,19.1140
3219,Blue|Azure Blue|Dark Olive Drab|Grey,#003776|#0066D9|#575B54|#8C9099,20.7234,19.3344,19.0963,18.9083,18.7695,41.7377,19.1213
3220,Black|Olive Green|Magenta|Yellow,#080A0D|#948902|#F24574|#FFE800,35.5856,19.6534,18.6997,18.5951,18.7884,43.2054,19.1242
3221,Black|Purple|White|Magenta,#080A0D|#6C47B2|#EBF7FF|#F24574,32.7578,19.5705,18.8711,18.7058,18.7182,34.3457,19.1382
3222,Blue|Black|White|Magenta,#003776|#080A0D|#EBF7FF|#F24574,32.7564,19.5710,18.8718,18.7070,18.7203,34.3391,19.1390
3223,Azure Blue|Black|White|Magenta,#0066D9|#080A0D|#EBF7FF|#F24574,32.7590,19.5723,18.8729,18.7076,18.7201,34.3503,19.1400
3224,Blue|Azure Blue|White|Yellow,#003776|#0066D9|#EBF7FF|#FFE800,30.7542,20.0466,18.9464,18.2343,17.6999,34.9216,19.1405
3225,Blue|Grey|Lime Green|Cold White,#003776|#8C9099|#D5D701|#D9DFE5,29.1228,19.8662,19.0058,18.4260,17.9468,31.8533,19.1461
3226,Green|Dark Grey|Polymaker Teal|Brown,#06924D|#485259|#4CC0C7|#55331A,25.3943,19.3233,18.8884,18.9721,19.3132,43.5754,19.1477
3227,Green|Purple|Olive Green|Lime Green,#06924D|#6C47B2|#948902|#D5D701,46.8144,20.7196,18.7006,17.5776,16.6089,41.5233,19.1486
3228,Tan|Red|Magenta|Yellow,#A79E82|#E72F1D|#F24574|#FFE800,23.1028,19.9257,19.1738,18.3895,17.5532,45.5571,19.1576
3229,Blue|Azure Blue|Purple|Tan,#003776|#0066D9|#6C47B2|#A79E82,26.4536,19.9135,19.1052,18.4384,17.7963,33.6541,19.1759
3230,Azure Blue|Olive Green|Magenta|Yellow,#0066D9|#948902|#F24574|#FFE800,35.1144,20.2264,18.9962,18.1274,17.3266,41.6008,19.1769
3231,Grey|Magenta|Orange|Yellow,#8C9099|#F24574|#F67405|#FFE800,24.2367,20.0122,19.1799,18.3465,17.4410,41.6135,19.1794
3232,Green|White|Magenta|Yellow,#06924D|#EBF7FF|#F24574|#FFE800,30.2089,20.1583,19.0130,18.2052,17.5501,43.7073,19.1818
3233,Tan|Cold White|Red|Yellow,#A79E82|#D9DFE5|#E72F1D|#FFE800,23.0913,19.9502,19.2018,18.4857,17.7960,45.8582,19.2179
3234,Azure Blue|Olive Green|Tan|White,#0066D9|#948902|#A79E82|#EBF7FF,30.2911,20.1491,19.1302,18.2880,17.4697,40.4614,19.2186
3235,Azure Blue|Dark Grey|Brown|Red,#0066D9|#485259|#55331A|#E72F1D,25.5201,19.2604,18.9971,19.1796,19.5716,60.2732,19.2200
3236,Olive Green|Tan|Pink|Magenta,#948902|#A79E82|#F1A1AF|#F24574,26.6634,20.2357,19.1872,18.2063,17.2131,47.0954,19.2210
3237,Azure Blue|Green|Orange|Yellow,#0066D9|#06924D|#F67405|#FFE800,29.6418,20.2974,19.0555,18.1501,17.3410,39.0408,19.2237
3238,Blue|Purple|Tan|Lime Green,#003776|#6C47B2|#A79E82|#D5D701,29.5982,20.2521,19.0954,18.2190,17.3959,35.6775,19.2356
3239,Green|Pink|Magenta|Yellow,#06924D|#F1A1AF|#F24574|#FFE800,29.9230,20.2504,19.1258,18.2990,17.5450,43.9959,19.2747
3240,Black|Polymaker Teal|Grey|Magenta,#080A0D|#4CC0C7|#8C9099|#F24574,30.4251,19.6649,19.0585,18.8971,18.8885,34.5132,19.2810
3241,Dark Grey|Cold White|White|Magenta,#485259|#D9DFE5|#EBF7FF|#F24574,25.2744,19.6846,19.1641,18.8916,18.7401,32.4355,19.2881
3242,Brown|Purple|Lime Green|Red,#55331A|#6C47B2|#D5D701|#E72F1D,27.6038,20.5284,18.8350,18.0484,17.8306,40.4508,19.2884
3243,Blue|Polymaker Teal|Cold White|Orange,#003776|#4CC0C7|#D9DFE5|#F67405,27.2952,19.9813,19.1590,18.5964,18.1375,34.6132,19.2888
3244,Dark Grey|Polymaker Teal|White|Magenta,#485259|#4CC0C7|#EBF7FF|#F24574,25.3390,19.7192,19.1903,18.9174,18.7681,32.4136,19.3183
3245,Blue|Dark Grey|White|Magenta,#003776|#485259|#EBF7FF|#F24574,25.3074,19.7239,19.2032,18.9300,18.7784,32.5785,19.3269
3246,Dark Grey|Purple|White|Magenta,#485259|#6C47B2|#EBF7FF|#F24574,25.3074,19.7239,19.2032,18.9300,18.7784,32.5785,19.3269
3247,Azure Blue|Dark Grey|White|Magenta,#0066D9|#485259|#EBF7FF|#F24574,25.3075,19.7240,19.2034,18.9301,18.7785,32.5785,19.3270
3248,Blue|Green|Grey|Lime Green,#003776|#06924D|#8C9099|#D5D701,29.4182,20.1243,19.2128,18.5337,17.8916,31.8563,19.3290
3249,Blue|Polymaker Teal|Grey|Lime Green,#003776|#4CC0C7|#8C9099|#D5D701,29.4091,20.1222,19.2139,18.5431,17.9191,31.8443,19.3326
3250,Purple|Grey|Olive Green|Yellow,#6C47B2|#8C9099|#948902|#FFE800,38.1708,20.5107,19.1005,18.1606,17.2944,39.6391,19.3356
3251,Dark Grey|Grey|White|Magenta,#485259|#8C9099|#EBF7FF|#F24574,25.1999,19.7217,19.2159,18.9522,18.8056,32.5701,19.3370
3252,Green|Black|Dark Olive Drab|White,#06924D|#080A0D|#575B54|#EBF7FF,23.7646,19.4653,19.2520,19.2262,19.2889,36.4630,19.3457
3253,Green|Grey|White|Orange,#06924D|#8C9099|#EBF7FF|#F67405,26.5786,20.2062,19.2824,18.4884,17.7273,43.4639,19.3473
3254,Blue|Black|Purple|Pink,#003776|#080A0D|#6C47B2|#F1A1AF,30.6168,19.5194,19.2011,19.1832,19.2693,34.0436,19.3513
3255,Black|Purple|Pink|Magenta,#080A0D|#6C47B2|#F1A1AF|#F24574,30.5390,19.5172,19.2045,19.1940,19.2898,34.0736,19.3556
3256,Blue|Black|Pink|Magenta,#003776|#080A0D|#F1A1AF|#F24574,30.5405,19.5208,19.2082,19.1981,19.2943,34.0741,19.3594
3257,Dark Grey|Polymaker Teal|Brown|Purple,#485259|#4CC0C7|#55331A|#6C47B2,25.1486,19.4830,19.1270,19.2464,19.6022,43.4633,19.3647
3258,Blue|Green|Black|Olive Green,#003776|#06924D|#080A0D|#948902,43.8822,20.4647,18.7036,18.2652,18.2923,54.6256,19.3649
3259,Azure Blue|Dark Olive Drab|Purple|Grey,#0066D9|#575B54|#6C47B2|#8C9099,20.9719,19.6160,19.3311,19.1155,18.9597,41.7481,19.3657
3260,Azure Blue|Black|Pink|Magenta,#0066D9|#080A0D|#F1A1AF|#F24574,30.5454,19.5270,19.2146,19.2058,19.3036,34.0747,19.3664
3261,Azure Blue|Black|Purple|Pink,#0066D9|#080A0D|#6C47B2|#F1A1AF,30.6219,19.5349,19.2161,19.1993,19.2873,34.0487,19.3671
3262,Blue|Azure Blue|Black|Pink,#003776|#0066D9|#080A0D|#F1A1AF,30.6225,19.5363,19.2173,19.2005,19.2884,34.0487,19.3684
3263,Black|Purple|Olive Green|Magenta,#080A0D|#6C47B2|#948902|#F24574,37.2957,20.2587,18.7882,18.4934,18.6422,46.1601,19.3761
3264,Black|Dark Grey|Polymaker Teal|Brown,#080A0D|#485259|#4CC0C7|#55331A,24.9366,19.3766,19.1329,19.3789,19.8172,43.4637,19.3777
3265,Polymaker Teal|Grey|Tan|Orange,#4CC0C7|#8C9099|#A79E82|#F67405,23.3742,20.1872,19.4108,18.5965,17.7311,43.5996,19.3918
3266,Grey|Red|Magenta|Yellow,#8C9099|#E72F1D|#F24574|#FFE800,25.1048,20.2698,19.3995,18.5387,17.6066,42.1537,19.4043
3267,Blue|Polymaker Teal|Purple|Orange,#003776|#4CC0C7|#6C47B2|#F67405,27.5270,20.1517,19.2883,18.6572,18.0878,34.6098,19.4044
3268,Olive Green|Tan|Red|White,#948902|#A79E82|#E72F1D|#EBF7FF,25.3666,20.3386,19.3940,18.4748,17.5585,48.1136,19.4067
3269,Azure Blue|Tan|Red|Pink,#0066D9|#A79E82|#E72F1D|#F1A1AF,24.0041,20.2051,19.3908,18.6147,17.8302,42.7856,19.4099
3270,Blue|Dark Grey|Polymaker Teal|Brown,#003776|#485259|#4CC0C7|#55331A,25.2012,19.5180,19.1773,19.3140,19.6779,43.4633,19.4160
3271,Black|Brown|Magenta|Yellow,#080A0D|#55331A|#F24574|#FFE800,26.3607,19.5823,19.2113,19.2585,19.4605,43.0342,19.4204
3272,Purple|Olive Green|White|Yellow,#6C47B2|#948902|#EBF7FF|#FFE800,45.0641,20.6420,19.0351,18.2054,17.5798,40.8391,19.4237
3273,Purple|Tan|Red|Pink,#6C47B2|#A79E82|#E72F1D|#F1A1AF,27.0519,20.3319,19.3207,18.5424,17.8394,43.0012,19.4371
3274,Azure Blue|Purple|Olive Green|Lime Green,#0066D9|#6C47B2|#948902|#D5D701,43.1819,20.8041,19.0974,18.0717,17.1994,39.8336,19.4379
3275,Azure Blue|Olive Green|Cold White|White,#0066D9|#948902|#D9DFE5|#EBF7FF,38.3690,20.6065,19.2363,18.2713,17.4073,40.3131,19.4389
3276,Dark Grey|Purple|Lime Green|White,#485259|#6C47B2|#D5D701|#EBF7FF,29.6558,20.3529,19.2242,18.5297,18.0436,36.7373,19.4413
3277,Azure Blue|Polymaker Teal|Olive Green|White,#0066D9|#4CC0C7|#948902|#EBF7FF,38.3710,20.6081,19.2402,18.2750,17.4081,40.3131,19.4416
3278,Green|White|Magenta|Orange,#06924D|#EBF7FF|#F24574|#F67405,29.3450,20.4477,19.3225,18.4407,17.6155,44.4853,19.4442
3279,Green|Olive Green|Cold White|Red,#06924D|#948902|#D9DFE5|#E72F1D,31.3088,20.6326,19.2716,18.2825,17.3642,44.1824,19.4575
3280,Green|Dark Olive Drab|Cold White|White,#06924D|#575B54|#D9DFE5|#EBF7FF,22.5138,19.7853,19.4068,19.1622,19.0135,35.7957,19.4737
3281,Green|Olive Green|Cold White|Pink,#06924D|#948902|#D9DFE5|#F1A1AF,30.3969,20.5488,19.3786,18.4071,17.4728,44.1340,19.4780
3282,Green|Purple|Magenta|Yellow,#06924D|#6C47B2|#F24574|#FFE800,38.7408,21.0810,19.1790,17.8833,16.7425,41.2438,19.4821
3283,Green|Red|Pink|Orange,#06924D|#E72F1D|#F1A1AF|#F67405,29.1779,20.5678,19.4043,18.3972,17.3792,43.5472,19.4825
3284,Green|Polymaker Teal|Dark Olive Drab|White,#06924D|#4CC0C7|#575B54|#EBF7FF,22.5217,19.7971,19.4191,19.1742,19.0261,35.7957,19.4857
3285,Purple|Tan|Red|Yellow,#6C47B2|#A79E82|#E72F1D|#FFE800,29.1060,20.6352,19.3683,18.3552,17.4269,43.0360,19.4952
3286,Dark Grey|Grey|Cold White|Magenta,#485259|#8C9099|#D9DFE5|#F24574,25.2090,19.8685,19.3658,19.1223,18.9972,32.7434,19.4954
3287,Purple|Tan|Lime Green|Orange,#6C47B2|#A79E82|#D5D701|#F67405,30.0264,20.6437,19.3480,18.3522,17.4429,42.7007,19.4980
3288,Azure Blue|Green|Olive Green|White,#0066D9|#06924D|#948902|#EBF7FF,38.3842,20.6678,19.2985,18.3423,17.4818,40.3086,19.5050
3289,Black|Polymaker Teal|Cold White|Magenta,#080A0D|#4CC0C7|#D9DFE5|#F24574,33.8646,20.1823,19.1538,18.8372,18.7541,33.7764,19.5098
3290,Polymaker Teal|Grey|Red|Yellow,#4CC0C7|#8C9099|#E72F1D|#FFE800,25.1906,20.3670,19.5087,18.6718,17.7876,42.9324,19.5194
3291,Blue|Polymaker Teal|Grey|Orange,#003776|#4CC0C7|#8C9099|#F67405,25.8876,20.2219,19.4504,18.8217,18.2317,34.5127,19.5218
3292,Grey|Olive Green|Lime Green|Pink,#8C9099|#948902|#D5D701|#F1A1AF,28.4872,20.4143,19.4755,18.6680,17.8443,43.9111,19.5412
3293,Green|Dark Grey|Dark Olive Drab|White,#06924D|#485259|#575B54|#EBF7FF,22.5166,19.8189,19.4750,19.2678,19.1519,35.7983,19.5433
3294,Green|Dark Grey|Brown|Purple,#06924D|#485259|#55331A|#6C47B2,25.8942,19.8735,19.3151,19.2523,19.4382,56.2118,19.5629
3295,Azure Blue|Green|White|Orange,#0066D9|#06924D|#EBF7FF|#F67405,28.8993,20.5103,19.4276,18.6164,17.9029,40.4915,19.5634
3296,Purple|Grey|Lime Green|Orange,#6C47B2|#8C9099|#D5D701|#F67405,28.4366,20.5792,19.4586,18.5533,17.7101,41.9907,19.5662
3297,Azure Blue|Olive Green|Tan|Lime Green,#0066D9|#948902|#A79E82|#D5D701,29.9495,20.4985,19.4993,18.6362,17.7642,40.2381,19.5673
3298,Green|Dark Olive Drab|Purple|Cold White,#06924D|#575B54|#6C47B2|#D9DFE5,24.6903,20.1150,19.4019,19.0218,18.7920,36.9401,19.5684
3299,Azure Blue|Grey|Olive Green|White,#0066D9|#8C9099|#948902|#EBF7FF,35.9707,20.6279,19.4178,18.5117,17.6688,40.5435,19.5698
3300,Azure Blue|Olive Green|Lime Green|Pink,#0066D9|#948902|#D5D701|#F1A1AF,33.4467,20.5876,19.4278,18.5797,17.8004,41.6077,19.5836
3301,Grey|Lime Green|Pink|Orange,#8C9099|#D5D701|#F1A1AF|#F67405,24.7006,20.4144,19.5644,18.7542,17.9193,42.3188,19.5843
3302,Green|Black|Dark Grey|Brown,#06924D|#080A0D|#485259|#55331A,25.6547,19.7626,19.3292,19.4106,19.6962,56.3052,19.5866
3303,Green|Dark Olive Drab|Grey|White,#06924D|#575B54|#8C9099|#EBF7FF,22.5879,19.8961,19.5202,19.2807,19.1363,35.7694,19.5884
3304,Green|Purple|Red|Yellow,#06924D|#6C47B2|#E72F1D|#FFE800,38.5064,21.2183,19.2830,17.9727,16.8155,42.5951,19.5955
3305,Azure Blue|Green|Dark Olive Drab|White,#0066D9|#06924D|#575B54|#EBF7FF,22.6627,19.9011,19.5279,19.2922,19.1504,35.8030,19.5967
3306,Azure Blue|Green|Dark Olive Drab|Cold White,#0066D9|#06924D|#575B54|#D9DFE5,24.0956,20.0564,19.4481,19.1399,18.9766,38.7563,19.5981
3307,Green|Purple|Olive Green|Yellow,#06924D|#6C47B2|#948902|#FFE800,45.8714,21.0806,19.1971,18.1221,17.1759,41.4585,19.6014
3308,Blue|Green|Dark Olive Drab|White,#003776|#06924D|#575B54|#EBF7FF,22.7995,19.8967,19.5361,19.3207,19.2001,35.8000,19.6087
3309,Purple|Grey|Tan|Magenta,#6C47B2|#8C9099|#A79E82|#F24574,26.1760,20.4896,19.5595,18.7441,17.9422,41.8625,19.6169
3310,Azure Blue|Black|Brown|Dark Olive Drab,#0066D9|#080A0D|#55331A|#575B54,23.0099,19.4453,19.4622,19.7894,20.2557,66.0930,19.6173
3311,Tan|Lime Green|Cold White|Magenta,#A79E82|#D5D701|#D9DFE5|#F24574,24.0295,20.3970,19.5923,18.8404,18.1235,45.5686,19.6187
3312,Blue|Green|Dark Grey|Brown,#003776|#06924D|#485259|#55331A,25.9858,19.9235,19.3654,19.3148,19.5067,56.2959,19.6191
3313,Polymaker Teal|Olive Green|White|Magenta,#4CC0C7|#948902|#EBF7FF|#F24574,35.5141,20.8773,19.4422,18.3612,17.3827,46.7428,19.6193
3314,Blue|Polymaker Teal|Magenta|Orange,#003776|#4CC0C7|#F24574|#F67405,27.7259,20.3634,19.5076,18.8776,18.3059,34.6675,19.6205
3315,Polymaker Teal|Olive Green|Red|Pink,#4CC0C7|#948902|#E72F1D|#F1A1AF,33.5704,20.8691,19.4767,18.3763,17.3289,45.3184,19.6227
3316,Polymaker Teal|Olive Green|Pink|Magenta,#4CC0C7|#948902|#F1A1AF|#F24574,34.6119,20.8728,19.4753,18.3811,17.3455,45.7262,19.6270
3317,Azure Blue|Green|Polymaker Teal|Olive Green,#0066D9|#06924D|#4CC0C7|#948902,41.2368,21.0376,19.3645,18.2383,17.2172,37.8282,19.6379
3318,Azure Blue|Purple|Olive Green|Yellow,#0066D9|#6C47B2|#948902|#FFE800,42.4107,20.9090,19.3178,18.3830,17.6160,40.8040,19.6460
3319,Blue|Purple|Tan|White,#003776|#6C47B2|#A79E82|#EBF7FF,26.6539,20.2847,19.5608,19.0092,18.5155,35.5657,19.6470
3320,Green|Olive Green|Red|Magenta,#06924D|#948902|#E72F1D|#F24574,33.3165,20.8761,19.4964,18.4338,17.4180,44.2516,19.6550
3321,Black|Purple|Grey|Magenta,#080A0D|#6C47B2|#8C9099|#F24574,30.4284,19.9948,19.4568,19.3368,19.3640,37.8031,19.6658
3322,Blue|Black|Grey|Magenta,#003776|#080A0D|#8C9099|#F24574,30.4284,19.9948,19.4568,19.3369,19.3640,37.8032,19.6658
3323,Azure Blue|Dark Grey|Brown|Dark Olive Drab,#0066D9|#485259|#55331A|#575B54,23.2643,19.6130,19.5206,19.7242,20.1108,66.0916,19.6686
3324,Purple|Olive Green|Red|Magenta,#6C47B2|#948902|#E72F1D|#F24574,48.2394,22.5978,19.1037,16.7470,14.9300,62.1923,19.6724
3325,Polymaker Teal|Grey|Lime Green|Red,#4CC0C7|#8C9099|#D5D701|#E72F1D,26.1166,20.5637,19.6515,18.7836,17.8703,43.0759,19.6736
3326,Purple|Tan|Cold White|Magenta,#6C47B2|#A79E82|#D9DFE5|#F24574,27.1524,20.5454,19.5590,18.8078,18.1469,42.2130,19.6766
3327,Black|Red|Magenta|Yellow,#080A0D|#E72F1D|#F24574|#FFE800,35.8732,20.1754,19.2605,19.1782,19.3893,45.0570,19.6768
3328,Brown|Purple|Olive Green|Magenta,#55331A|#6C47B2|#948902|#F24574,27.2560,20.3180,19.3587,19.0407,19.0552,45.8255,19.6794
3329,Azure Blue|Grey|Tan|Magenta,#0066D9|#8C9099|#A79E82|#F24574,24.1039,20.4744,19.6915,18.8896,18.0315,42.6221,19.6820
3330,Black|Brown|Olive Green|Magenta,#080A0D|#55331A|#948902|#F24574,26.8091,20.0466,19.3936,19.3306,19.4972,45.8169,19.6886
3331,Grey|Olive Green|Pink|Yellow,#8C9099|#948902|#F1A1AF|#FFE800,28.3667,20.5923,19.6355,18.7915,17.9333,44.2010,19.6919
3332,Black|Brown|Purple|Olive Green,#080A0D|#55331A|#6C47B2|#948902,29.8214,21.0741,19.0111,18.3165,18.2512,54.3910,19.6953
3333,Blue|Polymaker Teal|Red|Orange,#003776|#4CC0C7|#E72F1D|#F67405,27.7969,20.4405,19.5969,18.9753,18.4055,34.8184,19.7079
3334,Dark Grey|Polymaker Teal|Cold White|Magenta,#485259|#4CC0C7|#D9DFE5|#F24574,26.9482,20.2356,19.5179,19.1856,19.0256,33.2037,19.7106
3335,Azure Blue|Black|Grey|Magenta,#0066D9|#080A0D|#8C9099|#F24574,30.4676,20.0392,19.5050,19.3921,19.4321,39.5293,19.7156
3336,Green|Red|White|Yellow,#06924D|#E72F1D|#EBF7FF|#FFE800,29.2998,20.6481,19.5751,18.7937,18.1411,44.6201,19.7209
3337,Green|Tan|Pink|Orange,#06924D|#A79E82|#F1A1AF|#F67405,25.8385,20.6649,19.7143,18.7825,17.8249,44.3648,19.7237
3338,Blue|Azure Blue|Brown|Dark Olive Drab,#003776|#0066D9|#55331A|#575B54,23.4146,19.6733,19.5723,19.7798,20.1651,66.1082,19.7266
3339,Green|Tan|Red|Orange,#06924D|#A79E82|#E72F1D|#F67405,25.6667,20.6380,19.7232,18.8399,17.9369,44.7685,19.7390
3340,Azure Blue|Tan|Red|Yellow,#0066D9|#A79E82|#E72F1D|#FFE800,25.1746,20.5946,19.7137,18.8954,18.0936,44.5092,19.7450
3341,Green|Cold White|Pink|Orange,#06924D|#D9DFE5|#F1A1AF|#F67405,28.9424,20.7714,19.6692,18.7469,17.8416,44.1674,19.7592
3342,Green|Olive Green|Tan|Pink,#06924D|#948902|#A79E82|#F1A1AF,27.5482,20.7641,19.7463,18.7856,17.7908,44.3367,19.7748
3343,Azure Blue|Brown|Dark Olive Drab|Purple,#0066D9|#55331A|#575B54|#6C47B2,23.4060,19.7576,19.6313,19.7970,20.1475,66.0957,19.7773
3344,Tan|Cold White|Red|Pink,#A79E82|#D9DFE5|#E72F1D|#F1A1AF,23.3469,20.5751,19.8099,18.9825,18.0990,46.7801,19.7788
3345,Purple|Tan|Lime Green|Magenta,#6C47B2|#A79E82|#D5D701|#F24574,30.1157,20.9347,19.6358,18.6298,17.7260,42.6160,19.7822
3346,Tan|Red|Pink|Magenta,#A79E82|#E72F1D|#F1A1AF|#F24574,23.4198,20.6335,19.8338,18.9417,17.9610,46.7759,19.7876
3347,Green|Lime Green|Red|White,#06924D|#D5D701|#E72F1D|#EBF7FF,29.2446,20.6759,19.6496,18.9015,18.2530,44.0171,19.7887
3348,Green|Brown|Lime Green|Orange,#06924D|#55331A|#D5D701|#F67405,27.0205,20.1678,19.5165,19.4123,19.5235,46.8386,19.7901
3349,Polymaker Teal|Tan|Lime Green|Red,#4CC0C7|#A79E82|#D5D701|#E72F1D,25.3351,20.7416,19.7898,18.8601,17.9052,45.6681,19.8008
3350,Azure Blue|Green|Polymaker Teal|Brown,#0066D9|#06924D|#4CC0C7|#55331A,28.2397,20.3170,19.4110,19.3198,19.5529,47.8902,19.8184
3351,Grey|Pink|Orange|Yellow,#8C9099|#F1A1AF|#F67405|#FFE800,24.7307,20.6177,19.8137,19.0495,18.2421,42.5877,19.8336
3352,Azure Blue|Olive Green|Pink|Yellow,#0066D9|#948902|#F1A1AF|#FFE800,35.0098,20.8812,19.6831,18.8198,18.0132,42.0904,19.8505
3353,Blue|Grey|Pink|Orange,#003776|#8C9099|#F1A1AF|#F67405,25.5686,20.4310,19.8010,19.2787,18.7803,34.1625,19.8548
3354,Green|Polymaker Teal|Olive Green|Pink,#06924D|#4CC0C7|#948902|#F1A1AF,30.7829,20.9693,19.7788,18.7525,17.7247,44.4013,19.8609
3355,Brown|Lime Green|Magenta|Yellow,#55331A|#D5D701|#F24574|#FFE800,25.3215,20.1165,19.6669,19.6086,19.7221,43.0298,19.8626
3356,Olive Green|Tan|Magenta|Yellow,#948902|#A79E82|#F24574|#FFE800,25.1484,20.7042,19.8694,19.0668,18.2302,46.1045,19.8855
3357,Green|Polymaker Teal|Red|Orange,#06924D|#4CC0C7|#E72F1D|#F67405,28.5698,20.9206,19.8131,18.8662,17.8983,43.5879,19.8934
3358,Green|Olive Green|Pink|Orange,#06924D|#948902|#F1A1AF|#F67405,29.3129,20.9957,19.8494,18.8338,17.7910,44.1853,19.9147
3359,Black|Polymaker Teal|Purple|Yellow,#080A0D|#4CC0C7|#6C47B2|#FFE800,35.0303,20.8063,19.5337,19.0277,18.8145,36.7469,19.9170
3360,Green|Olive Green|Lime Green|Magenta,#06924D|#948902|#D5D701|#F24574,32.7895,20.9558,19.7519,18.8860,18.1102,42.3171,19.9209
3361,Azure Blue|Black|Pink|Orange,#0066D9|#080A0D|#F1A1AF|#F67405,31.0056,20.1024,19.7243,19.7511,19.9208,37.0100,19.9268
3362,Azure Blue|Tan|Red|White,#0066D9|#A79E82|#E72F1D|#EBF7FF,24.4430,20.6637,19.9204,19.2276,18.5481,46.4117,19.9456
3363,Grey|Tan|White|Magenta,#8C9099|#A79E82|#EBF7FF|#F24574,23.9631,20.6582,19.9497,19.2422,18.5156,45.7121,19.9502
3364,Grey|Cold White|Magenta|Yellow,#8C9099|#D9DFE5|#F24574|#FFE800,25.5415,20.6965,19.9133,19.2200,18.5603,42.9098,19.9583
3365,Purple|Grey|Tan|Orange,#6C47B2|#8C9099|#A79E82|#F67405,26.1429,20.7965,19.9095,19.1303,18.3731,42.2323,19.9634
3366,Brown|Olive Green|Magenta|Yellow,#55331A|#948902|#F24574|#FFE800,25.4163,20.2274,19.7757,19.7177,19.8317,43.1629,19.9725
3367,Purple|Tan|Orange|Yellow,#6C47B2|#A79E82|#F67405|#FFE800,29.7371,21.0773,19.8395,18.8699,17.9825,43.3001,19.9736
3368,Grey|Lime Green|Magenta|Yellow,#8C9099|#D5D701|#F24574|#FFE800,25.8391,20.8449,19.9671,19.1104,18.1890,42.8586,19.9777
3369,Black|Dark Grey|Polymaker Teal|Magenta,#080A0D|#485259|#4CC0C7|#F24574,28.2838,20.3810,19.7576,19.5776,19.5648,35.0526,19.9793
3370,Azure Blue|Tan|Cold White|Magenta,#0066D9|#A79E82|#D9DFE5|#F24574,24.4860,20.7053,19.9590,19.2657,18.5835,42.8681,19.9855
3371,Polymaker Teal|Tan|Red|Yellow,#4CC0C7|#A79E82|#E72F1D|#FFE800,25.3815,20.9007,19.9790,19.0861,18.1788,45.8623,19.9934
3372,Azure Blue|Tan|Red|Orange,#0066D9|#A79E82|#E72F1D|#F67405,24.3780,20.7984,20.0072,19.1969,18.3431,42.9578,19.9976
3373,Purple|Olive Green|Magenta|Yellow,#6C47B2|#948902|#F24574|#FFE800,43.9683,21.6695,19.5795,18.3398,17.3821,41.7719,20.0046
3374,Grey|Olive Green|Tan|Cold White,#8C9099|#948902|#A79E82|#D9DFE5,25.2675,20.7762,20.0106,19.2362,18.4209,42.0358,20.0062
3375,Polymaker Teal|Tan|Cold White|Red,#4CC0C7|#A79E82|#D9DFE5|#E72F1D,25.1735,20.8546,19.9903,19.1843,18.3824,45.5176,20.0195
3376,Blue|Black|Purple|Cold White,#003776|#080A0D|#6C47B2|#D9DFE5,40.2272,20.8720,19.5152,19.1673,19.0983,35.3193,20.0197
3377,Grey|Lime Green|Red|Pink,#8C9099|#D5D701|#E72F1D|#F1A1AF,25.5406,20.8336,19.9916,19.2213,18.4347,43.2562,20.0275
3378,Blue|Black|Polymaker Teal|Magenta,#003776|#080A0D|#4CC0C7|#F24574,34.4073,20.7024,19.6734,19.3693,19.3041,34.8196,20.0358
3379,Black|Polymaker Teal|Purple|Magenta,#080A0D|#4CC0C7|#6C47B2|#F24574,34.4073,20.7024,19.6734,19.3693,19.3041,34.8196,20.0358
3380,Azure Blue|Black|Polymaker Teal|Magenta,#0066D9|#080A0D|#4CC0C7|#F24574,34.4125,20.7141,19.6828,19.3766,19.3131,34.8222,20.0454
3381,Polymaker Teal|Grey|Lime Green|Magenta,#4CC0C7|#8C9099|#D5D701|#F24574,26.9558,20.9480,19.9955,19.1476,18.2774,44.4125,20.0478
3382,Azure Blue|Tan|Magenta|Orange,#0066D9|#A79E82|#F24574|#F67405,24.4067,20.8498,20.0574,19.2471,18.3939,42.9604,20.0484
3383,Olive Green|Tan|Magenta|Orange,#948902|#A79E82|#F24574|#F67405,23.8568,20.8993,20.0879,19.2098,18.2609,46.8217,20.0545
3384,Polymaker Teal|Olive Green|Red|White,#4CC0C7|#948902|#E72F1D|#EBF7FF,33.6277,21.2846,19.8988,18.8347,17.8694,46.9323,20.0596
3385,Green|Dark Olive Drab|Grey|Cold White,#06924D|#575B54|#8C9099|#D9DFE5,23.6281,20.4634,19.9821,19.6740,19.4784,37.4953,20.0687
3386,Polymaker Teal|Grey|Olive Green|Tan,#4CC0C7|#8C9099|#948902|#A79E82,25.3536,20.9216,20.1070,19.2272,18.2315,42.0394,20.0744
3387,Blue|Azure Blue|Polymaker Teal|Orange,#003776|#0066D9|#4CC0C7|#F67405,27.8928,20.8278,19.9718,19.3293,18.7442,34.8056,20.0786
3388,Black|Purple|Orange|Yellow,#080A0D|#6C47B2|#F67405|#FFE800,37.3864,21.7498,19.5031,18.4125,18.0004,38.8080,20.0812
3389,Green|Grey|Olive Green|Tan,#06924D|#8C9099|#948902|#A79E82,25.3271,20.9296,20.1192,19.2471,18.2650,41.9393,20.0884
3390,Green|Black|Red|Orange,#06924D|#080A0D|#E72F1D|#F67405,33.4454,20.5620,19.7445,19.6176,19.7070,41.5732,20.0898
3391,Azure Blue|Tan|Cold White|Orange,#0066D9|#A79E82|#D9DFE5|#F67405,24.2385,20.7412,20.0615,19.4496,18.8569,43.0246,20.0954
3392,Tan|Red|Magenta|Orange,#A79E82|#E72F1D|#F24574|#F67405,23.6201,20.9448,20.1507,19.2659,18.3083,46.8223,20.1053
3393,Black|Dark Grey|Grey|Magenta,#080A0D|#485259|#8C9099|#F24574,27.6741,20.3588,19.9683,19.8889,19.9255,37.9091,20.1238
3394,Grey|Tan|Pink|Magenta,#8C9099|#A79E82|#F1A1AF|#F24574,23.8075,20.8758,20.1486,19.3749,18.5294,44.0322,20.1253
3395,Azure Blue|Green|Dark Grey|Brown,#0066D9|#06924D|#485259|#55331A,26.7311,20.3877,19.8407,19.8669,20.1686,52.7319,20.1273
3396,Olive Green|Tan|Red|Orange,#948902|#A79E82|#E72F1D|#F67405,23.7074,20.9639,20.1744,19.3044,18.3571,46.9589,20.1342
3397,Blue|Black|Dark Olive Drab|Purple,#003776|#080A0D|#575B54|#6C47B2,21.6874,20.2417,20.1053,20.0284,20.0150,58.1877,20.1350
3398,Purple|Tan|Red|Orange,#6C47B2|#A79E82|#E72F1D|#F67405,28.2148,21.0988,20.0325,19.1743,18.3831,42.7541,20.1365
3399,Black|Dark Grey|Dark Olive Drab|Purple,#080A0D|#485259|#575B54|#6C47B2,21.6198,20.2484,20.1186,20.0464,20.0306,53.6424,20.1474
3400,Azure Blue|Green|Magenta|Yellow,#0066D9|#06924D|#F24574|#FFE800,31.5502,21.1771,19.9872,19.1344,18.3760,41.0969,20.1558
3401,Purple|Tan|Cold White|Orange,#6C47B2|#A79E82|#D9DFE5|#F67405,28.0993,20.9918,20.0317,19.3641,18.8154,42.7584,20.1780
3402,Dark Grey|Polymaker Teal|Grey|Magenta,#485259|#4CC0C7|#8C9099|#F24574,26.1932,20.6246,20.0424,19.7403,19.5600,34.1489,20.1825
3403,Azure Blue|Tan|Pink|Orange,#0066D9|#A79E82|#F1A1AF|#F67405,24.4333,20.9452,20.1835,19.4199,18.6162,43.5106,20.1825
3404,Tan|Lime Green|Magenta|Orange,#A79E82|#D5D701|#F24574|#F67405,23.7167,21.0005,20.2248,19.3927,18.5099,46.8292,20.1966
3405,Polymaker Teal|Olive Green|Lime Green|Red,#4CC0C7|#948902|#D5D701|#E72F1D,30.5731,21.2208,20.1087,19.2024,18.2922,44.6082,20.2116
3406,Purple|Tan|Magenta|Orange,#6C47B2|#A79E82|#F24574|#F67405,28.2741,21.1724,20.1114,19.2538,18.4632,42.7564,20.2131
3407,Blue|Black|Dark Grey|Dark Olive Drab,#003776|#080A0D|#485259|#575B54,21.7173,20.3235,20.1952,20.1242,20.1094,56.7966,20.2239
3408,Green|Brown|Lime Green|Red,#06924D|#55331A|#D5D701|#E72F1D,27.5467,20.5899,19.9491,19.8590,19.9997,47.7609,20.2244
3409,Polymaker Teal|Tan|Red|Magenta,#4CC0C7|#A79E82|#E72F1D|#F24574,25.5686,21.1807,20.2359,19.2804,18.2754,45.6484,20.2305
3410,Tan|Magenta|Orange|Yellow,#A79E82|#F24574|#F67405|#FFE800,23.7016,21.0131,20.2586,19.4557,18.6060,46.8391,20.2344
3411,Azure Blue|Grey|Lime Green|Orange,#0066D9|#8C9099|#D5D701|#F67405,26.4361,21.1658,20.2095,19.3272,18.4358,43.7606,20.2465
3412,Azure Blue|Tan|Lime Green|Magenta,#0066D9|#A79E82|#D5D701|#F24574,26.1890,21.1750,20.2120,19.3303,18.4762,44.8319,20.2526
3413,Tan|Lime Green|Red|Orange,#A79E82|#D5D701|#E72F1D|#F67405,23.6099,21.0447,20.2897,19.4697,18.5911,46.9639,20.2572
3414,Polymaker Teal|Grey|Tan|Magenta,#4CC0C7|#8C9099|#A79E82|#F24574,24.9542,21.1294,20.2997,19.4421,18.5145,44.4781,20.2858
3415,Brown|Red|Magenta|Yellow,#55331A|#E72F1D|#F24574|#FFE800,25.5350,20.5134,20.0969,20.0657,20.2024,44.8579,20.2896
3416,Tan|Red|Orange|Yellow,#A79E82|#E72F1D|#F67405|#FFE800,23.5884,21.0564,20.3241,19.5340,18.6895,46.9764,20.2952
3417,Blue|Dark Grey|Grey|Magenta,#003776|#485259|#8C9099|#F24574,25.7537,20.6423,20.1834,19.9520,19.8228,37.8099,20.2972
3418,Dark Grey|Purple|Grey|Magenta,#485259|#6C47B2|#8C9099|#F24574,25.7537,20.6423,20.1834,19.9520,19.8228,37.8099,20.2972
3419,Tan|Red|White|Magenta,#A79E82|#E72F1D|#EBF7FF|#F24574,24.0818,21.1048,20.3279,19.4989,18.6274,49.8193,20.3018
3420,Black|Purple|Red|Pink,#080A0D|#6C47B2|#E72F1D|#F1A1AF,31.2552,20.4280,20.1435,20.1834,20.3427,34.5425,20.3057
3421,Black|Red|Pink|Magenta,#080A0D|#E72F1D|#F1A1AF|#F24574,31.2552,20.4280,20.1435,20.1834,20.3427,34.5425,20.3057
3422,Blue|Black|Red|Pink,#003776|#080A0D|#E72F1D|#F1A1AF,31.2572,20.4320,20.1476,20.1878,20.3474,34.5425,20.3099
3423,Tan|Lime Green|Magenta|Yellow,#A79E82|#D5D701|#F24574|#FFE800,24.4574,21.0979,20.3164,19.5221,18.6863,46.1601,20.3100
3424,Purple|Grey|Orange|Yellow,#6C47B2|#8C9099|#F67405|#FFE800,28.4896,21.2471,20.2092,19.3823,18.6072,42.5563,20.3147
3425,Azure Blue|Black|Red|Pink,#0066D9|#080A0D|#E72F1D|#F1A1AF,31.2603,20.4369,20.1526,20.1939,20.3547,34.5420,20.3154
3426,Green|Lime Green|Pink|Orange,#06924D|#D5D701|#F1A1AF|#F67405,29.2048,21.2558,20.2315,19.3785,18.5456,44.2005,20.3171
3427,Olive Green|Tan|Cold White|Pink,#948902|#A79E82|#D9DFE5|#F1A1AF,26.9136,21.2302,20.3045,19.4132,18.5196,47.3241,20.3217
3428,Tan|Lime Green|Red|White,#A79E82|#D5D701|#E72F1D|#EBF7FF,24.1968,21.0147,20.3106,19.6458,19.0062,50.0176,20.3303
3429,Green|Dark Olive Drab|Purple|White,#06924D|#575B54|#6C47B2|#EBF7FF,24.1411,20.7580,20.2314,19.9028,19.6820,36.4084,20.3304
3430,Azure Blue|Black|Polymaker Teal|Brown,#0066D9|#080A0D|#4CC0C7|#55331A,27.3753,20.5911,19.9539,20.0962,20.4827,49.0881,20.3437
3431,Blue|Dark Grey|Polymaker Teal|Magenta,#003776|#485259|#4CC0C7|#F24574,27.6279,20.8730,20.1577,19.8188,19.6464,34.7017,20.3459
3432,Dark Grey|Polymaker Teal|Purple|Magenta,#485259|#4CC0C7|#6C47B2|#F24574,27.6279,20.8730,20.1577,19.8188,19.6464,34.7017,20.3459
3433,Tan|Pink|Magenta|Orange,#A79E82|#F1A1AF|#F24574|#F67405,23.7451,21.1746,20.3906,19.5204,18.5809,47.3840,20.3475
3434,Azure Blue|Dark Grey|Polymaker Teal|Magenta,#0066D9|#485259|#4CC0C7|#F24574,27.6288,20.8755,20.1610,19.8225,19.6502,34.7023,20.3490
3435,Azure Blue|Dark Grey|Grey|Magenta,#0066D9|#485259|#8C9099|#F24574,25.7963,20.6911,20.2357,20.0114,19.8943,39.6299,20.3512
3436,Grey|Cold White|Red|Orange,#8C9099|#D9DFE5|#E72F1D|#F67405,24.1746,21.0008,20.3526,19.7206,19.0746,41.2092,20.3607
3437,Green|Black|Dark Olive Drab|Grey,#06924D|#080A0D|#575B54|#8C9099,24.2453,20.5728,20.2628,20.1492,20.1244,37.9735,20.3610
3438,Green|Brown|Orange|Yellow,#06924D|#55331A|#F67405|#FFE800,27.1462,20.7183,20.1049,20.0099,20.1329,47.2720,20.3641
3439,Black|Dark Grey|Purple|Red,#080A0D|#485259|#6C47B2|#E72F1D,27.3201,20.5669,20.1911,20.1626,20.2820,60.4399,20.3647
3440,Black|Dark Grey|Red|Magenta,#080A0D|#485259|#E72F1D|#F24574,27.3201,20.5669,20.1911,20.1626,20.2820,60.4399,20.3647
3441,Blue|Black|Dark Grey|Red,#003776|#080A0D|#485259|#E72F1D,27.3201,20.5669,20.1911,20.1626,20.2820,60.4399,20.3648
3442,Azure Blue|Polymaker Teal|Brown|Purple,#0066D9|#4CC0C7|#55331A|#6C47B2,27.7181,20.7428,19.9907,19.9880,20.2724,49.0878,20.3654
3443,Blue|Azure Blue|Polymaker Teal|Brown,#003776|#0066D9|#4CC0C7|#55331A,27.7348,20.7201,19.9933,20.0116,20.3131,49.0878,20.3659
3444,Grey|Cold White|Magenta|Orange,#8C9099|#D9DFE5|#F24574|#F67405,24.1831,21.0078,20.3592,19.7273,19.0823,41.2013,20.3676
3445,Tan|Lime Green|Red|Pink,#A79E82|#D5D701|#E72F1D|#F1A1AF,24.0460,21.0775,20.3737,19.6698,18.9236,47.4681,20.3737
3446,Blue|Green|Polymaker Teal|Lime Green,#003776|#06924D|#4CC0C7|#D5D701,34.4633,21.2323,20.1408,19.5188,19.0498,32.7818,20.3756
3447,Dark Grey|Brown|Purple|Magenta,#485259|#55331A|#6C47B2|#F24574,25.9740,20.3891,20.1732,20.3725,20.7809,59.6859,20.3808
3448,Tan|Red|Pink|Orange,#A79E82|#E72F1D|#F1A1AF|#F67405,23.6830,21.1987,20.4274,19.5630,18.6240,47.3880,20.3808
3449,Black|Dark Grey|Brown|Magenta,#080A0D|#485259|#55331A|#F24574,25.7466,20.2817,20.1846,20.5057,21.0007,59.6846,20.3937
3450,Black|Polymaker Teal|Olive Green|Yellow,#080A0D|#4CC0C7|#948902|#FFE800,34.8221,20.9133,20.0754,19.8765,19.8779,29.6962,20.3949
3451,Purple|Tan|Pink|Orange,#6C47B2|#A79E82|#F1A1AF|#F67405,28.2956,21.3040,20.2870,19.4878,18.7526,43.4969,20.3959
3452,Green|Black|Olive Green|Orange,#06924D|#080A0D|#948902|#F67405,33.5201,20.8610,20.0700,19.9512,20.0395,41.5901,20.4061
3453,Azure Blue|Purple|Tan|Orange,#0066D9|#6C47B2|#A79E82|#F67405,26.0555,21.2562,20.3768,19.5569,18.7279,43.1076,20.4065
3454,Green|Grey|Tan|Pink,#06924D|#8C9099|#A79E82|#F1A1AF,25.9055,21.2838,20.4159,19.5322,18.5590,42.3930,20.4080
3455,Blue|Green|Purple|Yellow,#003776|#06924D|#6C47B2|#FFE800,34.5554,21.5242,20.2165,19.2956,18.4768,38.7891,20.4099
3456,Blue|Grey|White|Orange,#003776|#8C9099|#EBF7FF|#F67405,26.7224,20.9740,20.3560,19.8969,19.5011,34.4835,20.4354
3457,Grey|Red|Magenta|Orange,#8C9099|#E72F1D|#F24574|#F67405,24.5276,21.2505,20.4789,19.6219,18.6504,41.2637,20.4362
3458,Azure Blue|Olive Green|Tan|Yellow,#0066D9|#948902|#A79E82|#FFE800,30.8129,21.3469,20.3616,19.5267,18.6888,41.3510,20.4368
3459,Blue|Dark Grey|Brown|Magenta,#003776|#485259|#55331A|#F24574,26.0258,20.4261,20.2289,20.4505,20.8739,59.6859,20.4383
3460,Azure Blue|Purple|Tan|Magenta,#0066D9|#6C47B2|#A79E82|#F24574,26.3705,21.3146,20.4053,19.5681,18.7240,42.8285,20.4413
3461,Tan|Cold White|Red|White,#A79E82|#D9DFE5|#E72F1D|#EBF7FF,24.1752,21.2531,20.4804,19.6554,18.7905,49.8182,20.4543
3462,Blue|Purple|Lime Green|Yellow,#003776|#6C47B2|#D5D701|#FFE800,34.6073,21.5981,20.2712,19.3258,18.4755,39.0301,20.4619
3463,Black|Grey|Cold White|White,#080A0D|#8C9099|#D9DFE5|#EBF7FF,31.5514,20.6999,20.3265,20.2318,20.2233,34.4156,20.4659
3464,Blue|Dark Grey|Purple|Red,#003776|#485259|#6C47B2|#E72F1D,27.2129,20.9190,20.3445,20.0325,19.8603,60.3440,20.4757
3465,Blue|Dark Grey|Red|Magenta,#003776|#485259|#E72F1D|#F24574,27.2128,20.9193,20.3450,20.0329,19.8606,60.3440,20.4761
3466,Dark Grey|Purple|Red|Magenta,#485259|#6C47B2|#E72F1D|#F24574,27.2140,20.9198,20.3456,20.0335,19.8613,60.3440,20.4766
3467,Black|Polymaker Teal|Grey|White,#080A0D|#4CC0C7|#8C9099|#EBF7FF,31.5794,20.7257,20.3542,20.2621,20.2577,34.4180,20.4939
3468,Black|Purple|Grey|White,#080A0D|#6C47B2|#8C9099|#EBF7FF,31.5794,20.7257,20.3542,20.2621,20.2577,34.4180,20.4939
3469,Azure Blue|Black|Grey|White,#0066D9|#080A0D|#8C9099|#EBF7FF,31.5794,20.7258,20.3543,20.2621,20.2577,34.4180,20.4940
3470,Blue|Black|Grey|White,#003776|#080A0D|#8C9099|#EBF7FF,31.5780,20.7258,20.3545,20.2625,20.2582,34.4180,20.4942
3471,Olive Green|Tan|Pink|Orange,#948902|#A79E82|#F1A1AF|#F67405,23.9749,21.3263,20.5446,19.6819,18.7476,47.3821,20.5041
3472,Black|Purple|Cold White|White,#080A0D|#6C47B2|#D9DFE5|#EBF7FF,33.0449,20.8174,20.3355,20.1908,20.1507,34.5420,20.5041
3473,Blue|Grey|Lime Green|White,#003776|#8C9099|#D5D701|#EBF7FF,31.9183,21.3143,20.3363,19.6947,19.1751,34.7838,20.5045
3474,Black|Polymaker Teal|Cold White|White,#080A0D|#4CC0C7|#D9DFE5|#EBF7FF,33.0449,20.8177,20.3360,20.1915,20.1515,34.5420,20.5046
3475,Green|Olive Green|White|Pink,#06924D|#948902|#EBF7FF|#F1A1AF,31.6025,21.5503,20.4176,19.4930,18.6153,46.3178,20.5216
3476,Azure Blue|Black|Cold White|White,#0066D9|#080A0D|#D9DFE5|#EBF7FF,33.0531,20.8350,20.3545,20.2103,20.1695,34.5420,20.5227
3477,Blue|Azure Blue|Green|Brown,#003776|#0066D9|#06924D|#55331A,29.0838,21.3725,20.0592,19.6902,19.8177,52.7069,20.5314
3478,Green|Purple|Cold White|Pink,#06924D|#6C47B2|#D9DFE5|#F1A1AF,34.6739,21.6060,20.2986,19.4697,18.8237,39.0876,20.5379
3479,Black|Polymaker Teal|Purple|White,#080A0D|#4CC0C7|#6C47B2|#EBF7FF,33.0735,20.8506,20.3740,20.2324,20.1954,34.5747,20.5415
3480,Azure Blue|Green|Brown|Purple,#0066D9|#06924D|#55331A|#6C47B2,29.1220,21.4421,20.0762,19.6448,19.7417,52.7092,20.5435
3481,Green|Red|Pink|Yellow,#06924D|#E72F1D|#F1A1AF|#FFE800,29.5651,21.4404,20.4453,19.6635,18.9168,45.1270,20.5519
3482,Azure Blue|Black|Purple|White,#0066D9|#080A0D|#6C47B2|#EBF7FF,33.0818,20.8674,20.3915,20.2500,20.2122,34.5747,20.5587
3483,Azure Blue|Black|Polymaker Teal|White,#0066D9|#080A0D|#4CC0C7|#EBF7FF,33.0816,20.8683,20.3927,20.2514,20.2136,34.5747,20.5598
3484,Blue|Black|Polymaker Teal|Dark Olive Drab,#003776|#080A0D|#4CC0C7|#575B54,21.8142,20.4876,20.5063,20.6349,20.8469,43.6387,20.5613
3485,Olive Green|Tan|Lime Green|Orange,#948902|#A79E82|#D5D701|#F67405,23.8714,21.3453,20.5990,19.7847,18.9048,47.0042,20.5650
3486,Tan|Red|White|Pink,#A79E82|#E72F1D|#EBF7FF|#F1A1AF,24.0994,21.3575,20.6003,19.7733,18.8968,49.7463,20.5654
3487,Azure Blue|Dark Grey|Polymaker Teal|Brown,#0066D9|#485259|#4CC0C7|#55331A,26.0648,20.6453,20.3145,20.4856,20.9000,49.1839,20.5655
3488,Black|Polymaker Teal|Dark Olive Drab|Purple,#080A0D|#4CC0C7|#575B54|#6C47B2,21.8255,20.4993,20.5125,20.6374,20.8493,43.6387,20.5683
3489,Black|Dark Grey|Polymaker Teal|Dark Olive Drab,#080A0D|#485259|#4CC0C7|#575B54,21.8095,20.5105,20.5283,20.6561,20.8665,43.6387,20.5833
3490,Azure Blue|Grey|Cold White|Orange,#0066D9|#8C9099|#D9DFE5|#F67405,24.4343,21.1947,20.5695,19.9821,19.3893,41.6839,20.5884
3491,Tan|Cold White|Magenta|Yellow,#A79E82|#D9DFE5|#F24574|#FFE800,24.6415,21.3153,20.5658,19.8621,19.1851,46.5285,20.5887
3492,Green|Black|Polymaker Teal|Yellow,#06924D|#080A0D|#4CC0C7|#FFE800,34.6011,21.0803,20.2938,20.1015,20.0955,30.1072,20.5909
3493,Purple|Tan|Red|White,#6C47B2|#A79E82|#E72F1D|#EBF7FF,28.0504,21.3998,20.4754,19.7863,19.1886,45.6510,20.5930
3494,Blue|Black|Grey|Cold White,#003776|#080A0D|#8C9099|#D9DFE5,29.6681,20.7817,20.4879,20.4154,20.4035,34.6095,20.5986
3495,Black|Purple|Grey|Cold White,#080A0D|#6C47B2|#8C9099|#D9DFE5,29.6681,20.7817,20.4879,20.4154,20.4035,34.6095,20.5986
3496,Black|Polymaker Teal|Grey|Cold White,#080A0D|#4CC0C7|#8C9099|#D9DFE5,29.6703,20.7839,20.4901,20.4178,20.4062,34.6159,20.6008
3497,Blue|Black|Cold White|White,#003776|#080A0D|#D9DFE5|#EBF7FF,33.0720,20.9162,20.4379,20.2966,20.2569,34.5420,20.6064
3498,Black|Polymaker Teal|Lime Green|Yellow,#080A0D|#4CC0C7|#D5D701|#FFE800,34.6108,21.0950,20.3106,20.1193,20.1131,30.1209,20.6071
3499,Green|Black|Polymaker Teal|Olive Green,#06924D|#080A0D|#4CC0C7|#948902,40.6124,21.5342,20.0569,19.6855,19.6162,34.3334,20.6099
3500,Tan|Red|White|Yellow,#A79E82|#E72F1D|#EBF7FF|#FFE800,24.3129,21.2730,20.5910,19.9548,19.3443,50.8928,20.6139
3501,Grey|Olive Green|Tan|White,#8C9099|#948902|#A79E82|#EBF7FF,27.1069,21.4287,20.6206,19.8033,18.9421,44.6252,20.6160
3502,Green|Polymaker Teal|Dark Olive Drab|Grey,#06924D|#4CC0C7|#575B54|#8C9099,23.9731,21.0123,20.5406,20.2255,20.0201,37.9008,20.6189
3503,Olive Green|Tan|Orange|Yellow,#948902|#A79E82|#F67405|#FFE800,23.8447,21.3680,20.6513,19.8711,19.0264,47.0239,20.6196
3504,Green|Purple|Lime Green|Pink,#06924D|#6C47B2|#D5D701|#F1A1AF,36.3623,21.8917,20.3702,19.3633,18.5406,40.0744,20.6275
3505,Grey|Olive Green|Tan|Lime Green,#8C9099|#948902|#A79E82|#D5D701,25.3973,21.4351,20.6618,19.8247,18.8812,42.6508,20.6299
3506,Green|Polymaker Teal|Purple|Pink,#06924D|#4CC0C7|#6C47B2|#F1A1AF,34.8288,21.7553,20.4172,19.5263,18.7923,39.0843,20.6408
3507,Tan|Lime Green|Pink|Orange,#A79E82|#D5D701|#F1A1AF|#F67405,23.8450,21.3992,20.6688,19.8847,19.0497,47.4789,20.6419
3508,Green|Purple|Tan|Pink,#06924D|#6C47B2|#A79E82|#F1A1AF,31.9462,21.6402,20.4755,19.6484,18.9050,39.2938,20.6443
3509,Blue|Black|Purple|White,#003776|#080A0D|#6C47B2|#EBF7FF,33.1010,20.9506,20.4786,20.3406,20.3039,34.5751,20.6456
3510,Blue|Azure Blue|Black|White,#003776|#0066D9|#080A0D|#EBF7FF,33.1005,20.9510,20.4791,20.3410,20.3040,34.5751,20.6460
3511,Blue|Black|Polymaker Teal|White,#003776|#080A0D|#4CC0C7|#EBF7FF,33.1015,20.9518,20.4800,20.3422,20.3056,34.5751,20.6470
3512,Green|Dark Grey|Dark Olive Drab|Grey,#06924D|#485259|#575B54|#8C9099,23.9769,21.0394,20.5911,20.2931,20.0794,37.8590,20.6663
3513,Azure Blue|Green|Black|Brown,#0066D9|#06924D|#080A0D|#55331A,28.4998,21.3535,20.2250,19.9844,20.1630,52.7051,20.6689
3514,Azure Blue|Polymaker Teal|Tan|Red,#0066D9|#4CC0C7|#A79E82|#E72F1D,25.5770,21.5053,20.6684,19.8368,18.9695,43.7984,20.6710
3515,Tan|Lime Green|Orange|Yellow,#A79E82|#D5D701|#F67405|#FFE800,23.7747,21.4195,20.7060,19.9231,19.0799,47.0252,20.6713
3516,Polymaker Teal|Purple|Tan|Red,#4CC0C7|#6C47B2|#A79E82|#E72F1D,28.4213,21.5994,20.5854,19.7437,18.9644,43.4193,20.6716
3517,Azure Blue|Black|Grey|Cold White,#0066D9|#080A0D|#8C9099|#D9DFE5,29.7493,20.8530,20.5606,20.4906,20.4821,35.0994,20.6718
3518,Azure Blue|Dark Grey|Brown|Magenta,#0066D9|#485259|#55331A|#F24574,26.1725,20.6537,20.4692,20.7164,21.1775,61.8455,20.6851
3519,Azure Blue|Grey|Red|Orange,#0066D9|#8C9099|#E72F1D|#F67405,24.7864,21.4566,20.7174,19.9202,19.0303,41.8205,20.6884
3520,Azure Blue|Grey|Magenta|Orange,#0066D9|#8C9099|#F24574|#F67405,24.7865,21.4580,20.7186,19.9210,19.0307,41.8209,20.6895
3521,Polymaker Teal|Grey|Olive Green|White,#4CC0C7|#8C9099|#948902|#EBF7FF,33.8440,21.6507,20.6126,19.7370,18.8652,43.8842,20.6939
3522,Grey|Olive Green|Cold White|White,#8C9099|#948902|#D9DFE5|#EBF7FF,33.8430,21.6511,20.6134,19.7374,18.8641,43.8842,20.6943
3523,Blue|Green|Lime Green|White,#003776|#06924D|#D5D701|#EBF7FF,32.5078,21.5021,20.5217,19.8897,19.3878,34.6191,20.6959
3524,Black|Polymaker Teal|Purple|Lime Green,#080A0D|#4CC0C7|#6C47B2|#D5D701,36.8941,21.6254,20.2525,19.7749,19.6202,37.1004,20.7001
3525,Green|Grey|Olive Green|White,#06924D|#8C9099|#948902|#EBF7FF,33.8554,21.6615,20.6265,19.7542,18.8857,43.9260,20.7079
3526,Green|Red|White|Orange,#06924D|#E72F1D|#EBF7FF|#F67405,29.5398,21.6832,20.6243,19.7497,18.9096,45.3040,20.7164
3527,Olive Green|Tan|White|Pink,#948902|#A79E82|#EBF7FF|#F1A1AF,28.0242,21.6412,20.6990,19.7917,18.8881,48.9447,20.7165
3528,Black|Dark Grey|Brown|Purple,#080A0D|#485259|#55331A|#6C47B2,24.4143,20.5703,20.5522,20.8733,21.3370,55.6124,20.7218
3529,Tan|Pink|Orange|Yellow,#A79E82|#F1A1AF|#F67405|#FFE800,23.8607,21.4492,20.7482,20.0039,19.2156,48.0586,20.7266
3530,Blue|Green|Dark Olive Drab|Grey,#003776|#06924D|#575B54|#8C9099,24.2779,21.1223,20.6555,20.3504,20.1359,37.8682,20.7363
3531,Azure Blue|Black|Dark Grey|Red,#0066D9|#080A0D|#485259|#E72F1D,27.4670,20.8724,20.5528,20.6059,20.8210,60.1763,20.7391
3532,Blue|Lime Green|Cold White|White,#003776|#D5D701|#D9DFE5|#EBF7FF,32.5725,21.5734,20.5830,19.9269,19.4026,34.9498,20.7501
3533,Green|Grey|Cold White|Pink,#06924D|#8C9099|#D9DFE5|#F1A1AF,29.1126,21.6907,20.6971,19.8129,18.9325,42.4463,20.7518
3534,Blue|Dark Grey|Dark Olive Drab|Purple,#003776|#485259|#575B54|#6C47B2,22.0014,21.0818,20.7476,20.4245,20.1500,56.7864,20.7532
3535,Blue|Polymaker Teal|Lime Green|White,#003776|#4CC0C7|#D5D701|#EBF7FF,32.5862,21.5823,20.5887,19.9269,19.3986,34.9522,20.7546
3536,Purple|Tan|Pink|Magenta,#6C47B2|#A79E82|#F1A1AF|#F24574,27.8556,21.6155,20.6847,19.9244,19.2082,43.5690,20.7699
3537,Azure Blue|Grey|Lime Green|Magenta,#0066D9|#8C9099|#D5D701|#F24574,28.1313,21.6897,20.7039,19.8618,19.0367,44.2079,20.7757
3538,Brown|Purple|Orange|Yellow,#55331A|#6C47B2|#F67405|#FFE800,26.7465,21.7295,20.5132,19.8266,19.5754,41.6023,20.7781
3539,Blue|Azure Blue|Grey|Lime Green,#003776|#0066D9|#8C9099|#D5D701,32.2612,21.6438,20.6157,19.9165,19.3281,34.8990,20.7802
3540,Green|Olive Green|Tan|Orange,#06924D|#948902|#A79E82|#F67405,25.8616,21.6386,20.7891,19.9292,19.0284,45.8014,20.7839
3541,Green|Polymaker Teal|Grey|Pink,#06924D|#4CC0C7|#8C9099|#F1A1AF,29.2600,21.7906,20.7549,19.7946,18.7958,42.4483,20.7926
3542,Azure Blue|Tan|Lime Green|Orange,#0066D9|#A79E82|#D5D701|#F67405,26.1343,21.6776,20.7798,19.9209,19.0675,44.6592,20.7992
3543,Green|Cold White|Magenta|Yellow,#06924D|#D9DFE5|#F24574|#FFE800,31.8414,21.7762,20.6469,19.8355,19.1276,43.5293,20.8059
3544,Green|Pink|Orange|Yellow,#06924D|#F1A1AF|#F67405|#FFE800,29.5345,21.7367,20.7230,19.8760,19.0597,44.6562,20.8064
3545,Green|Tan|Cold White|Orange,#06924D|#A79E82|#D9DFE5|#F67405,26.0436,21.6873,20.7905,19.9492,19.1201,46.1304,20.8183
3546,Blue|Black|Dark Grey|Brown,#003776|#080A0D|#485259|#55331A,24.5275,20.6676,20.6511,20.9767,21.4488,59.4491,20.8222
3547,Grey|Red|Pink|Yellow,#8C9099|#E72F1D|#F1A1AF|#FFE800,25.6507,21.5755,20.8108,20.0729,19.2926,44.6059,20.8242
3548,Green|Brown|Red|Yellow,#06924D|#55331A|#E72F1D|#FFE800,26.5219,21.1266,20.6240,20.5416,20.6524,46.8000,20.8341
3549,Purple|Tan|Magenta|Yellow,#6C47B2|#A79E82|#F24574|#FFE800,30.5287,21.9028,20.7108,19.7850,18.9359,43.7246,20.8439
3550,Blue|Dark Grey|Brown|Purple,#003776|#485259|#55331A|#6C47B2,24.8051,20.8069,20.6842,20.8950,21.2841,59.4481,20.8510
3551,Blue|Polymaker Teal|Purple|Yellow,#003776|#4CC0C7|#6C47B2|#FFE800,34.2026,21.8968,20.6507,19.8220,19.1344,38.9590,20.8594
3552,Blue|Azure Blue|Dark Grey|Red,#003776|#0066D9|#485259|#E72F1D,27.3656,21.2309,20.7148,20.4888,20.4196,60.1653,20.8598
3553,Azure Blue|Dark Grey|Purple|Red,#0066D9|#485259|#6C47B2|#E72F1D,27.3656,21.2309,20.7148,20.4888,20.4196,60.1653,20.8598
3554,Azure Blue|Dark Grey|Red|Magenta,#0066D9|#485259|#E72F1D|#F24574,27.3654,21.2312,20.7152,20.4892,20.4199,60.1653,20.8602
3555,Azure Blue|Green|Purple|Pink,#0066D9|#06924D|#6C47B2|#F1A1AF,34.6286,21.9937,20.6729,19.7454,18.9305,39.9935,20.8695
3556,Purple|Grey|Cold White|Orange,#6C47B2|#8C9099|#D9DFE5|#F67405,25.3236,21.4615,20.8248,20.2779,19.7589,41.8690,20.8697
3557,Green|Tan|Lime Green|Orange,#06924D|#A79E82|#D5D701|#F67405,25.8501,21.6871,20.8805,20.0980,19.2961,45.7873,20.8926
3558,Blue|Green|Brown|Olive Green,#003776|#06924D|#55331A|#948902,28.6852,21.5538,20.5451,20.2551,20.3370,53.8557,20.9044
3559,Green|Tan|Cold White|Pink,#06924D|#A79E82|#D9DFE5|#F1A1AF,26.8000,21.8032,20.9147,20.0397,19.1207,44.4076,20.9215
3560,Polymaker Teal|Grey|Lime Green|Orange,#4CC0C7|#8C9099|#D5D701|#F67405,25.8882,21.7183,20.9195,20.1282,19.2792,44.4572,20.9232
3561,Green|Tan|Orange|Yellow,#06924D|#A79E82|#F67405|#FFE800,25.8212,21.6944,20.9151,20.1678,19.4035,45.8036,20.9311
3562,Black|Dark Grey|Grey|Cold White,#080A0D|#485259|#8C9099|#D9DFE5,28.1123,21.0937,20.8557,20.7694,20.7305,34.8311,20.9315
3563,Azure Blue|Purple|Grey|Orange,#0066D9|#6C47B2|#8C9099|#F67405,25.2626,21.6925,20.9526,20.1832,19.3428,41.8898,20.9378
3564,Purple|Grey|Red|Orange,#6C47B2|#8C9099|#E72F1D|#F67405,25.6179,21.6876,20.9412,20.1983,19.4115,41.8442,20.9429
3565,Azure Blue|Green|Dark Olive Drab|Grey,#0066D9|#06924D|#575B54|#8C9099,24.3863,21.3529,20.8776,20.5628,20.3446,41.8153,20.9578
3566,Green|Purple|Grey|Pink,#06924D|#6C47B2|#8C9099|#F1A1AF,34.0299,22.0336,20.7846,19.8914,19.0861,39.1865,20.9625
3567,Tan|Cold White|White|Magenta,#A79E82|#D9DFE5|#EBF7FF|#F24574,24.7612,21.7690,20.9930,20.1587,19.2741,50.0675,20.9638
3568,Purple|Grey|Magenta|Orange,#6C47B2|#8C9099|#F24574|#F67405,25.6536,21.7105,20.9642,20.2211,19.4345,41.8470,20.9658
3569,Blue|Green|Black|Dark Olive Drab,#003776|#06924D|#080A0D|#575B54,23.5111,21.1464,20.9071,20.7992,20.7819,54.9126,20.9728
3570,Azure Blue|Tan|White|Magenta,#0066D9|#A79E82|#EBF7FF|#F24574,25.2476,21.6967,20.9585,20.2511,19.5487,47.1389,20.9739
3571,Blue|Dark Grey|Polymaker Teal|Dark Olive Drab,#003776|#485259|#4CC0C7|#575B54,21.8816,21.0998,20.9477,20.8584,20.8495,43.6383,20.9791
3572,Polymaker Teal|Olive Green|Cold White|Pink,#4CC0C7|#948902|#D9DFE5|#F1A1AF,35.0726,22.0995,20.8453,19.8614,18.9641,47.3277,20.9805
3573,Green|Black|Dark Grey|Dark Olive Drab,#06924D|#080A0D|#485259|#575B54,23.5193,21.1780,20.9355,20.8242,20.8025,54.8764,21.0011
3574,Tan|Cold White|Magenta|Orange,#A79E82|#D9DFE5|#F24574|#F67405,24.3982,21.7833,21.0178,20.2250,19.4132,47.3751,21.0042
3575,Tan|Cold White|Pink|Magenta,#A79E82|#D9DFE5|#F1A1AF|#F24574,24.3436,21.7932,21.0413,20.2168,19.3297,47.4690,21.0050
3576,Azure Blue|Grey|Olive Green|Lime Green,#0066D9|#8C9099|#948902|#D5D701,33.7968,21.9383,20.9063,20.0727,19.2351,40.5584,21.0055
3577,Green|Black|Lime Green|Orange,#06924D|#080A0D|#D5D701|#F67405,34.0281,21.3994,20.6658,20.6200,20.7992,47.1614,21.0097
3578,Green|Black|Dark Olive Drab|Purple,#06924D|#080A0D|#575B54|#6C47B2,23.5784,21.2076,20.9447,20.8172,20.7855,54.9110,21.0124
3579,Azure Blue|Tan|Pink|Magenta,#0066D9|#A79E82|#F1A1AF|#F24574,24.9844,21.7598,21.0170,20.2678,19.4756,44.6047,21.0138
3580,Polymaker Teal|Grey|Orange|Yellow,#4CC0C7|#8C9099|#F67405|#FFE800,25.7499,21.8095,21.0296,20.2479,19.4211,44.4848,21.0287
3581,Green|Grey|Lime Green|Pink,#06924D|#8C9099|#D5D701|#F1A1AF,27.9767,21.8778,20.9871,20.1832,19.3504,43.1025,21.0305
3582,Green|Polymaker Teal|Tan|Pink,#06924D|#4CC0C7|#A79E82|#F1A1AF,26.9512,21.9643,21.0412,20.1054,19.0902,44.5749,21.0349
3583,Azure Blue|Tan|Orange|Yellow,#0066D9|#A79E82|#F67405|#FFE800,25.9006,21.8627,21.0200,20.2157,19.4328,45.4912,21.0392
3584,Azure Blue|Tan|White|Orange,#0066D9|#A79E82|#EBF7FF|#F67405,25.0265,21.6888,21.0130,20.3995,19.7987,47.4825,21.0442
3585,Green|Brown|Purple|Olive Green,#06924D|#55331A|#6C47B2|#948902,28.8140,22.0251,20.6902,20.0722,19.9028,53.9856,21.0487
3586,Blue|Azure Blue|Lime Green|Cold White,#003776|#0066D9|#D5D701|#D9DFE5,33.0019,21.9107,20.8648,20.1904,19.6764,34.8415,21.0505
3587,Blue|Purple|Cold White|Yellow,#003776|#6C47B2|#D9DFE5|#FFE800,34.1629,21.9400,20.8274,20.1660,19.6534,40.9248,21.0530
3588,Green|Lime Green|Cold White|Red,#06924D|#D5D701|#D9DFE5|#E72F1D,31.1166,22.0059,20.8822,20.1031,19.4059,43.4882,21.0545
3589,Polymaker Teal|Grey|Magenta|Yellow,#4CC0C7|#8C9099|#F24574|#FFE800,26.8578,21.8813,21.0366,20.2286,19.3804,44.5385,21.0549
3590,Azure Blue|Purple|Lime Green|Red,#0066D9|#6C47B2|#D5D701|#E72F1D,32.7256,22.3125,20.8750,19.8046,18.8733,44.4439,21.0586
3591,Grey|Lime Green|Pink|Magenta,#8C9099|#D5D701|#F1A1AF|#F24574,26.5287,21.8564,21.0310,20.2785,19.4984,44.7065,21.0674
3592,Purple|Olive Green|Lime Green|Cold White,#6C47B2|#948902|#D5D701|#D9DFE5,46.4856,22.1214,20.7525,20.0359,19.4565,40.8727,21.0787
3593,Blue|Polymaker Teal|White|Orange,#003776|#4CC0C7|#EBF7FF|#F67405,28.6290,21.7375,20.9711,20.4434,20.0109,35.0936,21.0904
3594,Green|Black|Polymaker Teal|Dark Olive Drab,#06924D|#080A0D|#4CC0C7|#575B54,23.2650,21.1489,21.0284,21.0745,21.2362,43.9631,21.1117
3595,Blue|Black|Dark Grey|Cold White,#003776|#080A0D|#485259|#D9DFE5,29.2282,21.5245,20.9290,20.7009,20.6037,34.5771,21.1127
3596,Azure Blue|Green|Tan|Pink,#0066D9|#06924D|#A79E82|#F1A1AF,28.8375,22.0204,21.0497,20.2079,19.3474,41.3498,21.1141
3597,Black|Dark Grey|Purple|Cold White,#080A0D|#485259|#6C47B2|#D9DFE5,29.4521,21.5465,20.9236,20.6866,20.5874,34.8578,21.1165
3598,Polymaker Teal|Grey|Tan|Cold White,#4CC0C7|#8C9099|#A79E82|#D9DFE5,23.7813,21.8244,21.1629,20.4134,19.5904,43.1163,21.1189
3599,Blue|Azure Blue|Lime Green|White,#003776|#0066D9|#D5D701|#EBF7FF,32.6692,21.9449,20.9485,20.2970,19.7732,35.6754,21.1210
3600,Dark Grey|Polymaker Teal|Dark Olive Drab|Purple,#485259|#4CC0C7|#575B54|#6C47B2,22.0795,21.2793,21.0927,20.9820,20.9521,43.6383,21.1307
3601,Blue|Polymaker Teal|Pink|Orange,#003776|#4CC0C7|#F1A1AF|#F67405,28.6933,21.8378,21.0351,20.4279,19.8710,35.4304,21.1328
3602,Green|Black|Lime Green|Red,#06924D|#080A0D|#D5D701|#E72F1D,36.0117,21.6384,20.7321,20.6380,20.8248,47.5626,21.1382
3603,Azure Blue|Polymaker Teal|Tan|Magenta,#0066D9|#4CC0C7|#A79E82|#F24574,25.8403,21.9538,21.1445,20.3253,19.4576,44.1774,21.1396
3604,Tan|Lime Green|White|Magenta,#A79E82|#D5D701|#EBF7FF|#F24574,25.4058,21.8616,21.1049,20.4215,19.7722,51.1149,21.1415
3605,Azure Blue|Brown|Red|Orange,#0066D9|#55331A|#E72F1D|#F67405,26.4132,21.4530,20.8552,20.8643,21.1542,47.7539,21.1587
3606,Green|Grey|Tan|Cold White,#06924D|#8C9099|#A79E82|#D9DFE5,23.8609,21.8699,21.2019,20.4474,19.6213,43.1072,21.1587
3607,Azure Blue|Brown|Purple|Orange,#0066D9|#55331A|#6C47B2|#F67405,26.4129,21.4532,20.8553,20.8642,21.1540,47.7539,21.1587
3608,Azure Blue|Brown|Magenta|Orange,#0066D9|#55331A|#F24574|#F67405,26.4135,21.4534,20.8557,20.8649,21.1549,47.7539,21.1591
3609,Blue|Azure Blue|Brown|Orange,#003776|#0066D9|#55331A|#F67405,26.4923,21.4028,20.8621,20.9162,21.2336,47.7515,21.1595
3610,Tan|Cold White|Red|Orange,#A79E82|#D9DFE5|#E72F1D|#F67405,24.4529,21.9344,21.1739,20.3866,19.5835,47.6292,21.1605
3611,Green|Polymaker Teal|Cold White|Pink,#06924D|#4CC0C7|#D9DFE5|#F1A1AF,30.0366,22.1625,21.1113,20.1648,19.2071,44.3450,21.1636
3612,Blue|Polymaker Teal|Dark Olive Drab|Purple,#003776|#4CC0C7|#575B54|#6C47B2,22.2964,21.3389,21.1399,21.0192,20.9808,43.6382,21.1791
3613,Blue|Black|Purple|Grey,#003776|#080A0D|#6C47B2|#8C9099,29.9802,21.3654,21.0668,20.9940,20.9973,35.5446,21.1797
3614,Blue|Black|Polymaker Teal|Grey,#003776|#080A0D|#4CC0C7|#8C9099,30.0640,21.3467,21.0710,21.0191,21.0420,35.7980,21.1829
3615,Black|Polymaker Teal|Purple|Grey,#080A0D|#4CC0C7|#6C47B2|#8C9099,30.0640,21.3467,21.0710,21.0191,21.0420,35.7980,21.1829
3616,Green|Dark Olive Drab|Purple|Grey,#06924D|#575B54|#6C47B2|#8C9099,25.1008,21.6855,21.0895,20.6911,20.3885,37.9681,21.1883
3617,Grey|Olive Green|Lime Green|Cold White,#8C9099|#948902|#D5D701|#D9DFE5,29.5040,21.9739,21.1522,20.4169,19.6826,43.0679,21.1954
3618,Olive Green|Cold White|White|Magenta,#948902|#D9DFE5|#EBF7FF|#F24574,36.1516,22.3892,21.0278,20.0143,19.1163,48.5961,21.2018
3619,Green|Polymaker Teal|Grey|Tan,#06924D|#4CC0C7|#8C9099|#A79E82,23.9645,21.9885,21.2736,20.4232,19.4403,43.0981,21.2058
3620,Purple|Grey|Lime Green|Magenta,#6C47B2|#8C9099|#D5D701|#F24574,32.1497,22.2282,21.0585,20.2031,19.4059,42.9832,21.2156
3621,Black|Dark Grey|Grey|White,#080A0D|#485259|#8C9099|#EBF7FF,28.5588,21.4075,21.1459,21.0524,21.0160,34.5598,21.2299
3622,Purple|Olive Green|Cold White|Yellow,#6C47B2|#948902|#D9DFE5|#FFE800,45.7364,22.2412,20.9148,20.2217,19.6728,41.0701,21.2315
3623,Azure Blue|Black|Polymaker Teal|Dark Olive Drab,#0066D9|#080A0D|#4CC0C7|#575B54,22.5365,21.1802,21.1697,21.2831,21.4851,48.0784,21.2316
3624,Grey|Cold White|Pink|Orange,#8C9099|#D9DFE5|#F1A1AF|#F67405,24.8681,21.8619,21.2311,20.6078,19.9671,41.9253,21.2348
3625,Green|Purple|Tan|Yellow,#06924D|#6C47B2|#A79E82|#FFE800,33.5935,22.3639,21.0481,20.1095,19.2542,41.0269,21.2367
3626,Green|Purple|Tan|Cold White,#06924D|#6C47B2|#A79E82|#D9DFE5,31.1612,22.1321,21.0870,20.3446,19.6927,40.1426,21.2384
3627,Blue|Azure Blue|Polymaker Teal|Lime Green,#003776|#0066D9|#4CC0C7|#D5D701,33.2731,22.1412,21.0755,20.3570,19.7717,34.8874,21.2491
3628,Polymaker Teal|Olive Green|Tan|Pink,#4CC0C7|#948902|#A79E82|#F1A1AF,29.6621,22.2304,21.2218,20.2687,19.2925,47.6041,21.2496
3629,Green|Purple|Pink|Yellow,#06924D|#6C47B2|#F1A1AF|#FFE800,37.2008,22.4892,20.9953,20.0169,19.2237,40.6358,21.2530
3630,Grey|Red|Pink|Orange,#8C9099|#E72F1D|#F1A1AF|#F67405,25.1205,22.0380,21.3090,20.5034,19.5980,41.8826,21.2707
3631,Grey|Pink|Magenta|Orange,#8C9099|#F1A1AF|#F24574|#F67405,25.1206,22.0385,21.3094,20.5036,19.5980,41.8827,21.2711
3632,Green|Polymaker Teal|Purple|Tan,#06924D|#4CC0C7|#6C47B2|#A79E82,31.2526,22.2415,21.1458,20.3063,19.5069,40.1046,21.2739
3633,Blue|Azure Blue|Green|Lime Green,#003776|#0066D9|#06924D|#D5D701,33.2931,22.1794,21.1024,20.3774,19.7852,35.0669,21.2784
3634,Grey|Olive Green|Tan|Yellow,#8C9099|#948902|#A79E82|#FFE800,25.7262,22.0737,21.3142,20.4834,19.5482,43.7517,21.2786
3635,Polymaker Teal|Purple|Tan|Magenta,#4CC0C7|#6C47B2|#A79E82|#F24574,28.3958,22.1771,21.2154,20.3916,19.5934,43.6984,21.2844
3636,Black|Dark Grey|Cold White|White,#080A0D|#485259|#D9DFE5|#EBF7FF,28.8316,21.4754,21.1963,21.0958,21.0524,34.5402,21.2856
3637,Green|Purple|Tan|Lime Green,#06924D|#6C47B2|#A79E82|#D5D701,33.1188,22.3778,21.1282,20.2030,19.3422,41.0157,21.2904
3638,Green|Polymaker Teal|Magenta|Yellow,#06924D|#4CC0C7|#F24574|#FFE800,31.1886,22.2586,21.1895,20.3238,19.4838,43.8404,21.2912
3639,Green|Purple|Grey|Tan,#06924D|#6C47B2|#8C9099|#A79E82,31.1957,22.2626,21.1665,20.3278,19.5302,40.1641,21.2952
3640,Azure Blue|Grey|Orange|Yellow,#0066D9|#8C9099|#F67405|#FFE800,26.9184,22.1288,21.2656,20.4899,19.7152,44.9333,21.3094
3641,Grey|Tan|Cold White|Pink,#8C9099|#A79E82|#D9DFE5|#F1A1AF,24.1400,21.9693,21.3395,20.6677,19.9592,43.9449,21.3185
3642,Tan|Cold White|Pink|Orange,#A79E82|#D9DFE5|#F1A1AF|#F67405,24.4355,22.0690,21.3403,20.5686,19.7715,47.9017,21.3188
3643,Green|Olive Green|Lime Green|Pink,#06924D|#948902|#D5D701|#F1A1AF,29.8861,22.1975,21.2452,20.4472,19.6541,44.8118,21.3224
3644,Blue|Green|Dark Grey|Dark Olive Drab,#003776|#06924D|#485259|#575B54,23.5100,21.7048,21.2922,20.9402,20.6622,54.8362,21.3225
3645,Green|Tan|White|Pink,#06924D|#A79E82|#EBF7FF|#F1A1AF,27.0469,22.1894,21.3264,20.4732,19.5812,46.3528,21.3313
3646,Blue|Purple|Lime Green|Cold White,#003776|#6C47B2|#D5D701|#D9DFE5,35.8548,22.3298,21.0679,20.3342,19.8101,39.5798,21.3320
3647,Blue|Black|Dark Grey|White,#003776|#080A0D|#485259|#EBF7FF,28.8658,21.5241,21.2524,21.1574,21.1199,34.5779,21.3408
3648,Black|Dark Grey|Purple|White,#080A0D|#485259|#6C47B2|#EBF7FF,28.8658,21.5241,21.2524,21.1574,21.1199,34.5779,21.3408
3649,Azure Blue|Black|Dark Grey|White,#0066D9|#080A0D|#485259|#EBF7FF,28.8658,21.5243,21.2527,21.1578,21.1202,34.5779,21.3410
3650,Black|Dark Grey|Polymaker Teal|White,#080A0D|#485259|#4CC0C7|#EBF7FF,28.8663,21.5252,21.2537,21.1589,21.1214,34.5779,21.3420
3651,Azure Blue|Black|Brown|Orange,#0066D9|#080A0D|#55331A|#F67405,26.2791,21.5327,21.0716,21.1627,21.4991,47.8627,21.3477
3652,Green|Grey|Olive Green|Lime Green,#06924D|#8C9099|#948902|#D5D701,29.7501,22.2299,21.3415,20.4737,19.5180,43.0914,21.3518
3653,Polymaker Teal|Grey|Olive Green|Lime Green,#4CC0C7|#8C9099|#948902|#D5D701,29.7495,22.2314,21.3465,20.4874,19.5509,43.0912,21.3594
3654,Olive Green|Tan|Cold White|Orange,#948902|#A79E82|#D9DFE5|#F67405,24.7815,22.1390,21.3701,20.5835,19.7864,47.6574,21.3612
3655,Azure Blue|Olive Green|Lime Green|White,#0066D9|#948902|#D5D701|#EBF7FF,37.6375,22.3853,21.1970,20.3432,19.6001,41.6207,21.3642
3656,Grey|Tan|Lime Green|Cold White,#8C9099|#A79E82|#D5D701|#D9DFE5,24.2598,22.0096,21.3886,20.7306,20.0480,42.9777,21.3701
3657,Polymaker Teal|Tan|Red|White,#4CC0C7|#A79E82|#E72F1D|#EBF7FF,26.0973,22.1741,21.3543,20.5661,19.7723,49.9151,21.3701
3658,Blue|Black|Dark Grey|Grey,#003776|#080A0D|#485259|#8C9099,29.0943,21.5587,21.2890,21.1892,21.1517,35.6259,21.3739
3659,Black|Dark Grey|Purple|Grey,#080A0D|#485259|#6C47B2|#8C9099,29.0943,21.5587,21.2890,21.1892,21.1517,35.6259,21.3739
3660,Blue|Purple|Grey|Yellow,#003776|#6C47B2|#8C9099|#FFE800,31.9788,22.2859,21.2337,20.4730,19.7812,38.4479,21.3795
3661,Blue|Green|Brown|Purple,#003776|#06924D|#55331A|#6C47B2,28.3094,22.1086,21.0503,20.6524,20.6611,54.9652,21.3805
3662,Green|Lime Green|Red|Magenta,#06924D|#D5D701|#E72F1D|#F24574,33.5180,22.3577,21.2208,20.4034,19.6742,43.9050,21.3805
3663,Black|Dark Grey|Polymaker Teal|Cold White,#080A0D|#485259|#4CC0C7|#D9DFE5,28.9816,21.7543,21.2207,21.0137,20.9211,36.2886,21.3840
3664,Azure Blue|Black|Polymaker Teal|Grey,#0066D9|#080A0D|#4CC0C7|#8C9099,30.2636,21.5438,21.2772,21.2430,21.2932,40.1300,21.3934
3665,Polymaker Teal|Tan|Lime Green|Magenta,#4CC0C7|#A79E82|#D5D701|#F24574,27.2117,22.3346,21.3736,20.4642,19.5529,47.6740,21.3994
3666,Grey|Olive Green|Cold White|Yellow,#8C9099|#948902|#D9DFE5|#FFE800,28.0700,22.1362,21.3741,20.6675,19.9665,43.6067,21.4019
3667,Grey|Tan|Lime Green|Pink,#8C9099|#A79E82|#D5D701|#F1A1AF,25.1925,22.1395,21.4093,20.6746,19.8879,44.5181,21.4070
3668,Azure Blue|Grey|Red|Yellow,#0066D9|#8C9099|#E72F1D|#FFE800,28.0049,22.2660,21.3499,20.5672,19.8128,44.6689,21.4166
3669,Azure Blue|Green|Grey|Pink,#0066D9|#06924D|#8C9099|#F1A1AF,30.4126,22.3642,21.3513,20.4723,19.5788,41.5816,21.4182
3670,Green|Tan|Lime Green|Pink,#06924D|#A79E82|#D5D701|#F1A1AF,28.2661,22.2349,21.3741,20.6119,19.8486,44.5090,21.4234
3671,Blue|Azure Blue|Black|Grey,#003776|#0066D9|#080A0D|#8C9099,30.2882,21.5794,21.3097,21.2702,21.3110,41.7887,21.4248
3672,Azure Blue|Black|Purple|Grey,#0066D9|#080A0D|#6C47B2|#8C9099,30.2882,21.5794,21.3097,21.2702,21.3110,41.7887,21.4248
3673,Green|Dark Grey|Polymaker Teal|Dark Olive Drab,#06924D|#485259|#4CC0C7|#575B54,23.1611,21.6732,21.3885,21.2129,21.1471,43.9602,21.4430
3674,Tan|Lime Green|Cold White|Orange,#A79E82|#D5D701|#D9DFE5|#F67405,24.6242,22.1802,21.4488,20.7227,20.0130,47.6963,21.4515
3675,Purple|Tan|White|Orange,#6C47B2|#A79E82|#EBF7FF|#F67405,29.1397,22.2178,21.3290,20.6979,20.1664,45.9907,21.4578
3676,Polymaker Teal|Purple|Tan|Cold White,#4CC0C7|#6C47B2|#A79E82|#D9DFE5,29.2331,22.3096,21.3662,20.6094,19.8929,42.0516,21.4595
3677,Green|Grey|Tan|Lime Green,#06924D|#8C9099|#A79E82|#D5D701,24.5044,22.2105,21.5162,20.7172,19.8045,42.8065,21.4638
3678,Olive Green|White|Pink|Magenta,#948902|#EBF7FF|#F1A1AF|#F24574,35.2885,22.5599,21.3204,20.3739,19.5230,48.9494,21.4669
3679,Purple|Tan|White|Magenta,#6C47B2|#A79E82|#EBF7FF|#F24574,28.5015,22.2518,21.3749,20.6843,20.0618,46.2336,21.4680
3680,Purple|Grey|Tan|Cold White,#6C47B2|#8C9099|#A79E82|#D9DFE5,29.1782,22.3146,21.3790,20.6273,19.9206,42.0376,21.4709
3681,Polymaker Teal|Grey|Tan|Lime Green,#4CC0C7|#8C9099|#A79E82|#D5D701,24.4676,22.2162,21.5255,20.7309,19.8284,42.9727,21.4735
3682,Azure Blue|Green|Cold White|Pink,#0066D9|#06924D|#D9DFE5|#F1A1AF,30.9690,22.4096,21.3718,20.5400,19.7656,41.2955,21.4748
3683,Azure Blue|Green|Polymaker Teal|Pink,#0066D9|#06924D|#4CC0C7|#F1A1AF,30.8979,22.4174,21.3880,20.5391,19.7303,41.6506,21.4783
3684,Tan|Cold White|Orange|Yellow,#A79E82|#D9DFE5|#F67405|#FFE800,24.5868,22.1791,21.4752,20.7797,20.1020,47.7494,21.4794
3685,Grey|Red|White|Yellow,#8C9099|#E72F1D|#EBF7FF|#FFE800,26.2726,22.1855,21.4475,20.7881,20.1784,46.2874,21.4868
3686,Green|Lime Green|Cold White|Pink,#06924D|#D5D701|#D9DFE5|#F1A1AF,29.6376,22.3162,21.4072,20.6759,20.0036,45.0252,21.4960
3687,Grey|Pink|Magenta|Yellow,#8C9099|#F1A1AF|#F24574|#FFE800,26.3891,22.2636,21.4817,20.7353,19.9501,45.0273,21.4995
3688,Azure Blue|Grey|Pink|Orange,#0066D9|#8C9099|#F1A1AF|#F67405,25.3207,22.2330,21.5323,20.7754,19.9361,42.3444,21.5042
3689,Azure Blue|Grey|Olive Green|Yellow,#0066D9|#8C9099|#948902|#FFE800,33.6149,22.4231,21.4100,20.5901,19.7863,41.7280,21.5066
3690,Purple|Tan|Lime Green|Cold White,#6C47B2|#A79E82|#D5D701|#D9DFE5,32.5345,22.5067,21.3392,20.5159,19.8213,43.1114,21.5113
3691,Black|Lime Green|Red|Magenta,#080A0D|#D5D701|#E72F1D|#F24574,36.8892,22.0299,21.1023,20.9928,21.1702,44.4320,21.5114
3692,Green|Polymaker Teal|Pink|Orange,#06924D|#4CC0C7|#F1A1AF|#F67405,29.6053,22.4934,21.4543,20.5305,19.5651,46.1830,21.5120
3693,Green|Grey|Olive Green|Yellow,#06924D|#8C9099|#948902|#FFE800,28.3037,22.3482,21.5182,20.6774,19.7449,43.5852,21.5128
3694,Grey|Olive Green|Lime Green|Yellow,#8C9099|#948902|#D5D701|#FFE800,28.3062,22.3492,21.5189,20.6776,19.7442,43.6046,21.5134
3695,Polymaker Teal|Purple|Grey|Tan,#4CC0C7|#6C47B2|#8C9099|#A79E82,29.2921,22.4375,21.4464,20.5902,19.7237,42.0116,21.5138
3696,Blue|Green|Polymaker Teal|Dark Olive Drab,#003776|#06924D|#4CC0C7|#575B54,23.4692,21.7656,21.4617,21.2764,21.2068,43.9597,21.5210
3697,Green|Dark Grey|Dark Olive Drab|Purple,#06924D|#485259|#575B54|#6C47B2,23.8653,21.9659,21.4878,21.0794,20.7407,54.8282,21.5227
3698,Green|Grey|Pink|Yellow,#06924D|#8C9099|#F1A1AF|#FFE800,27.6666,22.3629,21.4956,20.6826,19.8303,43.4981,21.5227
3699,Polymaker Teal|Grey|Olive Green|Yellow,#4CC0C7|#8C9099|#948902|#FFE800,28.3019,22.3449,21.5233,20.7017,19.8101,43.6005,21.5233
3700,Polymaker Teal|Tan|Red|Orange,#4CC0C7|#A79E82|#E72F1D|#F67405,26.2749,22.4135,21.5398,20.6453,19.7108,47.0141,21.5294
3701,Polymaker Teal|Tan|Cold White|Magenta,#4CC0C7|#A79E82|#D9DFE5|#F24574,26.4737,22.3170,21.5103,20.7419,19.9676,47.0877,21.5294
3702,Polymaker Teal|Grey|Tan|Pink,#4CC0C7|#8C9099|#A79E82|#F1A1AF,24.4705,22.2497,21.5730,20.8215,19.9927,44.9487,21.5356
3703,Azure Blue|Tan|Magenta|Yellow,#0066D9|#A79E82|#F24574|#FFE800,26.8980,22.3657,21.4998,20.7096,19.9390,46.1187,21.5376
3704,Blue|Green|Dark Olive Drab|Purple,#003776|#06924D|#575B54|#6C47B2,24.1220,22.0472,21.5473,21.1221,20.7657,54.8636,21.5846
3705,Black|Dark Grey|Polymaker Teal|Grey,#080A0D|#485259|#4CC0C7|#8C9099,28.0053,21.7156,21.5160,21.4587,21.4605,36.2896,21.5871
3706,Polymaker Teal|Tan|Red|Pink,#4CC0C7|#A79E82|#E72F1D|#F1A1AF,26.1882,22.4332,21.6008,20.7527,19.8479,47.5462,21.5930
3707,Polymaker Teal|Purple|Tan|Lime Green,#4CC0C7|#6C47B2|#A79E82|#D5D701,32.7534,22.7228,21.4672,20.4834,19.5533,43.1187,21.6031
3708,Green|Polymaker Teal|Red|Yellow,#06924D|#4CC0C7|#E72F1D|#FFE800,29.5788,22.5173,21.5382,20.6978,19.8491,44.3966,21.6075
3709,Brown|Purple|Lime Green|Orange,#55331A|#6C47B2|#D5D701|#F67405,27.1296,22.4542,21.3667,20.7958,20.6094,42.9477,21.6250
3710,Tan|Red|Pink|Yellow,#A79E82|#E72F1D|#F1A1AF|#FFE800,25.0153,22.3097,21.6393,20.9560,20.2269,50.3296,21.6328
3711,Green|Tan|White|Orange,#06924D|#A79E82|#EBF7FF|#F67405,27.1221,22.4699,21.6139,20.7982,19.9929,48.1947,21.6340
3712,Azure Blue|Dark Grey|Polymaker Teal|Dark Olive Drab,#0066D9|#485259|#4CC0C7|#575B54,22.5567,21.7861,21.6001,21.4830,21.4449,48.0723,21.6345
3713,Grey|Lime Green|Red|White,#8C9099|#D5D701|#E72F1D|#EBF7FF,26.7428,22.3591,21.6082,20.9426,20.3205,46.1268,21.6509
3714,Grey|Tan|Pink|Yellow,#8C9099|#A79E82|#F1A1AF|#FFE800,25.3235,22.3800,21.6644,20.9317,20.1419,44.8739,21.6558
3715,Purple|Grey|Pink|Orange,#6C47B2|#8C9099|#F1A1AF|#F67405,25.9715,22.3722,21.6660,20.9562,20.2046,42.4205,21.6642
3716,Blue|Azure Blue|Polymaker Teal|Dark Olive Drab,#003776|#0066D9|#4CC0C7|#575B54,22.7932,21.8388,21.6393,21.5190,21.4845,48.0704,21.6789
3717,Tan|White|Pink|Magenta,#A79E82|#EBF7FF|#F1A1AF|#F24574,24.9832,22.4587,21.7168,20.9014,20.0305,50.1917,21.6800
3718,Blue|Brown|Purple|Orange,#003776|#55331A|#6C47B2|#F67405,27.3312,21.9913,21.4431,21.4156,21.6186,53.1079,21.7034
3719,Blue|Brown|Red|Orange,#003776|#55331A|#E72F1D|#F67405,27.3312,21.9913,21.4431,21.4156,21.6186,53.1079,21.7034
3720,Blue|Brown|Magenta|Orange,#003776|#55331A|#F24574|#F67405,27.3371,21.9961,21.4489,21.4237,21.6293,53.1129,21.7099
3721,Tan|Lime Green|Pink|Magenta,#A79E82|#D5D701|#F1A1AF|#F24574,25.4886,22.4249,21.7075,21.0037,20.2582,48.2316,21.7143
3722,Blue|Green|Purple|Lime Green,#003776|#06924D|#6C47B2|#D5D701,37.2049,22.9773,21.5054,20.4648,19.5517,40.1480,21.7211
3723,Grey|Tan|Cold White|Yellow,#8C9099|#A79E82|#D9DFE5|#FFE800,24.9021,22.3671,21.7347,21.0826,20.4182,43.8360,21.7248
3724,Brown|Lime Green|Red|Magenta,#55331A|#D5D701|#E72F1D|#F24574,26.6858,21.9415,21.5303,21.5266,21.7031,44.4148,21.7340
3725,Green|Polymaker Teal|Tan|Orange,#06924D|#4CC0C7|#A79E82|#F67405,26.8283,22.6459,21.7506,20.8524,19.9103,46.6387,21.7492
3726,Olive Green|Tan|Lime Green|Pink,#948902|#A79E82|#D5D701|#F1A1AF,27.0240,22.5072,21.7438,21.0152,20.2518,48.3022,21.7612
3727,Purple|Lime Green|Red|Orange,#6C47B2|#D5D701|#E72F1D|#F67405,40.3453,23.5545,21.4357,19.9851,18.8328,45.0552,21.7698
3728,Tan|Red|White|Orange,#A79E82|#E72F1D|#EBF7FF|#F67405,24.9486,22.4920,21.7898,21.0523,20.2971,51.2194,21.7722
3729,Polymaker Teal|Olive Green|Lime Green|Magenta,#4CC0C7|#948902|#D5D701|#F24574,33.3090,22.7616,21.6726,20.7981,19.9152,46.6188,21.7799
3730,Polymaker Teal|Purple|Tan|Orange,#4CC0C7|#6C47B2|#A79E82|#F67405,29.7483,22.6662,21.6751,20.8987,20.2033,44.5048,21.7824
3731,Polymaker Teal|Olive Green|Magenta|Orange,#4CC0C7|#948902|#F24574|#F67405,32.0970,22.7846,21.7161,20.7838,19.8184,46.7206,21.7842
3732,Purple|Grey|Tan|Lime Green,#6C47B2|#8C9099|#A79E82|#D5D701,32.4911,22.8795,21.6734,20.7062,19.7712,43.0955,21.7928
3733,Purple|Tan|Lime Green|Yellow,#6C47B2|#A79E82|#D5D701|#FFE800,33.4874,22.9678,21.6470,20.6334,19.6706,43.8399,21.8006
3734,Polymaker Teal|Olive Green|Red|Orange,#4CC0C7|#948902|#E72F1D|#F67405,31.2069,22.7786,21.7608,20.8603,19.9157,47.0283,21.8195
3735,Green|Grey|Tan|Yellow,#06924D|#8C9099|#A79E82|#FFE800,25.1559,22.5839,21.8691,21.0600,20.1444,43.8157,21.8219
3736,Grey|Tan|White|Pink,#8C9099|#A79E82|#EBF7FF|#F1A1AF,24.5432,22.4694,21.8525,21.1813,20.4680,46.4564,21.8254
3737,Grey|Tan|Lime Green|Yellow,#8C9099|#A79E82|#D5D701|#FFE800,25.1555,22.5909,21.8760,21.0660,20.1493,43.8374,21.8285
3738,Polymaker Teal|Grey|Tan|Yellow,#4CC0C7|#8C9099|#A79E82|#FFE800,25.1413,22.5776,21.8715,21.0829,20.2112,43.8374,21.8302
3739,Blue|Dark Grey|Purple|Cold White,#003776|#485259|#6C47B2|#D9DFE5,26.7509,22.2293,21.7052,21.4510,21.3056,34.8141,21.8402
3740,Olive Green|Tan|White|Orange,#948902|#A79E82|#EBF7FF|#F67405,25.7260,22.5996,21.8490,21.0916,20.3331,50.8450,21.8456
3741,Green|Olive Green|Tan|Cold White,#06924D|#948902|#A79E82|#D9DFE5,24.9704,22.6409,21.9017,21.0569,20.1249,46.2269,21.8489
3742,Purple|Tan|Cold White|Yellow,#6C47B2|#A79E82|#D9DFE5|#FFE800,32.9730,22.8431,21.6588,20.8603,20.2153,44.3017,21.8517
3743,Polymaker Teal|Olive Green|White|Pink,#4CC0C7|#948902|#EBF7FF|#F1A1AF,35.4225,22.9091,21.7361,20.7946,19.9277,49.2915,21.8518
3744,Green|Black|Brown|Purple,#06924D|#080A0D|#55331A|#6C47B2,27.5796,22.3840,21.5497,21.3273,21.3743,55.0142,21.8556
3745,Blue|Green|Black|Brown,#003776|#06924D|#080A0D|#55331A,27.6045,22.2578,21.5751,21.4612,21.5979,59.1731,21.8595
3746,Azure Blue|Lime Green|Red|Magenta,#0066D9|#D5D701|#E72F1D|#F24574,30.8180,22.9582,21.7482,20.7631,19.8481,45.3726,21.8607
3747,Azure Blue|Green|Black|Dark Olive Drab,#0066D9|#06924D|#080A0D|#575B54,24.5205,22.0013,21.7949,21.7598,21.8396,52.2837,21.8805
3748,Green|Black|Orange|Yellow,#06924D|#080A0D|#F67405|#FFE800,35.0211,22.2570,21.5473,21.5126,21.7127,47.2841,21.8848
3749,Tan|White|Magenta|Orange,#A79E82|#EBF7FF|#F24574|#F67405,25.1116,22.6080,21.8996,21.1619,20.4077,51.6870,21.8850
3750,Tan|White|Magenta|Yellow,#A79E82|#EBF7FF|#F24574|#FFE800,25.8047,22.5714,21.8753,21.2214,20.5848,52.3705,21.8964
3751,Green|Black|Red|Yellow,#06924D|#080A0D|#E72F1D|#FFE800,36.6838,22.4249,21.5094,21.3710,21.5321,46.9698,21.8980
3752,Azure Blue|Polymaker Teal|Dark Olive Drab|Purple,#0066D9|#4CC0C7|#575B54|#6C47B2,23.0533,22.1270,21.8729,21.7110,21.6369,48.0704,21.9190
3753,Polymaker Teal|Purple|Tan|Yellow,#4CC0C7|#6C47B2|#A79E82|#FFE800,33.2094,23.0530,21.7718,20.8033,19.9222,44.3254,21.9282
3754,Blue|Grey|Cold White|Red,#003776|#8C9099|#D9DFE5|#E72F1D,27.0080,22.4694,21.8780,21.4093,20.9952,34.8954,21.9394
3755,Green|Polymaker Teal|Dark Olive Drab|Purple,#06924D|#4CC0C7|#575B54|#6C47B2,24.2263,22.3044,21.8786,21.5962,21.4286,43.9639,21.9503
3756,Blue|Azure Blue|Black|Dark Olive Drab,#003776|#0066D9|#080A0D|#575B54,23.2077,21.9775,21.9187,21.9416,22.0391,65.4823,21.9596
3757,Azure Blue|Black|Dark Olive Drab|Purple,#0066D9|#080A0D|#575B54|#6C47B2,23.2170,21.9877,21.9243,21.9451,22.0461,65.4823,21.9664
3758,Azure Blue|Black|Dark Grey|Cold White,#0066D9|#080A0D|#485259|#D9DFE5,29.6228,22.3397,21.8073,21.6106,21.5332,38.6440,21.9752
3759,Olive Green|Red|White|Magenta,#948902|#E72F1D|#EBF7FF|#F24574,35.1678,23.1028,21.8245,20.8568,19.9885,49.3332,21.9798
3760,Azure Blue|Black|Dark Grey|Dark Olive Drab,#0066D9|#080A0D|#485259|#575B54,23.2026,22.0014,21.9419,21.9643,22.0608,65.4823,21.9828
3761,Purple|Tan|Lime Green|Pink,#6C47B2|#A79E82|#D5D701|#F1A1AF,32.4887,23.0227,21.8367,20.9465,20.1577,44.5229,21.9846
3762,Grey|Lime Green|White|Orange,#8C9099|#D5D701|#EBF7FF|#F67405,26.0960,22.6125,21.9589,21.3630,20.7853,45.2129,21.9878
3763,Azure Blue|Black|Dark Grey|Grey,#0066D9|#080A0D|#485259|#8C9099,27.4832,22.1016,21.9253,21.8814,21.8944,41.8807,21.9915
3764,Blue|Azure Blue|Purple|Yellow,#003776|#0066D9|#6C47B2|#FFE800,34.4019,23.0312,21.7792,20.9580,20.3094,38.5675,21.9946
3765,Green|Purple|White|Pink,#06924D|#6C47B2|#EBF7FF|#F1A1AF,35.3879,22.9960,21.7865,20.9954,20.3425,40.2311,21.9957
3766,Green|Grey|White|Pink,#06924D|#8C9099|#EBF7FF|#F1A1AF,29.9371,22.9169,21.9798,21.1325,20.2670,44.5864,22.0247
3767,Dark Grey|Purple|Grey|Cold White,#485259|#6C47B2|#8C9099|#D9DFE5,23.8972,22.2150,21.9965,21.8345,21.7131,34.9581,22.0247
3768,Blue|Black|Brown|Orange,#003776|#080A0D|#55331A|#F67405,27.0503,22.1693,21.7984,21.8816,22.1568,53.0610,22.0254
3769,Blue|Dark Grey|Grey|Cold White,#003776|#485259|#8C9099|#D9DFE5,23.8986,22.2160,21.9977,21.8357,21.7144,34.9581,22.0258
3770,Dark Grey|Polymaker Teal|Grey|Cold White,#485259|#4CC0C7|#8C9099|#D9DFE5,23.8993,22.2168,21.9984,21.8365,21.7154,34.9612,22.0266
3771,Azure Blue|Grey|Tan|Pink,#0066D9|#8C9099|#A79E82|#F1A1AF,25.1331,22.7352,22.0710,21.3516,20.5643,44.3390,22.0434
3772,Polymaker Teal|Tan|Magenta|Yellow,#4CC0C7|#A79E82|#F24574|#FFE800,27.7134,22.9655,22.0347,21.1634,20.3022,48.3906,22.0645
3773,Azure Blue|Olive Green|White|Yellow,#0066D9|#948902|#EBF7FF|#FFE800,36.8327,23.0365,21.9266,21.1039,20.3596,42.9753,22.0702
3774,Black|Purple|Lime Green|Orange,#080A0D|#6C47B2|#D5D701|#F67405,37.8913,23.4075,21.6196,20.7770,20.4525,41.0593,22.0922
3775,Blue|Purple|Grey|Red,#003776|#6C47B2|#8C9099|#E72F1D,27.2527,22.7280,22.0744,21.4698,20.8562,37.8196,22.0989
3776,Blue|Grey|Red|Magenta,#003776|#8C9099|#E72F1D|#F24574,27.2535,22.7288,22.0752,21.4708,20.8575,37.8139,22.0998
3777,Purple|Tan|Cold White|Pink,#6C47B2|#A79E82|#D9DFE5|#F1A1AF,28.9771,22.8895,22.0306,21.3475,20.7262,43.9128,22.1185
3778,Blue|Azure Blue|Grey|Red,#003776|#0066D9|#8C9099|#E72F1D,27.2613,22.7466,22.0943,21.4916,20.8812,37.9303,22.1191
3779,Olive Green|Cold White|Pink|Magenta,#948902|#D9DFE5|#F1A1AF|#F24574,35.9764,23.2547,21.9617,20.9858,20.1355,49.5984,22.1203
3780,Green|White|Pink|Orange,#06924D|#EBF7FF|#F1A1AF|#F67405,29.9713,23.0171,22.0507,21.2296,20.4381,47.0599,22.1234
3781,Polymaker Teal|Olive Green|Tan|Cold White,#4CC0C7|#948902|#A79E82|#D9DFE5,25.2529,22.8958,22.1666,21.3549,20.4744,47.3641,22.1253
3782,Green|Black|Brown|Olive Green,#06924D|#080A0D|#55331A|#948902,27.8132,22.4096,21.8718,21.8414,22.0050,54.1461,22.1255
3783,Azure Blue|Dark Grey|Grey|Cold White,#0066D9|#485259|#8C9099|#D9DFE5,23.9892,22.3153,22.0997,21.9410,21.8227,35.3217,22.1281
3784,Dark Grey|Polymaker Teal|Purple|Cold White,#485259|#4CC0C7|#6C47B2|#D9DFE5,26.6573,22.4863,22.0263,21.8069,21.6803,36.2718,22.1466
3785,Blue|Dark Grey|Polymaker Teal|Cold White,#003776|#485259|#4CC0C7|#D9DFE5,26.6590,22.4875,22.0276,21.8081,21.6815,36.2718,22.1478
3786,Tan|White|Pink|Orange,#A79E82|#EBF7FF|#F1A1AF|#F67405,25.1629,22.8717,22.1857,21.4556,20.7034,51.7579,22.1637
3787,Azure Blue|Green|Polymaker Teal|Dark Olive Drab,#0066D9|#06924D|#4CC0C7|#575B54,24.3574,22.4965,22.1140,21.8485,21.6991,48.0026,22.1725
3788,Green|Olive Green|Magenta|Yellow,#06924D|#948902|#F24574|#FFE800,33.7332,23.1505,22.0356,21.2198,20.4825,44.1064,22.1852
3789,Green|Lime Green|Magenta|Yellow,#06924D|#D5D701|#F24574|#FFE800,33.7158,23.1481,22.0391,21.2251,20.4857,44.0967,22.1866
3790,Azure Blue|Lime Green|Red|Orange,#0066D9|#D5D701|#E72F1D|#F67405,30.4763,23.2766,22.0811,21.1062,20.2181,45.7874,22.1914
3791,Polymaker Teal|Tan|Magenta|Orange,#4CC0C7|#A79E82|#F24574|#F67405,27.0863,23.0865,22.2052,21.3213,20.4094,48.2744,22.2039
3792,Grey|Lime Green|Cold White|Pink,#8C9099|#D5D701|#D9DFE5|#F1A1AF,26.8618,22.8921,22.1685,21.5216,20.8983,45.1420,22.2068
3793,Blue|Purple|White|Orange,#003776|#6C47B2|#EBF7FF|#F67405,29.6736,22.7881,22.0980,21.6328,21.2618,35.2744,22.2105
3794,Grey|Olive Green|White|Yellow,#8C9099|#948902|#EBF7FF|#FFE800,31.2716,23.0115,22.1644,21.4111,20.6728,45.6168,22.2113
3795,Olive Green|Cold White|White|Pink,#948902|#D9DFE5|#EBF7FF|#F1A1AF,35.2382,23.2377,22.0987,21.1887,20.3408,49.9962,22.2132
3796,Blue|White|Magenta|Orange,#003776|#EBF7FF|#F24574|#F67405,29.6755,22.7920,22.1018,21.6367,21.2654,35.2760,22.2143
3797,Blue|White|Pink|Orange,#003776|#EBF7FF|#F1A1AF|#F67405,29.6744,22.7935,22.1054,21.6416,21.2709,35.3051,22.2175
3798,Green|Polymaker Teal|Olive Green|Tan,#06924D|#4CC0C7|#948902|#A79E82,25.3337,23.0418,22.2808,21.3948,20.3875,47.3705,22.2183
3799,Grey|White|Orange|Yellow,#8C9099|#EBF7FF|#F67405|#FFE800,26.1215,22.8188,22.1903,21.6220,21.0788,45.2957,22.2204
3800,Olive Green|Red|White|Pink,#948902|#E72F1D|#EBF7FF|#F1A1AF,34.9905,23.3053,22.0880,21.1397,20.2830,49.7720,22.2225
3801,Blue|Polymaker Teal|Purple|Lime Green,#003776|#4CC0C7|#6C47B2|#D5D701,36.8974,23.3484,21.9936,21.1023,20.3771,39.5855,22.2254
3802,Azure Blue|Green|Dark Grey|Dark Olive Drab,#0066D9|#06924D|#485259|#575B54,24.4647,22.5618,22.1794,21.9036,21.7298,52.2747,22.2327
3803,Grey|White|Magenta|Yellow,#8C9099|#EBF7FF|#F24574|#FFE800,27.2224,22.9287,22.1956,21.5419,20.9241,47.1608,22.2353
3804,Olive Green|Cold White|Red|White,#948902|#D9DFE5|#E72F1D|#EBF7FF,35.2792,23.3995,22.0745,21.0748,20.1922,49.7724,22.2371
3805,Blue|Azure Blue|White|Orange,#003776|#0066D9|#EBF7FF|#F67405,29.6905,22.8234,22.1343,21.6694,21.2989,35.2984,22.2464
3806,Green|Tan|Pink|Yellow,#06924D|#A79E82|#F1A1AF|#FFE800,28.5739,23.0446,22.2046,21.4501,20.6823,45.7233,22.2474
3807,Azure Blue|Purple|Tan|Lime Green,#0066D9|#6C47B2|#A79E82|#D5D701,32.5317,23.3221,22.1243,21.1733,20.2830,44.3749,22.2477
3808,Green|Black|Brown|Yellow,#06924D|#080A0D|#55331A|#FFE800,26.1932,22.1995,22.1082,22.2964,22.5930,51.8507,22.2480
3809,Azure Blue|Lime Green|Magenta|Orange,#0066D9|#D5D701|#F24574|#F67405,30.5494,23.3475,22.1473,21.1701,20.2800,45.8768,22.2588
3810,Olive Green|Tan|Lime Green|Cold White,#948902|#A79E82|#D5D701|#D9DFE5,25.0560,22.9669,22.3055,21.5702,20.7945,46.8293,22.2686
3811,Tan|White|Orange|Yellow,#A79E82|#EBF7FF|#F67405|#FFE800,25.1963,22.8794,22.2667,21.6720,21.0894,51.7727,22.2757
3812,Purple|Grey|Red|Yellow,#6C47B2|#8C9099|#E72F1D|#FFE800,31.6436,23.1895,22.1671,21.3705,20.6175,43.9342,22.2800
3813,Green|Red|Magenta|Yellow,#06924D|#E72F1D|#F24574|#FFE800,33.8432,23.2475,22.1307,21.3149,20.5816,44.9186,22.2812
3814,Tan|Lime Green|White|Orange,#A79E82|#D5D701|#EBF7FF|#F67405,25.2447,22.9028,22.2755,21.6596,21.0460,51.7623,22.2812
3815,Polymaker Teal|Grey|Cold White|Orange,#4CC0C7|#8C9099|#D9DFE5|#F67405,26.5473,23.0141,22.2764,21.5530,20.8135,44.1184,22.2836
3816,Blue|Azure Blue|Green|Dark Olive Drab,#003776|#0066D9|#06924D|#575B54,24.7248,22.6275,22.2281,21.9448,21.7700,52.2748,22.2862
3817,Blue|Red|White|Orange,#003776|#E72F1D|#EBF7FF|#F67405,29.7715,22.8738,22.1818,21.7181,21.3459,35.1010,22.2960
3818,Blue|Purple|Grey|Lime Green,#003776|#6C47B2|#8C9099|#D5D701,33.5816,23.2522,22.1406,21.3430,20.6121,37.8415,22.2976
3819,Purple|Grey|Tan|Yellow,#6C47B2|#8C9099|#A79E82|#FFE800,32.9534,23.3745,22.1695,21.2223,20.3391,44.3561,22.2984
3820,Azure Blue|Olive Green|Cold White|Yellow,#0066D9|#948902|#D9DFE5|#FFE800,36.5661,23.2372,22.1805,21.3999,20.7029,42.4105,22.3185
3821,Azure Blue|Tan|Cold White|Pink,#0066D9|#A79E82|#D9DFE5|#F1A1AF,25.5695,22.9706,22.3222,21.6733,21.0084,44.9212,22.3219
3822,Green|Polymaker Teal|Cold White|Orange,#06924D|#4CC0C7|#D9DFE5|#F67405,29.5465,23.2265,22.2655,21.4245,20.5965,46.7707,22.3255
3823,Polymaker Teal|Grey|Red|Orange,#4CC0C7|#8C9099|#E72F1D|#F67405,26.8374,23.1445,22.3459,21.5226,20.6281,44.0839,22.3335
3824,Blue|Cold White|White|Orange,#003776|#D9DFE5|#EBF7FF|#F67405,29.7512,22.9384,22.2299,21.7478,21.3634,35.2752,22.3431
3825,Purple|Grey|Tan|Pink,#6C47B2|#8C9099|#A79E82|#F1A1AF,28.7405,23.1462,22.2957,21.5639,20.8495,43.9402,22.3551
3826,Dark Grey|Grey|Cold White|White,#485259|#8C9099|#D9DFE5|#EBF7FF,25.0301,22.5872,22.3188,22.1286,21.9890,35.4767,22.3579
3827,Green|Polymaker Teal|Lime Green|Pink,#06924D|#4CC0C7|#D5D701|#F1A1AF,30.1498,23.1829,22.2897,21.5350,20.7857,45.5416,22.3589
3828,Polymaker Teal|Grey|Magenta|Orange,#4CC0C7|#8C9099|#F24574|#F67405,26.8014,23.1741,22.3758,21.5477,20.6460,44.1129,22.3609
3829,Blue|Azure Blue|Dark Grey|Dark Olive Drab,#003776|#0066D9|#485259|#575B54,23.2803,22.5918,22.3513,22.1310,21.9710,65.4650,22.3614
3830,Dark Grey|Polymaker Teal|Grey|White,#485259|#4CC0C7|#8C9099|#EBF7FF,25.0536,22.6014,22.3302,22.1359,21.9913,35.4495,22.3687
3831,Dark Grey|Purple|Grey|White,#485259|#6C47B2|#8C9099|#EBF7FF,25.0536,22.6014,22.3302,22.1359,21.9913,35.4495,22.3687
3832,Blue|Dark Grey|Grey|White,#003776|#485259|#8C9099|#EBF7FF,25.0536,22.6015,22.3303,22.1361,21.9914,35.4495,22.3688
3833,Azure Blue|Dark Grey|Grey|White,#0066D9|#485259|#8C9099|#EBF7FF,25.0537,22.6017,22.3305,22.1362,21.9915,35.4495,22.3690
3834,Dark Grey|Polymaker Teal|Cold White|White,#485259|#4CC0C7|#D9DFE5|#EBF7FF,25.2957,22.6202,22.3333,22.1354,21.9922,35.4032,22.3778
3835,Dark Grey|Purple|Cold White|White,#485259|#6C47B2|#D9DFE5|#EBF7FF,25.2957,22.6202,22.3333,22.1354,21.9922,35.4032,22.3778
3836,Blue|Dark Grey|Cold White|White,#003776|#485259|#D9DFE5|#EBF7FF,25.2958,22.6202,22.3334,22.1355,21.9923,35.4032,22.3779
3837,Azure Blue|Dark Grey|Cold White|White,#0066D9|#485259|#D9DFE5|#EBF7FF,25.2959,22.6204,22.3336,22.1357,21.9924,35.4032,22.3780
3838,Grey|Lime Green|Pink|Yellow,#8C9099|#D5D701|#F1A1AF|#FFE800,26.8982,23.1357,22.3794,21.6383,20.8411,44.9148,22.3870
3839,Blue|Dark Grey|Purple|White,#003776|#485259|#6C47B2|#EBF7FF,25.3188,22.6413,22.3536,22.1533,22.0079,35.4039,22.3973
3840,Azure Blue|Dark Grey|Purple|White,#0066D9|#485259|#6C47B2|#EBF7FF,25.3190,22.6418,22.3542,22.1539,22.0085,35.4039,22.3978
3841,Blue|Azure Blue|Dark Grey|White,#003776|#0066D9|#485259|#EBF7FF,25.3190,22.6419,22.3543,22.1540,22.0086,35.4039,22.3979
3842,Dark Grey|Polymaker Teal|Purple|White,#485259|#4CC0C7|#6C47B2|#EBF7FF,25.3193,22.6421,22.3544,22.1540,22.0085,35.4039,22.3980
3843,Blue|Dark Grey|Polymaker Teal|White,#003776|#485259|#4CC0C7|#EBF7FF,25.3193,22.6422,22.3545,22.1541,22.0086,35.4039,22.3981
3844,Azure Blue|Dark Grey|Polymaker Teal|White,#0066D9|#485259|#4CC0C7|#EBF7FF,25.3195,22.6427,22.3551,22.1546,22.0092,35.4039,22.3986
3845,Green|Black|Grey|White,#06924D|#080A0D|#8C9099|#EBF7FF,33.1278,22.7220,22.2120,22.0789,22.0722,37.5538,22.4005
3846,Azure Blue|Green|Purple|Tan,#0066D9|#06924D|#6C47B2|#A79E82,31.5360,23.2935,22.3106,21.5444,20.8144,41.2953,22.4189
3847,Olive Green|Cold White|Red|Pink,#948902|#D9DFE5|#E72F1D|#F1A1AF,36.2006,23.5551,22.2541,21.2834,20.4291,49.7784,22.4192
3848,Grey|Cold White|Pink|Yellow,#8C9099|#D9DFE5|#F1A1AF|#FFE800,26.6644,23.0921,22.4006,21.7653,21.1449,45.4054,22.4287
3849,Purple|Lime Green|Magenta|Orange,#6C47B2|#D5D701|#F24574|#F67405,40.2318,24.1425,22.1305,20.7251,19.5851,46.8759,22.4338
3850,Azure Blue|Green|Olive Green|Yellow,#0066D9|#06924D|#948902|#FFE800,36.7497,23.3915,22.3162,21.4804,20.6819,42.1241,22.4359
3851,Green|Olive Green|Tan|Lime Green,#06924D|#948902|#A79E82|#D5D701,25.2821,23.1895,22.4979,21.6953,20.7971,46.3473,22.4424
3852,Green|Brown|Lime Green|Yellow,#06924D|#55331A|#D5D701|#FFE800,26.4933,22.5833,22.2904,22.3039,22.4673,51.8122,22.4436
3853,Azure Blue|Polymaker Teal|Olive Green|Yellow,#0066D9|#4CC0C7|#948902|#FFE800,36.7604,23.4021,22.3284,21.4945,20.6967,42.0910,22.4483
3854,Grey|Lime Green|White|Magenta,#8C9099|#D5D701|#EBF7FF|#F24574,27.8496,23.1561,22.3987,21.7414,21.1344,47.5183,22.4488
3855,Green|Polymaker Teal|Tan|Cold White,#06924D|#4CC0C7|#A79E82|#D9DFE5,24.8590,23.2045,22.5119,21.7037,20.8141,47.4508,22.4541
3856,Green|Brown|Olive Green|Yellow,#06924D|#55331A|#948902|#FFE800,26.4943,22.5911,22.3014,22.3176,22.4818,51.8127,22.4544
3857,Polymaker Teal|Purple|Olive Green|Lime Green,#4CC0C7|#6C47B2|#948902|#D5D701,47.1734,23.6810,22.1447,21.2337,20.4402,40.8531,22.4573
3858,Blue|Dark Grey|Purple|Grey,#003776|#485259|#6C47B2|#8C9099,24.1853,22.6672,22.4411,22.2507,22.0885,35.4454,22.4590
3859,Polymaker Teal|Lime Green|Cold White|Red,#4CC0C7|#D5D701|#D9DFE5|#E72F1D,29.4195,23.2384,22.3813,21.6881,21.0354,46.3813,22.4633
3860,Polymaker Teal|Purple|Tan|Pink,#4CC0C7|#6C47B2|#A79E82|#F1A1AF,29.3285,23.2734,22.3920,21.6623,20.9700,45.1241,22.4678
3861,Black|Polymaker Teal|Olive Green|Lime Green,#080A0D|#4CC0C7|#948902|#D5D701,36.9635,23.0362,22.0999,21.9051,21.9400,31.1599,22.4706
3862,Azure Blue|Lime Green|Cold White|Red,#0066D9|#D5D701|#D9DFE5|#E72F1D,30.6181,23.3741,22.3487,21.5763,20.9135,45.7488,22.4752
3863,Polymaker Teal|Tan|White|Magenta,#4CC0C7|#A79E82|#EBF7FF|#F24574,27.0500,23.2471,22.4689,21.7053,20.9282,50.7295,22.4762
3864,Dark Grey|Polymaker Teal|Purple|Grey,#485259|#4CC0C7|#6C47B2|#8C9099,24.2117,22.6846,22.4643,22.2879,22.1523,35.7490,22.4862
3865,Blue|Dark Grey|Polymaker Teal|Grey,#003776|#485259|#4CC0C7|#8C9099,24.2130,22.6857,22.4656,22.2893,22.1538,35.7490,22.4875
3866,Grey|Olive Green|Lime Green|White,#8C9099|#948902|#D5D701|#EBF7FF,32.3921,23.2950,22.4453,21.6893,20.9432,45.2898,22.4921
3867,Green|Black|Purple|Cold White,#06924D|#080A0D|#6C47B2|#D9DFE5,40.0220,23.3359,22.0326,21.6541,21.5166,39.4434,22.4950
3868,Azure Blue|Green|Grey|Tan,#0066D9|#06924D|#8C9099|#A79E82,26.4306,23.2176,22.5219,21.7922,20.9944,42.2904,22.5049
3869,Azure Blue|Dark Grey|Dark Olive Drab|Purple,#0066D9|#485259|#575B54|#6C47B2,23.4692,22.7610,22.4929,22.2671,22.1139,65.4650,22.5140
3870,Green|Grey|Tan|White,#06924D|#8C9099|#A79E82|#EBF7FF,25.0940,23.1617,22.5568,21.8763,21.1414,46.5197,22.5190
3871,Polymaker Teal|Olive Green|Pink|Orange,#4CC0C7|#948902|#F1A1AF|#F67405,33.3593,23.5309,22.4516,21.5179,20.5642,48.3696,22.5244
3872,Grey|Cold White|Red|Magenta,#8C9099|#D9DFE5|#E72F1D|#F24574,26.8507,23.1824,22.5113,21.8875,21.2732,40.4268,22.5350
3873,Purple|Grey|Cold White|Red,#6C47B2|#8C9099|#D9DFE5|#E72F1D,26.8581,23.1821,22.5118,21.8899,21.2784,40.4145,22.5360
3874,Green|Polymaker Teal|Olive Green|Orange,#06924D|#4CC0C7|#948902|#F67405,30.6357,23.4993,22.4915,21.5794,20.6261,46.7985,22.5394
3875,Azure Blue|Grey|Tan|Cold White,#0066D9|#8C9099|#A79E82|#D9DFE5,25.6082,23.1786,22.5648,21.9166,21.2372,43.5643,22.5476
3876,Azure Blue|Olive Green|Lime Green|Yellow,#0066D9|#948902|#D5D701|#FFE800,36.7153,23.5021,22.4309,21.5961,20.7913,42.3461,22.5491
3877,Blue|Azure Blue|Dark Olive Drab|Purple,#003776|#0066D9|#575B54|#6C47B2,23.6752,22.8169,22.5385,22.3054,22.1487,65.4603,22.5612
3878,Polymaker Teal|Grey|Tan|White,#4CC0C7|#8C9099|#A79E82|#EBF7FF,24.8730,23.1945,22.6045,21.9281,21.1944,47.1225,22.5613
3879,Azure Blue|Polymaker Teal|Grey|Tan,#0066D9|#4CC0C7|#8C9099|#A79E82,25.7345,23.2904,22.6057,21.8324,20.9604,43.5576,22.5614
3880,Grey|Tan|Cold White|White,#8C9099|#A79E82|#D9DFE5|#EBF7FF,24.8724,23.1948,22.6055,21.9295,21.1959,47.1225,22.5621
3881,Azure Blue|Green|Dark Olive Drab|Purple,#0066D9|#06924D|#575B54|#6C47B2,25.1460,22.9802,22.4966,22.1474,21.9052,52.2748,22.5638
3882,Azure Blue|Green|Tan|Cold White,#0066D9|#06924D|#A79E82|#D9DFE5,26.5137,23.1966,22.5544,21.9332,21.3085,42.3232,22.5649
3883,Green|Tan|Lime Green|Cold White,#06924D|#A79E82|#D5D701|#D9DFE5,24.9445,23.2426,22.6135,21.9070,21.1623,46.3867,22.5748
3884,Purple|Tan|Lime Green|White,#6C47B2|#A79E82|#D5D701|#EBF7FF,33.1264,23.5480,22.4396,21.6285,20.9306,46.0004,22.5883
3885,Azure Blue|Green|Polymaker Teal|Tan,#0066D9|#06924D|#4CC0C7|#A79E82,26.6306,23.3085,22.6024,21.8710,21.0772,42.3188,22.5898
3886,Purple|Grey|Red|Magenta,#6C47B2|#8C9099|#E72F1D|#F24574,27.1422,23.4161,22.6467,21.8147,20.8885,41.4435,22.6154
3887,Polymaker Teal|Grey|Lime Green|Pink,#4CC0C7|#8C9099|#D5D701|#F1A1AF,27.2901,23.3423,22.5986,21.8907,21.1484,46.5414,22.6165
3888,Azure Blue|Purple|Grey|Tan,#0066D9|#6C47B2|#8C9099|#A79E82,29.2210,23.4624,22.5819,21.7835,20.9635,43.4249,22.6229
3889,Blue|Green|Black|Cold White,#003776|#06924D|#080A0D|#D9DFE5,39.5182,23.4455,22.1791,21.8063,21.6673,39.8621,22.6259
3890,Azure Blue|Polymaker Teal|Tan|Cold White,#0066D9|#4CC0C7|#A79E82|#D9DFE5,25.7756,23.2642,22.6410,21.9876,21.3068,43.6527,22.6259
3891,Grey|Tan|White|Yellow,#8C9099|#A79E82|#EBF7FF|#FFE800,25.6473,23.2641,22.6444,21.9906,21.3164,46.9444,22.6274
3892,Green|Purple|Tan|White,#06924D|#6C47B2|#A79E82|#EBF7FF,32.9200,23.4471,22.4850,21.8259,21.2654,42.4277,22.6365
3893,Azure Blue|Purple|Tan|Pink,#0066D9|#6C47B2|#A79E82|#F1A1AF,28.3237,23.4250,22.5916,21.8484,21.0978,44.7967,22.6367
3894,Azure Blue|Purple|Tan|Cold White,#0066D9|#6C47B2|#A79E82|#D9DFE5,29.0874,23.3824,22.5722,21.8936,21.2498,43.4680,22.6380
3895,Azure Blue|Grey|Cold White|Red,#0066D9|#8C9099|#D9DFE5|#E72F1D,26.9257,23.2666,22.6124,22.0112,21.4224,41.0047,22.6389
3896,Azure Blue|Polymaker Teal|Purple|Tan,#0066D9|#4CC0C7|#6C47B2|#A79E82,29.2134,23.4960,22.6157,21.8154,20.9914,43.4519,22.6557
3897,Green|Polymaker Teal|White|Pink,#06924D|#4CC0C7|#EBF7FF|#F1A1AF,30.8642,23.6069,22.6234,21.7230,20.8013,46.3066,22.6649
3898,Green|Cold White|White|Pink,#06924D|#D9DFE5|#EBF7FF|#F1A1AF,30.8631,23.6064,22.6241,21.7246,20.8036,46.3066,22.6655
3899,Azure Blue|Purple|Lime Green|Magenta,#0066D9|#6C47B2|#D5D701|#F24574,34.6027,23.8342,22.4749,21.4984,20.6635,45.3448,22.6663
3900,Tan|Pink|Magenta|Yellow,#A79E82|#F1A1AF|#F24574|#FFE800,26.1454,23.3717,22.6785,21.9765,21.2312,50.7993,22.6741
3901,Green|Cold White|Red|Orange,#06924D|#D9DFE5|#E72F1D|#F67405,31.4340,23.6224,22.5826,21.7473,20.9416,47.0534,22.6849
3902,Grey|Tan|Lime Green|White,#8C9099|#A79E82|#D5D701|#EBF7FF,25.3953,23.3226,22.7263,22.0803,21.3993,47.1463,22.7015
3903,Azure Blue|Dark Grey|Polymaker Teal|Grey,#0066D9|#485259|#4CC0C7|#8C9099,24.4255,22.9090,22.6956,22.5319,22.4163,40.1383,22.7204
3904,Azure Blue|Purple|Grey|Red,#0066D9|#6C47B2|#8C9099|#E72F1D,27.2095,23.5015,22.7502,21.9462,21.0546,41.9140,22.7239
3905,Azure Blue|Green|White|Pink,#0066D9|#06924D|#EBF7FF|#F1A1AF,31.4142,23.5680,22.6316,21.8801,21.1762,43.2785,22.7240
3906,Azure Blue|Grey|Red|Magenta,#0066D9|#8C9099|#E72F1D|#F24574,27.2098,23.5019,22.7505,21.9465,21.0548,41.9186,22.7242
3907,Azure Blue|Purple|Lime Green|Orange,#0066D9|#6C47B2|#D5D701|#F67405,34.1731,23.9101,22.5575,21.5760,20.7359,45.3800,22.7431
3908,Blue|Azure Blue|Dark Grey|Grey,#003776|#0066D9|#485259|#8C9099,24.4538,22.9451,22.7288,22.5587,22.4297,41.7808,22.7519
3909,Azure Blue|Dark Grey|Purple|Grey,#0066D9|#485259|#6C47B2|#8C9099,24.4539,22.9452,22.7289,22.5587,22.4297,41.7808,22.7520
3910,Azure Blue|Polymaker Teal|Grey|Orange,#0066D9|#4CC0C7|#8C9099|#F67405,27.1527,23.5259,22.7576,21.9828,21.1562,45.2126,22.7543
3911,Azure Blue|Polymaker Teal|Tan|Orange,#0066D9|#4CC0C7|#A79E82|#F67405,26.9520,23.5214,22.7612,22.0060,21.2222,45.8731,22.7637
3912,Tan|Cold White|White|Orange,#A79E82|#D9DFE5|#EBF7FF|#F67405,25.7083,23.4840,22.7949,22.0618,21.3080,51.7528,22.7729
3913,Black|Brown|Lime Green|Yellow,#080A0D|#55331A|#D5D701|#FFE800,26.2511,22.6487,22.6593,22.9071,23.2494,55.6957,22.7779
3914,Blue|Azure Blue|Dark Grey|Cold White,#003776|#0066D9|#485259|#D9DFE5,27.0557,23.1090,22.6725,22.4743,22.3700,38.4343,22.7917
3915,Azure Blue|Dark Grey|Purple|Cold White,#0066D9|#485259|#6C47B2|#D9DFE5,27.0558,23.1091,22.6726,22.4744,22.3701,38.4343,22.7917
3916,Azure Blue|Dark Grey|Polymaker Teal|Cold White,#0066D9|#485259|#4CC0C7|#D9DFE5,27.0583,23.1121,22.6757,22.4774,22.3733,38.4359,22.7948
3917,Polymaker Teal|Olive Green|Tan|Lime Green,#4CC0C7|#948902|#A79E82|#D5D701,25.7071,23.5379,22.8499,22.0602,21.1779,48.0749,22.7991
3918,Green|Red|Magenta|Orange,#06924D|#E72F1D|#F24574|#F67405,33.8567,23.8293,22.6681,21.7707,20.9414,45.9117,22.8000
3919,Green|Olive Green|Magenta|Orange,#06924D|#948902|#F24574|#F67405,33.8574,23.8293,22.6684,21.7712,20.9422,45.8964,22.8002
3920,Black|Brown|Olive Green|Yellow,#080A0D|#55331A|#948902|#FFE800,26.2573,22.6706,22.6846,22.9352,23.2801,55.7013,22.8029
3921,Green|Olive Green|Pink|Yellow,#06924D|#948902|#F1A1AF|#FFE800,30.7797,23.6614,22.7336,21.9453,21.1562,45.9403,22.8034
3922,Polymaker Teal|Olive Green|Tan|Orange,#4CC0C7|#948902|#A79E82|#F67405,27.3644,23.6615,22.8213,21.9497,21.0224,49.2125,22.8056
3923,Polymaker Teal|Grey|Pink|Yellow,#4CC0C7|#8C9099|#F1A1AF|#FFE800,27.0781,23.5128,22.8028,22.1061,21.3695,46.1050,22.8095
3924,Polymaker Teal|Purple|Lime Green|Red,#4CC0C7|#6C47B2|#D5D701|#E72F1D,34.5211,23.8553,22.6471,21.7767,20.9816,44.9047,22.8160
3925,Purple|Grey|Lime Green|Pink,#6C47B2|#8C9099|#D5D701|#F1A1AF,33.6314,23.7964,22.6788,21.8663,21.1241,44.3952,22.8313
3926,Azure Blue|Grey|Magenta|Yellow,#0066D9|#8C9099|#F24574|#FFE800,29.1065,23.6603,22.7778,22.0117,21.2614,46.0844,22.8360
3927,Azure Blue|Tan|White|Pink,#0066D9|#A79E82|#EBF7FF|#F1A1AF,25.9708,23.4912,22.8538,22.1948,21.5189,47.2942,22.8430
3928,Tan|Cold White|White|Pink,#A79E82|#D9DFE5|#EBF7FF|#F1A1AF,25.4749,23.5992,22.9099,22.1140,21.2468,51.2336,22.8566
3929,Polymaker Teal|Purple|Olive Green|Yellow,#4CC0C7|#6C47B2|#948902|#FFE800,46.0877,23.9808,22.5842,21.7361,20.9899,41.3538,22.8584
3930,Polymaker Teal|Olive Green|Red|Yellow,#4CC0C7|#948902|#E72F1D|#FFE800,30.4937,23.7413,22.7985,21.9781,21.1357,47.1890,22.8597
3931,Green|Black|Grey|Cold White,#06924D|#080A0D|#8C9099|#D9DFE5,32.8491,23.2609,22.6793,22.4609,22.3579,38.9658,22.8609
3932,Purple|Tan|White|Yellow,#6C47B2|#A79E82|#EBF7FF|#FFE800,33.6405,23.8291,22.7004,21.9032,21.2446,46.7595,22.8661
3933,Grey|Red|White|Orange,#8C9099|#E72F1D|#EBF7FF|#F67405,26.2200,23.4917,22.8724,22.2428,21.5937,44.8582,22.8672
3934,Purple|Tan|Pink|Yellow,#6C47B2|#A79E82|#F1A1AF|#FFE800,32.8199,23.8375,22.7371,21.9202,21.2008,45.4626,22.8789
3935,Azure Blue|Polymaker Teal|Tan|Pink,#0066D9|#4CC0C7|#A79E82|#F1A1AF,26.1913,23.5866,22.9053,22.1860,21.4181,45.8506,22.8863
3936,Grey|White|Magenta|Orange,#8C9099|#EBF7FF|#F24574|#F67405,26.2020,23.5127,22.8967,22.2657,21.6131,45.0397,22.8892
3937,Grey|White|Pink|Orange,#8C9099|#EBF7FF|#F1A1AF|#F67405,26.1924,23.5132,22.8981,22.2670,21.6135,45.0236,22.8901
3938,Grey|Lime Green|Cold White|Yellow,#8C9099|#D5D701|#D9DFE5|#FFE800,26.8880,23.5667,22.8899,22.2221,21.5577,43.8878,22.8944
3939,Green|Cold White|Pink|Yellow,#06924D|#D9DFE5|#F1A1AF|#FFE800,30.6051,23.7018,22.8241,22.1042,21.4369,46.8350,22.9030
3940,Polymaker Teal|Grey|Cold White|Yellow,#4CC0C7|#8C9099|#D9DFE5|#FFE800,26.8318,23.5671,22.9040,22.2458,21.5795,43.9880,22.9065
3941,Green|Grey|Cold White|Yellow,#06924D|#8C9099|#D9DFE5|#FFE800,26.8345,23.5675,22.9043,22.2460,21.5796,43.9732,22.9068
3942,Azure Blue|Polymaker Teal|Lime Green|Red,#0066D9|#4CC0C7|#D5D701|#E72F1D,30.7633,23.9042,22.8629,21.9872,21.1410,46.2763,22.9457
3943,Grey|Cold White|White|Orange,#8C9099|#D9DFE5|#EBF7FF|#F67405,26.2304,23.5659,22.9617,22.3443,21.7034,45.0530,22.9551
3944,Olive Green|Red|Pink|Magenta,#948902|#E72F1D|#F1A1AF|#F24574,35.1144,23.9682,22.8437,21.9462,21.0689,48.4137,22.9572
3945,Green|Lime Green|Pink|Yellow,#06924D|#D5D701|#F1A1AF|#FFE800,30.7375,23.8106,22.8910,22.1044,21.3174,45.9273,22.9575
3946,Purple|Tan|White|Pink,#6C47B2|#A79E82|#EBF7FF|#F1A1AF,29.5870,23.7042,22.8819,22.2144,21.6011,46.3668,22.9593
3947,Azure Blue|Purple|Tan|Yellow,#0066D9|#6C47B2|#A79E82|#FFE800,33.1766,24.0243,22.8345,21.9237,21.1064,45.7577,22.9740
3948,Azure Blue|Olive Green|Lime Green|Cold White,#0066D9|#948902|#D5D701|#D9DFE5,36.9599,23.8748,22.8461,22.0905,21.4383,41.1947,22.9827
3949,Green|Polymaker Teal|Grey|Yellow,#06924D|#4CC0C7|#8C9099|#FFE800,27.1265,23.7487,23.0092,22.2237,21.3684,43.8856,22.9862
3950,Green|Grey|Lime Green|Yellow,#06924D|#8C9099|#D5D701|#FFE800,27.1480,23.7675,23.0189,22.2128,21.3167,43.9126,22.9902
3951,Polymaker Teal|Tan|Lime Green|Cold White,#4CC0C7|#A79E82|#D5D701|#D9DFE5,25.3739,23.6372,23.0226,22.3465,21.6421,48.1062,22.9919
3952,Brown|Magenta|Orange|Yellow,#55331A|#F24574|#F67405|#FFE800,26.3832,23.0795,22.8602,22.9226,23.1240,49.2514,23.0010
3953,Polymaker Teal|Grey|Lime Green|Yellow,#4CC0C7|#8C9099|#D5D701|#FFE800,27.1398,23.7660,23.0265,22.2393,21.3809,43.9109,23.0026
3954,Polymaker Teal|Tan|Pink|Magenta,#4CC0C7|#A79E82|#F1A1AF|#F24574,27.1787,23.8050,23.0226,22.2099,21.3345,48.9337,23.0074
3955,Polymaker Teal|Tan|Cold White|Orange,#4CC0C7|#A79E82|#D9DFE5|#F67405,26.9236,23.7577,23.0175,22.2918,21.5514,49.4445,23.0248
3956,Green|Lime Green|Magenta|Orange,#06924D|#D5D701|#F24574|#F67405,33.9325,23.9839,22.8852,22.0719,21.3435,48.1815,23.0279
3957,Polymaker Teal|Purple|Grey|Orange,#4CC0C7|#6C47B2|#8C9099|#F67405,28.7957,23.7837,22.9834,22.2732,21.5681,44.1489,23.0284
3958,Purple|Lime Green|Orange|Yellow,#6C47B2|#D5D701|#F67405|#FFE800,40.7623,24.6272,22.6970,21.4377,20.4164,45.3701,23.0324
3959,Blue|Polymaker Teal|Grey|Red,#003776|#4CC0C7|#8C9099|#E72F1D,29.1761,23.7843,22.9906,22.2991,21.6257,37.1058,23.0417
3960,Grey|White|Pink|Yellow,#8C9099|#EBF7FF|#F1A1AF|#FFE800,27.0929,23.6672,23.0131,22.4220,21.8621,46.4922,23.0446
3961,Green|Black|Polymaker Teal|Lime Green,#06924D|#080A0D|#4CC0C7|#D5D701,36.8097,23.5344,22.7153,22.5553,22.5952,31.9498,23.0448
3962,Polymaker Teal|Tan|Lime Green|Orange,#4CC0C7|#A79E82|#D5D701|#F67405,27.1314,23.8646,23.0580,22.2274,21.3597,49.4456,23.0460
3963,Tan|Lime Green|Cold White|Pink,#A79E82|#D5D701|#D9DFE5|#F1A1AF,26.1259,23.6990,23.0473,22.3980,21.7494,48.7523,23.0485
3964,Green|Polymaker Teal|Lime Green|Orange,#06924D|#4CC0C7|#D5D701|#F67405,29.8386,23.8873,22.9967,22.2107,21.3991,47.1168,23.0490
3965,Green|Black|Brown|Lime Green,#06924D|#080A0D|#55331A|#D5D701,26.8246,22.9905,22.9190,23.1465,23.4920,55.8715,23.0685
3966,Polymaker Teal|Tan|Orange|Yellow,#4CC0C7|#A79E82|#F67405|#FFE800,27.1050,23.8678,23.0775,22.2702,21.4358,49.4651,23.0690
3967,Olive Green|Tan|Pink|Yellow,#948902|#A79E82|#F1A1AF|#FFE800,27.4669,23.7916,23.0743,22.3626,21.6109,50.9285,23.0771
3968,Olive Green|Cold White|Red|Magenta,#948902|#D9DFE5|#E72F1D|#F24574,37.9651,24.1259,22.8989,22.0347,21.2287,50.5642,23.0803
3969,Azure Blue|Green|Olive Green|Lime Green,#0066D9|#06924D|#948902|#D5D701,37.2403,24.0537,22.9708,22.1258,21.3244,41.2134,23.0897
3970,Azure Blue|Polymaker Teal|Olive Green|Lime Green,#0066D9|#4CC0C7|#948902|#D5D701,37.2382,24.0576,22.9758,22.1314,21.3302,41.2072,23.0945
3971,Green|Polymaker Teal|Tan|Lime Green,#06924D|#4CC0C7|#A79E82|#D5D701,25.5423,23.8222,23.1595,22.3834,21.5144,48.0685,23.1028
3972,Brown|Olive Green|Lime Green|Yellow,#55331A|#948902|#D5D701|#FFE800,26.2878,23.1139,22.9938,23.1088,23.3336,55.8016,23.1114
3973,Blue|Brown|Olive Green|Red,#003776|#55331A|#948902|#E72F1D,29.8584,23.6583,22.7786,22.5808,22.7360,60.9784,23.1195
3974,Azure Blue|Grey|White|Orange,#0066D9|#8C9099|#EBF7FF|#F67405,26.4293,23.7173,23.1226,22.5297,21.9277,45.1982,23.1235
3975,Azure Blue|Lime Green|Orange|Yellow,#0066D9|#D5D701|#F67405|#FFE800,30.8141,24.1087,23.0342,22.1499,21.3195,46.2858,23.1293
3976,Polymaker Teal|Purple|Tan|White,#4CC0C7|#6C47B2|#A79E82|#EBF7FF,30.5326,23.8973,23.0631,22.3881,21.7505,45.4692,23.1427
3977,Purple|Tan|Cold White|White,#6C47B2|#A79E82|#D9DFE5|#EBF7FF,30.5321,23.8975,23.0640,22.3893,21.7517,45.4692,23.1434
3978,Green|Lime Green|White|Pink,#06924D|#D5D701|#EBF7FF|#F1A1AF,30.4150,23.8947,23.0876,22.4330,21.8373,46.9727,23.1639
3979,Green|Black|Cold White|White,#06924D|#080A0D|#D9DFE5|#EBF7FF,34.6600,23.5412,22.9924,22.8510,22.8497,38.6456,23.1961
3980,Green|Black|Polymaker Teal|White,#06924D|#080A0D|#4CC0C7|#EBF7FF,34.6616,23.5485,23.0004,22.8606,22.8618,38.6456,23.2045
3981,Green|Magenta|Orange|Yellow,#06924D|#F24574|#F67405|#FFE800,33.9409,24.1281,23.0598,22.2827,21.6002,45.9988,23.2054
3982,Green|Polymaker Teal|Orange|Yellow,#06924D|#4CC0C7|#F67405|#FFE800,29.8262,24.0143,23.1563,22.3981,21.6249,46.9720,23.2062
3983,Purple|Grey|Tan|White,#6C47B2|#8C9099|#A79E82|#EBF7FF,30.3058,23.9430,23.1295,22.4699,21.8453,45.3563,23.2064
3984,Blue|Green|Black|White,#003776|#06924D|#080A0D|#EBF7FF,34.6742,23.5774,23.0294,22.8906,22.8909,38.6456,23.2340
3985,Azure Blue|Green|Black|White,#0066D9|#06924D|#080A0D|#EBF7FF,34.6896,23.5952,23.0440,22.9013,22.8996,38.6750,23.2482
3986,Green|Brown|Olive Green|Lime Green,#06924D|#55331A|#948902|#D5D701,27.2269,23.3426,23.0960,23.1737,23.4063,55.8013,23.2582
3987,Purple|Grey|Magenta|Yellow,#6C47B2|#8C9099|#F24574|#FFE800,33.0015,24.1794,23.1602,22.3897,21.6648,44.7104,23.2845
3988,Blue|Black|Polymaker Teal|Cold White,#003776|#080A0D|#4CC0C7|#D9DFE5,40.1180,23.9903,22.8766,22.5808,22.5017,40.0899,23.2855
3989,Black|Brown|Olive Green|Lime Green,#080A0D|#55331A|#948902|#D5D701,26.7612,23.1795,23.1600,23.3979,23.7357,57.3938,23.2887
3990,Black|Polymaker Teal|Purple|Cold White,#080A0D|#4CC0C7|#6C47B2|#D9DFE5,40.1185,23.9995,22.8861,22.5888,22.5084,40.0899,23.2941
3991,Olive Green|Tan|Cold White|White,#948902|#A79E82|#D9DFE5|#EBF7FF,27.8564,24.1161,23.3540,22.5106,21.6050,50.0648,23.3134
3992,Polymaker Teal|Grey|Pink|Orange,#4CC0C7|#8C9099|#F1A1AF|#F67405,27.6126,24.1234,23.3498,22.5461,21.6670,45.4933,23.3348
3993,Polymaker Teal|Olive Green|Tan|White,#4CC0C7|#948902|#A79E82|#EBF7FF,27.9151,24.1398,23.3793,22.5416,21.6459,50.2005,23.3407
3994,Blue|Green|Black|Grey,#003776|#06924D|#080A0D|#8C9099,33.1646,23.7655,23.1800,22.9394,22.8002,39.0983,23.3525
3995,Polymaker Teal|Tan|Pink|Orange,#4CC0C7|#A79E82|#F1A1AF|#F67405,27.3402,24.1801,23.3860,22.5463,21.6484,49.9412,23.3632
3996,Green|Black|Polymaker Teal|Grey,#06924D|#080A0D|#4CC0C7|#8C9099,33.1782,23.7774,23.2040,22.9892,22.8981,39.0986,23.3833
3997,Azure Blue|Grey|Tan|White,#0066D9|#8C9099|#A79E82|#EBF7FF,26.1765,24.0049,23.4085,22.7673,22.0929,46.6840,23.3861
3998,Green|Olive Green|Tan|White,#06924D|#948902|#A79E82|#EBF7FF,27.8550,24.1660,23.4249,22.6218,21.7709,49.9973,23.3939
3999,Azure Blue|Green|Lime Green|Pink,#0066D9|#06924D|#D5D701|#F1A1AF,31.7795,24.2714,23.3146,22.5456,21.7947,43.4277,23.4085
4000,Blue|Purple|Cold White|Orange,#003776|#6C47B2|#D9DFE5|#F67405,30.9267,24.0112,23.2890,22.8086,22.4002,35.7120,23.4099
4001,Blue|Cold White|Magenta|Orange,#003776|#D9DFE5|#F24574|#F67405,30.9313,24.0149,23.2923,22.8113,22.4026,35.7597,23.4131
4002,Blue|Polymaker Teal|Cold White|Red,#003776|#4CC0C7|#D9DFE5|#E72F1D,30.8711,24.1057,23.3135,22.7282,22.2205,37.7552,23.4170
4003,Blue|Cold White|Red|Orange,#003776|#D9DFE5|#E72F1D|#F67405,30.9338,24.0225,23.3006,22.8203,22.4114,35.7112,23.4214
4004,Polymaker Teal|Lime Green|Red|Yellow,#4CC0C7|#D5D701|#E72F1D|#FFE800,30.2599,24.2908,23.3734,22.5582,21.7177,47.6077,23.4245
4005,Polymaker Teal|Olive Green|Cold White|Orange,#4CC0C7|#948902|#D9DFE5|#F67405,31.8804,24.2829,23.3712,22.5801,21.7978,49.0842,23.4315
4006,Polymaker Teal|Grey|Lime Green|Cold White,#4CC0C7|#8C9099|#D5D701|#D9DFE5,27.6591,24.1165,23.4408,22.7713,22.0904,43.4682,23.4439
4007,Green|Grey|Lime Green|Cold White,#06924D|#8C9099|#D5D701|#D9DFE5,27.6645,24.1165,23.4406,22.7713,22.0907,43.4429,23.4439
4008,Azure Blue|Purple|Tan|White,#0066D9|#6C47B2|#A79E82|#EBF7FF,30.1252,24.1919,23.4051,22.7454,22.1178,46.0093,23.4686
4009,Blue|Polymaker Teal|Purple|Red,#003776|#4CC0C7|#6C47B2|#E72F1D,31.1236,24.2347,23.3891,22.7092,22.0631,37.4466,23.4720
4010,Grey|Lime Green|White|Pink,#8C9099|#D5D701|#EBF7FF|#F1A1AF,27.6793,24.1098,23.4572,22.8559,22.2799,46.8735,23.4829
4011,Blue|Black|Dark Grey|Magenta,#003776|#080A0D|#485259|#F24574,29.4130,23.6382,23.3322,23.3380,23.4868,59.5655,23.4881
4012,Black|Dark Grey|Purple|Magenta,#080A0D|#485259|#6C47B2|#F24574,29.4130,23.6382,23.3322,23.3380,23.4868,59.5655,23.4881
4013,Blue|Polymaker Teal|Red|Magenta,#003776|#4CC0C7|#E72F1D|#F24574,31.1363,24.2517,23.4066,22.7259,22.0787,37.4594,23.4888
4014,Azure Blue|Grey|Tan|Lime Green,#0066D9|#8C9099|#A79E82|#D5D701,27.5150,24.2624,23.5090,22.7187,21.8661,45.7739,23.4906
4015,Blue|Dark Grey|Purple|Magenta,#003776|#485259|#6C47B2|#F24574,29.0944,23.8803,23.3828,23.1136,22.9798,59.5496,23.4970
4016,Azure Blue|Green|Tan|White,#0066D9|#06924D|#A79E82|#EBF7FF,27.2716,24.1400,23.5077,22.8783,22.2347,45.7666,23.5092
4017,Blue|Azure Blue|Polymaker Teal|Red,#003776|#0066D9|#4CC0C7|#E72F1D,31.1462,24.2871,23.4422,22.7613,22.1120,37.5651,23.5242
4018,Green|White|Pink|Yellow,#06924D|#EBF7FF|#F1A1AF|#FFE800,30.8463,24.2688,23.4411,22.7828,22.1879,48.3076,23.5258
4019,Polymaker Teal|Cold White|Red|Yellow,#4CC0C7|#D9DFE5|#E72F1D|#FFE800,30.0412,24.3078,23.4928,22.8081,22.1551,47.6550,23.5580
4020,Green|Polymaker Teal|Grey|Lime Green,#06924D|#4CC0C7|#8C9099|#D5D701,27.9473,24.3445,23.6013,22.8059,21.9205,43.4470,23.5752
4021,Azure Blue|Black|Purple|Cold White,#0066D9|#080A0D|#6C47B2|#D9DFE5,40.2724,24.2481,23.2029,22.9234,22.8267,39.6420,23.5857
4022,Blue|Azure Blue|Black|Cold White,#003776|#0066D9|#080A0D|#D9DFE5,40.2726,24.2482,23.2031,22.9235,22.8269,39.6420,23.5859
4023,Green|Black|Dark Grey|Cold White,#06924D|#080A0D|#485259|#D9DFE5,31.1213,24.1645,23.4058,23.0236,22.7858,39.8515,23.5940
4024,Green|Black|Purple|Grey,#06924D|#080A0D|#6C47B2|#8C9099,33.8288,24.1112,23.4084,23.1056,22.9314,39.0389,23.6084
4025,Purple|Lime Green|Red|Magenta,#6C47B2|#D5D701|#E72F1D|#F24574,40.2911,25.2831,23.3417,21.9489,20.7884,45.7510,23.6160
4026,Azure Blue|Green|Black|Grey,#0066D9|#06924D|#080A0D|#8C9099,33.4318,24.0447,23.4644,23.2401,23.1314,42.3645,23.6424
4027,Blue|Purple|White|Yellow,#003776|#6C47B2|#EBF7FF|#FFE800,35.6889,24.5113,23.4593,22.8050,22.3117,40.1271,23.6581
4028,Azure Blue|Polymaker Teal|Tan|White,#0066D9|#4CC0C7|#A79E82|#EBF7FF,26.6040,24.3083,23.6938,23.0313,22.3286,47.6495,23.6698
4029,Azure Blue|Tan|Cold White|White,#0066D9|#A79E82|#D9DFE5|#EBF7FF,26.6033,24.3084,23.6948,23.0326,22.3300,47.6495,23.6705
4030,Black|Brown|Red|Yellow,#080A0D|#55331A|#E72F1D|#FFE800,27.3656,23.5245,23.5330,23.8167,24.2126,56.2573,23.6706
4031,Green|Olive Green|White|Orange,#06924D|#948902|#EBF7FF|#F67405,31.6158,24.5869,23.6201,22.8111,22.0445,48.5208,23.6990
4032,Green|Black|Purple|White,#06924D|#080A0D|#6C47B2|#EBF7FF,35.7809,24.1779,23.4559,23.2215,23.1735,38.9030,23.6997
4033,Azure Blue|Grey|Lime Green|Pink,#0066D9|#8C9099|#D5D701|#F1A1AF,29.0113,24.4707,23.6701,22.9470,22.2028,46.6608,23.7089
4034,Green|Olive Green|Tan|Yellow,#06924D|#948902|#A79E82|#FFE800,26.1994,24.4095,23.7593,23.0101,22.1782,47.5005,23.7098
4035,Green|Cold White|White|Orange,#06924D|#D9DFE5|#EBF7FF|#F67405,31.0991,24.5972,23.6473,22.8301,22.0492,48.5309,23.7137
4036,Polymaker Teal|Lime Green|Red|Magenta,#4CC0C7|#D5D701|#E72F1D|#F24574,30.9126,24.5972,23.6585,22.8371,21.9921,47.3614,23.7172
4037,Olive Green|Tan|Lime Green|Yellow,#948902|#A79E82|#D5D701|#FFE800,26.1294,24.4271,23.7730,23.0091,22.1530,47.8764,23.7181
4038,Azure Blue|Dark Grey|Brown|Purple,#0066D9|#485259|#55331A|#6C47B2,27.1277,23.6198,23.5660,23.8799,24.4002,75.3614,23.7498
4039,Azure Blue|Black|Dark Grey|Brown,#0066D9|#080A0D|#485259|#55331A,26.8872,23.5047,23.5728,24.0210,24.6371,75.3618,23.7629
4040,Azure Blue|Black|Dark Grey|Magenta,#0066D9|#080A0D|#485259|#F24574,29.5922,23.8770,23.6026,23.6597,23.8708,61.7380,23.7683
4041,Green|Purple|Grey|Lime Green,#06924D|#6C47B2|#8C9099|#D5D701,35.9676,24.7714,23.6097,22.7734,22.0111,42.0401,23.7724
4042,Green|Tan|Lime Green|Yellow,#06924D|#A79E82|#D5D701|#FFE800,26.1623,24.4759,23.8305,23.0821,22.2513,47.5192,23.7790
4043,Blue|Azure Blue|Dark Grey|Magenta,#003776|#0066D9|#485259|#F24574,29.2749,24.1222,23.6561,23.4388,23.3693,61.7130,23.7805
4044,Azure Blue|Dark Grey|Purple|Magenta,#0066D9|#485259|#6C47B2|#F24574,29.2749,24.1222,23.6561,23.4388,23.3693,61.7130,23.7805
4045,Blue|Azure Blue|Dark Grey|Brown,#003776|#0066D9|#485259|#55331A,27.1642,23.6422,23.6036,23.9361,24.4691,75.3614,23.7892
4046,Azure Blue|Green|Tan|Lime Green,#0066D9|#06924D|#A79E82|#D5D701,28.3633,24.5440,23.7888,23.0436,22.2623,44.6386,23.7938
4047,Black|Magenta|Orange|Yellow,#080A0D|#F24574|#F67405|#FFE800,37.0445,24.1137,23.5274,23.5277,23.7396,49.4099,23.8207
4048,Azure Blue|Tan|Lime Green|Pink,#0066D9|#A79E82|#D5D701|#F1A1AF,28.3818,24.5833,23.8037,23.0629,22.3093,47.4714,23.8231
4049,Blue|Azure Blue|Purple|Lime Green,#003776|#0066D9|#6C47B2|#D5D701,36.9575,24.8962,23.6280,22.7668,22.0449,39.2611,23.8315
4050,Azure Blue|Grey|Tan|Yellow,#0066D9|#8C9099|#A79E82|#FFE800,28.1155,24.6196,23.8340,23.0481,22.2325,46.5531,23.8338
4051,Polymaker Teal|Tan|Cold White|Pink,#4CC0C7|#A79E82|#D9DFE5|#F1A1AF,26.8407,24.5385,23.8608,23.1323,22.3585,50.1941,23.8354
4052,Azure Blue|Lime Green|Cold White|Magenta,#0066D9|#D5D701|#D9DFE5|#F24574,31.8830,24.7108,23.7158,22.9745,22.3583,46.8240,23.8427
4053,Green|Black|Dark Grey|White,#06924D|#080A0D|#485259|#EBF7FF,31.2759,24.1018,23.7140,23.5902,23.5462,37.7529,23.8460
4054,Green|Polymaker Teal|White|Orange,#06924D|#4CC0C7|#EBF7FF|#F67405,30.8899,24.7165,23.7897,22.9906,22.2249,48.7474,23.8535
4055,Purple|Grey|Lime Green|Cold White,#6C47B2|#8C9099|#D5D701|#D9DFE5,35.5547,24.8014,23.6809,22.9064,22.2559,43.9514,23.8539
4056,Purple|Grey|Pink|Yellow,#6C47B2|#8C9099|#F1A1AF|#FFE800,33.6767,24.7544,23.7218,22.9675,22.2890,45.2883,23.8610
4057,Green|Purple|Grey|Yellow,#06924D|#6C47B2|#8C9099|#FFE800,35.5177,24.8149,23.7112,22.9158,22.1908,42.4785,23.8653
4058,Purple|Grey|White|Orange,#6C47B2|#8C9099|#EBF7FF|#F67405,28.4176,24.4558,23.8338,23.2889,22.7785,45.2884,23.8724
4059,Blue|Grey|Red|White,#003776|#8C9099|#E72F1D|#EBF7FF,29.3422,24.3799,23.8101,23.3700,22.9869,36.7900,23.8749
4060,Azure Blue|Tan|Lime Green|Cold White,#0066D9|#A79E82|#D5D701|#D9DFE5,27.9149,24.5568,23.8724,23.2194,22.5725,46.2586,23.8881
4061,Tan|Lime Green|White|Pink,#A79E82|#D5D701|#EBF7FF|#F1A1AF,26.8310,24.5068,23.8945,23.2833,22.6759,52.3143,23.8951
4062,Olive Green|Tan|Lime Green|White,#948902|#A79E82|#D5D701|#EBF7FF,27.7259,24.5829,23.9225,23.2129,22.4723,50.4538,23.8979
4063,Blue|Green|Dark Grey|Cold White,#003776|#06924D|#485259|#D9DFE5,30.6281,24.5184,23.7309,23.3046,23.0353,39.8617,23.9115
4064,Polymaker Teal|Grey|Cold White|Red,#4CC0C7|#8C9099|#D9DFE5|#E72F1D,29.0986,24.6918,23.8983,23.1494,22.4034,43.7724,23.9206
4065,Brown|Lime Green|Magenta|Orange,#55331A|#D5D701|#F24574|#F67405,26.8952,23.9910,23.8024,23.8928,24.1271,51.6249,23.9419
4066,Green|Dark Grey|Polymaker Teal|Cold White,#06924D|#485259|#4CC0C7|#D9DFE5,30.5796,24.5465,23.7698,23.3508,23.0868,39.8535,23.9486
4067,Azure Blue|Polymaker Teal|Tan|Lime Green,#0066D9|#4CC0C7|#A79E82|#D5D701,28.1570,24.7387,23.9803,23.1958,22.3568,46.2577,23.9673
4068,Green|Dark Grey|Grey|White,#06924D|#485259|#8C9099|#EBF7FF,28.3299,24.3274,23.8912,23.6221,23.4361,37.2015,23.9748
4069,Tan|Lime Green|Pink|Yellow,#A79E82|#D5D701|#F1A1AF|#FFE800,26.8891,24.6529,23.9961,23.3002,22.5481,51.1490,23.9765
4070,Blue|Grey|Red|Pink,#003776|#8C9099|#E72F1D|#F1A1AF,28.3403,24.4971,23.9525,23.4581,22.9644,36.0524,23.9776
4071,Polymaker Teal|Purple|Grey|Lime Green,#4CC0C7|#6C47B2|#8C9099|#D5D701,35.8095,25.0290,23.8399,22.9372,22.0850,43.9473,23.9831
4072,Azure Blue|Lime Green|Cold White|Orange,#0066D9|#D5D701|#D9DFE5|#F67405,30.8608,24.7994,23.9051,23.1986,22.5696,45.7956,23.9990
4073,Brown|Lime Green|Red|Yellow,#55331A|#D5D701|#E72F1D|#FFE800,27.1068,23.9789,23.8648,24.0216,24.3087,56.2365,24.0002
4074,Azure Blue|Purple|Orange|Yellow,#0066D9|#6C47B2|#F67405|#FFE800,33.6540,25.0486,23.8550,22.9525,22.1465,47.0422,24.0006
4075,Brown|Olive Green|Red|Yellow,#55331A|#948902|#E72F1D|#FFE800,27.1169,24.0029,23.8919,24.0530,24.3455,56.5055,24.0279
4076,Polymaker Teal|Olive Green|Magenta|Yellow,#4CC0C7|#948902|#F24574|#FFE800,33.5301,24.9257,23.9574,23.1348,22.3104,48.8118,24.0302
4077,Polymaker Teal|Olive Green|Lime Green|Orange,#4CC0C7|#948902|#D5D701|#F67405,31.8330,24.8697,24.0042,23.2243,22.3973,49.0901,24.0470
4078,Purple|Lime Green|Red|White,#6C47B2|#D5D701|#E72F1D|#EBF7FF,37.9924,25.1553,23.8010,22.9522,22.3536,47.3862,24.0538
4079,Green|Dark Grey|Cold White|White,#06924D|#485259|#D9DFE5|#EBF7FF,28.4431,24.4077,23.9711,23.7031,23.5182,37.2788,24.0554
4080,Purple|Lime Green|Red|Pink,#6C47B2|#D5D701|#E72F1D|#F1A1AF,37.5155,25.1929,23.8671,22.9317,22.1414,45.2434,24.0623
4081,Green|Dark Grey|Polymaker Teal|White,#06924D|#485259|#4CC0C7|#EBF7FF,28.4512,24.4204,23.9849,23.7181,23.5349,37.2788,24.0692
4082,Polymaker Teal|Grey|Red|Magenta,#4CC0C7|#8C9099|#E72F1D|#F24574,29.5232,24.9905,24.1118,23.2164,22.2597,43.7721,24.1035
4083,Green|Tan|Cold White|White,#06924D|#A79E82|#D9DFE5|#EBF7FF,26.6228,24.8180,24.1660,23.4096,22.5858,50.5611,24.1138
4084,Green|Polymaker Teal|Tan|White,#06924D|#4CC0C7|#A79E82|#EBF7FF,26.6259,24.8204,24.1679,23.4113,22.5876,50.5611,24.1158
4085,Green|Dark Grey|Purple|Cold White,#06924D|#485259|#6C47B2|#D9DFE5,31.4721,24.8087,23.9151,23.4416,23.1493,39.8306,24.1251
4086,Azure Blue|Green|Dark Grey|White,#0066D9|#06924D|#485259|#EBF7FF,28.5088,24.4815,24.0446,23.7765,23.5910,37.3121,24.1290
4087,Polymaker Teal|Purple|Grey|Red,#4CC0C7|#6C47B2|#8C9099|#E72F1D,29.6751,25.0040,24.1380,23.2748,22.3670,43.6004,24.1394
4088,Blue|Green|Dark Grey|White,#003776|#06924D|#485259|#EBF7FF,28.5779,24.4959,24.0577,23.7893,23.6034,37.3021,24.1426
4089,Olive Green|Tan|Cold White|Yellow,#948902|#A79E82|#D9DFE5|#FFE800,26.6378,24.8109,24.1795,23.4843,22.7616,48.7004,24.1476
4090,Blue|Purple|Lime Green|White,#003776|#6C47B2|#D5D701|#EBF7FF,37.9556,25.0490,23.9279,23.2621,22.7596,41.0279,24.1556
4091,Olive Green|Lime Green|White|Magenta,#948902|#D5D701|#EBF7FF|#F24574,35.4826,25.0180,24.0320,23.2939,22.6611,51.0586,24.1560
4092,Azure Blue|Polymaker Teal|Grey|Red,#0066D9|#4CC0C7|#8C9099|#E72F1D,29.5509,25.0274,24.1622,23.2889,22.3608,44.0624,24.1581
4093,Green|Cold White|Red|Yellow,#06924D|#D9DFE5|#E72F1D|#FFE800,32.4889,24.9803,24.0836,23.3752,22.7126,48.3420,24.1777
4094,Azure Blue|Lime Green|Pink|Orange,#0066D9|#D5D701|#F1A1AF|#F67405,31.0651,25.0852,24.0966,23.2782,22.5044,47.1529,24.1817
4095,Azure Blue|Green|Pink|Yellow,#0066D9|#06924D|#F1A1AF|#FFE800,32.5143,25.0486,24.0860,23.3179,22.5836,43.9889,24.1832
4096,Green|Dark Grey|Grey|Cold White,#06924D|#485259|#8C9099|#D9DFE5,29.2267,24.6123,24.0879,23.7620,23.5261,38.8666,24.1871
4097,Polymaker Teal|Tan|White|Pink,#4CC0C7|#A79E82|#EBF7FF|#F1A1AF,27.0773,24.8933,24.2197,23.4820,22.6981,52.3667,24.1876
4098,Purple|Grey|Red|Pink,#6C47B2|#8C9099|#E72F1D|#F1A1AF,27.9161,24.8889,24.2214,23.4998,22.7086,42.7900,24.1944
4099,Polymaker Teal|Tan|Cold White|White,#4CC0C7|#A79E82|#D9DFE5|#EBF7FF,26.3630,24.9477,24.2910,23.5014,22.6311,52.0476,24.2245
4100,Green|Tan|Cold White|Yellow,#06924D|#A79E82|#D9DFE5|#FFE800,26.6202,24.8755,24.2558,23.5778,22.8766,48.3145,24.2266
4101,Tan|Lime Green|Cold White|Yellow,#A79E82|#D5D701|#D9DFE5|#FFE800,26.5613,24.9220,24.3008,23.6120,22.8962,48.7843,24.2670
4102,Polymaker Teal|Olive Green|White|Orange,#4CC0C7|#948902|#EBF7FF|#F67405,34.3552,25.1789,24.1866,23.3909,22.6566,50.3709,24.2849
4103,Polymaker Teal|Purple|Lime Green|Orange,#4CC0C7|#6C47B2|#D5D701|#F67405,34.2291,25.2485,24.1579,23.3218,22.5478,45.2398,24.2851
4104,Purple|Lime Green|Pink|Orange,#6C47B2|#D5D701|#F1A1AF|#F67405,37.4304,25.5165,24.0962,23.0729,22.2068,45.5089,24.2947
4105,Tan|Cold White|Pink|Yellow,#A79E82|#D9DFE5|#F1A1AF|#FFE800,27.1176,24.9148,24.3033,23.6812,23.0439,52.0516,24.2980
4106,Purple|Grey|Lime Green|Yellow,#6C47B2|#8C9099|#D5D701|#FFE800,35.5175,25.3198,24.1766,23.3077,22.4943,44.8119,24.3137
4107,Polymaker Teal|Tan|White|Orange,#4CC0C7|#A79E82|#EBF7FF|#F67405,27.9557,25.0493,24.3420,23.6318,22.9144,52.8630,24.3406
4108,Purple|Grey|Cold White|Yellow,#6C47B2|#8C9099|#D9DFE5|#FFE800,35.1202,25.2421,24.1889,23.4542,22.8426,45.0243,24.3482
4109,Black|Brown|Lime Green|Red,#080A0D|#55331A|#D5D701|#E72F1D,28.4343,24.2537,24.1897,24.4647,24.8739,55.8647,24.3592
4110,Purple|Lime Green|Pink|Magenta,#6C47B2|#D5D701|#F1A1AF|#F24574,37.8206,25.4928,24.1695,23.2312,22.4388,45.3829,24.3620
4111,Green|White|Orange|Yellow,#06924D|#EBF7FF|#F67405|#FFE800,31.3449,25.1757,24.3580,23.7092,23.1247,48.8167,24.4424
4112,Polymaker Teal|Purple|Grey|Yellow,#4CC0C7|#6C47B2|#8C9099|#FFE800,35.3564,25.4319,24.3139,23.4612,22.6653,45.0375,24.4465
4113,Azure Blue|Green|Tan|Yellow,#0066D9|#06924D|#A79E82|#FFE800,29.4749,25.2131,24.4288,23.6891,22.9383,45.1632,24.4511
4114,Green|Lime Green|White|Orange,#06924D|#D5D701|#EBF7FF|#F67405,31.3131,25.1938,24.3817,23.7266,23.1287,48.8077,24.4602
4115,Black|Brown|Orange|Yellow,#080A0D|#55331A|#F67405|#FFE800,27.7025,24.2831,24.3445,24.6442,25.0466,57.7872,24.4637
4116,Polymaker Teal|Olive Green|Lime Green|Pink,#4CC0C7|#948902|#D5D701|#F1A1AF,34.3168,25.3217,24.4333,23.6785,22.9125,49.6847,24.5001
4117,Polymaker Teal|Lime Green|Red|Orange,#4CC0C7|#D5D701|#E72F1D|#F67405,30.1096,25.3081,24.4988,23.7280,22.9037,48.2912,24.5181
4118,Azure Blue|Polymaker Teal|Lime Green|Magenta,#0066D9|#4CC0C7|#D5D701|#F24574,32.4879,25.4636,24.4393,23.5854,22.7773,47.9200,24.5245
4119,Green|Black|Dark Grey|Grey,#06924D|#080A0D|#485259|#8C9099,31.1515,24.9276,24.4264,24.1512,23.9369,39.3640,24.5394
4120,Tan|White|Pink|Yellow,#A79E82|#EBF7FF|#F1A1AF|#FFE800,27.3136,25.1516,24.5601,23.9797,23.3949,53.8028,24.5656
4121,Polymaker Teal|Red|Orange|Yellow,#4CC0C7|#E72F1D|#F67405|#FFE800,30.2046,25.3485,24.5483,23.7946,23.0041,48.0990,24.5716
4122,Azure Blue|Lime Green|Red|Yellow,#0066D9|#D5D701|#E72F1D|#FFE800,32.0526,25.4342,24.4796,23.7135,23.0276,47.0478,24.5739
4123,Polymaker Teal|Purple|Lime Green|Magenta,#4CC0C7|#6C47B2|#D5D701|#F24574,37.0642,25.5736,24.3965,23.5793,22.8512,45.8936,24.5765
4124,Polymaker Teal|Grey|White|Orange,#4CC0C7|#8C9099|#EBF7FF|#F67405,28.0989,25.2420,24.5993,23.9624,23.3154,46.2709,24.6022
4125,Purple|Lime Green|White|Magenta,#6C47B2|#D5D701|#EBF7FF|#F24574,38.8198,25.6696,24.3698,23.5425,22.9458,47.6952,24.6060
4126,Polymaker Teal|Olive Green|Orange|Yellow,#4CC0C7|#948902|#F67405|#FFE800,31.6223,25.4103,24.5933,23.8442,23.0591,49.7975,24.6273
4127,Grey|Cold White|Red|Pink,#8C9099|#D9DFE5|#E72F1D|#F1A1AF,28.0696,25.2583,24.6511,24.0524,23.4433,42.5324,24.6553
4128,Green|Tan|Lime Green|White,#06924D|#A79E82|#D5D701|#EBF7FF,27.1520,25.2818,24.6971,24.0605,23.3968,50.9951,24.6712
4129,Grey|Red|Pink|Magenta,#8C9099|#E72F1D|#F1A1AF|#F24574,28.1566,25.3717,24.7081,23.9808,23.1785,42.5061,24.6763
4130,Azure Blue|Purple|Red|Yellow,#0066D9|#6C47B2|#E72F1D|#FFE800,35.3591,25.7608,24.5201,23.6434,22.9280,47.2664,24.7021
4131,Green|Dark Grey|Polymaker Teal|Grey,#06924D|#485259|#4CC0C7|#8C9099,29.5851,25.1446,24.6205,24.2865,24.0448,39.0266,24.7156
4132,Purple|Lime Green|Red|Yellow,#6C47B2|#D5D701|#E72F1D|#FFE800,41.1564,26.1583,24.4306,23.2905,22.3742,46.3499,24.7244
4133,Black|Brown|Lime Green|Orange,#080A0D|#55331A|#D5D701|#F67405,27.8620,24.5886,24.6223,24.9038,25.2888,56.8962,24.7462
4134,Azure Blue|Tan|Lime Green|White,#0066D9|#A79E82|#D5D701|#EBF7FF,28.4387,25.4227,24.7519,24.0853,23.4081,49.4943,24.7540
4135,Azure Blue|Black|Polymaker Teal|Cold White,#0066D9|#080A0D|#4CC0C7|#D9DFE5,40.2963,25.4262,24.4032,24.0879,23.9561,40.0174,24.7571
4136,Azure Blue|Grey|Red|Pink,#0066D9|#8C9099|#E72F1D|#F1A1AF,28.2148,25.4367,24.7869,24.0797,23.3001,42.9444,24.7582
4137,Purple|Lime Green|Cold White|Pink,#6C47B2|#D5D701|#D9DFE5|#F1A1AF,37.7691,25.7188,24.5526,23.8012,23.2135,45.6991,24.7600
4138,Azure Blue|Purple|Grey|Lime Green,#0066D9|#6C47B2|#8C9099|#D5D701,36.6844,25.8276,24.6250,23.7065,22.8462,45.0523,24.7670
4139,Blue|Polymaker Teal|Red|White,#003776|#4CC0C7|#E72F1D|#EBF7FF,31.6616,25.4193,24.6800,24.1200,23.6425,37.9290,24.7696
4140,Olive Green|Cold White|Pink|Orange,#948902|#D9DFE5|#F1A1AF|#F67405,36.8591,25.6964,24.6602,23.8647,23.1091,52.2561,24.7806
4141,Blue|Green|Dark Grey|Grey,#003776|#06924D|#485259|#8C9099,29.7567,25.2341,24.6919,24.3273,24.0314,39.0551,24.7807
4142,Polymaker Teal|Olive Green|Tan|Yellow,#4CC0C7|#948902|#A79E82|#FFE800,27.4940,25.4756,24.8277,24.0948,23.2874,50.0430,24.7852
4143,Brown|Olive Green|Lime Green|Red,#55331A|#948902|#D5D701|#E72F1D,28.1805,24.7876,24.6191,24.7846,25.1039,56.4628,24.7861
4144,Polymaker Teal|Red|Magenta|Orange,#4CC0C7|#E72F1D|#F24574|#F67405,30.2499,25.6198,24.7897,23.9707,23.0831,48.2125,24.7953
4145,Brown|Lime Green|Orange|Yellow,#55331A|#D5D701|#F67405|#FFE800,27.3616,24.7481,24.6772,24.8483,25.1402,57.7206,24.7982
4146,Azure Blue|Magenta|Orange|Yellow,#0066D9|#F24574|#F67405|#FFE800,31.9379,25.7581,24.7104,23.8461,23.0466,48.3007,24.8021
4147,Olive Green|Lime Green|Red|White,#948902|#D5D701|#E72F1D|#EBF7FF,34.8875,25.6332,24.7005,23.9718,23.3281,51.3304,24.8025
4148,Azure Blue|Green|Dark Grey|Cold White,#0066D9|#06924D|#485259|#D9DFE5,31.3328,25.4172,24.6339,24.2141,23.9551,43.3779,24.8157
4149,Azure Blue|Purple|Lime Green|Pink,#0066D9|#6C47B2|#D5D701|#F1A1AF,36.0036,25.8373,24.6586,23.7984,23.0490,46.6370,24.8179
4150,Polymaker Teal|Tan|Lime Green|White,#4CC0C7|#A79E82|#D5D701|#EBF7FF,27.0133,25.4685,24.8690,24.1883,23.4643,52.5173,24.8284
4151,Blue|Black|Purple|Orange,#003776|#080A0D|#6C47B2|#F67405,34.8250,25.1102,24.5689,24.5549,24.7320,52.8753,24.8326
4152,Blue|Black|Red|Orange,#003776|#080A0D|#E72F1D|#F67405,34.8250,25.1102,24.5689,24.5549,24.7320,52.8753,24.8326
4153,Polymaker Teal|Cold White|Red|Orange,#4CC0C7|#D9DFE5|#E72F1D|#F67405,30.0399,25.5895,24.8197,24.0884,23.3483,48.3577,24.8390
4154,Tan|Lime Green|Cold White|White,#A79E82|#D5D701|#D9DFE5|#EBF7FF,27.0197,25.4795,24.8798,24.1996,23.4778,52.5183,24.8395
4155,Brown|Red|Orange|Yellow,#55331A|#E72F1D|#F67405|#FFE800,27.3654,24.7852,24.7255,24.9011,25.1969,57.7516,24.8431
4156,Olive Green|Red|White|Orange,#948902|#E72F1D|#EBF7FF|#F67405,35.4908,25.7339,24.7574,23.9915,23.2903,52.7790,24.8627
4157,Azure Blue|Tan|Cold White|Yellow,#0066D9|#A79E82|#D9DFE5|#FFE800,29.1294,25.5648,24.8610,24.1964,23.5439,47.6497,24.8806
4158,Azure Blue|Polymaker Teal|Tan|Yellow,#0066D9|#4CC0C7|#A79E82|#FFE800,29.3097,25.6504,24.8811,24.1151,23.3177,47.6452,24.8827
4159,Green|Polymaker Teal|Tan|Yellow,#06924D|#4CC0C7|#A79E82|#FFE800,27.4453,25.5776,24.9356,24.2036,23.3967,50.1728,24.8906
4160,Polymaker Teal|Tan|Lime Green|Yellow,#4CC0C7|#A79E82|#D5D701|#FFE800,27.4459,25.5785,24.9364,24.2045,23.3976,50.1748,24.8915
4161,Purple|Red|Orange|Yellow,#6C47B2|#E72F1D|#F67405|#FFE800,41.8699,26.4850,24.5654,23.3107,22.3338,46.3814,24.8979
4162,Blue|Black|Magenta|Orange,#003776|#080A0D|#F24574|#F67405,34.8654,25.1733,24.6413,24.6292,24.8075,52.8829,24.9013
4163,Brown|Olive Green|Orange|Yellow,#55331A|#948902|#F67405|#FFE800,27.4553,24.8722,24.8015,24.9733,25.2697,58.4871,24.9228
4164,Olive Green|White|Magenta|Orange,#948902|#EBF7FF|#F24574|#F67405,35.5993,25.7982,24.8228,24.0682,23.3778,52.8381,24.9332
4165,Azure Blue|Tan|Pink|Yellow,#0066D9|#A79E82|#F1A1AF|#FFE800,29.2581,25.6472,24.9103,24.2269,23.5278,48.8364,24.9370
4166,Polymaker Teal|Purple|Orange|Yellow,#4CC0C7|#6C47B2|#F67405|#FFE800,34.8475,25.8894,24.8239,24.0077,23.2675,45.7555,24.9485
4167,Polymaker Teal|Tan|Cold White|Yellow,#4CC0C7|#A79E82|#D9DFE5|#FFE800,27.4265,25.5806,24.9868,24.3552,23.7082,50.2854,24.9679
4168,Azure Blue|Tan|Lime Green|Yellow,#0066D9|#A79E82|#D5D701|#FFE800,29.4544,25.7362,24.9685,24.2087,23.4219,47.5562,24.9724
4169,Blue|Black|Brown|Purple,#003776|#080A0D|#55331A|#6C47B2,26.1194,25.0038,24.9257,25.0151,25.1827,74.5880,25.0095
4170,Blue|Grey|Cold White|Magenta,#003776|#8C9099|#D9DFE5|#F24574,29.5726,25.5367,24.9795,24.5217,24.1079,37.1353,25.0292
4171,Green|Olive Green|Cold White|Orange,#06924D|#948902|#D9DFE5|#F67405,33.0477,25.9321,24.9664,24.1700,23.3966,49.8232,25.0511
4172,Olive Green|Red|White|Yellow,#948902|#E72F1D|#EBF7FF|#FFE800,35.1421,25.8784,24.9747,24.2694,23.6489,51.7028,25.0739
4173,Green|Purple|Lime Green|Yellow,#06924D|#6C47B2|#D5D701|#FFE800,43.3036,26.2957,24.7907,23.8727,23.0873,45.0914,25.0842
4174,Brown|Lime Green|Red|Orange,#55331A|#D5D701|#E72F1D|#F67405,27.5716,25.0604,24.9676,25.1267,25.4087,56.8542,25.0936
4175,Polymaker Teal|Purple|Red|Yellow,#4CC0C7|#6C47B2|#E72F1D|#FFE800,37.0081,26.0614,24.9355,24.1326,23.4354,45.7804,25.0970
4176,Purple|Lime Green|White|Orange,#6C47B2|#D5D701|#EBF7FF|#F67405,38.7521,26.1535,24.8710,24.0440,23.4393,48.0440,25.0988
4177,Grey|Red|White|Magenta,#8C9099|#E72F1D|#EBF7FF|#F24574,28.8298,25.7818,25.1270,24.4515,23.7462,45.9326,25.1166
4178,Olive Green|Cold White|Magenta|Orange,#948902|#D9DFE5|#F24574|#F67405,37.5506,26.0185,25.0090,24.2368,23.4977,51.9401,25.1276
4179,Azure Blue|Green|Dark Grey|Grey,#0066D9|#06924D|#485259|#8C9099,30.0648,25.5879,25.0473,24.6938,24.4212,42.1679,25.1409
4180,Purple|Grey|Red|White,#6C47B2|#8C9099|#E72F1D|#EBF7FF,29.0748,25.7814,25.1413,24.5124,23.8792,45.6759,25.1469
4181,Green|Polymaker Teal|Pink|Yellow,#06924D|#4CC0C7|#F1A1AF|#FFE800,31.9391,25.9374,25.1139,24.3793,23.6390,47.2916,25.1583
4182,Azure Blue|Grey|Red|White,#0066D9|#8C9099|#E72F1D|#EBF7FF,28.9071,25.8612,25.2238,24.5781,23.9106,46.0791,25.2196
4183,Blue|Polymaker Teal|Red|Pink,#003776|#4CC0C7|#E72F1D|#F1A1AF,31.9315,25.9296,25.1565,24.5265,23.9392,38.8237,25.2281
4184,Green|Dark Grey|Purple|Grey,#06924D|#485259|#6C47B2|#8C9099,31.7608,25.8466,25.0992,24.6441,24.3056,39.3237,25.2454
4185,Brown|Olive Green|Lime Green|Orange,#55331A|#948902|#D5D701|#F67405,27.7113,25.2258,25.1309,25.2951,25.5874,58.5730,25.2604
4186,Blue|Purple|Grey|Magenta,#003776|#6C47B2|#8C9099|#F24574,29.8187,25.8806,25.2599,24.6646,24.0524,38.9894,25.2726
4187,Azure Blue|Lime Green|Red|Pink,#0066D9|#D5D701|#E72F1D|#F1A1AF,31.7857,26.1289,25.2372,24.4896,23.7823,47.9202,25.3092
4188,Grey|Cold White|Red|White,#8C9099|#D9DFE5|#E72F1D|#EBF7FF,28.9754,25.9539,25.3216,24.6869,24.0319,45.9337,25.3204
4189,Olive Green|Tan|White|Yellow,#948902|#A79E82|#EBF7FF|#FFE800,28.3161,25.9634,25.3475,24.6835,23.9957,53.9457,25.3235
4190,Purple|Lime Green|White|Pink,#6C47B2|#D5D701|#EBF7FF|#F1A1AF,38.4087,26.2883,25.1188,24.3605,23.7851,47.4141,25.3244
4191,Green|Dark Grey|Purple|White,#06924D|#485259|#6C47B2|#EBF7FF,31.6678,25.8451,25.1963,24.8288,24.5852,38.8658,25.3369
4192,Blue|Azure Blue|Grey|Magenta,#003776|#0066D9|#8C9099|#F24574,29.8714,25.9430,25.3238,24.7317,24.1263,40.5270,25.3373
4193,Polymaker Teal|Purple|Red|Orange,#4CC0C7|#6C47B2|#E72F1D|#F67405,33.1983,26.1406,25.2506,24.5369,23.8629,46.1139,25.3387
4194,Polymaker Teal|Lime Green|Cold White|Magenta,#4CC0C7|#D5D701|#D9DFE5|#F24574,32.5050,26.1098,25.2760,24.5912,23.9465,49.7111,25.3505
4195,Polymaker Teal|Tan|Lime Green|Pink,#4CC0C7|#A79E82|#D5D701|#F1A1AF,29.0169,26.0771,25.3715,24.6610,23.9180,51.7018,25.3690
4196,Polymaker Teal|Purple|Cold White|Orange,#4CC0C7|#6C47B2|#D9DFE5|#F67405,33.4125,26.1978,25.3324,24.6948,24.1486,46.1736,25.4463
4197,Olive Green|White|Pink|Orange,#948902|#EBF7FF|#F1A1AF|#F67405,35.7487,26.2981,25.3593,24.6120,23.9154,53.4739,25.4550
4198,Azure Blue|Grey|Pink|Yellow,#0066D9|#8C9099|#F1A1AF|#FFE800,30.4436,26.1967,25.4275,24.7343,24.0325,48.1075,25.4655
4199,Polymaker Teal|Purple|Cold White|Red,#4CC0C7|#6C47B2|#D9DFE5|#E72F1D,32.0316,26.2733,25.4229,24.6826,23.9691,45.4789,25.4779
4200,Purple|Grey|Cold White|Magenta,#6C47B2|#8C9099|#D9DFE5|#F24574,29.5402,26.1144,25.4790,24.8831,24.2954,41.8310,25.4988
4201,Green|Cold White|Orange|Yellow,#06924D|#D9DFE5|#F67405|#FFE800,32.9704,26.3128,25.4308,24.7352,24.0909,49.5731,25.5240
4202,Azure Blue|Polymaker Teal|Cold White|Red,#0066D9|#4CC0C7|#D9DFE5|#E72F1D,31.7755,26.3229,25.4823,24.7296,23.9893,46.4203,25.5262
4203,Azure Blue|Purple|Grey|Yellow,#0066D9|#6C47B2|#8C9099|#FFE800,37.1095,26.5869,25.3689,24.4749,23.7047,46.4369,25.5309
4204,Grey|Red|White|Pink,#8C9099|#E72F1D|#EBF7FF|#F1A1AF,28.8618,26.1650,25.5500,24.9036,24.2272,45.1412,25.5343
4205,Blue|Azure Blue|Brown|Magenta,#003776|#0066D9|#55331A|#F24574,28.5718,25.5544,25.3282,25.5387,25.9801,65.8630,25.5466
4206,Blue|Cold White|Pink|Orange,#003776|#D9DFE5|#F1A1AF|#F67405,32.2138,26.1237,25.4587,24.9868,24.5880,36.3911,25.5553
4207,Azure Blue|Brown|Purple|Magenta,#0066D9|#55331A|#6C47B2|#F24574,28.5420,25.5882,25.3397,25.5257,25.9489,65.8615,25.5569
4208,Azure Blue|Polymaker Teal|Red|Orange,#0066D9|#4CC0C7|#E72F1D|#F67405,30.6857,26.3316,25.5496,24.7949,24.0047,47.8611,25.5632
4209,Green|Lime Green|Cold White|Orange,#06924D|#D5D701|#D9DFE5|#F67405,32.8002,26.3380,25.4844,24.7989,24.1499,49.8715,25.5684
4210,Polymaker Teal|Red|Magenta|Yellow,#4CC0C7|#E72F1D|#F24574|#FFE800,32.2254,26.3836,25.5361,24.7602,23.9553,49.3893,25.5719
4211,Polymaker Teal|Cold White|Red|Magenta,#4CC0C7|#D9DFE5|#E72F1D|#F24574,31.8389,26.3960,25.5399,24.7578,23.9756,46.9426,25.5769
4212,Azure Blue|Grey|Cold White|Magenta,#0066D9|#8C9099|#D9DFE5|#F24574,29.6014,26.1867,25.5650,24.9879,24.4199,42.3295,25.5873
4213,Azure Blue|Polymaker Teal|Red|Yellow,#0066D9|#4CC0C7|#E72F1D|#FFE800,32.4989,26.4776,25.5385,24.7599,24.0322,47.9648,25.6187
4214,Green|Tan|White|Yellow,#06924D|#A79E82|#EBF7FF|#FFE800,28.1465,26.2347,25.6570,25.0414,24.4075,53.4208,25.6381
4215,Azure Blue|Black|Brown|Magenta,#0066D9|#080A0D|#55331A|#F24574,28.1826,25.5626,25.4601,25.7430,26.2156,65.8685,25.6528
4216,Polymaker Teal|Lime Green|Magenta|Orange,#4CC0C7|#D5D701|#F24574|#F67405,31.2257,26.4420,25.6399,24.8706,24.0513,49.3155,25.6563
4217,Azure Blue|Polymaker Teal|Purple|Orange,#0066D9|#4CC0C7|#6C47B2|#F67405,31.9162,26.4672,25.6254,24.8841,24.1432,47.3685,25.6757
4218,Azure Blue|Polymaker Teal|Lime Green|Orange,#0066D9|#4CC0C7|#D5D701|#F67405,31.4274,26.4869,25.6394,24.8652,24.0816,47.5560,25.6761
4219,Brown|Purple|Olive Green|Red,#55331A|#6C47B2|#948902|#E72F1D,29.6048,26.0078,25.4595,25.3508,25.5151,61.4402,25.6793
4220,Polymaker Teal|Purple|Magenta|Orange,#4CC0C7|#6C47B2|#F24574|#F67405,33.6278,26.4881,25.5919,24.8791,24.2077,46.4597,25.6836
4221,Polymaker Teal|Magenta|Orange|Yellow,#4CC0C7|#F24574|#F67405|#FFE800,31.3273,26.4595,25.6583,24.9127,24.1300,49.4255,25.6861
4222,Azure Blue|Polymaker Teal|Purple|Red,#0066D9|#4CC0C7|#6C47B2|#E72F1D,32.3226,26.5909,25.6802,24.8227,23.9293,46.1785,25.7068
4223,Azure Blue|Cold White|Red|Yellow,#0066D9|#D9DFE5|#E72F1D|#FFE800,32.5547,26.5008,25.5959,24.9161,24.3611,48.0509,25.7084
4224,Green|Grey|White|Yellow,#06924D|#8C9099|#EBF7FF|#FFE800,29.2146,26.3330,25.7140,25.0904,24.4598,48.2867,25.7117
4225,Polymaker Teal|Grey|White|Yellow,#4CC0C7|#8C9099|#EBF7FF|#FFE800,29.1754,26.3344,25.7180,25.0958,24.4666,48.4785,25.7151
4226,Grey|Cold White|White|Yellow,#8C9099|#D9DFE5|#EBF7FF|#FFE800,29.1665,26.3286,25.7179,25.1046,24.4889,48.4787,25.7166
4227,Polymaker Teal|Purple|Red|Magenta,#4CC0C7|#6C47B2|#E72F1D|#F24574,32.4364,26.6077,25.6922,24.8319,23.9342,46.0007,25.7198
4228,Azure Blue|Red|Orange|Yellow,#0066D9|#E72F1D|#F67405|#FFE800,32.4908,26.6424,25.6634,24.8465,24.0939,48.4817,25.7444
4229,Olive Green|White|Magenta|Yellow,#948902|#EBF7FF|#F24574|#FFE800,36.2743,26.5473,25.6382,24.9503,24.3383,52.8155,25.7488
4230,Grey|Lime Green|White|Yellow,#8C9099|#D5D701|#EBF7FF|#FFE800,29.2267,26.3861,25.7686,25.1388,24.4984,48.5001,25.7624
4231,Polymaker Teal|Purple|Lime Green|Pink,#4CC0C7|#6C47B2|#D5D701|#F1A1AF,37.7627,26.7149,25.6177,24.8405,24.1607,46.4056,25.7777
4232,Azure Blue|Polymaker Teal|Red|Magenta,#0066D9|#4CC0C7|#E72F1D|#F24574,32.2219,26.6740,25.7639,24.8880,23.9563,46.9919,25.7810
4233,Azure Blue|Purple|Magenta|Yellow,#0066D9|#6C47B2|#F24574|#FFE800,36.7516,26.8140,25.6166,24.7585,24.0347,47.2884,25.7863
4234,Tan|Lime Green|White|Yellow,#A79E82|#D5D701|#EBF7FF|#FFE800,28.0020,26.4120,25.8211,25.1645,24.4763,54.9517,25.7882
4235,Purple|Lime Green|Cold White|Red,#6C47B2|#D5D701|#D9DFE5|#E72F1D,38.3667,26.6471,25.6365,24.9702,24.4196,44.2521,25.8087
4236,Black|Brown|Olive Green|Red,#080A0D|#55331A|#948902|#E72F1D,29.1558,25.7890,25.6139,25.8380,26.2344,61.4424,25.8135
4237,Azure Blue|Purple|Grey|Magenta,#0066D9|#6C47B2|#8C9099|#F24574,29.8993,26.5558,25.8494,25.0878,24.2449,43.7442,25.8218
4238,Azure Blue|Grey|Lime Green|Cold White,#0066D9|#8C9099|#D5D701|#D9DFE5,30.9003,26.5414,25.7931,25.1180,24.4657,46.2542,25.8297
4239,Brown|Purple|Olive Green|Orange,#55331A|#6C47B2|#948902|#F67405,28.6735,26.0971,25.6823,25.5722,25.7159,62.6466,25.8346
4240,Azure Blue|Polymaker Teal|Cold White|Orange,#0066D9|#4CC0C7|#D9DFE5|#F67405,30.6591,26.5430,25.8197,25.1557,24.5061,48.1774,25.8494
4241,Azure Blue|Green|Grey|Lime Green,#0066D9|#06924D|#8C9099|#D5D701,31.2269,26.6266,25.8337,25.0854,24.3120,45.3860,25.8560
4242,Azure Blue|Tan|White|Yellow,#0066D9|#A79E82|#EBF7FF|#FFE800,29.8265,26.5390,25.8600,25.2062,24.5649,51.0833,25.8726
4243,Blue|Grey|Cold White|Pink,#003776|#8C9099|#D9DFE5|#F1A1AF,29.5477,26.2906,25.8579,25.4698,25.0951,37.8359,25.8802
4244,Purple|Lime Green|Pink|Yellow,#6C47B2|#D5D701|#F1A1AF|#FFE800,39.0260,26.9264,25.6976,24.8349,24.0964,45.9751,25.8806
4245,Blue|Grey|Pink|Magenta,#003776|#8C9099|#F1A1AF|#F24574,29.6745,26.3927,25.9087,25.4378,24.9515,37.7610,25.9152
4246,Brown|Olive Green|Red|Magenta,#55331A|#948902|#E72F1D|#F24574,29.2942,26.0167,25.7090,25.8208,26.1324,61.4099,25.9188
4247,Azure Blue|Polymaker Teal|Grey|Lime Green,#0066D9|#4CC0C7|#8C9099|#D5D701,31.1674,26.7215,25.9182,25.1444,24.3354,46.2452,25.9330
4248,Azure Blue|Polymaker Teal|Magenta|Orange,#0066D9|#4CC0C7|#F24574|#F67405,30.9376,26.7018,25.9232,25.1671,24.3775,48.1474,25.9345
4249,Black|Lime Green|Magenta|Orange,#080A0D|#D5D701|#F24574|#F67405,37.9301,26.1451,25.6694,25.7241,25.9844,51.9873,25.9346
4250,Azure Blue|Red|Magenta|Yellow,#0066D9|#E72F1D|#F24574|#FFE800,33.0033,26.8067,25.8626,25.1205,24.4532,48.1021,25.9636
4251,Blue|Azure Blue|Brown|Red,#003776|#0066D9|#55331A|#E72F1D,29.4793,26.1401,25.7500,25.8363,26.1816,64.5255,25.9882
4252,Polymaker Teal|Cold White|Orange|Yellow,#4CC0C7|#D9DFE5|#F67405|#FFE800,30.7253,26.6669,25.9668,25.3366,24.7167,50.3395,26.0018
4253,Azure Blue|Brown|Purple|Red,#0066D9|#55331A|#6C47B2|#E72F1D,29.4355,26.1812,25.7693,25.8270,26.1496,64.5264,26.0041
4254,Azure Blue|Brown|Red|Magenta,#0066D9|#55331A|#E72F1D|#F24574,29.4396,26.1827,25.7720,25.8307,26.1539,64.5264,26.0067
4255,Polymaker Teal|Lime Green|Cold White|Orange,#4CC0C7|#D5D701|#D9DFE5|#F67405,30.7591,26.6864,25.9875,25.3420,24.7045,50.4958,26.0142
4256,Olive Green|Lime Green|Cold White|Red,#948902|#D5D701|#D9DFE5|#E72F1D,36.8478,26.8095,25.9234,25.2319,24.5654,52.8463,26.0207
4257,Blue|Purple|Grey|Pink,#003776|#6C47B2|#8C9099|#F1A1AF,29.7372,26.4976,26.0232,25.5577,25.0730,37.8215,26.0277
4258,Blue|Azure Blue|Grey|Pink,#003776|#0066D9|#8C9099|#F1A1AF,29.7388,26.5009,26.0265,25.5611,25.0763,37.8268,26.0310
4259,Purple|Lime Green|Cold White|Magenta,#6C47B2|#D5D701|#D9DFE5|#F24574,39.0304,26.9026,25.8398,25.1755,24.6426,45.0708,26.0390
4260,Polymaker Teal|Lime Green|Red|Pink,#4CC0C7|#D5D701|#E72F1D|#F1A1AF,31.5319,26.7860,26.0231,25.3147,24.5768,49.7014,26.0504
4261,Blue|Brown|Purple|Magenta,#003776|#55331A|#6C47B2|#F24574,28.2675,25.9662,25.8922,26.1433,26.5881,66.2400,26.0548
4262,Azure Blue|Green|Purple|Yellow,#0066D9|#06924D|#6C47B2|#FFE800,39.3425,27.0986,25.8356,25.0131,24.3685,44.4500,26.0559
4263,Black|Brown|Olive Green|Orange,#080A0D|#55331A|#948902|#F67405,28.4091,25.8943,25.9408,26.2534,26.6944,62.7091,26.0739
4264,Azure Blue|Black|Brown|Red,#0066D9|#080A0D|#55331A|#E72F1D,29.0881,26.1754,25.9156,26.0860,26.4782,64.5382,26.1307
4265,Polymaker Teal|Lime Green|Orange|Yellow,#4CC0C7|#D5D701|#F67405|#FFE800,30.9884,26.8898,26.1441,25.4116,24.6241,50.2944,26.1507
4266,Polymaker Teal|Cold White|Magenta|Orange,#4CC0C7|#D9DFE5|#F24574|#F67405,31.1201,26.9093,26.1457,25.4046,24.6443,49.6037,26.1569
4267,Azure Blue|Lime Green|Red|White,#0066D9|#D5D701|#E72F1D|#EBF7FF,32.1495,26.9452,26.1010,25.3955,24.7827,50.0364,26.1704
4268,Purple|Lime Green|Magenta|Yellow,#6C47B2|#D5D701|#F24574|#FFE800,41.2934,27.5385,25.9613,24.8850,23.9917,46.2869,26.2117
4269,Blue|Black|Brown|Magenta,#003776|#080A0D|#55331A|#F24574,27.8533,26.0404,26.1273,26.4681,26.9405,66.2425,26.2542
4270,Blue|Azure Blue|Brown|Purple,#003776|#0066D9|#55331A|#6C47B2,28.8067,26.3792,26.0290,26.1294,26.4859,76.1471,26.2543
4271,Tan|Cold White|White|Yellow,#A79E82|#D9DFE5|#EBF7FF|#FFE800,28.4546,26.8882,26.3051,25.6561,24.9802,55.2886,26.2722
4272,Olive Green|Red|Pink|Orange,#948902|#E72F1D|#F1A1AF|#F67405,36.5715,27.2365,26.2003,25.3502,24.5316,50.2638,26.2933
4273,Olive Green|Pink|Magenta|Orange,#948902|#F1A1AF|#F24574|#F67405,36.5730,27.2386,26.2034,25.3533,24.5341,50.2640,26.2959
4274,Azure Blue|Purple|Lime Green|Cold White,#0066D9|#6C47B2|#D5D701|#D9DFE5,39.4561,27.3609,26.1044,25.2426,24.5482,45.4402,26.3018
4275,Olive Green|Lime Green|Cold White|Pink,#948902|#D5D701|#D9DFE5|#F1A1AF,35.4614,27.1014,26.2306,25.5250,24.8961,54.2033,26.3132
4276,Olive Green|Cold White|Red|Orange,#948902|#D9DFE5|#E72F1D|#F67405,37.8528,27.1486,26.2421,25.5001,24.7588,53.5102,26.3243
4277,Azure Blue|Lime Green|Magenta|Yellow,#0066D9|#D5D701|#F24574|#FFE800,33.4107,27.1339,26.2418,25.5185,24.8536,48.6143,26.3262
4278,Blue|Azure Blue|Black|Brown,#003776|#0066D9|#080A0D|#55331A,28.4274,26.3603,26.1301,26.3079,26.6973,76.1557,26.3341
4279,Azure Blue|Black|Brown|Purple,#0066D9|#080A0D|#55331A|#6C47B2,28.4270,26.3609,26.1310,26.3092,26.6982,76.1557,26.3350
4280,Brown|Olive Green|Magenta|Orange,#55331A|#948902|#F24574|#F67405,28.3722,26.3129,26.2252,26.4101,26.7450,62.6869,26.3615
4281,Brown|Olive Green|Red|Orange,#55331A|#948902|#E72F1D|#F67405,28.3865,26.3376,26.2513,26.4373,26.7735,62.6869,26.3875
4282,Olive Green|Lime Green|Cold White|Magenta,#948902|#D5D701|#D9DFE5|#F24574,37.6954,27.2092,26.2909,25.5903,24.9335,54.2076,26.3998
4283,Azure Blue|Lime Green|Pink|Magenta,#0066D9|#D5D701|#F1A1AF|#F24574,32.7289,27.2120,26.3304,25.5885,24.8669,48.7514,26.4003
4284,Azure Blue|Polymaker Teal|Purple|Lime Green,#0066D9|#4CC0C7|#6C47B2|#D5D701,39.7294,27.5417,26.2226,25.2606,24.4101,45.4357,26.4011
4285,Azure Blue|Green|Purple|Lime Green,#0066D9|#06924D|#6C47B2|#D5D701,39.9183,27.4738,26.2093,25.3565,24.6396,43.5904,26.4151
4286,Polymaker Teal|Grey|Red|Pink,#4CC0C7|#8C9099|#E72F1D|#F1A1AF,31.9405,27.2742,26.4210,25.5844,24.7057,46.4435,26.4293
4287,Polymaker Teal|Tan|White|Yellow,#4CC0C7|#A79E82|#EBF7FF|#FFE800,28.7270,27.0438,26.4691,25.8374,25.1753,55.9637,26.4406
4288,Azure Blue|Purple|Cold White|Yellow,#0066D9|#6C47B2|#D9DFE5|#FFE800,39.2045,27.5832,26.2944,25.4132,24.7339,47.2918,26.4982
4289,Polymaker Teal|Lime Green|Magenta|Yellow,#4CC0C7|#D5D701|#F24574|#FFE800,33.2989,27.3363,26.4733,25.6975,24.9100,50.6788,26.5169
4290,Azure Blue|Polymaker Teal|Purple|Yellow,#0066D9|#4CC0C7|#6C47B2|#FFE800,39.3406,27.6545,26.3273,25.3809,24.5981,47.2846,26.5177
4291,Olive Green|Cold White|White|Orange,#948902|#D9DFE5|#EBF7FF|#F67405,36.8373,27.4093,26.4573,25.6803,24.9560,54.2917,26.5448
4292,Azure Blue|Purple|Lime Green|Yellow,#0066D9|#6C47B2|#D5D701|#FFE800,39.3988,27.6633,26.3750,25.4617,24.6995,46.5491,26.5625
4293,Black|Brown|Purple|Magenta,#080A0D|#55331A|#6C47B2|#F24574,27.7476,26.3445,26.4815,26.7878,27.1667,66.2433,26.5662
4294,Green|Black|Polymaker Teal|Cold White,#06924D|#080A0D|#4CC0C7|#D9DFE5,40.6324,27.4688,26.1521,25.6942,25.5375,44.3872,26.5815
4295,Blue|Polymaker Teal|Grey|Magenta,#003776|#4CC0C7|#8C9099|#F24574,32.1593,27.2512,26.5443,25.9152,25.2897,39.3236,26.5832
4296,Polymaker Teal|Purple|Pink|Orange,#4CC0C7|#6C47B2|#F1A1AF|#F67405,33.7513,27.4036,26.5296,25.7836,25.0677,47.0406,26.5936
4297,Polymaker Teal|Purple|Magenta|Yellow,#4CC0C7|#6C47B2|#F24574|#FFE800,38.5498,27.5375,26.4593,25.7093,25.0564,46.6205,26.6234
4298,Polymaker Teal|Tan|Pink|Yellow,#4CC0C7|#A79E82|#F1A1AF|#FFE800,30.1914,27.3344,26.6554,25.9742,25.2549,54.2134,26.6543
4299,Blue|Green|Grey|Cold White,#003776|#06924D|#8C9099|#D9DFE5,33.9901,27.2448,26.5704,26.0653,25.6186,38.9234,26.6551
4300,Blue|Azure Blue|Black|Orange,#003776|#0066D9|#080A0D|#F67405,34.8732,26.8091,26.4646,26.5150,26.7011,48.0669,26.6620
4301,Grey|Cold White|Pink|Magenta,#8C9099|#D9DFE5|#F1A1AF|#F24574,29.3012,27.2425,26.7025,26.1273,25.5205,44.1210,26.6849
4302,Polymaker Teal|Grey|Red|White,#4CC0C7|#8C9099|#E72F1D|#EBF7FF,31.2351,27.4285,26.6879,25.9646,25.2352,47.0821,26.6965
4303,Azure Blue|Black|Magenta|Orange,#0066D9|#080A0D|#F24574|#F67405,34.9381,26.8502,26.5012,26.5492,26.7345,48.0648,26.6997
4304,Azure Blue|Black|Purple|Orange,#0066D9|#080A0D|#6C47B2|#F67405,34.9381,26.8502,26.5012,26.5492,26.7345,48.0648,26.6997
4305,Azure Blue|Black|Red|Orange,#0066D9|#080A0D|#E72F1D|#F67405,34.9381,26.8502,26.5012,26.5492,26.7345,48.0648,26.6997
4306,Polymaker Teal|Olive Green|Pink|Yellow,#4CC0C7|#948902|#F1A1AF|#FFE800,35.4134,27.4708,26.6655,25.9328,25.1733,51.7244,26.7018
4307,Polymaker Teal|Cold White|Magenta|Yellow,#4CC0C7|#D9DFE5|#F24574|#FFE800,33.1897,27.4344,26.6461,25.9745,25.3391,50.7555,26.7045
4308,Blue|Polymaker Teal|Grey|Cold White,#003776|#4CC0C7|#8C9099|#D9DFE5,29.2157,27.1198,26.7227,26.3193,25.9138,38.1656,26.7195
4309,Brown|Purple|Magenta|Orange,#55331A|#6C47B2|#F24574|#F67405,28.2241,26.7596,26.6471,26.7074,26.9245,65.3992,26.7335
4310,Blue|Purple|Grey|Cold White,#003776|#6C47B2|#8C9099|#D9DFE5,29.2987,27.1858,26.7452,26.2892,25.8272,38.4499,26.7375
4311,Brown|Purple|Red|Orange,#55331A|#6C47B2|#E72F1D|#F67405,28.2214,26.7694,26.6607,26.7218,26.9373,65.4548,26.7456
4312,Purple|Grey|White|Yellow,#6C47B2|#8C9099|#EBF7FF|#FFE800,38.4689,27.6620,26.6056,25.8742,25.2749,47.2455,26.7681
4313,Purple|Grey|Pink|Magenta,#6C47B2|#8C9099|#F1A1AF|#F24574,29.4858,27.4147,26.8143,26.1222,25.3464,44.0005,26.7684
4314,Blue|Cold White|Red|White,#003776|#D9DFE5|#E72F1D|#EBF7FF,33.5389,27.3664,26.6995,26.2300,25.8504,37.8828,26.7982
4315,Azure Blue|Purple|Pink|Yellow,#0066D9|#6C47B2|#F1A1AF|#FFE800,37.4517,27.7617,26.6470,25.8390,25.1389,48.5931,26.8003
4316,Purple|Magenta|Orange|Yellow,#6C47B2|#F24574|#F67405|#FFE800,42.1157,28.2704,26.5164,25.3377,24.4049,47.3407,26.8040
4317,Olive Green|Lime Green|White|Pink,#948902|#D5D701|#EBF7FF|#F1A1AF,35.3900,27.5166,26.7589,26.1154,25.5139,53.5381,26.8160
4318,Azure Blue|Cold White|Orange|Yellow,#0066D9|#D9DFE5|#F67405|#FFE800,32.8010,27.5993,26.7641,26.1007,25.5279,48.4242,26.8500
4319,Azure Blue|Grey|Pink|Magenta,#0066D9|#8C9099|#F1A1AF|#F24574,29.5256,27.4823,26.8966,26.2247,25.4716,44.4738,26.8535
4320,Black|Brown|Purple|Orange,#080A0D|#55331A|#6C47B2|#F67405,28.1790,26.5403,26.7827,27.1834,27.6626,65.5209,26.8618
4321,Black|Brown|Magenta|Orange,#080A0D|#55331A|#F24574|#F67405,28.1863,26.5411,26.7819,27.1831,27.6645,65.5532,26.8621
4322,Black|Brown|Red|Orange,#080A0D|#55331A|#E72F1D|#F67405,28.1837,26.5519,26.7968,27.1996,27.6811,65.6209,26.8758
4323,Purple|Grey|Cold White|Pink,#6C47B2|#8C9099|#D9DFE5|#F1A1AF,29.3400,27.4294,26.9062,26.3419,25.7437,44.2480,26.8857
4324,Purple|Pink|Orange|Yellow,#6C47B2|#F1A1AF|#F67405|#FFE800,39.3687,27.9937,26.6977,25.7944,25.0489,47.1473,26.8940
4325,Blue|Azure Blue|Grey|Cold White,#003776|#0066D9|#8C9099|#D9DFE5,29.3089,27.2897,26.9074,26.5208,26.1321,38.3467,26.9052
4326,Purple|Grey|Lime Green|White,#6C47B2|#8C9099|#D5D701|#EBF7FF,39.4055,27.8467,26.7651,26.0161,25.3821,46.8774,26.9314
4327,Blue|Purple|Red|White,#003776|#6C47B2|#E72F1D|#EBF7FF,33.5445,27.4718,26.8520,26.4172,26.0613,37.9616,26.9445
4328,Polymaker Teal|Lime Green|Red|White,#4CC0C7|#D5D701|#E72F1D|#EBF7FF,32.1646,27.6634,26.9037,26.2305,25.6121,52.2732,26.9470
4329,Blue|Red|White|Magenta,#003776|#E72F1D|#EBF7FF|#F24574,33.5465,27.4744,26.8546,26.4198,26.0639,37.9640,26.9471
4330,Blue|Azure Blue|Red|White,#003776|#0066D9|#E72F1D|#EBF7FF,33.5480,27.4766,26.8566,26.4219,26.0661,37.9648,26.9492
4331,Azure Blue|Grey|Cold White|Pink,#0066D9|#8C9099|#D9DFE5|#F1A1AF,29.3639,27.5002,26.9892,26.4393,25.8568,44.6608,26.9697
4332,Green|Purple|Lime Green|White,#06924D|#6C47B2|#D5D701|#EBF7FF,42.7901,27.8992,26.7274,26.0478,25.5229,44.6894,26.9735
4333,Olive Green|White|Orange|Yellow,#948902|#EBF7FF|#F67405|#FFE800,36.3213,27.7049,26.8987,26.2615,25.6752,54.0043,26.9832
4334,Olive Green|Lime Green|Red|Pink,#948902|#D5D701|#E72F1D|#F1A1AF,35.0456,27.7080,26.9342,26.2688,25.6214,53.2844,26.9884
4335,Olive Green|Lime Green|Pink|Magenta,#948902|#D5D701|#F1A1AF|#F24574,35.1064,27.7254,26.9455,26.2753,25.6211,53.3609,27.0003
4336,Purple|Red|Pink|Yellow,#6C47B2|#E72F1D|#F1A1AF|#FFE800,39.7785,28.0365,26.8252,25.9859,25.2801,47.1571,27.0112
4337,Blue|Polymaker Teal|Purple|Grey,#003776|#4CC0C7|#6C47B2|#8C9099,29.4849,27.5110,27.0579,26.5492,25.9960,38.0462,27.0301
4338,Polymaker Teal|Grey|Cold White|Magenta,#4CC0C7|#8C9099|#D9DFE5|#F24574,31.8285,27.7311,27.0126,26.3370,25.6602,44.9669,27.0340
4339,Green|Grey|Lime Green|White,#06924D|#8C9099|#D5D701|#EBF7FF,30.5533,27.6451,27.0406,26.4319,25.8120,47.2869,27.0385
4340,Black|Lime Green|Red|Yellow,#080A0D|#D5D701|#E72F1D|#FFE800,39.8914,27.1376,26.7464,26.9467,27.3454,58.0377,27.0422
4341,Azure Blue|Purple|Grey|Pink,#0066D9|#6C47B2|#8C9099|#F1A1AF,29.5542,27.6873,27.1144,26.4454,25.6882,44.6181,27.0664
4342,Brown|Red|Magenta|Orange,#55331A|#E72F1D|#F24574|#F67405,28.0746,26.8851,26.9838,27.2524,27.6199,65.4876,27.0687
4343,Black|Olive Green|Red|Yellow,#080A0D|#948902|#E72F1D|#FFE800,39.7269,27.1643,26.7746,26.9755,27.3803,58.4660,27.0699
4344,Olive Green|Lime Green|White|Orange,#948902|#D5D701|#EBF7FF|#F67405,36.2333,27.8089,27.0130,26.3666,25.7691,54.0837,27.0878
4345,Grey|Lime Green|Cold White|White,#8C9099|#D5D701|#D9DFE5|#EBF7FF,30.4661,27.7000,27.0973,26.4846,25.8600,47.6946,27.0923
4346,Polymaker Teal|Grey|Lime Green|White,#4CC0C7|#8C9099|#D5D701|#EBF7FF,30.4745,27.7056,27.0988,26.4800,25.8458,47.6946,27.0928
4347,Azure Blue|Polymaker Teal|Orange|Yellow,#0066D9|#4CC0C7|#F67405|#FFE800,32.6273,27.8974,27.0621,26.3084,25.5604,49.3679,27.1029
4348,Blue|Green|Polymaker Teal|Grey,#003776|#06924D|#4CC0C7|#8C9099,34.3290,27.7318,27.0349,26.4782,25.9588,39.0237,27.1050
4349,Purple|Pink|Magenta|Yellow,#6C47B2|#F1A1AF|#F24574|#FFE800,39.9668,28.1602,26.9488,26.1021,25.3907,47.2981,27.1311
4350,Green|Polymaker Teal|Grey|Cold White,#06924D|#4CC0C7|#8C9099|#D9DFE5,32.6310,27.9140,27.1416,26.3954,25.6405,42.3747,27.1547
4351,Blue|Grey|White|Pink,#003776|#8C9099|#EBF7FF|#F1A1AF,31.1501,27.5738,27.1506,26.7782,26.4228,39.0559,27.1760
4352,Azure Blue|Purple|Lime Green|White,#0066D9|#6C47B2|#D5D701|#EBF7FF,41.8454,28.1878,26.9736,26.1712,25.5150,48.1182,27.1795
4353,Azure Blue|Grey|Lime Green|Yellow,#0066D9|#8C9099|#D5D701|#FFE800,32.4912,27.9605,27.1548,26.4045,25.6510,47.8353,27.1825
4354,Purple|Red|White|Yellow,#6C47B2|#E72F1D|#EBF7FF|#FFE800,39.1828,28.1856,26.9991,26.1982,25.5885,48.9071,27.1919
4355,Azure Blue|Polymaker Teal|Magenta|Yellow,#0066D9|#4CC0C7|#F24574|#FFE800,34.0194,28.0311,27.1100,26.3759,25.6987,49.6868,27.2035
4356,Blue|Polymaker Teal|Grey|Pink,#003776|#4CC0C7|#8C9099|#F1A1AF,31.6122,27.7062,27.1801,26.7085,26.2426,39.4676,27.2073
4357,Polymaker Teal|Red|Pink|Orange,#4CC0C7|#E72F1D|#F1A1AF|#F67405,31.8878,28.0040,27.2234,26.4108,25.5190,50.2006,27.2074
4358,Azure Blue|Lime Green|Cold White|Pink,#0066D9|#D5D701|#D9DFE5|#F1A1AF,32.9031,27.9257,27.1514,26.5188,25.9478,49.2142,27.2223
4359,Blue|Azure Blue|Cold White|Orange,#003776|#0066D9|#D9DFE5|#F67405,33.1707,27.8220,27.1862,26.7142,26.2984,38.6294,27.2681
4360,Azure Blue|Green|Grey|Yellow,#0066D9|#06924D|#8C9099|#FFE800,33.0770,28.0514,27.2194,26.4868,25.7761,46.5790,27.2691
4361,Polymaker Teal|Olive Green|Cold White|White,#4CC0C7|#948902|#D9DFE5|#EBF7FF,40.4802,28.1750,27.1948,26.3826,25.5977,51.7321,27.2788
4362,Polymaker Teal|Purple|Grey|Magenta,#4CC0C7|#6C47B2|#8C9099|#F24574,32.2944,28.0921,27.2930,26.4798,25.6066,44.9479,27.2859
4363,Polymaker Teal|Purple|Grey|Cold White,#4CC0C7|#6C47B2|#8C9099|#D9DFE5,29.1894,27.8170,27.3246,26.7687,26.1759,42.4735,27.2928
4364,Azure Blue|Polymaker Teal|Grey|Magenta,#0066D9|#4CC0C7|#8C9099|#F24574,32.2749,28.1034,27.3142,26.5150,25.6574,45.0403,27.3092
4365,Blue|Azure Blue|Polymaker Teal|Grey,#003776|#0066D9|#4CC0C7|#8C9099,29.7351,27.7991,27.3491,26.8442,26.2967,41.0214,27.3216
4366,Blue|Red|White|Pink,#003776|#E72F1D|#EBF7FF|#F1A1AF,33.6020,27.8498,27.2513,26.8244,26.4657,38.0722,27.3371
4367,Blue|Azure Blue|Purple|Grey,#003776|#0066D9|#6C47B2|#8C9099,29.7646,27.8365,27.3834,26.8714,26.3095,42.4896,27.3539
4368,Blue|Black|Dark Grey|Polymaker Teal,#003776|#080A0D|#485259|#4CC0C7,28.4971,27.2281,27.3248,27.5105,27.7590,47.2814,27.3693
4369,Black|Dark Grey|Polymaker Teal|Purple,#080A0D|#485259|#4CC0C7|#6C47B2,28.4971,27.2281,27.3248,27.5105,27.7590,47.2814,27.3693
4370,Blue|Dark Grey|Polymaker Teal|Purple,#003776|#485259|#4CC0C7|#6C47B2,28.1350,27.4274,27.3500,27.3477,27.4299,46.9021,27.3876
4371,Olive Green|Cold White|Magenta|Yellow,#948902|#D9DFE5|#F24574|#FFE800,38.5186,28.1684,27.3123,26.6315,25.9918,54.7571,27.4000
4372,Azure Blue|Cold White|Magenta|Yellow,#0066D9|#D9DFE5|#F24574|#FFE800,33.9293,28.1627,27.3092,26.6451,26.0750,49.5663,27.4039
4373,Green|Polymaker Teal|Olive Green|Cold White,#06924D|#4CC0C7|#948902|#D9DFE5,45.6354,28.3489,27.2639,26.4917,25.7572,49.3956,27.4203
4374,Blue|Black|Dark Grey|Purple,#003776|#080A0D|#485259|#6C47B2,28.2633,27.3920,27.4210,27.5001,27.6271,59.7044,27.4460
4375,Polymaker Teal|Lime Green|Pink|Magenta,#4CC0C7|#D5D701|#F1A1AF|#F24574,33.1827,28.1911,27.4209,26.7139,25.9929,51.9907,27.4525
4376,Olive Green|White|Pink|Yellow,#948902|#EBF7FF|#F1A1AF|#FFE800,36.4081,28.1486,27.4153,26.7973,26.2117,54.3893,27.4730
4377,Blue|Grey|White|Magenta,#003776|#8C9099|#EBF7FF|#F24574,32.3508,27.9233,27.4322,27.0388,26.6807,39.2755,27.4810
4378,Azure Blue|Grey|Cold White|Yellow,#0066D9|#8C9099|#D9DFE5|#FFE800,32.6426,28.2197,27.4342,26.7438,26.1050,48.1868,27.4817
4379,Olive Green|Lime Green|Cold White|Orange,#948902|#D5D701|#D9DFE5|#F67405,38.0131,28.2106,27.4213,26.7586,26.1079,54.4889,27.4846
4380,Polymaker Teal|Cold White|Red|Pink,#4CC0C7|#D9DFE5|#E72F1D|#F1A1AF,33.0915,28.3213,27.4771,26.6649,25.8379,48.3929,27.4931
4381,Polymaker Teal|Purple|Red|Pink,#4CC0C7|#6C47B2|#E72F1D|#F1A1AF,33.3172,28.3454,27.4860,26.6495,25.7796,47.6485,27.4975
4382,Polymaker Teal|Red|Pink|Magenta,#4CC0C7|#E72F1D|#F1A1AF|#F24574,33.2059,28.3802,27.5091,26.6479,25.7404,48.4298,27.5140
4383,Purple|Cold White|Pink|Yellow,#6C47B2|#D9DFE5|#F1A1AF|#FFE800,39.8289,28.3885,27.3280,26.6486,26.1189,47.5523,27.5186
4384,Polymaker Teal|Pink|Magenta|Orange,#4CC0C7|#F1A1AF|#F24574|#F67405,32.1623,28.3312,27.5472,26.7333,25.8412,50.7282,27.5322
4385,Azure Blue|Polymaker Teal|Grey|Yellow,#0066D9|#4CC0C7|#8C9099|#FFE800,32.7901,28.3226,27.5035,26.7537,26.0149,48.1915,27.5381
4386,Green|Polymaker Teal|Olive Green|White,#06924D|#4CC0C7|#948902|#EBF7FF,40.1104,28.4055,27.4614,26.6728,25.9042,51.7738,27.5391
4387,Azure Blue|Lime Green|White|Magenta,#0066D9|#D5D701|#EBF7FF|#F24574,33.5897,28.3042,27.4843,26.8043,26.2113,51.0074,27.5542
4388,Green|Olive Green|Cold White|White,#06924D|#948902|#D9DFE5|#EBF7FF,40.2062,28.4469,27.4689,26.6688,25.8994,51.8801,27.5579
4389,Azure Blue|Polymaker Teal|Pink|Orange,#0066D9|#4CC0C7|#F1A1AF|#F67405,32.1011,28.2998,27.5658,26.8331,26.0460,49.1252,27.5665
4390,Polymaker Teal|Red|Pink|Yellow,#4CC0C7|#E72F1D|#F1A1AF|#FFE800,32.4975,28.2775,27.5618,26.8693,26.1479,51.4262,27.5734
4391,Blue|Azure Blue|Green|Grey,#003776|#0066D9|#06924D|#8C9099,34.6912,28.2403,27.5328,26.9507,26.3930,42.3157,27.5955
4392,Blue|Purple|Cold White|Red,#003776|#6C47B2|#D9DFE5|#E72F1D,34.7816,28.1933,27.5334,27.0576,26.6276,41.1597,27.6255
4393,Blue|Cold White|Red|Magenta,#003776|#D9DFE5|#E72F1D|#F24574,34.7836,28.1974,27.5373,27.0613,26.6314,41.1570,27.6294
4394,Azure Blue|Polymaker Teal|Grey|Cold White,#0066D9|#4CC0C7|#8C9099|#D9DFE5,29.4056,28.1443,27.6888,27.1762,26.6304,43.5036,27.6602
4395,Purple|Cold White|Red|Yellow,#6C47B2|#D9DFE5|#E72F1D|#FFE800,40.0031,28.4775,27.4818,26.8474,26.3503,46.7443,27.6624
4396,Azure Blue|Purple|Grey|Cold White,#0066D9|#6C47B2|#8C9099|#D9DFE5,29.4250,28.1482,27.6929,27.1814,26.6374,43.5036,27.6648
4397,Polymaker Teal|Cold White|Pink|Orange,#4CC0C7|#D9DFE5|#F1A1AF|#F67405,32.0917,28.4314,27.6902,26.9428,26.1633,51.0950,27.6871
4398,Purple|Lime Green|Cold White|Orange,#6C47B2|#D5D701|#D9DFE5|#F67405,38.8748,28.5006,27.5502,26.8966,26.3412,46.4096,27.6986
4399,Purple|White|Pink|Yellow,#6C47B2|#EBF7FF|#F1A1AF|#FFE800,40.2717,28.6157,27.5120,26.7883,26.2426,48.4491,27.7020
4400,Black|Olive Green|Lime Green|Red,#080A0D|#948902|#D5D701|#E72F1D,40.1858,27.8129,27.4159,27.6374,28.0556,57.2026,27.7251
4401,Polymaker Teal|Red|White|Yellow,#4CC0C7|#E72F1D|#EBF7FF|#FFE800,32.6653,28.4147,27.6910,27.0433,26.4437,52.4825,27.7290
4402,Green|Purple|Cold White|Yellow,#06924D|#6C47B2|#D9DFE5|#FFE800,43.0713,28.5641,27.5206,26.9267,26.4785,44.6949,27.7454
4403,Green|Purple|Lime Green|Cold White,#06924D|#6C47B2|#D5D701|#D9DFE5,43.3466,28.5692,27.5471,26.9578,26.4933,44.6550,27.7635
4404,Polymaker Teal|Purple|Pink|Yellow,#4CC0C7|#6C47B2|#F1A1AF|#FFE800,39.2130,28.6370,27.6233,26.8906,26.2485,47.7837,27.7638
4405,Purple|Lime Green|Cold White|White,#6C47B2|#D5D701|#D9DFE5|#EBF7FF,43.1645,28.7576,27.5435,26.7750,26.1581,48.4692,27.7663
4406,Polymaker Teal|Purple|Lime Green|White,#4CC0C7|#6C47B2|#D5D701|#EBF7FF,43.2165,28.7703,27.5512,26.7773,26.1569,48.4375,27.7738
4407,Purple|Red|Magenta|Yellow,#6C47B2|#E72F1D|#F24574|#FFE800,42.3675,29.1923,27.6205,26.5381,25.6442,47.5810,27.8652
4408,Azure Blue|Polymaker Teal|Red|Pink,#0066D9|#4CC0C7|#E72F1D|#F1A1AF,33.3155,28.6912,27.8607,27.0411,26.1790,48.8481,27.8662
4409,Polymaker Teal|Purple|White|Orange,#4CC0C7|#6C47B2|#EBF7FF|#F67405,35.1557,28.6073,27.7903,27.1627,26.6180,49.1266,27.8850
4410,Polymaker Teal|Lime Green|Pink|Orange,#4CC0C7|#D5D701|#F1A1AF|#F67405,32.3234,28.5894,27.8876,27.1879,26.4384,51.0521,27.8887
4411,Green|Purple|White|Yellow,#06924D|#6C47B2|#EBF7FF|#FFE800,43.0605,28.7736,27.6801,27.0209,26.5164,44.6911,27.8973
4412,Olive Green|Cold White|Red|Yellow,#948902|#D9DFE5|#E72F1D|#FFE800,37.6831,28.6261,27.8413,27.1845,26.5444,55.3059,27.9053
4413,Black|Lime Green|Orange|Yellow,#080A0D|#D5D701|#F67405|#FFE800,39.4941,27.8523,27.6707,27.9595,28.4087,59.6109,27.9059
4414,Olive Green|Cold White|Orange|Yellow,#948902|#D9DFE5|#F67405|#FFE800,38.1591,28.6596,27.8585,27.1999,26.5635,54.6827,27.9297
4415,Azure Blue|Purple|White|Yellow,#0066D9|#6C47B2|#EBF7FF|#FFE800,41.6711,28.9234,27.7358,26.9375,26.3065,49.0556,27.9304
4416,Black|Red|Orange|Yellow,#080A0D|#E72F1D|#F67405|#FFE800,39.4991,27.8824,27.7057,27.9942,28.4429,59.6401,27.9383
4417,Green|Black|Lime Green|Yellow,#06924D|#080A0D|#D5D701|#FFE800,39.9993,28.0779,27.7322,27.8576,28.1448,52.7844,27.9678
4418,Azure Blue|Lime Green|White|Orange,#0066D9|#D5D701|#EBF7FF|#F67405,33.0885,28.6823,27.9247,27.2723,26.6954,50.2111,27.9773
4419,Purple|White|Orange|Yellow,#6C47B2|#EBF7FF|#F67405|#FFE800,39.4003,28.8599,27.8051,27.1070,26.5676,49.1494,27.9835
4420,Green|Black|Olive Green|Yellow,#06924D|#080A0D|#948902|#FFE800,39.9758,28.0970,27.7757,27.9173,28.2151,52.7850,28.0071
4421,Blue|Red|Pink|Orange,#003776|#E72F1D|#F1A1AF|#F67405,34.1383,28.4275,27.9362,27.6203,27.3696,38.2217,28.0239
4422,Blue|Pink|Magenta|Orange,#003776|#F1A1AF|#F24574|#F67405,34.1383,28.4275,27.9362,27.6203,27.3696,38.2217,28.0239
4423,Blue|Purple|Pink|Orange,#003776|#6C47B2|#F1A1AF|#F67405,34.1383,28.4276,27.9362,27.6204,27.3696,38.2217,28.0240
4424,Azure Blue|Polymaker Teal|Purple|Grey,#0066D9|#4CC0C7|#6C47B2|#8C9099,29.8498,28.6409,28.1005,27.4324,26.6673,44.2179,28.0366
4425,Azure Blue|Green|Grey|Cold White,#0066D9|#06924D|#8C9099|#D9DFE5,33.7825,28.7617,28.0391,27.3860,26.7479,43.4451,28.0739
4426,Polymaker Teal|Lime Green|White|Magenta,#4CC0C7|#D5D701|#EBF7FF|#F24574,33.9234,28.8211,28.0395,27.3623,26.7524,54.2538,28.0917
4427,Blue|Brown|Red|Magenta,#003776|#55331A|#E72F1D|#F24574,29.9989,28.0264,27.9716,28.2298,28.6726,73.9628,28.1281
4428,Azure Blue|Pink|Orange|Yellow,#0066D9|#F1A1AF|#F67405|#FFE800,33.7318,28.8988,28.0728,27.3641,26.6982,49.2036,28.1315
4429,Purple|White|Magenta|Yellow,#6C47B2|#EBF7FF|#F24574|#FFE800,40.5837,29.0750,27.9476,27.1945,26.6230,48.7843,28.1347
4430,Blue|Brown|Purple|Red,#003776|#55331A|#6C47B2|#E72F1D,30.0018,28.0393,27.9854,28.2427,28.6836,74.3436,28.1410
4431,Grey|White|Pink|Magenta,#8C9099|#EBF7FF|#F1A1AF|#F24574,30.8005,28.7190,28.1681,27.5714,26.9405,46.8685,28.1452
4432,Olive Green|Lime Green|Pink|Orange,#948902|#D5D701|#F1A1AF|#F67405,36.2560,28.9113,28.0892,27.3965,26.7369,52.6882,28.1539
4433,Black|Olive Green|Orange|Yellow,#080A0D|#948902|#F67405|#FFE800,39.3283,28.1010,27.9403,28.2378,28.6979,60.5180,28.1694
4434,Green|Black|Dark Grey|Purple,#06924D|#080A0D|#485259|#6C47B2,32.2057,28.5124,28.0551,27.8319,27.7188,56.3823,28.1722
4435,Blue|Green|Black|Dark Grey,#003776|#06924D|#080A0D|#485259,31.9933,28.4658,28.0851,27.9053,27.8202,56.4741,28.1856
4436,Black|Purple|Olive Green|Red,#080A0D|#6C47B2|#948902|#E72F1D,40.9011,28.8813,27.6981,27.5114,27.7767,61.6783,28.1964
4437,Blue|Green|Purple|Grey,#003776|#06924D|#6C47B2|#8C9099,37.8847,29.0053,28.1191,27.4570,26.8367,40.3472,28.2311
4438,Green|Purple|Grey|Cold White,#06924D|#6C47B2|#8C9099|#D9DFE5,38.6852,29.0456,28.1183,27.4483,26.8645,42.2426,28.2469
4439,Blue|Green|Dark Grey|Purple,#003776|#06924D|#485259|#6C47B2,32.5991,28.8306,28.2168,27.7972,27.4810,56.3666,28.3139
4440,Black|Lime Green|Red|Orange,#080A0D|#D5D701|#E72F1D|#F67405,39.4727,28.3297,28.0977,28.3529,28.7904,61.0010,28.3413
4441,Azure Blue|Lime Green|Pink|Yellow,#0066D9|#D5D701|#F1A1AF|#FFE800,33.9800,29.0886,28.2884,27.6015,26.9258,50.1872,28.3451
4442,Polymaker Teal|Purple|Red|White,#4CC0C7|#6C47B2|#E72F1D|#EBF7FF,34.0122,29.0860,28.3346,27.6580,27.0105,48.8761,28.3720
4443,Polymaker Teal|Pink|Orange|Yellow,#4CC0C7|#F1A1AF|#F67405|#FFE800,32.6905,29.0735,28.3945,27.7089,26.9847,51.5900,28.3912
4444,Blue|Cold White|Red|Pink,#003776|#D9DFE5|#E72F1D|#F1A1AF,35.0334,28.9875,28.3056,27.8213,27.4154,39.9668,28.4044
4445,Green|Black|Dark Grey|Polymaker Teal,#06924D|#080A0D|#485259|#4CC0C7,31.8934,28.5943,28.3285,28.2932,28.3781,47.0277,28.4437
4446,Polymaker Teal|Grey|Pink|Magenta,#4CC0C7|#8C9099|#F1A1AF|#F24574,31.8529,29.1241,28.4830,27.7940,27.0473,46.4437,28.4591
4447,Olive Green|Red|Pink|Yellow,#948902|#E72F1D|#F1A1AF|#FFE800,36.5836,29.1994,28.4127,27.7330,27.0717,54.8034,28.4662
4448,Polymaker Teal|Grey|Cold White|Pink,#4CC0C7|#8C9099|#D9DFE5|#F1A1AF,31.2923,29.0648,28.4885,27.8713,27.2209,46.5624,28.4681
4449,Blue|Green|Dark Grey|Polymaker Teal,#003776|#06924D|#485259|#4CC0C7,31.9113,28.7554,28.3640,28.1834,28.1373,47.0388,28.4694
4450,Blue|Azure Blue|Dark Grey|Polymaker Teal,#003776|#0066D9|#485259|#4CC0C7,29.0918,28.4786,28.4229,28.4640,28.6036,52.1034,28.4713
4451,Azure Blue|Dark Grey|Polymaker Teal|Purple,#0066D9|#485259|#4CC0C7|#6C47B2,29.0918,28.4786,28.4229,28.4640,28.6037,52.1034,28.4713
4452,Azure Blue|Grey|White|Yellow,#0066D9|#8C9099|#EBF7FF|#FFE800,32.9436,29.1695,28.4416,27.7827,27.1607,49.5992,28.4761
4453,Olive Green|Pink|Magenta|Yellow,#948902|#F1A1AF|#F24574|#FFE800,36.6888,29.2125,28.4217,27.7404,27.0766,54.8206,28.4764
4454,Blue|Black|Brown|Red,#003776|#080A0D|#55331A|#E72F1D,29.5955,28.2023,28.3634,28.7792,29.3262,74.4297,28.4907
4455,Grey|Cold White|White|Magenta,#8C9099|#D9DFE5|#EBF7FF|#F24574,31.7257,29.0908,28.5157,27.9202,27.2950,46.8799,28.5055
4456,Azure Blue|Grey|White|Magenta,#0066D9|#8C9099|#EBF7FF|#F24574,31.7310,29.0961,28.5182,27.9182,27.2901,46.8089,28.5071
4457,Olive Green|Cold White|Pink|Yellow,#948902|#D9DFE5|#F1A1AF|#FFE800,37.5597,29.2414,28.4654,27.8000,27.1614,55.8731,28.5207
4458,Purple|Grey|White|Magenta,#6C47B2|#8C9099|#EBF7FF|#F24574,31.9521,29.1010,28.5262,27.9471,27.3557,46.6760,28.5240
4459,Azure Blue|Polymaker Teal|Lime Green|Pink,#0066D9|#4CC0C7|#D5D701|#F1A1AF,34.0012,29.2634,28.4909,27.7987,27.1159,50.0722,28.5311
4460,Azure Blue|Black|Dark Grey|Polymaker Teal,#0066D9|#080A0D|#485259|#4CC0C7,29.6058,28.3748,28.5011,28.7390,29.0544,52.8734,28.5569
4461,Polymaker Teal|Purple|Grey|Pink,#4CC0C7|#6C47B2|#8C9099|#F1A1AF,31.6254,29.1850,28.5877,27.9394,27.2343,46.3134,28.5622
4462,Azure Blue|Red|White|Yellow,#0066D9|#E72F1D|#EBF7FF|#FFE800,33.9212,29.2780,28.5083,27.8697,27.3164,51.4034,28.5738
4463,Azure Blue|Polymaker Teal|Grey|Pink,#0066D9|#4CC0C7|#8C9099|#F1A1AF,31.4747,29.2010,28.6073,27.9560,27.2444,46.6095,28.5785
4464,Olive Green|Pink|Orange|Yellow,#948902|#F1A1AF|#F67405|#FFE800,36.9477,29.3671,28.5165,27.8099,27.1474,53.9627,28.5885
4465,Black|Olive Green|Lime Green|Orange,#080A0D|#948902|#D5D701|#F67405,39.3726,28.5649,28.3535,28.6253,29.0664,59.3875,28.5951
4466,Green|Dark Grey|Polymaker Teal|Purple,#06924D|#485259|#4CC0C7|#6C47B2,32.5192,28.9656,28.4734,28.2272,28.1308,47.0350,28.5964
4467,Azure Blue|Green|Polymaker Teal|Grey,#0066D9|#06924D|#4CC0C7|#8C9099,34.2678,29.3605,28.5944,27.8469,27.0660,44.0564,28.6037
4468,Purple|Cold White|Orange|Yellow,#6C47B2|#D9DFE5|#F67405|#FFE800,40.0959,29.4027,28.4539,27.8177,27.2932,47.4259,28.6102
4469,Purple|Cold White|Magenta|Yellow,#6C47B2|#D9DFE5|#F24574|#FFE800,40.9505,29.4481,28.4453,27.8096,27.3170,47.3805,28.6289
4470,Olive Green|Lime Green|Pink|Yellow,#948902|#D5D701|#F1A1AF|#FFE800,36.4894,29.3529,28.5843,27.9058,27.2359,54.9974,28.6293
4471,Polymaker Teal|Purple|Lime Green|Cold White,#4CC0C7|#6C47B2|#D5D701|#D9DFE5,43.4860,29.5307,28.4286,27.7539,27.2149,46.7042,28.6423
4472,Grey|Cold White|White|Pink,#8C9099|#D9DFE5|#EBF7FF|#F1A1AF,30.8190,29.1890,28.6841,28.1220,27.5186,47.3887,28.6555
4473,Azure Blue|Grey|Lime Green|White,#0066D9|#8C9099|#D5D701|#EBF7FF,32.8360,29.3225,28.6585,28.0218,27.3881,49.3812,28.6722
4474,Green|Polymaker Teal|Purple|Grey,#06924D|#4CC0C7|#6C47B2|#8C9099,39.0021,29.5227,28.5695,27.8359,27.1564,42.2661,28.6793
4475,Azure Blue|Grey|White|Pink,#0066D9|#8C9099|#EBF7FF|#F1A1AF,30.8398,29.2072,28.7106,28.1610,27.5735,47.4010,28.6841
4476,Purple|Grey|White|Pink,#6C47B2|#8C9099|#EBF7FF|#F1A1AF,31.2268,29.2249,28.7276,28.2043,27.6648,47.1175,28.7146
4477,Polymaker Teal|Cold White|Red|White,#4CC0C7|#D9DFE5|#E72F1D|#EBF7FF,33.6211,29.4850,28.7121,27.9515,27.1709,51.8581,28.7183
4478,Polymaker Teal|Red|White|Magenta,#4CC0C7|#E72F1D|#EBF7FF|#F24574,33.6456,29.4905,28.7142,27.9518,27.1720,51.7927,28.7212
4479,Polymaker Teal|Pink|Magenta|Yellow,#4CC0C7|#F1A1AF|#F24574|#FFE800,34.0354,29.4481,28.7098,28.0131,27.3010,52.7529,28.7306
4480,Black|Purple|Olive Green|Orange,#080A0D|#6C47B2|#948902|#F67405,39.4639,29.0719,28.4073,28.4001,28.7245,63.2293,28.7360
4481,Azure Blue|Polymaker Teal|Red|White,#0066D9|#4CC0C7|#E72F1D|#EBF7FF,33.6262,29.4888,28.7335,28.0033,27.2665,50.9860,28.7461
4482,Polymaker Teal|Red|White|Orange,#4CC0C7|#E72F1D|#EBF7FF|#F67405,32.8738,29.4418,28.7512,28.0676,27.3711,52.8805,28.7547
4483,Black|Olive Green|Lime Green|Yellow,#080A0D|#948902|#D5D701|#FFE800,40.5775,28.7520,28.5704,28.8087,29.1823,59.0501,28.7804
4484,Azure Blue|Lime Green|White|Pink,#0066D9|#D5D701|#EBF7FF|#F1A1AF,33.9837,29.4608,28.7405,28.1268,27.5792,51.4641,28.7938
4485,Green|Polymaker Teal|Purple|Yellow,#06924D|#4CC0C7|#6C47B2|#FFE800,43.7692,29.7906,28.6268,27.8624,27.2137,45.4198,28.8265
4486,Blue|Green|Grey|White,#003776|#06924D|#8C9099|#EBF7FF,36.0768,29.3975,28.7957,28.3490,27.9534,40.0493,28.8733
4487,Green|Olive Green|Lime Green|Red,#06924D|#948902|#D5D701|#E72F1D,38.0465,29.6991,28.8483,28.2303,27.6848,50.4790,28.9647
4488,Green|Polymaker Teal|Purple|Lime Green,#06924D|#4CC0C7|#6C47B2|#D5D701,44.4412,29.9987,28.8068,28.0211,27.3357,45.6311,29.0099
4489,Blue|Azure Blue|Pink|Orange,#003776|#0066D9|#F1A1AF|#F67405,34.7684,29.4266,28.9639,28.6655,28.4303,38.4909,29.0460
4490,Blue|Polymaker Teal|Cold White|Magenta,#003776|#4CC0C7|#D9DFE5|#F24574,36.0410,29.6637,28.9717,28.4452,27.9729,41.5475,29.0544
4491,Azure Blue|Red|Pink|Yellow,#0066D9|#E72F1D|#F1A1AF|#FFE800,34.4529,29.7877,29.0295,28.3666,27.7342,49.5948,29.0771
4492,Polymaker Teal|Purple|Cold White|Yellow,#4CC0C7|#6C47B2|#D9DFE5|#FFE800,43.4944,29.9796,28.8780,28.1986,27.6519,47.7122,29.0891
4493,Azure Blue|Green|Purple|Grey,#0066D9|#06924D|#6C47B2|#8C9099,38.9968,29.9453,29.0102,28.2770,27.5810,44.5106,29.1111
4494,Polymaker Teal|Red|White|Pink,#4CC0C7|#E72F1D|#EBF7FF|#F1A1AF,33.8549,29.8807,29.1308,28.3858,27.6121,52.0554,29.1333
4495,Purple|Lime Green|Cold White|Yellow,#6C47B2|#D5D701|#D9DFE5|#FFE800,43.6718,29.9974,28.9554,28.3051,27.7829,47.4377,29.1512
4496,Blue|Polymaker Teal|Pink|Magenta,#003776|#4CC0C7|#F1A1AF|#F24574,34.9750,29.7162,29.1056,28.6071,28.1344,40.6534,29.1616
4497,Brown|Purple|Red|Magenta,#55331A|#6C47B2|#E72F1D|#F24574,29.8403,29.0953,29.1253,29.3362,29.6926,74.5741,29.2158
4498,Blue|Polymaker Teal|Cold White|Pink,#003776|#4CC0C7|#D9DFE5|#F1A1AF,34.6974,29.7391,29.1872,28.7440,28.3379,40.7010,29.2416
4499,Black|Brown|Red|Magenta,#080A0D|#55331A|#E72F1D|#F24574,29.5539,28.8643,29.1704,29.6269,30.1564,74.6002,29.2456
4500,Black|Brown|Purple|Red,#080A0D|#55331A|#6C47B2|#E72F1D,29.5570,28.8786,29.1872,29.6449,30.1752,74.9225,29.2617
4501,Polymaker Teal|Purple|Lime Green|Yellow,#4CC0C7|#6C47B2|#D5D701|#FFE800,44.0453,30.2985,29.0919,28.2504,27.4960,47.3001,29.2744
4502,Blue|Polymaker Teal|Purple|Magenta,#003776|#4CC0C7|#6C47B2|#F24574,36.5397,29.9733,29.2131,28.5883,27.9846,41.5751,29.2808
4503,Polymaker Teal|Grey|White|Pink,#4CC0C7|#8C9099|#EBF7FF|#F1A1AF,31.6357,29.8510,29.3301,28.7595,28.1520,47.7492,29.3053
4504,Polymaker Teal|White|Magenta|Yellow,#4CC0C7|#EBF7FF|#F24574|#FFE800,34.6951,30.0017,29.2773,28.6306,28.0247,54.9696,29.3162
4505,Blue|Azure Blue|Polymaker Teal|Magenta,#003776|#0066D9|#4CC0C7|#F24574,36.5583,30.0101,29.2512,28.6230,28.0151,41.6117,29.3165
4506,Blue|Polymaker Teal|Purple|Pink,#003776|#4CC0C7|#6C47B2|#F1A1AF,34.8541,29.8462,29.2720,28.7956,28.3383,40.6986,29.3209
4507,Purple|Lime Green|White|Yellow,#6C47B2|#D5D701|#EBF7FF|#FFE800,43.7889,30.2172,29.1322,28.4297,27.8591,48.1941,29.3235
4508,Blue|Azure Blue|Polymaker Teal|Pink,#003776|#0066D9|#4CC0C7|#F1A1AF,34.8564,29.8496,29.2752,28.7988,28.3415,40.6995,29.3242
4509,Polymaker Teal|Grey|White|Magenta,#4CC0C7|#8C9099|#EBF7FF|#F24574,32.9564,29.9491,29.3373,28.7152,28.0678,47.8609,29.3322
4510,Azure Blue|Green|Black|Cold White,#0066D9|#06924D|#080A0D|#D9DFE5,41.1572,30.2627,29.0815,28.5736,28.3367,48.0491,29.4181
4511,Polymaker Teal|White|Magenta|Orange,#4CC0C7|#EBF7FF|#F24574|#F67405,33.5185,30.1411,29.4500,28.7611,28.0590,54.3367,29.4511
4512,Azure Blue|Polymaker Teal|White|Orange,#0066D9|#4CC0C7|#EBF7FF|#F67405,33.3961,30.0953,29.4434,28.8135,28.1854,51.4168,29.4544
4513,Blue|Purple|Red|Orange,#003776|#6C47B2|#E72F1D|#F67405,36.7605,29.9608,29.3742,29.0014,28.7084,52.4373,29.4811
4514,Blue|Azure Blue|Cold White|Red,#003776|#0066D9|#D9DFE5|#E72F1D,35.7996,30.0423,29.4163,28.9430,28.5059,41.8050,29.4927
4515,Blue|Red|Magenta|Orange,#003776|#E72F1D|#F24574|#F67405,36.7887,29.9999,29.4143,29.0427,28.7515,52.4458,29.5213
4516,Blue|Purple|Magenta|Orange,#003776|#6C47B2|#F24574|#F67405,36.7891,30.0005,29.4149,29.0433,28.7520,52.4458,29.5219
4517,Green|Olive Green|Red|Orange,#06924D|#948902|#E72F1D|#F67405,37.8108,30.3789,29.5064,28.8146,28.1554,48.2555,29.5968
4518,Black|Olive Green|Magenta|Orange,#080A0D|#948902|#F24574|#F67405,39.4585,29.7253,29.4188,29.6178,30.0384,63.2549,29.6716
4519,Black|Olive Green|Red|Magenta,#080A0D|#948902|#E72F1D|#F24574,40.7078,29.8876,29.3624,29.5055,29.8649,61.6451,29.6966
4520,Polymaker Teal|White|Pink|Orange,#4CC0C7|#EBF7FF|#F1A1AF|#F67405,33.5332,30.3755,29.7024,29.0182,28.3071,54.2600,29.6968
4521,Azure Blue|Green|Dark Grey|Polymaker Teal,#0066D9|#06924D|#485259|#4CC0C7,33.4545,30.0717,29.6543,29.4526,29.3839,51.6161,29.7622
4522,Polymaker Teal|Purple|White|Yellow,#4CC0C7|#6C47B2|#EBF7FF|#FFE800,44.1242,30.6825,29.5888,28.8800,28.3132,49.0705,29.7813
4523,Blue|Polymaker Teal|White|Pink,#003776|#4CC0C7|#EBF7FF|#F1A1AF,35.1600,30.2710,29.7545,29.3530,28.9951,40.6492,29.8120
4524,Purple|Cold White|White|Yellow,#6C47B2|#D9DFE5|#EBF7FF|#FFE800,44.1184,30.7157,29.6406,28.9395,28.3737,48.9895,29.8276
4525,Azure Blue|Green|Black|Dark Grey,#0066D9|#06924D|#080A0D|#485259,33.6960,30.0280,29.7246,29.6569,29.7009,53.6000,29.8425
4526,Blue|Azure Blue|Green|Dark Grey,#003776|#0066D9|#06924D|#485259,33.7136,30.2041,29.7626,29.5265,29.4098,53.5921,29.8653
4527,Blue|Purple|Cold White|Pink,#003776|#6C47B2|#D9DFE5|#F1A1AF,35.4636,30.3825,29.8170,29.3827,28.9976,40.0036,29.8826
4528,Polymaker Teal|Cold White|White|Orange,#4CC0C7|#D9DFE5|#EBF7FF|#F67405,33.6999,30.5802,29.9045,29.2128,28.4940,54.7510,29.8965
4529,Blue|Azure Blue|Cold White|Pink,#003776|#0066D9|#D9DFE5|#F1A1AF,35.4796,30.3982,29.8324,29.3982,29.0134,40.0221,29.8982
4530,Blue|Cold White|Pink|Magenta,#003776|#D9DFE5|#F1A1AF|#F24574,35.5115,30.4024,29.8313,29.3948,29.0093,40.0311,29.8986
4531,Azure Blue|Pink|Magenta|Yellow,#0066D9|#F1A1AF|#F24574|#FFE800,35.3246,30.6549,29.8718,29.1858,28.5279,50.4210,29.9203
4532,Blue|Polymaker Teal|White|Magenta,#003776|#4CC0C7|#EBF7FF|#F24574,36.2930,30.4595,29.8477,29.3912,28.9932,41.2872,29.9253
4533,Azure Blue|Green|Dark Grey|Purple,#0066D9|#06924D|#485259|#6C47B2,34.2951,30.3844,29.8435,29.5405,29.3706,53.5940,29.9625
4534,Azure Blue|White|Magenta|Yellow,#0066D9|#EBF7FF|#F24574|#FFE800,35.3703,30.6867,29.9228,29.2864,28.7250,52.7008,29.9866
4535,Blue|Purple|White|Pink,#003776|#6C47B2|#EBF7FF|#F1A1AF,35.2317,30.4099,29.9378,29.5702,29.2382,40.4383,29.9901
4536,Blue|Azure Blue|White|Pink,#003776|#0066D9|#EBF7FF|#F1A1AF,35.2337,30.4115,29.9393,29.5717,29.2397,40.4486,29.9916
4537,Blue|Cold White|White|Pink,#003776|#D9DFE5|#EBF7FF|#F1A1AF,35.2468,30.4243,29.9451,29.5736,29.2389,40.4741,29.9989
4538,Azure Blue|Green|Polymaker Teal|Yellow,#0066D9|#06924D|#4CC0C7|#FFE800,36.4529,30.8789,30.0234,29.2866,28.5938,47.4772,30.0827
4539,Black|Olive Green|Red|Orange,#080A0D|#948902|#E72F1D|#F67405,39.6442,30.0858,29.8429,30.0850,30.5286,63.2912,30.0854
4540,Azure Blue|Green|Cold White|Yellow,#0066D9|#06924D|#D9DFE5|#FFE800,36.3610,30.9094,30.1013,29.4290,28.8248,47.2852,30.1692
4541,Polymaker Teal|Lime Green|White|Orange,#4CC0C7|#D5D701|#EBF7FF|#F67405,33.9829,30.8247,30.1928,29.5818,28.9815,54.4937,30.2032
4542,Azure Blue|White|Orange|Yellow,#0066D9|#EBF7FF|#F67405|#FFE800,34.7113,30.8424,30.1597,29.5778,29.0470,51.4936,30.2101
4543,Blue|White|Pink|Magenta,#003776|#EBF7FF|#F1A1AF|#F24574,35.6746,30.6563,30.1594,29.7776,29.4397,40.4796,30.2170
4544,Blue|Azure Blue|Dark Grey|Purple,#003776|#0066D9|#485259|#6C47B2,30.3665,30.2457,30.1954,30.1935,30.2722,74.0992,30.2196
4545,Green|Grey|Cold White|White,#06924D|#8C9099|#D9DFE5|#EBF7FF,34.5027,30.8969,30.2327,29.5449,28.8214,47.0667,30.2209
4546,Green|Polymaker Teal|Grey|White,#06924D|#4CC0C7|#8C9099|#EBF7FF,34.5077,30.9019,30.2369,29.5483,28.8240,47.0667,30.2251
4547,Azure Blue|Green|Lime Green|Yellow,#0066D9|#06924D|#D5D701|#FFE800,36.5300,31.0188,30.1739,29.4505,28.7661,47.3305,30.2346
4548,Green|Lime Green|Red|Orange,#06924D|#D5D701|#E72F1D|#F67405,38.2045,30.9507,30.1376,29.5232,28.9577,50.8658,30.2370
4549,Azure Blue|Green|Lime Green|Cold White,#0066D9|#06924D|#D5D701|#D9DFE5,36.5200,30.9798,30.1821,29.5232,28.9356,47.7796,30.2515
4550,Blue|Azure Blue|Black|Dark Grey,#003776|#0066D9|#080A0D|#485259,30.5990,30.0714,30.2313,30.4753,30.7942,74.1638,30.2734
4551,Azure Blue|Black|Dark Grey|Purple,#0066D9|#080A0D|#485259|#6C47B2,30.5990,30.0714,30.2313,30.4753,30.7942,74.1638,30.2734
4552,Blue|Polymaker Teal|Grey|White,#003776|#4CC0C7|#8C9099|#EBF7FF,33.8904,30.6491,30.2786,29.9327,29.5923,42.3564,30.2909
4553,Blue|Azure Blue|Grey|White,#003776|#0066D9|#8C9099|#EBF7FF,33.8905,30.6492,30.2787,29.9328,29.5924,42.3557,30.2910
4554,Blue|Purple|Grey|White,#003776|#6C47B2|#8C9099|#EBF7FF,33.8921,30.6504,30.2800,29.9340,29.5935,42.3564,30.2922
4555,Blue|Grey|Cold White|White,#003776|#8C9099|#D9DFE5|#EBF7FF,33.8762,30.6491,30.2839,29.9459,29.6169,42.3633,30.2975
4556,Azure Blue|Green|Polymaker Teal|Lime Green,#0066D9|#06924D|#4CC0C7|#D5D701,36.7618,31.0976,30.2536,29.5163,28.8028,47.7887,30.3069
4557,Polymaker Teal|White|Orange|Yellow,#4CC0C7|#EBF7FF|#F67405|#FFE800,34.1552,31.0553,30.4305,29.8262,29.2387,54.6044,30.4408
4558,Azure Blue|Polymaker Teal|Lime Green|Cold White,#0066D9|#4CC0C7|#D5D701|#D9DFE5,36.5306,31.1923,30.3812,29.6911,29.0630,49.3197,30.4417
4559,Azure Blue|Polymaker Teal|Lime Green|Yellow,#0066D9|#4CC0C7|#D5D701|#FFE800,36.3630,31.2385,30.4060,29.6859,29.0095,50.4955,30.4622
4560,Azure Blue|Lime Green|Cold White|Yellow,#0066D9|#D5D701|#D9DFE5|#FFE800,36.2542,31.2219,30.4208,29.7576,29.1734,50.5033,30.4898
4561,Azure Blue|Green|Grey|White,#0066D9|#06924D|#8C9099|#EBF7FF,34.9869,31.1390,30.5099,29.8881,29.2490,46.6502,30.5136
4562,Azure Blue|White|Pink|Yellow,#0066D9|#EBF7FF|#F1A1AF|#FFE800,35.4106,31.2177,30.5201,29.9361,29.4190,53.0423,30.5769
4563,Blue|Green|Cold White|White,#003776|#06924D|#D9DFE5|#EBF7FF,38.7759,31.2439,30.6071,30.1707,29.7996,40.8181,30.7073
4564,Blue|Cold White|White|Magenta,#003776|#D9DFE5|#EBF7FF|#F24574,36.8575,31.2069,30.6388,30.2266,29.8787,41.0283,30.7168
4565,Green|Black|Olive Green|Lime Green,#06924D|#080A0D|#948902|#D5D701,41.9467,30.7434,30.5705,30.7987,31.1460,57.2769,30.7711
4566,Blue|Green|Polymaker Teal|White,#003776|#06924D|#4CC0C7|#EBF7FF,38.8329,31.3103,30.6762,30.2396,29.8654,40.8756,30.7749
4567,Blue|Azure Blue|Green|White,#003776|#0066D9|#06924D|#EBF7FF,38.8692,31.3561,30.7222,30.2859,29.9122,40.9805,30.8210
4568,Blue|Purple|Cold White|Magenta,#003776|#6C47B2|#D9DFE5|#F24574,38.1962,31.3868,30.7493,30.2987,29.8899,42.6954,30.8427
4569,Azure Blue|Cold White|Pink|Yellow,#0066D9|#D9DFE5|#F1A1AF|#FFE800,35.7496,31.4940,30.7903,30.1934,29.6479,51.1194,30.8437
4570,Green|Red|Orange|Yellow,#06924D|#E72F1D|#F67405|#FFE800,38.6783,31.5581,30.7662,30.1742,29.6403,51.6505,30.8662
4571,Blue|Purple|White|Magenta,#003776|#6C47B2|#EBF7FF|#F24574,36.9342,31.3480,30.8046,30.4090,30.0743,41.0129,30.8785
4572,Blue|Azure Blue|White|Magenta,#003776|#0066D9|#EBF7FF|#F24574,36.9362,31.3510,30.8079,30.4123,30.0778,41.0177,30.8817
4573,Blue|Green|Purple|Cold White,#003776|#06924D|#6C47B2|#D9DFE5,47.1919,31.8156,30.6355,30.0353,29.6151,43.6487,30.9255
4574,Polymaker Teal|Lime Green|Cold White|Pink,#4CC0C7|#D5D701|#D9DFE5|#F1A1AF,35.1512,31.6174,30.9723,30.3506,29.7384,55.1977,30.9840
4575,Polymaker Teal|Purple|Cold White|Magenta,#4CC0C7|#6C47B2|#D9DFE5|#F24574,37.1946,31.7514,30.9835,30.2853,29.5841,49.5572,31.0183
4576,Green|Purple|Grey|White,#06924D|#6C47B2|#8C9099|#EBF7FF,42.3560,31.8228,30.9311,30.2967,29.7497,45.2736,31.0598
4577,Azure Blue|Polymaker Teal|Cold White|Magenta,#0066D9|#4CC0C7|#D9DFE5|#F24574,37.1879,31.7947,31.0288,30.3318,29.6306,49.9507,31.0633
4578,Azure Blue|Polymaker Teal|Pink|Yellow,#0066D9|#4CC0C7|#F1A1AF|#FFE800,36.0372,31.7814,31.0395,30.3811,29.7425,51.3246,31.0813
4579,Azure Blue|Polymaker Teal|Purple|Magenta,#0066D9|#4CC0C7|#6C47B2|#F24574,37.6873,32.0815,31.2339,30.4100,29.5342,49.8634,31.2457
4580,Blue|Purple|Pink|Magenta,#003776|#6C47B2|#F1A1AF|#F24574,36.0958,31.6911,31.2754,30.9370,30.6249,40.0583,31.3141
4581,Blue|Azure Blue|Purple|Pink,#003776|#0066D9|#6C47B2|#F1A1AF,36.0992,31.7093,31.2947,30.9561,30.6434,40.0773,31.3327
4582,Blue|Azure Blue|Pink|Magenta,#003776|#0066D9|#F1A1AF|#F24574,36.1285,31.7367,31.3220,30.9843,30.6728,40.1361,31.3605
4583,Black|Purple|Magenta|Orange,#080A0D|#6C47B2|#F24574|#F67405,40.4184,31.3655,31.3148,31.5964,31.9912,60.4215,31.4809
4584,Azure Blue|Green|White|Yellow,#0066D9|#06924D|#EBF7FF|#FFE800,37.1800,32.2102,31.4324,30.7608,30.1501,48.9722,31.4855
4585,Polymaker Teal|Grey|Cold White|White,#4CC0C7|#8C9099|#D9DFE5|#EBF7FF,33.1680,32.1096,31.6565,31.1275,30.5596,48.6715,31.6186
4586,Azure Blue|Polymaker Teal|Grey|White,#0066D9|#4CC0C7|#8C9099|#EBF7FF,33.2120,32.1348,31.6910,31.1726,30.6125,48.6054,31.6537
4587,Azure Blue|Polymaker Teal|Cold White|Yellow,#0066D9|#4CC0C7|#D9DFE5|#FFE800,36.8992,32.3570,31.6174,30.9760,30.3843,51.1469,31.6665
4588,Azure Blue|Grey|Cold White|White,#0066D9|#8C9099|#D9DFE5|#EBF7FF,33.1990,32.1386,31.7036,31.2005,30.6623,48.6069,31.6695
4589,Black|Red|Magenta|Orange,#080A0D|#E72F1D|#F24574|#F67405,40.4944,31.5436,31.5292,31.8558,32.3242,66.2983,31.6997
4590,Blue|Azure Blue|Cold White|Magenta,#003776|#0066D9|#D9DFE5|#F24574,38.6325,32.2420,31.6287,31.1778,30.7642,43.1280,31.7099
4591,Green|Lime Green|Red|Yellow,#06924D|#D5D701|#E72F1D|#FFE800,39.9498,32.4874,31.6957,31.1001,30.5655,51.5962,31.7937
4592,Blue|Purple|Red|Pink,#003776|#6C47B2|#E72F1D|#F1A1AF,36.7751,32.1605,31.7453,31.4376,31.1726,40.1060,31.7991
4593,Blue|Red|Pink|Magenta,#003776|#E72F1D|#F1A1AF|#F24574,36.7751,32.1606,31.7453,31.4376,31.1726,40.1068,31.7991
4594,Green|Olive Green|Red|Yellow,#06924D|#948902|#E72F1D|#FFE800,39.9653,32.5088,31.7166,31.1206,30.5857,51.5978,31.8147
4595,Blue|Azure Blue|Red|Pink,#003776|#0066D9|#E72F1D|#F1A1AF,36.7955,32.1926,31.7781,31.4704,31.2054,40.2323,31.8315
4596,Black|Purple|Red|Orange,#080A0D|#6C47B2|#E72F1D|#F67405,40.7157,31.7573,31.7899,32.1173,32.5108,59.0954,31.9373
4597,Polymaker Teal|Lime Green|White|Pink,#4CC0C7|#D5D701|#EBF7FF|#F1A1AF,35.8903,32.5748,31.9509,31.3550,30.7833,57.9350,31.9649
4598,Polymaker Teal|Olive Green|Lime Green|White,#4CC0C7|#948902|#D5D701|#EBF7FF,41.6488,32.6739,31.9412,31.3052,30.6881,55.0896,31.9896
4599,Blue|Green|Polymaker Teal|Cold White,#003776|#06924D|#4CC0C7|#D9DFE5,43.3326,32.7766,31.7763,31.2059,30.7870,44.4060,31.9912
4600,Olive Green|Lime Green|Cold White|White,#948902|#D5D701|#D9DFE5|#EBF7FF,42.1043,32.8930,32.1377,31.4716,30.8181,57.4741,32.1823
4601,Blue|Green|Purple|White,#003776|#06924D|#6C47B2|#EBF7FF,44.0677,32.8966,32.0428,31.4995,31.0662,43.5819,32.1981
4602,Lime Green|Red|White|Magenta,#D5D701|#E72F1D|#EBF7FF|#F24574,36.1136,32.8411,32.1920,31.5715,30.9730,59.2558,32.2063
4603,Lime Green|Red|White|Pink,#D5D701|#E72F1D|#EBF7FF|#F1A1AF,35.7437,32.8198,32.2113,31.6242,31.0529,59.1362,32.2220
4604,Green|Olive Green|Lime Green|White,#06924D|#948902|#D5D701|#EBF7FF,41.2396,32.9143,32.1850,31.5621,30.9626,55.3696,32.2382
4605,Polymaker Teal|Purple|Pink|Magenta,#4CC0C7|#6C47B2|#F1A1AF|#F24574,37.2922,32.9800,32.2567,31.5377,30.7768,51.2841,32.2589
4606,Polymaker Teal|Cold White|Pink|Magenta,#4CC0C7|#D9DFE5|#F1A1AF|#F24574,37.0354,33.0304,32.3281,31.6285,30.9033,52.6811,32.3295
4607,Polymaker Teal|Purple|Grey|White,#4CC0C7|#6C47B2|#8C9099|#EBF7FF,35.8281,32.8356,32.3601,31.8837,31.3990,48.4096,32.3597
4608,Azure Blue|Purple|Grey|White,#0066D9|#6C47B2|#8C9099|#EBF7FF,35.6874,32.8445,32.3731,31.8982,31.4131,48.8170,32.3713
4609,Purple|Grey|Cold White|White,#6C47B2|#8C9099|#D9DFE5|#EBF7FF,35.8148,32.8383,32.3701,31.9058,31.4384,48.4096,32.3720
4610,Azure Blue|Polymaker Teal|Pink|Magenta,#0066D9|#4CC0C7|#F1A1AF|#F24574,37.2119,33.1686,32.4506,31.7205,30.9387,52.6280,32.4445
4611,Polymaker Teal|Lime Green|Pink|Yellow,#4CC0C7|#D5D701|#F1A1AF|#FFE800,36.4497,33.1027,32.4554,31.7927,31.0991,56.5478,32.4477
4612,Blue|Azure Blue|Red|Orange,#003776|#0066D9|#E72F1D|#F67405,37.8016,32.9552,32.5066,32.2341,32.0507,47.8943,32.5947
4613,Blue|Azure Blue|Magenta|Orange,#003776|#0066D9|#F24574|#F67405,37.8016,32.9552,32.5066,32.2341,32.0507,47.8943,32.5947
4614,Blue|Azure Blue|Purple|Orange,#003776|#0066D9|#6C47B2|#F67405,37.8018,32.9554,32.5067,32.2343,32.0509,47.8943,32.5948
4615,Polymaker Teal|Cold White|Pink|Yellow,#4CC0C7|#D9DFE5|#F1A1AF|#FFE800,36.4738,33.2093,32.6004,32.0033,31.4015,56.6130,32.6063
4616,Purple|Cold White|Red|Orange,#6C47B2|#D9DFE5|#E72F1D|#F67405,40.5979,33.2712,32.5479,31.9965,31.4927,52.2707,32.6339
4617,Purple|Cold White|Magenta|Orange,#6C47B2|#D9DFE5|#F24574|#F67405,40.6956,33.3254,32.5937,32.0374,31.5330,52.5013,32.6814
4618,Polymaker Teal|Olive Green|Lime Green|Cold White,#4CC0C7|#948902|#D5D701|#D9DFE5,43.3762,33.4487,32.7251,32.1109,31.4974,56.0688,32.7798
4619,Polymaker Teal|Olive Green|White|Yellow,#4CC0C7|#948902|#EBF7FF|#FFE800,42.0338,33.4956,32.8006,32.2038,31.6190,55.8677,32.8497
4620,Lime Green|Red|Pink|Magenta,#D5D701|#E72F1D|#F1A1AF|#F24574,35.9645,33.4688,32.8855,32.2757,31.6323,59.2707,32.8723
4621,Azure Blue|Green|Lime Green|White,#0066D9|#06924D|#D5D701|#EBF7FF,38.1161,33.6008,32.9131,32.3084,31.7376,49.7738,32.9546
4622,Green|Olive Green|Lime Green|Orange,#06924D|#948902|#D5D701|#F67405,39.8111,33.6331,32.8878,32.2886,31.7110,53.1137,32.9608
4623,Purple|White|Pink|Orange,#6C47B2|#EBF7FF|#F1A1AF|#F67405,40.1669,33.5894,32.8831,32.3449,31.8804,52.0944,32.9671
4624,Purple|White|Magenta|Orange,#6C47B2|#EBF7FF|#F24574|#F67405,40.1751,33.5928,32.8853,32.3459,31.8805,52.0134,32.9693
4625,Lime Green|Cold White|Red|White,#D5D701|#D9DFE5|#E72F1D|#EBF7FF,36.9069,33.6552,32.9749,32.3307,31.7259,60.7818,32.9930
4626,Green|Purple|Cold White|White,#06924D|#6C47B2|#D9DFE5|#EBF7FF,46.5570,33.8180,32.8456,32.2011,31.6657,46.5146,33.0096
4627,Green|Olive Green|Lime Green|Cold White,#06924D|#948902|#D5D701|#D9DFE5,43.4499,33.6798,32.9722,32.3442,31.7060,57.8133,33.0120
4628,Purple|Cold White|White|Orange,#6C47B2|#D9DFE5|#EBF7FF|#F67405,40.1986,33.6638,32.9476,32.3900,31.8948,52.2518,33.0269
4629,Olive Green|Lime Green|Cold White|Yellow,#948902|#D5D701|#D9DFE5|#FFE800,43.6789,33.6890,33.0044,32.3748,31.7250,58.9527,33.0319
4630,Green|Polymaker Teal|Purple|White,#06924D|#4CC0C7|#6C47B2|#EBF7FF,46.6004,33.8515,32.8769,32.2287,31.6897,46.4903,33.0401
4631,Lime Green|Red|White|Yellow,#D5D701|#E72F1D|#EBF7FF|#FFE800,36.6171,33.6570,33.0389,32.4442,31.8668,60.0674,33.0506
4632,Green|Polymaker Teal|Purple|Cold White,#06924D|#4CC0C7|#6C47B2|#D9DFE5,51.0655,34.0320,32.7572,32.0914,31.6142,46.3309,33.0617
4633,Azure Blue|Green|Purple|White,#0066D9|#06924D|#6C47B2|#EBF7FF,46.5345,33.9252,32.9581,32.3133,31.7779,46.6551,33.1192
4634,Polymaker Teal|White|Pink|Yellow,#4CC0C7|#EBF7FF|#F1A1AF|#FFE800,36.8725,33.7241,33.1154,32.5321,31.9643,58.2655,33.1281
4635,Purple|Red|White|Orange,#6C47B2|#E72F1D|#EBF7FF|#F67405,40.2408,33.7507,33.0451,32.5070,32.0431,52.0991,33.1289
4636,Green|Olive Green|Cold White|Yellow,#06924D|#948902|#D9DFE5|#FFE800,43.0263,33.7823,33.1137,32.5102,31.8944,58.1933,33.1462
4637,Azure Blue|Purple|Cold White|Orange,#0066D9|#6C47B2|#D9DFE5|#F67405,38.2420,33.7987,33.1537,32.5925,32.0556,54.0478,33.1956
4638,Olive Green|Cold White|White|Yellow,#948902|#D9DFE5|#EBF7FF|#FFE800,42.6625,33.8763,33.1833,32.5627,31.9371,58.8229,33.2195
4639,Olive Green|Lime Green|White|Yellow,#948902|#D5D701|#EBF7FF|#FFE800,42.4098,34.0472,33.3136,32.6822,32.0696,58.2967,33.3647
4640,Azure Blue|Lime Green|White|Yellow,#0066D9|#D5D701|#EBF7FF|#FFE800,38.0709,34.1117,33.4254,32.8098,32.2335,52.8874,33.4608
4641,Purple|Cold White|Pink|Orange,#6C47B2|#D9DFE5|#F1A1AF|#F67405,40.6212,34.1129,33.4010,32.8383,32.3199,53.5755,33.4756
4642,Green|Olive Green|White|Yellow,#06924D|#948902|#EBF7FF|#FFE800,41.6009,34.1590,33.4519,32.8588,32.2935,56.9094,33.5089
4643,Azure Blue|Cold White|Red|Orange,#0066D9|#D9DFE5|#E72F1D|#F67405,36.9805,34.1415,33.5736,33.0236,32.4659,54.8900,33.5825
4644,Azure Blue|Polymaker Teal|White|Yellow,#0066D9|#4CC0C7|#EBF7FF|#FFE800,38.1710,34.2830,33.5927,32.9721,32.3940,53.0811,33.6275
4645,Green|Lime Green|Orange|Yellow,#06924D|#D5D701|#F67405|#FFE800,40.3446,34.2823,33.5629,32.9899,32.4429,53.3396,33.6361
4646,Green|Olive Green|Orange|Yellow,#06924D|#948902|#F67405|#FFE800,40.3441,34.2827,33.5635,32.9905,32.4437,53.3419,33.6366
4647,Azure Blue|Cold White|White|Yellow,#0066D9|#D9DFE5|#EBF7FF|#FFE800,38.1514,34.2993,33.6196,33.0057,32.4278,53.0431,33.6525
4648,Lime Green|Cold White|Red|Magenta,#D5D701|#D9DFE5|#E72F1D|#F24574,37.5983,34.2951,33.6907,33.0878,32.4833,60.4840,33.6914
4649,Lime Green|White|Pink|Magenta,#D5D701|#EBF7FF|#F1A1AF|#F24574,37.1576,34.2920,33.6916,33.1027,32.5232,60.7532,33.6973
4650,Polymaker Teal|Olive Green|Cold White|Yellow,#4CC0C7|#948902|#D9DFE5|#FFE800,43.1762,34.3967,33.7199,33.1123,32.4999,57.3325,33.7545
4651,Azure Blue|Cold White|Magenta|Orange,#0066D9|#D9DFE5|#F24574|#F67405,37.2008,34.3913,33.8240,33.2741,32.7162,54.8886,33.8327
4652,Lime Green|Cold White|White|Magenta,#D5D701|#D9DFE5|#EBF7FF|#F24574,37.9935,34.5314,33.8603,33.2318,32.6400,62.0221,33.8816
4653,Polymaker Teal|Purple|White|Magenta,#4CC0C7|#6C47B2|#EBF7FF|#F24574,39.1325,34.5541,33.8891,33.2731,32.6686,52.5914,33.9136
4654,Lime Green|Cold White|Red|Pink,#D5D701|#D9DFE5|#E72F1D|#F1A1AF,37.3010,34.5339,33.9337,33.3311,32.7332,60.4632,33.9325
4655,Lime Green|Red|Pink|Orange,#D5D701|#E72F1D|#F1A1AF|#F67405,37.1891,34.6652,34.0510,33.4055,32.7260,59.8332,34.0353
4656,Lime Green|Pink|Magenta|Orange,#D5D701|#F1A1AF|#F24574|#F67405,37.1908,34.6666,34.0523,33.4069,32.7277,59.8332,34.0367
4657,Polymaker Teal|Purple|Cold White|Pink,#4CC0C7|#6C47B2|#D9DFE5|#F1A1AF,38.7196,34.6706,34.0605,33.4756,32.8898,51.8135,34.0731
4658,Azure Blue|Polymaker Teal|Lime Green|White,#0066D9|#4CC0C7|#D5D701|#EBF7FF,38.5889,34.7201,34.0480,33.4290,32.8369,53.6320,34.0745
4659,Azure Blue|Lime Green|Cold White|White,#0066D9|#D5D701|#D9DFE5|#EBF7FF,38.5955,34.7556,34.0880,33.4754,32.8904,53.6332,34.1155
4660,Azure Blue|Cold White|Pink|Orange,#0066D9|#D9DFE5|#F1A1AF|#F67405,37.4623,34.6845,34.1128,33.5649,33.0175,54.8904,34.1247
4661,Polymaker Teal|Cold White|White|Magenta,#4CC0C7|#D9DFE5|#EBF7FF|#F24574,38.6869,34.8173,34.1394,33.4607,32.7554,55.0841,34.1390
4662,Azure Blue|Polymaker Teal|White|Magenta,#0066D9|#4CC0C7|#EBF7FF|#F24574,38.7024,34.8242,34.1477,33.4785,32.7892,54.7651,34.1514
4663,Polymaker Teal|White|Pink|Magenta,#4CC0C7|#EBF7FF|#F1A1AF|#F24574,38.3177,34.8376,34.1858,33.5215,32.8245,55.0905,34.1795
4664,Azure Blue|Polymaker Teal|Purple|Pink,#0066D9|#4CC0C7|#6C47B2|#F1A1AF,38.3763,34.8534,34.2030,33.5334,32.8231,53.0483,34.1934
4665,Blue|Polymaker Teal|Cold White|White,#003776|#4CC0C7|#D9DFE5|#EBF7FF,39.4484,34.6609,34.2245,33.8801,33.5670,44.9507,34.2705
4666,Blue|Azure Blue|Cold White|White,#003776|#0066D9|#D9DFE5|#EBF7FF,39.4487,34.6631,34.2269,33.8823,33.5690,44.9523,34.2727
4667,Azure Blue|Purple|White|Orange,#0066D9|#6C47B2|#EBF7FF|#F67405,39.2298,34.8258,34.2431,33.7559,33.3134,53.0287,34.2908
4668,Purple|Cold White|Red|Magenta,#6C47B2|#D9DFE5|#E72F1D|#F24574,40.8166,34.9118,34.2444,33.6781,33.1342,54.1601,34.2950
4669,Blue|Purple|Cold White|White,#003776|#6C47B2|#D9DFE5|#EBF7FF,39.5047,34.6970,34.2609,33.9174,33.6047,44.9803,34.3072
4670,Blue|Azure Blue|Green|Cold White,#003776|#0066D9|#06924D|#D9DFE5,43.9998,35.1228,34.1350,33.5087,33.0218,47.7387,34.3158
4671,Blue|Azure Blue|Polymaker Teal|White,#003776|#0066D9|#4CC0C7|#EBF7FF,39.5278,34.7404,34.3055,33.9641,33.6563,45.0043,34.3522
4672,Blue|Polymaker Teal|Purple|White,#003776|#4CC0C7|#6C47B2|#EBF7FF,39.5883,34.7771,34.3423,34.0020,33.6949,45.0301,34.3896
4673,Blue|Azure Blue|Purple|White,#003776|#0066D9|#6C47B2|#EBF7FF,39.5878,34.7789,34.3445,34.0040,33.6966,45.0325,34.3915
4674,Azure Blue|Polymaker Teal|Cold White|Pink,#0066D9|#4CC0C7|#D9DFE5|#F1A1AF,37.9659,35.0939,34.4734,33.8241,33.1410,54.4751,34.4590
4675,Azure Blue|White|Magenta|Orange,#0066D9|#EBF7FF|#F24574|#F67405,37.2613,34.9640,34.4741,34.0047,33.5479,53.8099,34.4844
4676,Azure Blue|White|Pink|Orange,#0066D9|#EBF7FF|#F1A1AF|#F67405,37.2555,34.9641,34.4747,34.0060,33.5503,53.9066,34.4850
4677,Lime Green|Cold White|Pink|Magenta,#D5D701|#D9DFE5|#F1A1AF|#F24574,37.9528,35.1007,34.5013,33.9041,33.3153,61.4704,34.5024
4678,Azure Blue|Cold White|White|Orange,#0066D9|#D9DFE5|#EBF7FF|#F67405,37.4545,35.0230,34.4931,33.9993,33.5242,54.4770,34.5112
4679,Azure Blue|Green|Purple|Cold White,#0066D9|#06924D|#6C47B2|#D9DFE5,47.9394,35.4554,34.3090,33.6299,33.1299,48.1600,34.5427
4680,Azure Blue|Red|White|Orange,#0066D9|#E72F1D|#EBF7FF|#F67405,37.3295,35.0208,34.5319,34.0656,33.6132,53.8500,34.5432
4681,Lime Green|White|Magenta|Yellow,#D5D701|#EBF7FF|#F24574|#FFE800,38.1656,35.1377,34.5347,33.9505,33.3820,61.6515,34.5441
4682,Red|White|Magenta|Yellow,#E72F1D|#EBF7FF|#F24574|#FFE800,37.8280,35.1515,34.5721,34.0025,33.4408,60.9354,34.5770
4683,Red|White|Pink|Yellow,#E72F1D|#EBF7FF|#F1A1AF|#FFE800,37.5688,35.1390,34.5829,34.0286,33.4685,61.3749,34.5838
4684,Lime Green|Red|White|Orange,#D5D701|#E72F1D|#EBF7FF|#F67405,37.6257,35.1986,34.6242,34.0462,33.4695,61.5766,34.6224
4685,Lime Green|Cold White|Red|Yellow,#D5D701|#D9DFE5|#E72F1D|#FFE800,38.0400,35.2394,34.6681,34.0804,33.4800,62.1223,34.6599
4686,Azure Blue|Purple|Cold White|Red,#0066D9|#6C47B2|#D9DFE5|#E72F1D,39.3835,35.3789,34.7548,34.1711,33.5899,55.6954,34.7750
4687,Lime Green|Red|Pink|Yellow,#D5D701|#E72F1D|#F1A1AF|#FFE800,37.6195,35.4116,34.8520,34.2551,33.6181,61.5717,34.8334
4688,Purple|Cold White|Red|White,#6C47B2|#D9DFE5|#E72F1D|#EBF7FF,40.8810,35.5385,34.8531,34.2834,33.7625,54.0362,34.9109
4689,Lime Green|Pink|Magenta|Yellow,#D5D701|#F1A1AF|#F24574|#FFE800,37.7529,35.5518,34.9899,34.3878,33.7453,61.6294,34.9698
4690,Purple|Red|White|Magenta,#6C47B2|#E72F1D|#EBF7FF|#F24574,40.7581,35.5706,34.9199,34.3798,33.8875,53.5151,34.9752
4691,Lime Green|Pink|Orange|Yellow,#D5D701|#F1A1AF|#F67405|#FFE800,37.9941,35.6113,35.0131,34.3925,33.7444,60.8449,35.0019
4692,Lime Green|Cold White|Red|Orange,#D5D701|#D9DFE5|#E72F1D|#F67405,38.1950,35.5924,35.0323,34.4505,33.8586,61.7559,35.0214
4693,Blue|Polymaker Teal|Purple|Cold White,#003776|#4CC0C7|#6C47B2|#D9DFE5,42.9422,35.5004,34.9393,34.5454,34.1905,45.7690,35.0229
4694,Lime Green|White|Magenta|Orange,#D5D701|#EBF7FF|#F24574|#F67405,38.2372,35.7411,35.1623,34.5890,34.0233,62.5872,35.1651
4695,Cold White|Red|White|Yellow,#D9DFE5|#E72F1D|#EBF7FF|#FFE800,38.5587,35.8363,35.2246,34.6263,34.0375,62.2719,35.2313
4696,Lime Green|Cold White|Magenta|Orange,#D5D701|#D9DFE5|#F24574|#F67405,38.5738,35.8226,35.2566,34.6763,34.0865,61.9510,35.2495
4697,Lime Green|Cold White|Pink|Orange,#D5D701|#D9DFE5|#F1A1AF|#F67405,38.2982,35.8539,35.2847,34.6980,34.1028,61.4924,35.2759
4698,Purple|Cold White|Red|Pink,#6C47B2|#D9DFE5|#E72F1D|#F1A1AF,40.7596,35.8950,35.2489,34.6694,34.1053,55.2626,35.2822
4699,Blue|Black|Polymaker Teal|Purple,#003776|#080A0D|#4CC0C7|#6C47B2,42.6294,35.4074,35.2342,35.3050,35.4460,51.0915,35.3562
4700,Azure Blue|Cold White|Red|Magenta,#0066D9|#D9DFE5|#E72F1D|#F24574,38.9475,35.9690,35.3874,34.8079,34.2119,56.9750,35.3884
4701,Polymaker Teal|Purple|White|Pink,#4CC0C7|#6C47B2|#EBF7FF|#F1A1AF,40.2356,36.1822,35.5993,35.0513,34.5043,53.8971,35.6168
4702,Red|White|Orange|Yellow,#E72F1D|#EBF7FF|#F67405|#FFE800,38.3440,36.1776,35.6394,35.0981,34.5530,62.1646,35.6379
4703,Azure Blue|Purple|Red|White,#0066D9|#6C47B2|#E72F1D|#EBF7FF,40.0785,36.2939,35.7096,35.1966,34.7220,54.8188,35.7452
4704,Red|Pink|Magenta|Yellow,#E72F1D|#F1A1AF|#F24574|#FFE800,38.3808,36.3604,35.8128,35.2238,34.5977,61.9678,35.7921
4705,Green|Polymaker Teal|Olive Green|Lime Green,#06924D|#4CC0C7|#948902|#D5D701,45.3732,36.5165,35.7764,35.1298,34.4665,55.3912,35.8232
4706,Azure Blue|Cold White|Red|White,#0066D9|#D9DFE5|#E72F1D|#EBF7FF,39.0556,36.4324,35.8596,35.3107,34.7741,56.1507,35.8715
4707,Cold White|Red|Orange|Yellow,#D9DFE5|#E72F1D|#F67405|#FFE800,38.8795,36.5000,35.9597,35.3928,34.8089,62.1342,35.9464
4708,Azure Blue|Red|White|Magenta,#0066D9|#E72F1D|#EBF7FF|#F24574,38.9428,36.4659,35.9411,35.4396,34.9528,55.6205,35.9527
4709,Purple|Red|White|Pink,#6C47B2|#E72F1D|#EBF7FF|#F1A1AF,41.3271,36.5673,35.9437,35.3983,34.8852,54.1766,35.9828
4710,Cold White|Red|Magenta|Yellow,#D9DFE5|#E72F1D|#F24574|#FFE800,39.5183,36.5810,36.0102,35.4285,34.8316,62.2701,36.0047
4711,White|Pink|Magenta|Yellow,#EBF7FF|#F1A1AF|#F24574|#FFE800,39.1356,36.6026,36.0355,35.4799,34.9283,62.6103,36.0413
4712,Lime Green|Cold White|Magenta|Yellow,#D5D701|#D9DFE5|#F24574|#FFE800,39.6841,36.6201,36.0457,35.4661,34.8753,62.4494,36.0431
4713,Azure Blue|Cold White|Red|Pink,#0066D9|#D9DFE5|#E72F1D|#F1A1AF,39.5377,36.6705,36.0610,35.4648,34.8625,57.5727,36.0677
4714,Green|Polymaker Teal|Olive Green|Yellow,#06924D|#4CC0C7|#948902|#FFE800,44.5494,36.7882,36.1022,35.4712,34.8124,56.5198,36.1297
4715,Polymaker Teal|Olive Green|Lime Green|Yellow,#4CC0C7|#948902|#D5D701|#FFE800,44.5494,36.7882,36.1022,35.4712,34.8124,56.5198,36.1297
4716,Pink|Magenta|Orange|Yellow,#F1A1AF|#F24574|#F67405|#FFE800,38.8573,36.8085,36.2398,35.6317,34.9920,61.6424,36.2201
4717,Red|Pink|Orange|Yellow,#E72F1D|#F1A1AF|#F67405|#FFE800,38.8579,36.8088,36.2397,35.6315,34.9920,61.6424,36.2202
4718,Cold White|Red|Magenta|Orange,#D9DFE5|#E72F1D|#F24574|#F67405,38.9965,36.8473,36.2761,35.6457,34.9722,61.7503,36.2465
4719,Cold White|Red|Pink|Magenta,#D9DFE5|#E72F1D|#F1A1AF|#F24574,39.6804,36.9586,36.3033,35.6127,34.8837,60.3132,36.2856
4720,Lime Green|White|Pink|Orange,#D5D701|#EBF7FF|#F1A1AF|#F67405,38.8896,36.8419,36.3007,35.7349,35.1645,63.5474,36.2884
4721,Azure Blue|Polymaker Teal|White|Pink,#0066D9|#4CC0C7|#EBF7FF|#F1A1AF,39.3866,36.9148,36.3507,35.7560,35.1309,57.3200,36.3354
4722,Azure Blue|Green|Polymaker Teal|Cold White,#0066D9|#06924D|#4CC0C7|#D9DFE5,44.8341,37.2110,36.2353,35.5220,34.9049,50.1138,36.3665
4723,Polymaker Teal|Cold White|White|Pink,#4CC0C7|#D9DFE5|#EBF7FF|#F1A1AF,39.4597,36.9851,36.3939,35.7540,35.0711,58.6348,36.3695
4724,White|Magenta|Orange|Yellow,#EBF7FF|#F24574|#F67405|#FFE800,39.1728,36.9916,36.4573,35.9186,35.3765,63.0153,36.4551
4725,Lime Green|Cold White|Orange|Yellow,#D5D701|#D9DFE5|#F67405|#FFE800,39.3229,37.0633,36.5259,35.9587,35.3750,62.9846,36.5110
4726,Blue|Azure Blue|Purple|Cold White,#003776|#0066D9|#6C47B2|#D9DFE5,42.8141,36.9518,36.4665,36.0853,35.7226,47.2966,36.5186
4727,Cold White|Magenta|Orange|Yellow,#D9DFE5|#F24574|#F67405|#FFE800,39.6007,37.1410,36.5986,36.0370,35.4615,62.3268,36.5890
4728,Red|White|Pink|Magenta,#E72F1D|#EBF7FF|#F1A1AF|#F24574,39.3055,37.2292,36.6247,35.9664,35.2726,59.8357,36.5978
4729,Lime Green|Cold White|White|Pink,#D5D701|#D9DFE5|#EBF7FF|#F1A1AF,39.4611,37.2476,36.6932,36.1161,35.5416,64.0883,36.6819
4730,Cold White|Red|Pink|Orange,#D9DFE5|#E72F1D|#F1A1AF|#F67405,39.4435,37.3716,36.7964,36.1591,35.4817,61.8099,36.7654
4731,Lime Green|White|Pink|Yellow,#D5D701|#EBF7FF|#F1A1AF|#FFE800,39.2457,37.3247,36.8085,36.2723,35.7216,64.1036,36.7985
4732,Cold White|Red|Pink|Yellow,#D9DFE5|#E72F1D|#F1A1AF|#FFE800,39.6827,37.4045,36.8528,36.2728,35.6801,63.5699,36.8386
4733,Cold White|Pink|Magenta|Orange,#D9DFE5|#F1A1AF|#F24574|#F67405,39.5157,37.4594,36.8841,36.2458,35.5678,61.9446,36.8526
4734,Cold White|Red|White|Magenta,#D9DFE5|#E72F1D|#EBF7FF|#F24574,39.9246,37.6132,36.9802,36.2977,35.5795,61.6604,36.9554
4735,Cold White|Red|White|Pink,#D9DFE5|#E72F1D|#EBF7FF|#F1A1AF,39.9516,37.6273,36.9863,36.2954,35.5728,60.9713,36.9613
4736,Blue|Green|Black|Purple,#003776|#06924D|#080A0D|#6C47B2,46.5683,37.4197,36.6417,36.5204,36.6249,55.5733,36.9701
4737,Red|White|Magenta|Orange,#E72F1D|#EBF7FF|#F24574|#F67405,39.2955,37.5580,37.0140,36.4108,35.7750,61.8079,36.9844
4738,Red|White|Pink|Orange,#E72F1D|#EBF7FF|#F1A1AF|#F67405,39.2962,37.5590,37.0155,36.4125,35.7764,61.8835,36.9858
4739,Cold White|White|Magenta|Yellow,#D9DFE5|#EBF7FF|#F24574|#FFE800,40.3585,37.6260,37.0354,36.4493,35.8682,63.8809,37.0376
4740,Azure Blue|Red|White|Pink,#0066D9|#E72F1D|#EBF7FF|#F1A1AF,39.8084,37.6109,37.1035,36.5958,36.0897,56.2961,37.1033
4741,Azure Blue|Green|Cold White|White,#0066D9|#06924D|#D9DFE5|#EBF7FF,42.2962,37.7178,37.1028,36.5586,36.0277,50.6473,37.1382
4742,Cold White|Pink|Magenta|Yellow,#D9DFE5|#F1A1AF|#F24574|#FFE800,40.0941,37.7478,37.1914,36.6113,36.0185,63.6636,37.1796
4743,Blue|Azure Blue|Polymaker Teal|Cold White,#003776|#0066D9|#4CC0C7|#D9DFE5,43.1856,37.7013,37.2136,36.8245,36.4545,48.0424,37.2629
4744,Azure Blue|Green|Polymaker Teal|White,#0066D9|#06924D|#4CC0C7|#EBF7FF,42.4015,37.8894,37.2818,36.7390,36.2057,50.6336,37.3142
4745,Lime Green|Cold White|Pink|Yellow,#D5D701|#D9DFE5|#F1A1AF|#FFE800,40.1641,37.9736,37.4294,36.8506,36.2565,63.9626,37.4121
4746,Lime Green|White|Orange|Yellow,#D5D701|#EBF7FF|#F67405|#FFE800,39.8898,37.9507,37.4236,36.8758,36.3152,64.5993,37.4132
4747,White|Pink|Orange|Yellow,#EBF7FF|#F1A1AF|#F67405|#FFE800,39.7365,37.9883,37.4906,36.9661,36.4232,64.1202,37.4772
4748,Cold White|Pink|Orange|Yellow,#D9DFE5|#F1A1AF|#F67405|#FFE800,40.1509,38.0509,37.5195,36.9566,36.3783,63.5777,37.5037
4749,Lime Green|Cold White|White|Orange,#D5D701|#D9DFE5|#EBF7FF|#F67405,40.0814,38.0678,37.5294,36.9628,36.3924,64.5250,37.5153
4750,White|Pink|Magenta|Orange,#EBF7FF|#F1A1AF|#F24574|#F67405,40.0292,38.3517,37.8122,37.2093,36.5718,62.8929,37.7805
4751,Purple|Cold White|Pink|Magenta,#6C47B2|#D9DFE5|#F1A1AF|#F24574,43.0184,38.4010,37.8096,37.2640,36.7250,56.3190,37.8325
4752,Cold White|Red|White|Orange,#D9DFE5|#E72F1D|#EBF7FF|#F67405,40.2627,38.4708,37.9162,37.2961,36.6401,63.5421,37.8835
4753,Green|Black|Polymaker Teal|Purple,#06924D|#080A0D|#4CC0C7|#6C47B2,44.1647,37.9931,37.7798,37.8258,37.9490,53.2963,37.9095
4754,Blue|Azure Blue|Black|Polymaker Teal,#003776|#0066D9|#080A0D|#4CC0C7,44.4025,38.1159,37.7536,37.7653,37.9078,56.2228,37.9406
4755,Azure Blue|Black|Polymaker Teal|Purple,#0066D9|#080A0D|#4CC0C7|#6C47B2,44.4025,38.1159,37.7536,37.7653,37.9078,56.2228,37.9406
4756,Blue|Black|Purple|Red,#003776|#080A0D|#6C47B2|#E72F1D,44.4447,37.9483,37.7945,38.0163,38.4089,70.2688,37.9823
4757,Blue|Black|Red|Magenta,#003776|#080A0D|#E72F1D|#F24574,44.4132,37.9483,37.8109,38.0417,38.4396,70.1892,37.9950
4758,Blue|Green|Black|Polymaker Teal,#003776|#06924D|#080A0D|#4CC0C7,44.1233,38.1972,38.0207,38.0776,38.2019,53.3969,38.1374
4759,Purple|Red|Pink|Orange,#6C47B2|#E72F1D|#F1A1AF|#F67405,43.4521,38.7195,38.1407,37.6732,37.2445,54.1345,38.1964
4760,Purple|Pink|Magenta|Orange,#6C47B2|#F1A1AF|#F24574|#F67405,43.4521,38.7195,38.1407,37.6732,37.2445,54.1345,38.1964
4761,Cold White|White|Magenta|Orange,#D9DFE5|#EBF7FF|#F24574|#F67405,40.5912,38.8356,38.2785,37.6557,36.9962,64.4452,38.2456
4762,Olive Green|Lime Green|Magenta|Yellow,#948902|#D5D701|#F24574|#FFE800,45.1067,38.8770,38.1875,37.6506,37.1585,59.3339,38.2638
4763,Cold White|White|Pink|Orange,#D9DFE5|#EBF7FF|#F1A1AF|#F67405,40.6424,38.9156,38.3606,37.7369,37.0762,64.6612,38.3263
4764,Cold White|White|Orange|Yellow,#D9DFE5|#EBF7FF|#F67405|#FFE800,40.7349,38.8941,38.3798,37.8372,37.2818,64.9043,38.3657
4765,Azure Blue|Red|Pink|Orange,#0066D9|#E72F1D|#F1A1AF|#F67405,40.9373,38.9111,38.4811,38.0590,37.6343,53.2997,38.4851
4766,Azure Blue|Pink|Magenta|Orange,#0066D9|#F1A1AF|#F24574|#F67405,40.9373,38.9111,38.4811,38.0590,37.6343,53.2997,38.4851
4767,Azure Blue|Purple|Cold White|Pink,#0066D9|#6C47B2|#D9DFE5|#F1A1AF,42.2414,39.1847,38.6386,38.0968,37.5431,58.8804,38.6407
4768,Olive Green|Red|Magenta|Yellow,#948902|#E72F1D|#F24574|#FFE800,45.4697,39.2722,38.5790,38.0432,37.5543,59.4767,38.6577
4769,Blue|Black|Purple|Magenta,#003776|#080A0D|#6C47B2|#F24574,44.0015,38.4346,38.5635,38.9065,39.3369,68.7588,38.6706
4770,Azure Blue|Purple|Pink|Orange,#0066D9|#6C47B2|#F1A1AF|#F67405,41.3952,39.1275,38.6895,38.2698,37.8521,53.4844,38.6986
4771,Azure Blue|Purple|Cold White|Magenta,#0066D9|#6C47B2|#D9DFE5|#F24574,42.9965,39.3378,38.7691,38.2122,37.6425,59.3778,38.7750
4772,Green|Polymaker Teal|Cold White|White,#06924D|#4CC0C7|#D9DFE5|#EBF7FF,43.4676,39.4928,38.8193,38.1430,37.4393,57.2016,38.8179
4773,Red|Pink|Magenta|Orange,#E72F1D|#F1A1AF|#F24574|#F67405,40.5611,39.3392,38.8620,38.3040,37.6842,60.5822,38.8216
4774,Green|Lime Green|Cold White|Yellow,#06924D|#D5D701|#D9DFE5|#FFE800,43.0803,39.4548,38.8990,38.3383,37.7566,60.0621,38.8965
4775,Azure Blue|Cold White|Pink|Magenta,#0066D9|#D9DFE5|#F1A1AF|#F24574,41.6878,39.4496,38.9108,38.3509,37.7705,59.5442,38.9003
4776,Blue|Green|Polymaker Teal|Purple,#003776|#06924D|#4CC0C7|#6C47B2,52.7472,39.9904,38.9029,38.2543,37.7670,54.4683,39.1223
4777,Azure Blue|Red|Magenta|Orange,#0066D9|#E72F1D|#F24574|#F67405,42.3747,39.6832,39.1834,38.7301,38.2912,52.8344,39.2067
4778,Green|Lime Green|White|Yellow,#06924D|#D5D701|#EBF7FF|#FFE800,43.3094,39.7833,39.1905,38.6444,38.1033,59.1678,39.2138
4779,Purple|Red|Pink|Magenta,#6C47B2|#E72F1D|#F1A1AF|#F24574,43.2731,39.7527,39.2557,38.8060,38.3621,55.5471,39.2794
4780,Purple|Cold White|White|Magenta,#6C47B2|#D9DFE5|#EBF7FF|#F24574,44.8594,39.8532,39.2557,38.7239,38.2157,57.6070,39.2885
4781,Blue|Azure Blue|Black|Red,#003776|#0066D9|#080A0D|#E72F1D,44.4091,39.2362,39.2275,39.5370,39.9792,68.0307,39.3866
4782,Azure Blue|Black|Purple|Red,#0066D9|#080A0D|#6C47B2|#E72F1D,44.4129,39.2377,39.2287,39.5385,39.9807,68.1344,39.3881
4783,Azure Blue|Black|Red|Magenta,#0066D9|#080A0D|#E72F1D|#F24574,44.4150,39.2423,39.2362,39.5456,39.9868,68.1301,39.3940
4784,Cold White|White|Pink|Yellow,#D9DFE5|#EBF7FF|#F1A1AF|#FFE800,41.7909,39.9449,39.4319,38.8865,38.3201,65.9345,39.4157
4785,Purple|White|Pink|Magenta,#6C47B2|#EBF7FF|#F1A1AF|#F24574,44.6824,39.9452,39.3921,38.8939,38.4150,57.2380,39.4195
4786,Green|Cold White|White|Yellow,#06924D|#D9DFE5|#EBF7FF|#FFE800,43.3839,39.9830,39.4095,38.8571,38.2946,59.5297,39.4200
4787,Azure Blue|Purple|Red|Orange,#0066D9|#6C47B2|#E72F1D|#F67405,42.7506,39.9025,39.4003,38.9548,38.5272,53.1516,39.4287
4788,Azure Blue|Purple|Magenta|Orange,#0066D9|#6C47B2|#F24574|#F67405,42.7506,39.9025,39.4003,38.9548,38.5272,53.1516,39.4287
4789,Purple|Cold White|White|Pink,#6C47B2|#D9DFE5|#EBF7FF|#F1A1AF,44.7784,39.9589,39.4053,38.9028,38.4160,57.3990,39.4309
4790,Green|Lime Green|Cold White|White,#06924D|#D5D701|#D9DFE5|#EBF7FF,43.5087,40.3447,39.7934,39.2542,38.7029,59.0486,39.7994
4791,Blue|Azure Blue|Black|Magenta,#003776|#0066D9|#080A0D|#F24574,44.8506,39.8054,39.9286,40.2976,40.7686,69.8102,40.0515
4792,Azure Blue|Black|Purple|Magenta,#0066D9|#080A0D|#6C47B2|#F24574,44.8523,39.8069,39.9301,40.2991,40.7703,69.8104,40.0530
4793,Azure Blue|Purple|White|Pink,#0066D9|#6C47B2|#EBF7FF|#F1A1AF,44.1751,40.5471,40.0605,39.6003,39.1487,58.3826,40.0737
4794,Green|Polymaker Teal|White|Yellow,#06924D|#4CC0C7|#EBF7FF|#FFE800,43.8726,40.6679,40.1109,39.5769,39.0373,59.6318,40.1224
4795,Green|Polymaker Teal|Lime Green|White,#06924D|#4CC0C7|#D5D701|#EBF7FF,43.7835,40.6866,40.1447,39.6182,39.0827,59.0966,40.1524
4796,Azure Blue|Purple|White|Magenta,#0066D9|#6C47B2|#EBF7FF|#F24574,44.6283,40.7132,40.1863,39.7104,39.2509,58.5823,40.2118
4797,Olive Green|Lime Green|Red|Magenta,#948902|#D5D701|#E72F1D|#F24574,46.2491,40.9171,40.2541,39.7213,39.2353,60.2447,40.3192
4798,Black|Purple|Red|Magenta,#080A0D|#6C47B2|#E72F1D|#F24574,45.7970,40.0818,40.2532,40.6596,41.1523,72.7577,40.3707
4799,Azure Blue|Red|Pink|Magenta,#0066D9|#E72F1D|#F1A1AF|#F24574,42.2818,40.7913,40.3905,39.9631,39.5141,57.0298,40.3772
4800,Azure Blue|Purple|Red|Pink,#0066D9|#6C47B2|#E72F1D|#F1A1AF,42.5035,40.8375,40.4296,40.0011,39.5527,56.9772,40.4193
4801,Azure Blue|Purple|Pink|Magenta,#0066D9|#6C47B2|#F1A1AF|#F24574,42.4058,40.9363,40.5285,40.0786,39.5985,57.8686,40.5074
4802,Azure Blue|Green|Black|Polymaker Teal,#0066D9|#06924D|#080A0D|#4CC0C7,45.7622,40.7454,40.5310,40.5507,40.6297,54.1755,40.6480
4803,Green|Polymaker Teal|Lime Green|Cold White,#06924D|#4CC0C7|#D5D701|#D9DFE5,44.3056,41.3125,40.7766,40.2266,39.6517,62.4324,40.7695
4804,Azure Blue|Cold White|White|Magenta,#0066D9|#D9DFE5|#EBF7FF|#F24574,43.5884,41.3272,40.8023,40.2563,39.6936,60.9996,40.7918
4805,Green|Polymaker Teal|Cold White|Yellow,#06924D|#4CC0C7|#D9DFE5|#FFE800,44.4090,41.4467,40.9063,40.3578,39.7903,63.2400,40.9023
4806,Azure Blue|Green|Black|Purple,#0066D9|#06924D|#080A0D|#6C47B2,46.1867,41.0747,40.8005,40.8123,40.9088,54.6952,40.9435
4807,Azure Blue|White|Pink|Magenta,#0066D9|#EBF7FF|#F1A1AF|#F24574,43.2326,41.4814,41.0259,40.5498,40.0650,60.1421,41.0156
4808,Blue|Azure Blue|Green|Black,#003776|#0066D9|#06924D|#080A0D,46.1246,41.1477,40.9075,40.9212,41.0070,54.6989,41.0344
4809,Azure Blue|Cold White|White|Pink,#0066D9|#D9DFE5|#EBF7FF|#F1A1AF,43.4976,41.9197,41.4507,40.9488,40.4311,61.4360,41.4343
4810,Blue|Azure Blue|Green|Purple,#003776|#0066D9|#06924D|#6C47B2,52.6219,42.4816,41.4986,40.7778,40.1442,54.9733,41.6297
4811,Azure Blue|Green|Polymaker Teal|Purple,#0066D9|#06924D|#4CC0C7|#6C47B2,52.7353,42.4981,41.5191,40.7947,40.1561,54.4609,41.6464
4812,Cold White|White|Pink|Magenta,#D9DFE5|#EBF7FF|#F1A1AF|#F24574,44.2941,42.6332,42.0798,41.4453,40.7631,65.4956,42.0392
4813,Polymaker Teal|Lime Green|Cold White|Yellow,#4CC0C7|#D5D701|#D9DFE5|#FFE800,45.2637,42.8672,42.3493,41.8081,41.2426,64.4620,42.3377
4814,Azure Blue|Polymaker Teal|Purple|Cold White,#0066D9|#4CC0C7|#6C47B2|#D9DFE5,49.4221,43.7178,43.2124,42.7569,42.3012,58.2691,43.2373
4815,Olive Green|Magenta|Orange|Yellow,#948902|#F24574|#F67405|#FFE800,48.4561,44.0060,43.4250,42.9542,42.5217,62.0861,43.4801
4816,Polymaker Teal|Purple|Cold White|White,#4CC0C7|#6C47B2|#D9DFE5|#EBF7FF,51.8552,44.0060,43.4540,43.0054,42.5874,57.3151,43.5057
4817,Purple|Red|Magenta|Orange,#6C47B2|#E72F1D|#F24574|#F67405,50.3494,44.3287,43.5785,43.0503,42.6213,58.6883,43.6895
4818,Green|Polymaker Teal|Lime Green|Yellow,#06924D|#4CC0C7|#D5D701|#FFE800,46.9992,44.4141,43.8664,43.2826,42.6547,63.1448,43.8483
4819,Azure Blue|Polymaker Teal|Purple|White,#0066D9|#4CC0C7|#6C47B2|#EBF7FF,52.1466,44.5943,44.0422,43.5913,43.1720,58.8458,44.0928
4820,Azure Blue|Purple|Cold White|White,#0066D9|#6C47B2|#D9DFE5|#EBF7FF,52.3312,44.7766,44.2145,43.7366,43.2788,60.4553,44.2566
4821,Polymaker Teal|Cold White|White|Yellow,#4CC0C7|#D9DFE5|#EBF7FF|#FFE800,46.8420,44.8374,44.3415,43.8243,43.2842,66.2425,44.3309
4822,Polymaker Teal|Lime Green|White|Yellow,#4CC0C7|#D5D701|#EBF7FF|#FFE800,46.9415,44.8491,44.3451,43.8223,43.2788,66.1061,44.3357
4823,Blue|Azure Blue|Green|Polymaker Teal,#003776|#0066D9|#06924D|#4CC0C7,50.1575,44.7330,44.2699,43.9465,43.6692,54.5824,44.3398
4824,Lime Green|Red|Magenta|Yellow,#D5D701|#E72F1D|#F24574|#FFE800,48.0080,44.9487,44.3745,43.8372,43.3020,66.2713,44.3929
4825,Polymaker Teal|Lime Green|Cold White|White,#4CC0C7|#D5D701|#D9DFE5|#EBF7FF,46.9921,45.0896,44.6050,44.0888,43.5468,66.9236,44.5892
4826,Olive Green|Lime Green|Magenta|Orange,#948902|#D5D701|#F24574|#F67405,49.2229,45.2003,44.6323,44.1681,43.7347,61.6563,44.6842
4827,Blue|Purple|Red|Magenta,#003776|#6C47B2|#E72F1D|#F24574,49.4132,45.3240,45.0653,44.9349,44.8673,69.7295,45.1295
4828,Olive Green|Red|Magenta|Orange,#948902|#E72F1D|#F24574|#F67405,49.7785,45.7438,45.1447,44.6304,44.1351,64.9002,45.1871
4829,Lime Green|Cold White|White|Yellow,#D5D701|#D9DFE5|#EBF7FF|#FFE800,48.8798,47.3013,46.8132,46.2688,45.6840,72.8802,46.7850
4830,Blue|Azure Blue|Polymaker Teal|Purple,#003776|#0066D9|#4CC0C7|#6C47B2,52.9361,48.0870,47.6877,47.3898,47.1219,59.8898,47.7384
4831,Blue|Azure Blue|Purple|Red,#003776|#0066D9|#6C47B2|#E72F1D,51.0912,48.0435,47.8631,47.8049,47.8150,68.2904,47.9242
4832,Blue|Azure Blue|Red|Magenta,#003776|#0066D9|#E72F1D|#F24574,51.0912,48.0439,47.8637,47.8056,47.8160,68.3005,47.9248
4833,Lime Green|Magenta|Orange|Yellow,#D5D701|#F24574|#F67405|#FFE800,51.7031,49.1109,48.5486,48.0068,47.4706,68.3016,48.5588
4834,Azure Blue|Polymaker Teal|Cold White|White,#0066D9|#4CC0C7|#D9DFE5|#EBF7FF,50.5106,49.1516,48.7454,48.2950,47.8171,65.1582,48.7233
4835,Lime Green|Red|Magenta|Orange,#D5D701|#E72F1D|#F24574|#F67405,52.8269,50.2415,49.6744,49.1171,48.5566,68.0088,49.6793
4836,Red|Magenta|Orange|Yellow,#E72F1D|#F24574|#F67405|#FFE800,52.9471,50.5945,50.0654,49.5494,49.0324,69.3043,50.0719
4837,Green|Olive Green|Lime Green|Yellow,#06924D|#948902|#D5D701|#FFE800,54.7421,51.4747,50.9923,50.5538,50.1182,64.8258,51.0143
4838,Blue|Azure Blue|Purple|Magenta,#003776|#0066D9|#6C47B2|#F24574,54.1283,51.6164,51.4908,51.4532,51.4640,70.4033,51.5348
4839,Olive Green|Lime Green|Red|Yellow,#948902|#D5D701|#E72F1D|#FFE800,54.7455,52.4272,52.0271,51.6664,51.3072,69.4661,52.0468
4840,Olive Green|Lime Green|Red|Orange,#948902|#D5D701|#E72F1D|#F67405,54.6281,52.8687,52.5124,52.1777,51.8325,69.2540,52.5232
4841,Olive Green|Red|Orange|Yellow,#948902|#E72F1D|#F67405|#FFE800,55.0952,53.3563,52.9948,52.6510,52.3008,69.8786,53.0037
4842,Olive Green|Lime Green|Orange|Yellow,#948902|#D5D701|#F67405|#FFE800,55.5353,53.9777,53.6249,53.2827,52.9304,70.5056,53.6302
4843,Blue|Azure Blue|Black|Purple,#003776|#0066D9|#080A0D|#6C47B2,51.7658,54.9530,55.5563,56.1219,56.7050,87.5949,55.5374
4844,Azure Blue|Purple|Red|Magenta,#0066D9|#6C47B2|#E72F1D|#F24574,59.1036,57.1376,56.8506,56.6183,56.4170,69.1604,56.8780
4845,Lime Green|Red|Orange|Yellow,#D5D701|#E72F1D|#F67405|#FFE800,68.8772,67.7001,67.3393,66.9710,66.5870,86.1045,67.3356
