rank,labels,hexes,sigma0,sigma2,sigma4,sigma8,sigma16,p99_sigma2,rank_key
1,Azure Blue|Green|Red|Yellow,#0066D9|#06924D|#E72F1D|#FFE800,17.9833,15.7898,15.0273,14.3094,13.4624,50.2561,15.0496
2,Green|Purple|Red|Yellow,#06924D|#6C47B2|#E72F1D|#FFE800,18.3628,16.0898,15.3590,14.6955,13.9414,63.3534,15.3926
3,Black|Purple|Red|Yellow,#080A0D|#6C47B2|#E72F1D|#FFE800,22.1643,17.7907,16.6848,15.6262,14.4263,60.5795,16.7085
4,Azure Blue|Black|Red|Yellow,#0066D9|#080A0D|#E72F1D|#FFE800,22.0900,18.1647,16.9633,15.6708,14.0115,56.9713,16.9177
5,Dark Grey|Purple|Red|Yellow,#485259|#6C47B2|#E72F1D|#FFE800,21.2532,18.1651,17.1367,16.0998,14.8478,61.5478,17.1325
6,Dark Olive Drab|Purple|Red|Yellow,#575B54|#6C47B2|#E72F1D|#FFE800,21.3762,18.2583,17.2324,16.2017,14.9571,61.5146,17.2300
7,Azure Blue|Dark Grey|Red|Yellow,#0066D9|#485259|#E72F1D|#FFE800,21.5550,18.6844,17.6174,16.4385,14.8953,57.5566,17.5614
8,Blue|Purple|Red|Yellow,#003776|#6C47B2|#E72F1D|#FFE800,21.7804,18.6099,17.5843,16.5506,15.2509,65.5759,17.5802
9,Blue|Azure Blue|Red|Yellow,#003776|#0066D9|#E72F1D|#FFE800,21.7405,18.7853,17.7350,16.5936,15.0718,64.0057,17.6894
10,Azure Blue|Dark Olive Drab|Red|Yellow,#0066D9|#575B54|#E72F1D|#FFE800,21.6908,18.8454,17.7793,16.5972,15.0409,58.0564,17.7213
11,Azure Blue|Brown|Red|Yellow,#0066D9|#55331A|#E72F1D|#FFE800,22.0891,18.9346,17.8515,16.6847,15.1426,63.0080,17.8096
12,Brown|Purple|Red|Yellow,#55331A|#6C47B2|#E72F1D|#FFE800,22.9984,19.3212,18.1623,16.9947,15.5731,74.3057,18.1579
13,Purple|Red|Orange|Yellow,#6C47B2|#E72F1D|#F67405|#FFE800,22.0376,19.1970,18.2276,17.2241,15.9223,80.5835,18.2105
14,Azure Blue|Polymaker Teal|Red|Yellow,#0066D9|#4CC0C7|#E72F1D|#FFE800,21.3988,19.2623,18.5489,17.8520,16.9567,56.8948,18.5571
15,Azure Blue|Purple|Red|Yellow,#0066D9|#6C47B2|#E72F1D|#FFE800,22.3637,19.6951,18.7599,17.7600,16.4333,75.7210,18.7275
16,Polymaker Teal|Purple|Red|Yellow,#4CC0C7|#6C47B2|#E72F1D|#FFE800,22.2487,19.5079,18.7021,17.9541,16.9871,69.0154,18.7310
17,Purple|Olive Green|Red|Yellow,#6C47B2|#948902|#E72F1D|#FFE800,23.1471,19.8413,18.7571,17.6552,16.2716,75.7882,18.7483
18,Azure Blue|Grey|Red|Yellow,#0066D9|#8C9099|#E72F1D|#FFE800,22.0400,19.6729,18.7912,17.8267,16.5376,65.1432,18.7498
19,Purple|Grey|Red|Yellow,#6C47B2|#8C9099|#E72F1D|#FFE800,22.4853,19.7135,18.8119,17.8790,16.6673,72.0792,18.7962
20,Azure Blue|Olive Green|Red|Yellow,#0066D9|#948902|#E72F1D|#FFE800,22.4636,19.8174,18.8604,17.7895,16.3455,67.7263,18.8035
21,Purple|Lime Green|Red|Yellow,#6C47B2|#D5D701|#E72F1D|#FFE800,23.1361,19.8455,18.8265,17.8244,16.5608,75.9689,18.8350
22,Azure Blue|Red|Orange|Yellow,#0066D9|#E72F1D|#F67405|#FFE800,21.6069,19.7002,18.9050,18.0000,16.7033,72.5358,18.8501
23,Purple|Tan|Red|Yellow,#6C47B2|#A79E82|#E72F1D|#FFE800,22.7902,19.8701,18.9284,17.9533,16.6881,75.1934,18.9117
24,Green|Purple|Lime Green|Red,#06924D|#6C47B2|#D5D701|#E72F1D,21.7322,19.5362,18.8542,18.2916,17.6845,63.3980,18.9139
25,Azure Blue|Lime Green|Red|Yellow,#0066D9|#D5D701|#E72F1D|#FFE800,22.2827,19.9289,19.0574,18.1239,16.8713,67.2942,19.0264
26,Azure Blue|Tan|Red|Yellow,#0066D9|#A79E82|#E72F1D|#FFE800,22.4142,20.0736,19.2018,18.2493,16.9648,70.5286,19.1615
27,Purple|Red|Magenta|Yellow,#6C47B2|#E72F1D|#F24574|#FFE800,23.6334,20.3117,19.2725,18.2310,16.9142,80.8575,19.2713
28,Azure Blue|Red|Pink|Yellow,#0066D9|#E72F1D|#F1A1AF|#FFE800,22.5469,20.2020,19.3282,18.3714,17.0846,70.2826,19.2867
29,Azure Blue|Cold White|Red|Yellow,#0066D9|#D9DFE5|#E72F1D|#FFE800,22.5648,20.2359,19.3694,18.4227,17.1525,70.2079,19.3293
30,Blue|Green|Red|Yellow,#003776|#06924D|#E72F1D|#FFE800,22.8038,20.0436,19.2459,18.6653,18.1145,83.3142,19.3545
31,Purple|Red|Pink|Yellow,#6C47B2|#E72F1D|#F1A1AF|#FFE800,23.6152,20.3615,19.3631,18.3794,17.1127,81.4920,19.3704
32,Purple|Cold White|Red|Yellow,#6C47B2|#D9DFE5|#E72F1D|#FFE800,23.5202,20.3730,19.4511,18.5491,17.3833,77.4264,19.4611
33,Black|Purple|Lime Green|Red,#080A0D|#6C47B2|#D5D701|#E72F1D,25.0459,20.5989,19.4487,18.3367,17.0496,59.6002,19.4678
34,Azure Blue|Red|Magenta|Yellow,#0066D9|#E72F1D|#F24574|#FFE800,22.7716,20.4603,19.5978,18.6486,17.3680,70.3054,19.5544
35,Purple|Red|White|Yellow,#6C47B2|#E72F1D|#EBF7FF|#FFE800,23.6417,20.5228,19.6198,18.7511,17.6276,79.2189,19.6370
36,Azure Blue|Red|White|Yellow,#0066D9|#E72F1D|#EBF7FF|#FFE800,22.7543,20.4925,19.6647,18.7816,17.5858,71.8387,19.6370
37,Azure Blue|Black|Lime Green|Red,#0066D9|#080A0D|#D5D701|#E72F1D,24.7789,20.8194,19.6571,18.4595,16.9134,51.9267,19.6395
38,Green|Purple|Orange|Yellow,#06924D|#6C47B2|#F67405|#FFE800,21.9310,20.6587,20.0534,19.3453,18.4482,70.1398,20.0020
39,Azure Blue|Green|Lime Green|Red,#0066D9|#06924D|#D5D701|#E72F1D,22.8468,20.7125,19.9901,19.3285,18.4837,55.8986,20.0205
40,Dark Grey|Purple|Lime Green|Red,#485259|#6C47B2|#D5D701|#E72F1D,24.3072,21.1792,20.1841,19.1837,17.9338,61.4998,20.1815
41,Purple|Lime Green|Red|Orange,#6C47B2|#D5D701|#E72F1D|#F67405,23.6808,21.2690,20.3927,19.4479,18.1282,74.9470,20.3585
42,Azure Blue|Dark Grey|Lime Green|Red,#0066D9|#485259|#D5D701|#E72F1D,24.2951,21.4363,20.4258,19.3554,17.9225,53.3767,20.3959
43,Blue|Purple|Lime Green|Red,#003776|#6C47B2|#D5D701|#E72F1D,24.5701,21.3756,20.3805,19.4299,18.2206,63.3873,20.4028
44,Blue|Azure Blue|Lime Green|Red,#003776|#0066D9|#D5D701|#E72F1D,24.3764,21.4539,20.4475,19.4032,17.9981,59.0248,20.4286
45,Dark Olive Drab|Purple|Lime Green|Red,#575B54|#6C47B2|#D5D701|#E72F1D,24.6566,21.5107,20.5033,19.4989,18.2545,63.3289,20.5048
46,Azure Blue|Dark Olive Drab|Lime Green|Red,#0066D9|#575B54|#D5D701|#E72F1D,24.4849,21.6500,20.6361,19.5621,18.1239,54.3317,20.6060
47,Brown|Purple|Lime Green|Red,#55331A|#6C47B2|#D5D701|#E72F1D,25.8273,22.1580,21.0149,19.9415,18.6291,70.9476,21.0498
48,Azure Blue|Brown|Lime Green|Red,#0066D9|#55331A|#D5D701|#E72F1D,25.3427,22.1365,21.0737,20.0062,18.5849,61.2106,21.0714
49,Azure Blue|Purple|Lime Green|Red,#0066D9|#6C47B2|#D5D701|#E72F1D,24.9287,22.3588,21.4811,20.5758,19.3155,68.4891,21.4673
50,Black|Purple|Orange|Yellow,#080A0D|#6C47B2|#F67405|#FFE800,25.8547,22.5323,21.5715,20.4724,19.0889,67.8434,21.5024
51,Azure Blue|Green|Orange|Yellow,#0066D9|#06924D|#F67405|#FFE800,23.3001,22.1705,21.5825,20.8539,19.8115,64.0152,21.5122
52,Azure Blue|Lime Green|Red|Orange,#0066D9|#D5D701|#E72F1D|#F67405,23.8408,22.3301,21.6241,20.7358,19.3607,68.8583,21.5329
53,Purple|Grey|Lime Green|Red,#6C47B2|#8C9099|#D5D701|#E72F1D,25.4214,22.5910,21.6923,20.7677,19.5265,69.5254,21.6793
54,Polymaker Teal|Purple|Lime Green|Red,#4CC0C7|#6C47B2|#D5D701|#E72F1D,25.1329,22.4530,21.6785,20.9646,20.0228,67.3896,21.7088
55,Blue|Black|Red|Yellow,#003776|#080A0D|#E72F1D|#FFE800,26.8067,22.7911,21.6746,20.6514,19.5193,85.2087,21.7213
56,Purple|Tan|Lime Green|Red,#6C47B2|#A79E82|#D5D701|#E72F1D,25.5889,22.6906,21.7636,20.8219,19.5812,72.7467,21.7563
57,Purple|Lime Green|Red|Magenta,#6C47B2|#D5D701|#E72F1D|#F24574,25.9552,22.7436,21.7496,20.7856,19.5343,73.7348,21.7646
58,Purple|Lime Green|Red|Pink,#6C47B2|#D5D701|#E72F1D|#F1A1AF,26.0004,22.8412,21.8441,20.8501,19.5514,73.9712,21.8457
59,Dark Grey|Purple|Orange|Yellow,#485259|#6C47B2|#F67405|#FFE800,24.8824,22.8437,21.9592,20.8956,19.4913,68.4184,21.8696
60,Blue|Dark Olive Drab|Red|Yellow,#003776|#575B54|#E72F1D|#FFE800,26.3462,22.9574,21.8828,20.8511,19.6179,85.6870,21.9043
61,Purple|Lime Green|Cold White|Red,#6C47B2|#D5D701|#D9DFE5|#E72F1D,25.9683,22.8515,21.8996,20.9845,19.7781,72.8802,21.9180
62,Dark Olive Drab|Purple|Orange|Yellow,#575B54|#6C47B2|#F67405|#FFE800,24.9837,22.9065,22.0192,20.9586,19.5573,67.8952,21.9325
63,Blue|Dark Grey|Red|Yellow,#003776|#485259|#E72F1D|#FFE800,26.3773,22.9904,21.9133,20.8880,19.6437,86.2662,21.9392
64,Purple|Olive Green|Lime Green|Red,#6C47B2|#948902|#D5D701|#E72F1D,26.4510,23.0949,22.0421,20.9974,19.6404,75.9266,22.0461
65,Blue|Lime Green|Red|Yellow,#003776|#D5D701|#E72F1D|#FFE800,26.6832,23.1242,22.0199,20.9965,19.7455,86.8956,22.0603
66,Blue|Olive Green|Red|Yellow,#003776|#948902|#E72F1D|#FFE800,26.7416,23.2119,22.1054,21.0397,19.7259,86.9866,22.1258
67,Blue|Brown|Red|Yellow,#003776|#55331A|#E72F1D|#FFE800,26.8563,23.3494,22.2466,21.1837,19.8569,87.0353,22.2665
68,Blue|Cold White|Red|Yellow,#003776|#D9DFE5|#E72F1D|#FFE800,26.8562,23.3497,22.2471,21.1841,19.8571,87.0353,22.2669
69,Purple|Lime Green|Red|White,#6C47B2|#D5D701|#E72F1D|#EBF7FF,26.1205,23.1486,22.2660,21.4045,20.2787,74.2649,22.2766
70,Blue|Red|Magenta|Yellow,#003776|#E72F1D|#F24574|#FFE800,26.8562,23.3709,22.2688,21.1990,19.8742,87.0558,22.2850
71,Azure Blue|Grey|Lime Green|Red,#0066D9|#8C9099|#D5D701|#E72F1D,25.4198,23.1793,22.3570,21.4690,20.2090,64.1528,22.3241
72,Blue|Purple|Orange|Yellow,#003776|#6C47B2|#F67405|#FFE800,25.5003,23.3535,22.4603,21.3924,19.9324,71.6502,22.3729
73,Blue|Red|Pink|Yellow,#003776|#E72F1D|#F1A1AF|#FFE800,26.9441,23.4700,22.3728,21.2968,19.9429,87.2649,22.3834
74,Azure Blue|Olive Green|Lime Green|Red,#0066D9|#948902|#D5D701|#E72F1D,25.8919,23.3212,22.4244,21.4506,20.0807,67.1806,22.3859
75,Blue|Grey|Red|Yellow,#003776|#8C9099|#E72F1D|#FFE800,26.9009,23.4793,22.3929,21.3353,19.9888,87.2962,22.4073
76,Blue|Polymaker Teal|Red|Yellow,#003776|#4CC0C7|#E72F1D|#FFE800,26.5250,23.3548,22.3966,21.5014,20.3162,86.4428,22.4281
77,Blue|Tan|Red|Yellow,#003776|#A79E82|#E72F1D|#FFE800,26.8965,23.5279,22.4456,21.3704,20.0199,87.9357,22.4492
78,Azure Blue|Tan|Lime Green|Red,#0066D9|#A79E82|#D5D701|#E72F1D,25.5247,23.2984,22.5022,21.6641,20.4549,65.7371,22.4813
79,Blue|Red|Orange|Yellow,#003776|#E72F1D|#F67405|#FFE800,26.5392,23.6500,22.6290,21.5847,20.2219,95.0022,22.6173
80,Azure Blue|Lime Green|Cold White|Red,#0066D9|#D5D701|#D9DFE5|#E72F1D,25.7757,23.5795,22.7940,21.9457,20.6858,65.6318,22.7626
81,Azure Blue|Lime Green|Red|Magenta,#0066D9|#D5D701|#E72F1D|#F24574,25.7955,23.5911,22.7961,21.9432,20.6880,65.7145,22.7672
82,Azure Blue|Lime Green|Red|Pink,#0066D9|#D5D701|#E72F1D|#F1A1AF,25.7877,23.5988,22.8185,21.9770,20.7209,65.7055,22.7879
83,Blue|Green|Lime Green|Red,#003776|#06924D|#D5D701|#E72F1D,26.1701,23.4554,22.7031,22.1909,21.7027,83.2825,22.8231
84,Azure Blue|Black|Orange|Yellow,#0066D9|#080A0D|#F67405|#FFE800,26.7988,23.9759,22.9684,21.6757,19.8467,62.4088,22.8258
85,Blue|Red|White|Yellow,#003776|#E72F1D|#EBF7FF|#FFE800,27.2239,23.9069,22.8532,21.8138,20.4344,87.9449,22.8604
86,Azure Blue|Polymaker Teal|Lime Green|Red,#0066D9|#4CC0C7|#D5D701|#E72F1D,25.7340,23.6044,22.8725,22.1171,21.0376,62.4185,22.8607
87,Green|Purple|Lime Green|Orange,#06924D|#6C47B2|#D5D701|#F67405,24.8232,23.5427,22.9572,22.3397,21.5742,70.1403,22.9412
88,Brown|Purple|Orange|Yellow,#55331A|#6C47B2|#F67405|#FFE800,26.9538,24.1222,23.0676,21.8426,20.2399,77.8525,22.9824
89,Azure Blue|Lime Green|Red|White,#0066D9|#D5D701|#E72F1D|#EBF7FF,26.1939,23.9836,23.2028,22.3667,21.1281,66.5688,23.1752
90,Polymaker Teal|Purple|Orange|Yellow,#4CC0C7|#6C47B2|#F67405|#FFE800,25.8226,24.0093,23.3036,22.5276,21.4477,73.3607,23.2685
91,Purple|Grey|Orange|Yellow,#6C47B2|#8C9099|#F67405|#FFE800,26.1267,24.3082,23.5118,22.5436,21.1932,75.8616,23.4259
92,Azure Blue|Dark Grey|Orange|Yellow,#0066D9|#485259|#F67405|#FFE800,26.2545,24.4875,23.6080,22.4173,20.7083,62.1323,23.4524
93,Purple|Lime Green|Orange|Yellow,#6C47B2|#D5D701|#F67405|#FFE800,26.7744,24.4442,23.5348,22.4887,21.0640,79.0468,23.4664
94,Purple|Tan|Orange|Yellow,#6C47B2|#A79E82|#F67405|#FFE800,26.4014,24.4431,23.6097,22.6018,21.1993,78.0355,23.5224
95,Purple|Olive Green|Orange|Yellow,#6C47B2|#948902|#F67405|#FFE800,26.9521,24.5980,23.6273,22.4808,20.9360,78.8785,23.5394
96,Purple|Magenta|Orange|Yellow,#6C47B2|#F24574|#F67405|#FFE800,27.0602,24.5382,23.6182,22.6099,21.2917,81.3342,23.5741
97,Blue|Azure Blue|Orange|Yellow,#003776|#0066D9|#F67405|#FFE800,26.4493,24.5873,23.7251,22.5682,20.8718,66.0249,23.5778
98,Black|Purple|Lime Green|Orange,#080A0D|#6C47B2|#D5D701|#F67405,28.2681,24.7977,23.7694,22.6052,21.1132,67.6744,23.7015
99,Azure Blue|Magenta|Orange|Yellow,#0066D9|#F24574|#F67405|#FFE800,26.0755,24.6331,23.9257,23.0226,21.6648,72.6112,23.8278
100,Azure Blue|Dark Olive Drab|Orange|Yellow,#0066D9|#575B54|#F67405|#FFE800,26.6742,24.9551,24.1171,22.9787,21.2790,63.7799,23.9669
101,Purple|Cold White|Orange|Yellow,#6C47B2|#D9DFE5|#F67405|#FFE800,27.1612,24.9895,24.1842,23.2519,21.9478,79.4657,24.1207
102,Purple|Pink|Orange|Yellow,#6C47B2|#F1A1AF|#F67405|#FFE800,27.3813,25.1158,24.2407,23.2318,21.8297,83.1391,24.1738
103,Blue|Green|Orange|Yellow,#003776|#06924D|#F67405|#FFE800,26.7419,24.9527,24.2448,23.5604,22.7403,93.2726,24.2565
104,Purple|White|Orange|Yellow,#6C47B2|#EBF7FF|#F67405|#FFE800,27.2862,25.1527,24.3701,23.4714,22.2083,81.1005,24.3121
105,Blue|Black|Lime Green|Red,#003776|#080A0D|#D5D701|#E72F1D,29.6047,25.4905,24.3360,23.2466,21.9836,84.6137,24.3686
106,Azure Blue|Brown|Orange|Yellow,#0066D9|#55331A|#F67405|#FFE800,27.6702,25.4361,24.5001,23.3138,21.5552,67.6778,24.3750
107,Dark Grey|Purple|Lime Green|Orange,#485259|#6C47B2|#D5D701|#F67405,27.5177,25.3537,24.4760,23.4413,22.0189,68.7513,24.3975
108,Azure Blue|Purple|Orange|Yellow,#0066D9|#6C47B2|#F67405|#FFE800,27.0213,25.2868,24.5101,23.5279,22.0513,79.0252,24.4073
109,Blue|Purple|Lime Green|Orange,#003776|#6C47B2|#D5D701|#F67405,27.8196,25.5843,24.7058,23.7130,22.3213,70.2802,24.6487
110,Dark Olive Drab|Purple|Lime Green|Orange,#575B54|#6C47B2|#D5D701|#F67405,27.8288,25.6396,24.7471,23.7115,22.2942,70.6608,24.6755
111,Blue|Lime Green|Red|Orange,#003776|#D5D701|#E72F1D|#F67405,28.3779,25.7617,24.7964,23.7744,22.3928,94.1708,24.7681
112,Azure Blue|Polymaker Teal|Orange|Yellow,#0066D9|#4CC0C7|#F67405|#FFE800,26.6427,25.4516,24.8568,24.1205,23.0221,64.4068,24.7861
113,Azure Blue|Green|Lime Green|Orange,#0066D9|#06924D|#D5D701|#F67405,26.6135,25.4219,24.8374,24.1772,23.2607,63.0691,24.7995
114,Blue|Lime Green|Red|Magenta,#003776|#D5D701|#E72F1D|#F24574,29.4775,25.9101,24.7858,23.7119,22.3741,86.1418,24.8110
115,Blue|Dark Grey|Lime Green|Red,#003776|#485259|#D5D701|#E72F1D,29.4367,25.8947,24.7964,23.7559,22.4373,86.0976,24.8253
116,Blue|Olive Green|Lime Green|Red,#003776|#948902|#D5D701|#E72F1D,29.5195,25.9425,24.8233,23.7617,22.4255,86.1569,24.8521
117,Blue|Lime Green|Cold White|Red,#003776|#D5D701|#D9DFE5|#E72F1D,29.5326,25.9547,24.8364,23.7783,22.4448,86.0977,24.8665
118,Blue|Brown|Lime Green|Red,#003776|#55331A|#D5D701|#E72F1D,29.5329,25.9547,24.8365,23.7784,22.4449,86.0977,24.8666
119,Blue|Dark Olive Drab|Lime Green|Red,#003776|#575B54|#D5D701|#E72F1D,29.4989,25.9469,24.8378,23.7911,22.4649,86.2286,24.8690
120,Blue|Lime Green|Red|Pink,#003776|#D5D701|#E72F1D|#F1A1AF,29.5548,25.9878,24.8697,23.8081,22.4626,86.1373,24.8979
121,Blue|Grey|Lime Green|Red,#003776|#8C9099|#D5D701|#E72F1D,29.5538,26.0269,24.9310,23.8872,22.5497,86.4153,24.9570
122,Blue|Tan|Lime Green|Red,#003776|#A79E82|#D5D701|#E72F1D,29.5981,26.1390,25.0524,23.9959,22.6285,86.8146,25.0674
123,Azure Blue|Grey|Orange|Yellow,#0066D9|#8C9099|#F67405|#FFE800,27.3997,26.0487,25.3201,24.3368,22.8399,69.2586,25.1927
124,Purple|Lime Green|Magenta|Orange,#6C47B2|#D5D701|#F24574|#F67405,28.4923,26.1597,25.3045,24.3523,22.9871,76.7652,25.2560
125,Blue|Polymaker Teal|Lime Green|Red,#003776|#4CC0C7|#D5D701|#E72F1D,29.3582,26.1809,25.2481,24.3943,23.2210,85.5592,25.2876
126,Azure Blue|Olive Green|Orange|Yellow,#0066D9|#948902|#F67405|#FFE800,27.8751,26.2321,25.4401,24.3753,22.7668,70.8978,25.3037
127,Brown|Purple|Lime Green|Orange,#55331A|#6C47B2|#D5D701|#F67405,29.3244,26.4037,25.3470,24.2276,22.7360,75.7903,25.3157
128,Azure Blue|Lime Green|Orange|Yellow,#0066D9|#D5D701|#F67405|#FFE800,27.5692,26.2357,25.5233,24.5713,23.1068,72.3873,25.4035
129,Blue|Lime Green|Red|White,#003776|#D5D701|#E72F1D|#EBF7FF,29.9208,26.6219,25.5940,24.5935,23.2393,87.8462,25.6077
130,Azure Blue|White|Orange|Yellow,#0066D9|#EBF7FF|#F67405|#FFE800,27.7482,26.4839,25.8026,24.8823,23.4517,74.5233,25.6831
131,Azure Blue|Tan|Orange|Yellow,#0066D9|#A79E82|#F67405|#FFE800,27.8851,26.5718,25.8552,24.8851,23.3816,74.1822,25.7284
132,Azure Blue|Pink|Orange|Yellow,#0066D9|#F1A1AF|#F67405|#FFE800,27.9315,26.5991,25.8740,24.8851,23.3806,74.6703,25.7421
133,Polymaker Teal|Purple|Lime Green|Orange,#4CC0C7|#6C47B2|#D5D701|#F67405,28.3331,26.5199,25.8256,25.0597,23.9607,72.9379,25.7898
134,Azure Blue|Cold White|Orange|Yellow,#0066D9|#D9DFE5|#F67405|#FFE800,27.9386,26.6383,25.9288,24.9624,23.4873,74.4647,25.8004
135,Purple|Grey|Lime Green|Orange,#6C47B2|#8C9099|#D5D701|#F67405,28.6488,26.7023,25.8911,24.9159,23.5056,73.8537,25.8091
136,Purple|Tan|Lime Green|Orange,#6C47B2|#A79E82|#D5D701|#F67405,28.8179,26.7964,25.9507,24.9538,23.5402,76.7390,25.8751
137,Azure Blue|Black|Lime Green|Orange,#0066D9|#080A0D|#D5D701|#F67405,30.0575,27.0963,26.0355,24.7453,22.9712,64.1819,25.9208
138,Purple|Lime Green|Pink|Orange,#6C47B2|#D5D701|#F1A1AF|#F67405,29.3273,27.0581,26.1605,25.1293,23.6764,77.7981,26.0937
139,Blue|Magenta|Orange|Yellow,#003776|#F24574|#F67405|#FFE800,29.7931,27.1526,26.1454,25.0385,23.5787,95.1306,26.0955
140,Purple|Lime Green|Cold White|Orange,#6C47B2|#D5D701|#D9DFE5|#F67405,29.2379,27.0178,26.1579,25.1973,23.8247,76.9412,26.1075
141,Purple|Olive Green|Lime Green|Orange,#6C47B2|#948902|#D5D701|#F67405,29.8162,27.3100,26.3375,25.2382,23.7056,79.2231,26.2741
142,Azure Blue|Lime Green|Magenta|Orange,#0066D9|#D5D701|#F24574|#F67405,28.5805,27.1560,26.4312,25.4742,23.9538,69.2727,26.3151
143,Purple|Lime Green|White|Orange,#6C47B2|#D5D701|#EBF7FF|#F67405,29.3114,27.2317,26.4475,25.5517,24.2722,77.5099,26.3917
144,Azure Blue|Purple|Lime Green|Orange,#0066D9|#6C47B2|#D5D701|#F67405,29.0779,27.3803,26.6134,25.6585,24.2099,75.1939,26.5194
145,Blue|Azure Blue|Lime Green|Orange,#003776|#0066D9|#D5D701|#F67405,29.5377,27.5955,26.6938,25.5303,23.8029,66.3567,26.5629
146,Blue|Black|Orange|Yellow,#003776|#080A0D|#F67405|#FFE800,30.7566,27.7139,26.6845,25.5410,24.1070,94.2633,26.6275
147,Azure Blue|Green|Magenta|Yellow,#0066D9|#06924D|#F24574|#FFE800,29.4733,27.4918,26.7013,25.8644,24.7579,60.6972,26.6781
148,Blue|Dark Olive Drab|Orange|Yellow,#003776|#575B54|#F67405|#FFE800,30.2968,27.8830,26.8959,25.7455,24.2115,94.7701,26.8143
149,Blue|Dark Grey|Orange|Yellow,#003776|#485259|#F67405|#FFE800,30.3160,27.9033,26.9120,25.7669,24.2226,94.9643,26.8351
150,Blue|Lime Green|Orange|Yellow,#003776|#D5D701|#F67405|#FFE800,30.5769,27.9764,26.9554,25.8088,24.2525,95.7496,26.8926
151,Azure Blue|Dark Grey|Lime Green|Orange,#0066D9|#485259|#D5D701|#F67405,29.8074,27.9364,27.0160,25.8555,24.1611,64.5281,26.8960
152,Green|Grey|Red|Yellow,#06924D|#8C9099|#E72F1D|#FFE800,29.8398,27.7030,26.9433,26.2006,25.2609,113.3243,26.9518
153,Green|Polymaker Teal|Red|Yellow,#06924D|#4CC0C7|#E72F1D|#FFE800,30.0641,27.8213,27.0186,26.2090,25.1580,107.1468,27.0151
154,Blue|Olive Green|Orange|Yellow,#003776|#948902|#F67405|#FFE800,30.6905,28.1263,27.1036,25.9169,24.3027,95.6767,27.0216
155,Azure Blue|Dark Olive Drab|Lime Green|Orange,#0066D9|#575B54|#D5D701|#F67405,29.9040,28.0768,27.1667,26.0011,24.2873,64.6525,27.0389
156,Azure Blue|Brown|Lime Green|Orange,#0066D9|#55331A|#D5D701|#F67405,30.4930,28.2172,27.2529,26.0865,24.3938,66.9314,27.1518
157,Blue|Green|Lime Green|Orange,#003776|#06924D|#D5D701|#F67405,29.6389,27.8212,27.1405,26.5086,25.7223,93.2591,27.1649
158,Blue|Cold White|Orange|Yellow,#003776|#D9DFE5|#F67405|#FFE800,30.8070,28.2667,27.2478,26.0633,24.4342,95.8083,27.1650
159,Blue|Brown|Orange|Yellow,#003776|#55331A|#F67405|#FFE800,30.8105,28.2698,27.2507,26.0659,24.4369,95.8083,27.1679
160,Green|Dark Grey|Red|Yellow,#06924D|#485259|#E72F1D|#FFE800,30.4171,27.8463,27.1014,26.5183,25.9159,118.3269,27.1823
161,Blue|Grey|Orange|Yellow,#003776|#8C9099|#F67405|#FFE800,30.8492,28.4042,27.4050,26.2277,24.5800,96.0746,27.3160
162,Blue|Polymaker Teal|Orange|Yellow,#003776|#4CC0C7|#F67405|#FFE800,30.4525,28.2609,27.3920,26.3828,24.9100,94.9753,27.3219
163,Blue|Tan|Orange|Yellow,#003776|#A79E82|#F67405|#FFE800,30.8296,28.4430,27.4509,26.2575,24.6073,96.5462,27.3503
164,Green|Purple|Red|Orange,#06924D|#6C47B2|#E72F1D|#F67405,28.7245,27.6340,27.3422,27.2205,27.1756,65.8127,27.4272
165,Azure Blue|Polymaker Teal|Lime Green|Orange,#0066D9|#4CC0C7|#D5D701|#F67405,29.5898,28.2964,27.6609,26.8792,25.6998,63.8100,27.5878
166,Blue|Pink|Orange|Yellow,#003776|#F1A1AF|#F67405|#FFE800,31.1352,28.7116,27.7398,26.5703,24.9113,96.0163,27.6409
167,Blue|White|Orange|Yellow,#003776|#EBF7FF|#F67405|#FFE800,31.1589,28.8179,27.8542,26.6954,25.0169,96.4915,27.7566
168,Blue|Lime Green|Magenta|Orange,#003776|#D5D701|#F24574|#F67405,31.4542,28.8408,27.8455,26.7358,25.2156,94.3008,27.7883
169,Azure Blue|Olive Green|Lime Green|Orange,#0066D9|#948902|#D5D701|#F67405,30.5798,28.8024,27.9723,26.9160,25.3132,69.4067,27.8592
170,Azure Blue|Lime Green|Pink|Orange,#0066D9|#D5D701|#F1A1AF|#F67405,30.2509,28.8015,28.0261,26.9952,25.4353,68.7925,27.8983
171,Azure Blue|Grey|Lime Green|Orange,#0066D9|#8C9099|#D5D701|#F67405,30.2751,28.8296,28.0593,27.0540,25.5163,69.3679,27.9418
172,Azure Blue|Lime Green|Cold White|Orange,#0066D9|#D5D701|#D9DFE5|#F67405,30.2877,28.8619,28.1058,27.1018,25.5861,69.5709,27.9819
173,Azure Blue|Tan|Lime Green|Orange,#0066D9|#A79E82|#D5D701|#F67405,30.2974,28.8793,28.1264,27.1190,25.5688,69.3900,27.9992
174,Azure Blue|Black|Magenta|Yellow,#0066D9|#080A0D|#F24574|#FFE800,33.9494,29.3859,28.0802,26.6686,24.7818,59.2240,28.0272
175,Azure Blue|Lime Green|White|Orange,#0066D9|#D5D701|#EBF7FF|#F67405,30.3416,28.9484,28.2160,27.2575,25.7803,70.0831,28.1029
176,Green|Cold White|Red|Yellow,#06924D|#D9DFE5|#E72F1D|#FFE800,31.3361,29.1331,28.2863,27.4268,26.3335,115.2145,28.2799
177,Green|Red|White|Yellow,#06924D|#E72F1D|#EBF7FF|#FFE800,31.5534,29.4000,28.6233,27.8215,26.7949,113.8470,28.6108
178,Blue|Black|Lime Green|Orange,#003776|#080A0D|#D5D701|#F67405,33.1026,29.8992,28.8087,27.5823,25.9968,94.0326,28.7408
179,Dark Grey|Red|Magenta|Yellow,#485259|#E72F1D|#F24574|#FFE800,33.0257,29.8747,28.8627,27.8225,26.5171,115.5801,28.8486
180,Azure Blue|Olive Green|Red|Orange,#0066D9|#948902|#E72F1D|#F67405,31.4312,29.6910,28.9344,28.0085,26.8205,63.5831,28.8498
181,Azure Blue|Dark Grey|Magenta|Yellow,#0066D9|#485259|#F24574|#FFE800,32.9692,30.1388,29.0224,27.7296,25.9313,59.1388,28.9342
182,Green|Dark Olive Drab|Red|Yellow,#06924D|#575B54|#E72F1D|#FFE800,32.2766,29.6394,28.8726,28.2533,27.5903,125.4696,28.9464
183,Azure Blue|Green|Red|Orange,#0066D9|#06924D|#E72F1D|#F67405,30.7071,29.4254,28.9767,28.6204,28.2248,66.0313,29.0229
184,Dark Grey|Red|White|Yellow,#485259|#E72F1D|#EBF7FF|#FFE800,32.9783,30.1464,29.1538,28.0382,26.5088,103.4660,29.0923
185,Azure Blue|Dark Olive Drab|Magenta|Yellow,#0066D9|#575B54|#F24574|#FFE800,33.1344,30.3241,29.2116,27.9264,26.1371,59.7409,29.1253
186,Dark Grey|Red|Pink|Yellow,#485259|#E72F1D|#F1A1AF|#FFE800,33.2093,30.1567,29.1549,28.0947,26.7491,112.2738,29.1257
187,Blue|Dark Grey|Lime Green|Orange,#003776|#485259|#D5D701|#F67405,32.9204,30.2822,29.2551,28.0865,26.4509,94.9380,29.1843
188,Azure Blue|Brown|Magenta|Yellow,#0066D9|#55331A|#F24574|#FFE800,34.0702,30.4712,29.2669,27.9534,26.1419,63.6435,29.2123
189,Purple|Olive Green|Red|Orange,#6C47B2|#948902|#E72F1D|#F67405,31.5197,29.9576,29.2841,28.4794,27.5211,65.6923,29.2185
190,Blue|Olive Green|Lime Green|Orange,#003776|#948902|#D5D701|#F67405,33.0121,30.3426,29.2952,28.1049,26.4509,95.1508,29.2238
191,Blue|Azure Blue|Magenta|Yellow,#003776|#0066D9|#F24574|#FFE800,33.3903,30.4023,29.2977,28.0592,26.3326,65.6202,29.2308
192,Blue|Dark Olive Drab|Lime Green|Orange,#003776|#575B54|#D5D701|#F67405,32.9924,30.3419,29.3035,28.1278,26.4842,95.1873,29.2348
193,Blue|Lime Green|Cold White|Orange,#003776|#D5D701|#D9DFE5|#F67405,33.0291,30.3586,29.3121,28.1249,26.4741,95.0512,29.2418
194,Blue|Brown|Lime Green|Orange,#003776|#55331A|#D5D701|#F67405,33.0291,30.3586,29.3121,28.1250,26.4741,95.0512,29.2418
195,Dark Grey|Polymaker Teal|Red|Yellow,#485259|#4CC0C7|#E72F1D|#FFE800,33.2598,30.2321,29.2587,28.3008,26.9979,111.9500,29.2665
196,Blue|Grey|Lime Green|Orange,#003776|#8C9099|#D5D701|#F67405,33.0428,30.4199,29.3925,28.2168,26.5615,95.2047,29.3183
197,Blue|Tan|Lime Green|Orange,#003776|#A79E82|#D5D701|#F67405,33.0675,30.5160,29.5124,28.3427,26.6655,95.6891,29.4294
198,Black|Red|White|Yellow,#080A0D|#E72F1D|#EBF7FF|#FFE800,34.5496,30.6788,29.5278,28.3208,26.8959,108.6156,29.4998
199,Dark Grey|Lime Green|Red|Yellow,#485259|#D5D701|#E72F1D|#FFE800,33.7863,30.5373,29.5176,28.5133,27.3116,118.2377,29.5253
200,Blue|Lime Green|Pink|Orange,#003776|#D5D701|#F1A1AF|#F67405,33.2557,30.6772,29.6702,28.5091,26.8524,95.1674,29.5931
201,Dark Grey|Grey|Red|Yellow,#485259|#8C9099|#E72F1D|#FFE800,33.8393,30.6526,29.6271,28.5897,27.3121,117.7991,29.6212
202,Blue|Polymaker Teal|Lime Green|Orange,#003776|#4CC0C7|#D5D701|#F67405,32.8333,30.5609,29.7003,28.7217,27.2407,94.4422,29.6413
203,Polymaker Teal|Brown|Red|Yellow,#4CC0C7|#55331A|#E72F1D|#FFE800,33.7342,30.7322,29.7059,28.5606,26.8988,107.0825,29.6464
204,Dark Grey|Olive Green|Red|Yellow,#485259|#948902|#E72F1D|#FFE800,33.8644,30.6741,29.6678,28.6594,27.4016,118.2323,29.6668
205,Grey|Red|Magenta|Yellow,#8C9099|#E72F1D|#F24574|#FFE800,33.1646,30.7326,29.7912,28.6796,27.0727,109.8068,29.7061
206,Dark Grey|Brown|Red|Yellow,#485259|#55331A|#E72F1D|#FFE800,33.9118,30.7310,29.7182,28.6973,27.4262,118.2340,29.7142
207,Dark Grey|Cold White|Red|Yellow,#485259|#D9DFE5|#E72F1D|#FFE800,33.9118,30.7310,29.7182,28.6973,27.4262,118.2340,29.7142
208,Brown|Grey|Red|Yellow,#55331A|#8C9099|#E72F1D|#FFE800,33.8043,30.9094,29.8455,28.6416,27.0081,112.1996,29.7755
209,Green|Red|Pink|Yellow,#06924D|#E72F1D|#F1A1AF|#FFE800,32.7532,30.5394,29.7825,29.0542,28.1979,124.2976,29.7968
210,Dark Grey|Dark Olive Drab|Red|Yellow,#485259|#575B54|#E72F1D|#FFE800,34.0322,30.8393,29.8281,28.8102,27.5403,118.7636,29.8247
211,Polymaker Teal|Dark Olive Drab|Red|Yellow,#4CC0C7|#575B54|#E72F1D|#FFE800,33.9854,30.9313,29.8522,28.7331,27.2313,112.3099,29.8322
212,Polymaker Teal|Olive Green|Red|Yellow,#4CC0C7|#948902|#E72F1D|#FFE800,33.3914,30.8038,29.8851,28.8681,27.3695,107.0277,29.8360
213,Dark Grey|Tan|Red|Yellow,#485259|#A79E82|#E72F1D|#FFE800,33.9499,30.8699,29.8705,28.8264,27.5001,118.2522,29.8481
214,Dark Olive Drab|Red|White|Yellow,#575B54|#E72F1D|#EBF7FF|#FFE800,33.7942,30.9452,29.9349,28.7776,27.1582,104.7769,29.8614
215,Polymaker Teal|Red|Magenta|Yellow,#4CC0C7|#E72F1D|#F24574|#FFE800,33.1192,30.7848,29.9308,28.9826,27.5708,106.6729,29.8837
216,Blue|Lime Green|White|Orange,#003776|#D5D701|#EBF7FF|#F67405,33.3964,30.9922,30.0320,28.9064,27.2405,96.4218,29.9493
217,Grey|Olive Green|Red|Yellow,#8C9099|#948902|#E72F1D|#FFE800,33.5636,31.0241,30.0484,28.9256,27.3320,111.0944,29.9749
218,Dark Olive Drab|Red|Pink|Yellow,#575B54|#E72F1D|#F1A1AF|#FFE800,34.1700,31.0713,30.0531,28.9664,27.5771,114.1473,30.0189
219,Grey|Lime Green|Red|Yellow,#8C9099|#D5D701|#E72F1D|#FFE800,33.5548,31.0533,30.0861,28.9845,27.4191,111.1071,30.0189
220,Grey|Cold White|Red|Yellow,#8C9099|#D9DFE5|#E72F1D|#FFE800,33.5569,31.0753,30.1154,29.0023,27.3913,108.3882,30.0388
221,Dark Olive Drab|Red|Magenta|Yellow,#575B54|#E72F1D|#F24574|#FFE800,34.3271,31.0960,30.0699,29.0115,27.6950,119.7159,30.0537
222,Dark Olive Drab|Grey|Red|Yellow,#575B54|#8C9099|#E72F1D|#FFE800,34.3283,31.1896,30.1052,28.9462,27.4728,116.9595,30.0679
223,Grey|Red|Pink|Yellow,#8C9099|#E72F1D|#F1A1AF|#FFE800,33.4595,31.0883,30.1658,29.0599,27.4360,108.1650,30.0741
224,Polymaker Teal|Grey|Red|Yellow,#4CC0C7|#8C9099|#E72F1D|#FFE800,33.4791,31.0636,30.1679,29.1611,27.6620,106.6673,30.1124
225,Grey|Tan|Red|Yellow,#8C9099|#A79E82|#E72F1D|#FFE800,33.6454,31.1841,30.2187,29.0865,27.4809,111.1967,30.1353
226,Green|Grey|Lime Green|Red,#06924D|#8C9099|#D5D701|#E72F1D,33.0939,30.9897,30.2528,29.5367,28.5733,112.2373,30.2632
227,Brown|Red|White|Yellow,#55331A|#E72F1D|#EBF7FF|#FFE800,34.6468,31.4754,30.3973,29.1612,27.4887,107.8682,30.3183
228,Blue|Green|Magenta|Yellow,#003776|#06924D|#F24574|#FFE800,33.7097,31.0980,30.2949,29.6417,28.8800,84.0112,30.3699
229,Polymaker Teal|Lime Green|Red|Yellow,#4CC0C7|#D5D701|#E72F1D|#FFE800,33.6119,31.2589,30.4094,29.4809,28.0839,107.0343,30.3699
230,Green|Polymaker Teal|Lime Green|Red,#06924D|#4CC0C7|#D5D701|#E72F1D,33.3312,31.1393,30.3713,29.6264,28.6120,105.4944,30.3829
231,Dark Grey|Red|Orange|Yellow,#485259|#E72F1D|#F67405|#FFE800,33.9606,31.3281,30.4098,29.4412,28.1993,128.3427,30.3846
232,Polymaker Teal|Tan|Red|Yellow,#4CC0C7|#A79E82|#E72F1D|#FFE800,33.6738,31.3069,30.4442,29.4837,28.0440,107.0300,30.3953
233,Polymaker Teal|Cold White|Red|Yellow,#4CC0C7|#D9DFE5|#E72F1D|#FFE800,33.6795,31.3111,30.4486,29.4945,28.0655,107.0290,30.4028
234,Polymaker Teal|Red|Pink|Yellow,#4CC0C7|#E72F1D|#F1A1AF|#FFE800,33.5786,31.2990,30.4645,29.5233,28.1025,106.8833,30.4112
235,Azure Blue|Grey|Magenta|Yellow,#0066D9|#8C9099|#F24574|#FFE800,33.4650,31.4026,30.5304,29.4737,27.9277,65.2685,30.4381
236,Green|Dark Grey|Lime Green|Red,#06924D|#485259|#D5D701|#E72F1D,33.7273,31.1629,30.4309,29.8628,29.2102,117.3750,30.5129
237,Grey|Red|White|Yellow,#8C9099|#E72F1D|#EBF7FF|#FFE800,33.7430,31.5468,30.6736,29.5946,27.9588,102.7037,30.5707
238,Azure Blue|Olive Green|Magenta|Yellow,#0066D9|#948902|#F24574|#FFE800,34.2212,31.6722,30.6756,29.4957,27.7932,70.0708,30.5840
239,Black|Red|Pink|Yellow,#080A0D|#E72F1D|#F1A1AF|#FFE800,35.5508,31.7119,30.6858,29.6783,28.6400,120.0679,30.6951
240,Green|Red|Magenta|Yellow,#06924D|#E72F1D|#F24574|#FFE800,33.7493,31.4941,30.7372,30.0299,29.2225,129.7636,30.7620
241,Green|Purple|Magenta|Yellow,#06924D|#6C47B2|#F24574|#FFE800,34.1601,31.6898,30.8057,29.9481,28.8959,81.8431,30.8190
242,Green|Black|Red|Yellow,#06924D|#080A0D|#E72F1D|#FFE800,33.6951,31.3315,30.7850,30.3134,29.8356,130.9919,30.8224
243,Grey|Red|Orange|Yellow,#8C9099|#E72F1D|#F67405|#FFE800,33.9078,31.8379,30.9467,29.8757,28.2902,122.8900,30.8568
244,Azure Blue|Lime Green|Magenta|Yellow,#0066D9|#D5D701|#F24574|#FFE800,33.9054,31.8755,31.0198,29.9896,28.4485,67.5887,30.9325
245,Black|Red|Magenta|Yellow,#080A0D|#E72F1D|#F24574|#FFE800,35.6790,31.8193,30.9513,30.1381,29.2919,125.1206,30.9787
246,Polymaker Teal|Red|White|Yellow,#4CC0C7|#E72F1D|#EBF7FF|#FFE800,34.0103,31.8902,31.1010,30.1779,28.7421,103.4788,31.0340
247,Brown|Cold White|Red|Yellow,#55331A|#D9DFE5|#E72F1D|#FFE800,35.8809,32.5134,31.1603,29.6755,27.9649,116.4234,31.0945
248,Azure Blue|Pink|Magenta|Yellow,#0066D9|#F1A1AF|#F24574|#FFE800,34.1473,32.1488,31.3039,30.2701,28.7168,70.3607,31.2094
249,Dark Olive Drab|Lime Green|Red|Yellow,#575B54|#D5D701|#E72F1D|#FFE800,35.5510,32.2354,31.2033,30.1891,28.9591,125.4727,31.2122
250,Black|Polymaker Teal|Red|Yellow,#080A0D|#4CC0C7|#E72F1D|#FFE800,35.7220,32.2782,31.3275,30.2949,28.8911,118.6691,31.2865
251,Dark Olive Drab|Cold White|Red|Yellow,#575B54|#D9DFE5|#E72F1D|#FFE800,35.6006,32.3429,31.3088,30.2535,28.9502,125.1123,31.2982
252,Olive Green|Red|White|Yellow,#948902|#E72F1D|#EBF7FF|#FFE800,34.4170,32.2916,31.4227,30.3251,28.7155,105.4213,31.3083
253,Dark Olive Drab|Olive Green|Red|Yellow,#575B54|#948902|#E72F1D|#FFE800,35.5693,32.3348,31.3182,30.2852,29.0082,125.1478,31.3100
254,Polymaker Teal|Red|Orange|Yellow,#4CC0C7|#E72F1D|#F67405|#FFE800,34.1826,32.2513,31.4073,30.4152,28.8877,120.8922,31.3333
255,Brown|Dark Olive Drab|Red|Yellow,#55331A|#575B54|#E72F1D|#FFE800,35.6288,32.3783,31.3555,30.3131,29.0162,125.1452,31.3457
256,Dark Grey|Lime Green|Red|Magenta,#485259|#D5D701|#E72F1D|#F24574,35.7413,32.4372,31.3763,30.2690,28.8136,114.4588,31.3531
257,Dark Olive Drab|Tan|Red|Yellow,#575B54|#A79E82|#E72F1D|#FFE800,35.6418,32.5271,31.5121,30.4364,29.0693,125.1379,31.4817
258,Azure Blue|Cold White|Magenta|Yellow,#0066D9|#D9DFE5|#F24574|#FFE800,34.3395,32.4116,31.6013,30.5945,29.0650,70.7262,31.5031
259,Azure Blue|Black|Lime Green|Magenta,#0066D9|#080A0D|#D5D701|#F24574,37.0406,32.8913,31.6535,30.2851,28.4269,55.3703,31.5882
260,Black|Dark Grey|Red|Yellow,#080A0D|#485259|#E72F1D|#FFE800,36.1579,32.6337,31.6416,30.6405,29.5688,125.5401,31.6371
261,Green|Lime Green|Cold White|Red,#06924D|#D5D701|#D9DFE5|#E72F1D,34.6173,32.4813,31.6696,30.8597,29.7438,113.4220,31.6705
262,Dark Grey|Lime Green|Red|Pink,#485259|#D5D701|#E72F1D|#F1A1AF,35.9531,32.7713,31.7229,30.5878,29.0774,110.5689,31.6795
263,Brown|Red|Pink|Yellow,#55331A|#E72F1D|#F1A1AF|#FFE800,35.8817,32.7513,31.7136,30.6125,29.3456,121.7183,31.6819
264,Black|Purple|Magenta|Yellow,#080A0D|#6C47B2|#F24574|#FFE800,37.8673,32.9667,31.6736,30.4271,28.9410,80.8850,31.6969
265,Dark Olive Drab|Red|Orange|Yellow,#575B54|#E72F1D|#F67405|#FFE800,35.3783,32.6634,31.7320,30.7622,29.5421,134.7726,31.7128
266,Green|Purple|Olive Green|Orange,#06924D|#6C47B2|#948902|#F67405,33.5926,32.1403,31.6851,31.3748,31.0639,72.2672,31.7575
267,Olive Green|Cold White|Red|Yellow,#948902|#D9DFE5|#E72F1D|#FFE800,35.2573,32.8622,31.8799,30.7224,29.0608,113.7532,31.7923
268,Dark Grey|Magenta|Orange|Yellow,#485259|#F24574|#F67405|#FFE800,35.1187,32.7934,31.8978,30.8543,29.4623,118.7830,31.8238
269,Dark Grey|Lime Green|Red|White,#485259|#D5D701|#E72F1D|#EBF7FF,35.8412,32.9637,31.9541,30.7992,29.1343,103.2009,31.8814
270,Tan|Red|White|Yellow,#A79E82|#E72F1D|#EBF7FF|#FFE800,34.9207,32.9051,32.0506,30.9629,29.3371,107.3731,31.9340
271,Azure Blue|Green|Olive Green|Red,#0066D9|#06924D|#948902|#E72F1D,35.9008,32.7472,31.7872,31.1628,30.7039,76.2194,31.9550
272,Black|Grey|Red|Yellow,#080A0D|#8C9099|#E72F1D|#FFE800,36.5695,33.0462,32.0104,30.8873,29.6594,126.2211,31.9667
273,Green|Brown|Red|Yellow,#06924D|#55331A|#E72F1D|#FFE800,34.8310,32.6104,31.9213,31.3254,30.7172,133.1987,31.9679
274,Green|Lime Green|Red|White,#06924D|#D5D701|#E72F1D|#EBF7FF,34.8653,32.7555,31.9989,31.2288,30.2161,113.5519,31.9921
275,Green|Purple|Olive Green|Red,#06924D|#6C47B2|#948902|#E72F1D,35.9099,32.6793,31.8144,31.4051,31.2755,76.3574,32.0422
276,Dark Grey|Polymaker Teal|Lime Green|Red,#485259|#4CC0C7|#D5D701|#E72F1D,36.0808,33.0258,32.0597,31.1097,29.7405,110.1885,32.0678
277,Black|Lime Green|Red|White,#080A0D|#D5D701|#E72F1D|#EBF7FF,37.3373,33.3650,32.1853,30.9262,29.3505,107.9260,32.1456
278,Green|Dark Olive Drab|Lime Green|Red,#06924D|#575B54|#D5D701|#E72F1D,35.5031,32.8565,32.0961,31.4842,30.7635,123.3766,32.1704
279,Grey|Lime Green|Red|Magenta,#8C9099|#D5D701|#E72F1D|#F24574,35.7479,33.2588,32.2739,31.0857,29.3260,108.1453,32.1723
280,Green|Tan|Red|Yellow,#06924D|#A79E82|#E72F1D|#FFE800,35.1188,32.9114,32.1726,31.4944,30.7165,132.9525,32.2029
281,Dark Grey|Grey|Lime Green|Red,#485259|#8C9099|#D5D701|#E72F1D,36.6123,33.2916,32.2240,31.1254,29.6887,116.8177,32.2085
282,Tan|Red|Pink|Yellow,#A79E82|#E72F1D|#F1A1AF|#FFE800,35.3097,33.2369,32.3647,31.2732,29.7354,117.9214,32.2550
283,Dark Grey|Olive Green|Lime Green|Red,#485259|#948902|#D5D701|#E72F1D,36.6886,33.3562,32.2854,31.1803,29.7474,117.2837,32.2683
284,Azure Blue|Polymaker Teal|Magenta|Yellow,#0066D9|#4CC0C7|#F24574|#FFE800,34.9493,33.0565,32.3219,31.4929,30.2178,65.8329,32.2747
285,Green|Grey|Orange|Yellow,#06924D|#8C9099|#F67405|#FFE800,34.2364,33.0255,32.3582,31.5349,30.3902,127.3862,32.2802
286,Dark Grey|Lime Green|Cold White|Red,#485259|#D5D701|#D9DFE5|#E72F1D,36.6973,33.3727,32.3143,31.2251,29.7928,117.2837,32.2989
287,Dark Grey|Brown|Lime Green|Red,#485259|#55331A|#D5D701|#E72F1D,36.6977,33.3729,32.3145,31.2253,29.7929,117.2837,32.2991
288,Brown|Grey|Lime Green|Red,#55331A|#8C9099|#D5D701|#E72F1D,36.5116,33.5138,32.3883,31.0873,29.2792,110.8340,32.3006
289,Tan|Cold White|Red|Yellow,#A79E82|#D9DFE5|#E72F1D|#FFE800,35.5934,33.3595,32.4076,31.2657,29.5913,113.4566,32.3126
290,Dark Grey|Purple|Magenta|Yellow,#485259|#6C47B2|#F24574|#FFE800,36.9230,33.5370,32.3448,31.1232,29.5766,81.0897,32.3301
291,Green|Dark Grey|Orange|Yellow,#06924D|#485259|#F67405|#FFE800,34.5901,32.9961,32.3667,31.7149,30.9007,132.7911,32.3555
292,Red|White|Magenta|Yellow,#E72F1D|#EBF7FF|#F24574|#FFE800,35.2098,33.3017,32.5076,31.5020,29.9857,103.9552,32.4019
293,Azure Blue|Green|Lime Green|Magenta,#0066D9|#06924D|#D5D701|#F24574,35.3418,33.2781,32.4325,31.5281,30.3054,65.7634,32.4031
294,Dark Grey|Dark Olive Drab|Lime Green|Red,#485259|#575B54|#D5D701|#E72F1D,36.8561,33.5097,32.4479,31.3549,29.9152,117.7938,32.4323
295,Polymaker Teal|Brown|Lime Green|Red,#4CC0C7|#55331A|#D5D701|#E72F1D,36.5386,33.5137,32.4915,31.3584,29.6775,105.2513,32.4360
296,Blue|Black|Magenta|Yellow,#003776|#080A0D|#F24574|#FFE800,37.7782,33.5916,32.4436,31.3162,29.9296,84.6417,32.4539
297,Olive Green|Red|Pink|Yellow,#948902|#E72F1D|#F1A1AF|#FFE800,35.6186,33.4622,32.5505,31.4463,30.0153,128.2330,32.4542
298,Dark Olive Drab|Purple|Magenta|Yellow,#575B54|#6C47B2|#F24574|#FFE800,37.0907,33.6665,32.4745,31.2594,29.7168,80.8049,32.4629
299,Dark Grey|Tan|Lime Green|Red,#485259|#A79E82|#D5D701|#E72F1D,36.7706,33.5639,32.5168,31.3959,29.8930,117.4028,32.4799
300,Blue|Azure Blue|Lime Green|Magenta,#003776|#0066D9|#D5D701|#F24574,36.3801,33.6184,32.5871,31.3955,29.6859,59.9435,32.5070
301,Green|Black|Purple|Orange,#06924D|#080A0D|#6C47B2|#F67405,34.7771,32.8755,32.4247,32.1863,31.9706,70.1122,32.5309
302,Green|Purple|Magenta|Orange,#06924D|#6C47B2|#F24574|#F67405,33.9625,32.7938,32.4660,32.2900,32.1365,68.8052,32.5419
303,Blue|Purple|Magenta|Yellow,#003776|#6C47B2|#F24574|#FFE800,37.1668,33.7698,32.5946,31.3855,29.8073,81.7019,32.5776
304,Dark Olive Drab|Lime Green|Red|Magenta,#575B54|#D5D701|#E72F1D|#F24574,37.0915,33.7042,32.6195,31.4701,29.9542,118.0833,32.5871
305,Grey|Lime Green|Cold White|Red,#8C9099|#D5D701|#D9DFE5|#E72F1D,36.2189,33.6929,32.6953,31.5107,29.7450,107.0286,32.6018
306,Dark Grey|Lime Green|Red|Orange,#485259|#D5D701|#E72F1D|#F67405,35.9900,33.5516,32.6637,31.6568,30.2468,130.1072,32.6042
307,Grey|Lime Green|Red|Pink,#8C9099|#D5D701|#E72F1D|#F1A1AF,36.0989,33.6863,32.7214,31.5346,29.7524,106.3390,32.6105
308,Dark Olive Drab|Lime Green|Red|Pink,#575B54|#D5D701|#E72F1D|#F1A1AF,36.9808,33.7504,32.6771,31.4897,29.8878,112.6939,32.6201
309,Polymaker Teal|Dark Olive Drab|Lime Green|Red,#4CC0C7|#575B54|#D5D701|#E72F1D,36.7959,33.7231,32.6504,31.5413,29.9848,110.4812,32.6322
310,Dark Olive Drab|Grey|Lime Green|Red,#575B54|#8C9099|#D5D701|#E72F1D,37.1450,33.8301,32.6808,31.4529,29.8498,116.1353,32.6415
311,Polymaker Teal|Lime Green|Red|Magenta,#4CC0C7|#D5D701|#E72F1D|#F24574,35.8907,33.5664,32.7131,31.7607,30.2976,105.0066,32.6635
312,Green|Brown|Purple|Orange,#06924D|#55331A|#6C47B2|#F67405,34.9558,33.0586,32.5621,32.2848,32.0348,70.1196,32.6717
313,Dark Olive Drab|Lime Green|Red|White,#575B54|#D5D701|#E72F1D|#EBF7FF,36.6815,33.7872,32.7610,31.5586,29.7989,104.2348,32.6729
314,Azure Blue|Brown|Lime Green|Magenta,#0066D9|#55331A|#D5D701|#F24574,37.1919,33.8823,32.7613,31.5013,29.7021,58.0417,32.6918
315,Grey|Olive Green|Lime Green|Red,#8C9099|#948902|#D5D701|#E72F1D,36.3410,33.7963,32.7902,31.5970,29.8358,109.8851,32.6966
316,Lime Green|Red|White|Yellow,#D5D701|#E72F1D|#EBF7FF|#FFE800,35.4815,33.5840,32.7990,31.8123,30.3160,104.9681,32.6981
317,Green|Dark Grey|Purple|Orange,#06924D|#485259|#6C47B2|#F67405,34.2865,33.0383,32.6480,32.4202,32.1971,70.1308,32.7292
318,Azure Blue|Green|Purple|Orange,#0066D9|#06924D|#6C47B2|#F67405,34.3080,33.0990,32.6955,32.3883,32.0610,71.2145,32.7436
319,Azure Blue|Green|Olive Green|Orange,#0066D9|#06924D|#948902|#F67405,34.5726,33.2340,32.7504,32.2690,31.6232,66.0599,32.7515
320,Green|Dark Olive Drab|Purple|Orange,#06924D|#575B54|#6C47B2|#F67405,34.3974,33.0923,32.6736,32.4222,32.1878,70.1191,32.7573
321,Lime Green|Red|Pink|Yellow,#D5D701|#E72F1D|#F1A1AF|#FFE800,35.7491,33.7471,32.8805,31.7748,30.1901,116.3895,32.7610
322,Tan|Red|Magenta|Yellow,#A79E82|#E72F1D|#F24574|#FFE800,35.8121,33.7384,32.8709,31.7968,30.2905,123.7121,32.7676
323,Grey|Tan|Lime Green|Red,#8C9099|#A79E82|#D5D701|#E72F1D,36.3716,33.8641,32.8738,31.6943,29.9218,109.8874,32.7792
324,Blue|Green|Purple|Orange,#003776|#06924D|#6C47B2|#F67405,34.3110,33.0973,32.7107,32.4700,32.2288,70.1930,32.7836
325,Green|Purple|Lime Green|Magenta,#06924D|#6C47B2|#D5D701|#F24574,35.7381,33.5567,32.7874,32.0168,31.0169,74.7782,32.7868
326,Polymaker Teal|Olive Green|Lime Green|Red,#4CC0C7|#948902|#D5D701|#E72F1D,36.2816,33.7518,32.8610,31.8766,30.3677,105.4307,32.8142
327,Cold White|Red|Magenta|Yellow,#D9DFE5|#E72F1D|#F24574|#FFE800,35.8616,33.7530,32.8946,31.8775,30.3501,111.4988,32.8153
328,Red|White|Pink|Yellow,#E72F1D|#EBF7FF|#F1A1AF|#FFE800,35.6300,33.7210,32.9309,31.9357,30.4228,104.8834,32.8284
329,Brown|Red|Magenta|Yellow,#55331A|#E72F1D|#F24574|#FFE800,36.7930,33.7677,32.8549,31.9297,30.8849,130.4543,32.8487
330,Azure Blue|Olive Green|Magenta|Orange,#0066D9|#948902|#F24574|#F67405,35.6223,33.7662,32.9485,31.9445,30.6291,65.0926,32.8554
331,Dark Olive Drab|Magenta|Orange|Yellow,#575B54|#F24574|#F67405|#FFE800,36.2848,33.8567,32.9496,31.8961,30.5033,122.8223,32.8764
332,Blue|Dark Olive Drab|Magenta|Yellow,#003776|#575B54|#F24574|#FFE800,37.2426,33.9954,32.9161,31.8070,30.3529,85.2794,32.9012
333,Green|Polymaker Teal|Purple|Orange,#06924D|#4CC0C7|#6C47B2|#F67405,34.4739,33.2619,32.8550,32.5763,32.3053,70.4123,32.9191
334,Green|Purple|Grey|Orange,#06924D|#6C47B2|#8C9099|#F67405,34.4452,33.2675,32.8686,32.5921,32.3202,70.4277,32.9298
335,Green|Purple|Tan|Orange,#06924D|#6C47B2|#A79E82|#F67405,34.4437,33.2681,32.8703,32.5933,32.3208,70.4280,32.9307
336,Green|Purple|Cold White|Orange,#06924D|#6C47B2|#D9DFE5|#F67405,34.4437,33.2681,32.8703,32.5933,32.3208,70.4280,32.9307
337,Blue|Dark Grey|Magenta|Yellow,#003776|#485259|#F24574|#FFE800,37.2705,34.0233,32.9426,31.8409,30.3777,85.5290,32.9321
338,Green|Purple|White|Orange,#06924D|#6C47B2|#EBF7FF|#F67405,34.4499,33.2745,32.8759,32.5981,32.3242,70.4296,32.9363
339,Azure Blue|Tan|Magenta|Yellow,#0066D9|#A79E82|#F24574|#FFE800,35.8918,33.8926,33.0417,32.0002,30.4006,72.5359,32.9464
340,Red|Pink|Magenta|Yellow,#E72F1D|#F1A1AF|#F24574|#FFE800,35.8793,33.9251,33.0831,31.9918,30.4088,116.9360,32.9585
341,Polymaker Teal|Grey|Lime Green|Red,#4CC0C7|#8C9099|#D5D701|#E72F1D,36.2869,33.8997,33.0171,32.0182,30.4668,105.0277,32.9590
342,Black|Purple|Lime Green|Magenta,#080A0D|#6C47B2|#D5D701|#F24574,39.0303,34.2585,32.9872,31.6795,30.0284,71.9887,32.9690
343,Green|Olive Green|Red|Yellow,#06924D|#948902|#E72F1D|#FFE800,35.9640,33.6745,32.9253,32.2657,31.5330,134.7245,32.9701
344,Cold White|Red|Pink|Yellow,#D9DFE5|#E72F1D|#F1A1AF|#FFE800,35.9735,33.9095,33.0606,32.0319,30.4771,110.6018,32.9707
345,Blue|Lime Green|Magenta|Yellow,#003776|#D5D701|#F24574|#FFE800,37.5406,34.1160,33.0100,31.9071,30.4425,86.2785,33.0116
346,Brown|Lime Green|Red|White,#55331A|#D5D701|#E72F1D|#EBF7FF,37.4437,34.2405,33.1303,31.8271,29.9841,107.3656,33.0338
347,Grey|Magenta|Orange|Yellow,#8C9099|#F24574|#F67405|#FFE800,35.7019,34.0057,33.1710,32.0654,30.4026,117.2830,33.0355
348,Purple|Tan|Red|Orange,#6C47B2|#A79E82|#E72F1D|#F67405,34.3357,33.4871,33.0925,32.5919,31.9051,68.2359,33.0395
349,Lime Green|Cold White|Red|Yellow,#D5D701|#D9DFE5|#E72F1D|#FFE800,36.2043,34.0184,33.1201,32.0817,30.5352,113.6764,33.0500
350,Green|Purple|Pink|Orange,#06924D|#6C47B2|#F1A1AF|#F67405,34.5481,33.3846,32.9970,32.7299,32.4725,70.5228,33.0573
351,Green|Lime Green|Red|Yellow,#06924D|#D5D701|#E72F1D|#FFE800,36.0411,33.7639,33.0178,32.3597,31.6280,134.7245,33.0618
352,Blue|Green|Red|Orange,#003776|#06924D|#E72F1D|#F67405,34.8553,33.4170,32.9820,32.7231,32.3753,96.0257,33.0700
353,Green|Lime Green|Red|Pink,#06924D|#D5D701|#E72F1D|#F1A1AF,35.9835,33.8071,33.0643,32.3469,31.4405,122.4513,33.0770
354,Polymaker Teal|Purple|Red|Orange,#4CC0C7|#6C47B2|#E72F1D|#F67405,34.2432,33.4371,33.1208,32.7498,32.1279,68.7561,33.0935
355,Azure Blue|Tan|Red|Orange,#0066D9|#A79E82|#E72F1D|#F67405,34.6085,33.6705,33.1890,32.5355,31.5802,68.2372,33.1030
356,Blue|Olive Green|Magenta|Yellow,#003776|#948902|#F24574|#FFE800,37.6516,34.2698,33.1564,32.0138,30.4839,86.3065,33.1418
357,Black|Lime Green|Red|Pink,#080A0D|#D5D701|#E72F1D|#F1A1AF,38.2703,34.2508,33.1665,32.0386,30.7269,118.5351,33.1447
358,Black|Magenta|Orange|Yellow,#080A0D|#F24574|#F67405|#FFE800,37.3046,34.0045,33.1956,32.3659,31.4315,125.6416,33.1852
359,Polymaker Teal|Tan|Lime Green|Red,#4CC0C7|#A79E82|#D5D701|#E72F1D,36.4519,34.0993,33.2381,32.2802,30.8024,105.4268,33.1898
360,Blue|Brown|Magenta|Yellow,#003776|#55331A|#F24574|#FFE800,37.9436,34.3836,33.2356,32.0700,30.5175,86.2873,33.2268
361,Polymaker Teal|Lime Green|Cold White|Red,#4CC0C7|#D5D701|#D9DFE5|#E72F1D,36.4818,34.1388,33.2868,32.3363,30.8643,105.4267,33.2376
362,Azure Blue|White|Magenta|Yellow,#0066D9|#EBF7FF|#F24574|#FFE800,36.0942,34.1397,33.3255,32.3439,30.8054,73.5716,33.2418
363,Polymaker Teal|Lime Green|Red|Pink,#4CC0C7|#D5D701|#E72F1D|#F1A1AF,36.3764,34.1291,33.3104,32.3818,30.9264,104.9696,33.2554
364,Brown|Purple|Magenta|Yellow,#55331A|#6C47B2|#F24574|#FFE800,38.7973,34.6073,33.2649,31.9266,30.2419,84.8129,33.2670
365,Blue|Cold White|Magenta|Yellow,#003776|#D9DFE5|#F24574|#FFE800,37.7623,34.4014,33.2911,32.1557,30.6214,86.3820,33.2785
366,Grey|Lime Green|Red|White,#8C9099|#D5D701|#E72F1D|#EBF7FF,36.5120,34.3126,33.4154,32.2756,30.4939,102.2243,33.2941
367,Green|Red|Orange|Yellow,#06924D|#E72F1D|#F67405|#FFE800,35.6840,33.9057,33.2673,32.7002,32.0424,142.3414,33.3029
368,Cold White|Red|Orange|Yellow,#D9DFE5|#E72F1D|#F67405|#FFE800,36.1095,34.2944,33.4361,32.3892,30.7985,120.9866,33.3418
369,Dark Olive Drab|Purple|Red|Orange,#575B54|#6C47B2|#E72F1D|#F67405,34.7190,33.7794,33.3766,32.9099,32.2734,68.5474,33.3446
370,Green|Magenta|Orange|Yellow,#06924D|#F24574|#F67405|#FFE800,35.5182,34.0268,33.3847,32.6924,31.8385,132.6454,33.3596
371,Azure Blue|Polymaker Teal|Red|Orange,#0066D9|#4CC0C7|#E72F1D|#F67405,34.6791,33.8192,33.4292,32.9186,32.0819,68.6662,33.3689
372,Polymaker Teal|Magenta|Orange|Yellow,#4CC0C7|#F24574|#F67405|#FFE800,35.8576,34.2284,33.4731,32.5276,31.0565,115.1662,33.3780
373,Cold White|Red|White|Yellow,#D9DFE5|#E72F1D|#EBF7FF|#FFE800,36.1898,34.2650,33.4820,32.5198,31.0520,104.4919,33.3924
374,Black|Lime Green|Red|Magenta,#080A0D|#D5D701|#E72F1D|#F24574,38.4087,34.3769,33.4119,32.4130,31.2425,124.1451,33.3949
375,Blue|Pink|Magenta|Yellow,#003776|#F1A1AF|#F24574|#FFE800,37.8501,34.5219,33.4169,32.2691,30.7097,86.5414,33.3955
376,Black|Dark Olive Drab|Red|Yellow,#080A0D|#575B54|#E72F1D|#FFE800,37.4309,34.2234,33.4217,32.5735,31.6005,131.0204,33.3984
377,Blue|Grey|Magenta|Yellow,#003776|#8C9099|#F24574|#FFE800,37.8052,34.5320,33.4467,32.3219,30.7745,86.6203,33.4270
378,Blue|Polymaker Teal|Magenta|Yellow,#003776|#4CC0C7|#F24574|#FFE800,37.4278,34.4087,33.4551,32.5040,31.1458,85.7409,33.4564
379,Blue|Tan|Magenta|Yellow,#003776|#A79E82|#F24574|#FFE800,37.8001,34.5814,33.4985,32.3537,30.8017,87.1976,33.4675
380,Azure Blue|Green|Black|Orange,#0066D9|#06924D|#080A0D|#F67405,35.7959,33.9454,33.4392,33.0042,32.4242,65.8568,33.4748
381,Green|Cold White|Orange|Yellow,#06924D|#D9DFE5|#F67405|#FFE800,35.5133,34.2973,33.5898,32.6683,31.3434,125.5410,33.4828
382,Grey|Lime Green|Red|Orange,#8C9099|#D5D701|#E72F1D|#F67405,36.3015,34.5434,33.6507,32.4523,30.5802,124.0531,33.4979
383,Blue|Azure Blue|Green|Orange,#003776|#0066D9|#06924D|#F67405,35.1151,33.9323,33.4959,33.0864,32.5073,65.8678,33.5093
384,Black|Cold White|Red|Yellow,#080A0D|#D9DFE5|#E72F1D|#FFE800,37.7089,34.3329,33.5360,32.7008,31.7833,131.3030,33.5169
385,Brown|Lime Green|Cold White|Red,#55331A|#D5D701|#D9DFE5|#E72F1D,38.5139,35.0624,33.6494,32.0349,30.0618,112.9360,33.5486
386,Dark Grey|Lime Green|Magenta|Orange,#485259|#D5D701|#F24574|#F67405,36.9418,34.5724,33.6593,32.5527,30.9794,118.7731,33.5625
387,Black|Lime Green|Red|Yellow,#080A0D|#D5D701|#E72F1D|#FFE800,37.6615,34.2951,33.5777,32.8488,32.0408,131.3857,33.5720
388,Black|Tan|Red|Yellow,#080A0D|#A79E82|#E72F1D|#FFE800,37.5468,34.4558,33.6614,32.7592,31.6644,131.3406,33.6075
389,Green|Polymaker Teal|Orange|Yellow,#06924D|#4CC0C7|#F67405|#FFE800,35.8449,34.4664,33.7276,32.7927,31.4169,126.2432,33.6295
390,Azure Blue|Green|Brown|Orange,#0066D9|#06924D|#55331A|#F67405,35.8466,34.1305,33.6135,33.1531,32.5370,65.8565,33.6418
391,Azure Blue|Green|Magenta|Orange,#0066D9|#06924D|#F24574|#F67405,35.4186,34.1351,33.6520,33.2353,32.7443,66.5448,33.6852
392,Azure Blue|Black|Olive Green|Red,#0066D9|#080A0D|#948902|#E72F1D,39.2568,34.9456,33.5857,32.4514,31.2858,75.3408,33.6985
393,Black|Olive Green|Red|Yellow,#080A0D|#948902|#E72F1D|#FFE800,37.6339,34.4881,33.7838,33.0261,32.1594,131.3573,33.7571
394,Black|Brown|Red|Yellow,#080A0D|#55331A|#E72F1D|#FFE800,37.7861,34.4961,33.7781,33.0203,32.1497,131.3482,33.7582
395,Azure Blue|Dark Grey|Lime Green|Magenta,#0066D9|#485259|#D5D701|#F24574,37.8531,34.9581,33.8237,32.5672,30.8049,64.2050,33.7627
396,Blue|White|Magenta|Yellow,#003776|#EBF7FF|#F24574|#FFE800,38.0328,34.8723,33.8249,32.7239,31.1607,85.1158,33.7981
397,Azure Blue|Green|Dark Grey|Orange,#0066D9|#06924D|#485259|#F67405,35.4210,34.2292,33.7872,33.3706,32.7877,65.8558,33.7999
398,Red|Pink|Orange|Yellow,#E72F1D|#F1A1AF|#F67405|#FFE800,36.3684,34.7385,33.9399,32.8674,31.2685,126.2956,33.8029
399,Dark Grey|Purple|Red|Orange,#485259|#6C47B2|#E72F1D|#F67405,35.2857,34.3055,33.8741,33.3648,32.6533,73.0291,33.8351
400,Azure Blue|Brown|Olive Green|Red,#0066D9|#55331A|#948902|#E72F1D,38.9747,35.0813,33.7504,32.6061,31.4023,75.3651,33.8437
401,Dark Olive Drab|Lime Green|Cold White|Red,#575B54|#D5D701|#D9DFE5|#E72F1D,38.3900,34.9769,33.8841,32.7365,31.2276,123.1716,33.8567
402,Dark Grey|Purple|Lime Green|Magenta,#485259|#6C47B2|#D5D701|#F24574,38.2362,35.0107,33.9126,32.7140,31.0839,72.1801,33.8623
403,Azure Blue|Green|Cold White|Orange,#0066D9|#06924D|#D9DFE5|#F67405,35.3779,34.2843,33.8621,33.4575,32.8871,65.9412,33.8709
404,Azure Blue|Green|Pink|Orange,#0066D9|#06924D|#F1A1AF|#F67405,35.3780,34.2843,33.8621,33.4574,32.8871,65.9412,33.8709
405,Azure Blue|Green|White|Orange,#0066D9|#06924D|#EBF7FF|#F67405,35.3805,34.2872,33.8645,33.4589,32.8883,65.9412,33.8730
406,Azure Blue|Green|Polymaker Teal|Orange,#0066D9|#06924D|#4CC0C7|#F67405,35.3789,34.2891,33.8684,33.4634,32.8919,65.9412,33.8763
407,Azure Blue|Green|Grey|Orange,#0066D9|#06924D|#8C9099|#F67405,35.3862,34.2946,33.8725,33.4676,32.8968,65.9412,33.8811
408,Azure Blue|Green|Tan|Orange,#0066D9|#06924D|#A79E82|#F67405,35.3877,34.2958,33.8739,33.4691,32.8982,65.9412,33.8825
409,Dark Olive Drab|Olive Green|Lime Green|Red,#575B54|#948902|#D5D701|#E72F1D,38.4112,35.0018,33.9116,32.7644,31.2623,123.2167,33.8831
410,Polymaker Teal|Lime Green|Red|Orange,#4CC0C7|#D5D701|#E72F1D|#F67405,36.4334,34.7752,33.9818,32.9946,31.3709,120.8662,33.8849
411,Azure Blue|Green|Dark Olive Drab|Orange,#0066D9|#06924D|#575B54|#F67405,35.5769,34.3485,33.8914,33.4551,32.8540,65.8584,33.9018
412,Brown|Dark Olive Drab|Lime Green|Red,#55331A|#575B54|#D5D701|#E72F1D,38.4185,35.0121,33.9306,32.7958,31.2938,123.2167,33.9040
413,Dark Olive Drab|Lime Green|Red|Orange,#575B54|#D5D701|#E72F1D|#F67405,37.4418,34.9194,33.9936,32.9353,31.4855,134.6713,33.9274
414,Green|Lime Green|Red|Magenta,#06924D|#D5D701|#E72F1D|#F24574,36.9182,34.6745,33.9202,33.2093,32.3339,127.8270,33.9419
415,Polymaker Teal|Lime Green|Red|White,#4CC0C7|#D5D701|#E72F1D|#EBF7FF,36.9154,34.8161,34.0384,33.1322,31.6725,103.0970,33.9742
416,Green|Dark Olive Drab|Orange|Yellow,#06924D|#575B54|#F67405|#FFE800,36.2028,34.6185,34.0010,33.3323,32.4861,139.0883,33.9754
417,Blue|Purple|Lime Green|Magenta,#003776|#6C47B2|#D5D701|#F24574,38.2883,35.0823,34.0055,32.8702,31.2962,73.5943,33.9762
418,Azure Blue|Purple|Olive Green|Red,#0066D9|#6C47B2|#948902|#E72F1D,38.9055,35.1965,33.9118,32.7925,31.6405,76.1955,33.9945
419,Brown|Lime Green|Red|Pink,#55331A|#D5D701|#E72F1D|#F1A1AF,38.4932,35.2035,34.0781,32.7878,31.1412,119.8446,33.9956
420,Black|Polymaker Teal|Lime Green|Red,#080A0D|#4CC0C7|#D5D701|#E72F1D,38.5062,34.9803,34.0456,33.0340,31.5764,116.9182,34.0072
421,Purple|Olive Green|Magenta|Orange,#6C47B2|#948902|#F24574|#F67405,36.4120,34.7675,34.0877,33.2979,32.3228,69.9212,34.0327
422,Purple|Grey|Red|Orange,#6C47B2|#8C9099|#E72F1D|#F67405,35.3270,34.4681,34.0835,33.6031,32.8976,74.2181,34.0356
423,Tan|Lime Green|Red|Yellow,#A79E82|#D5D701|#E72F1D|#FFE800,37.1387,34.9977,34.1200,33.0737,31.6248,128.4198,34.0357
424,Dark Olive Drab|Tan|Lime Green|Red,#575B54|#A79E82|#D5D701|#E72F1D,38.4463,35.1720,34.1060,32.9559,31.4064,123.2126,34.0640
425,Purple|Olive Green|Magenta|Yellow,#6C47B2|#948902|#F24574|#FFE800,38.9226,35.3354,34.0930,32.8000,31.1428,85.0785,34.0677
426,Green|Black|Lime Green|Red,#06924D|#080A0D|#D5D701|#E72F1D,36.9623,34.5702,34.0373,33.5903,33.0707,129.5581,34.0803
427,Purple|Lime Green|Magenta|Yellow,#6C47B2|#D5D701|#F24574|#FFE800,38.7100,35.2690,34.1229,32.9357,31.3645,85.4081,34.1024
428,Black|Red|Orange|Yellow,#080A0D|#E72F1D|#F67405|#FFE800,37.4700,34.7859,34.1455,33.4363,32.6017,138.3889,34.1111
429,Azure Blue|Dark Olive Drab|Lime Green|Magenta,#0066D9|#575B54|#D5D701|#F24574,38.3484,35.3551,34.1926,32.8764,31.0459,63.5184,34.1157
430,Black|Purple|Olive Green|Red,#080A0D|#6C47B2|#948902|#E72F1D,39.5251,35.2398,34.0400,33.0878,32.1875,75.5211,34.1638
431,Blue|Azure Blue|Olive Green|Red,#003776|#0066D9|#948902|#E72F1D,39.1571,35.4252,34.1056,32.9214,31.6433,75.9572,34.1733
432,Black|Purple|Red|Orange,#080A0D|#6C47B2|#E72F1D|#F67405,36.5110,34.8011,34.2370,33.6038,32.7526,79.4778,34.2025
433,Purple|Grey|Magenta|Yellow,#6C47B2|#8C9099|#F24574|#FFE800,38.1545,35.2762,34.2563,33.1451,31.6299,83.6439,34.2107
434,Black|Dark Grey|Lime Green|Red,#080A0D|#485259|#D5D701|#E72F1D,39.1096,35.2841,34.2621,33.1590,31.8774,124.4147,34.2216
435,Red|White|Orange|Yellow,#E72F1D|#EBF7FF|#F67405|#FFE800,36.6467,35.1334,34.3760,33.3447,31.6949,119.3549,34.2391
436,Dark Olive Drab|Purple|Lime Green|Magenta,#575B54|#6C47B2|#D5D701|#F24574,38.6321,35.3951,34.2863,33.0840,31.4540,73.5765,34.2395
437,Polymaker Teal|Purple|Magenta|Yellow,#4CC0C7|#6C47B2|#F24574|#FFE800,37.9476,35.1498,34.2483,33.3333,32.0726,82.9949,34.2416
438,Brown|Purple|Olive Green|Orange,#55331A|#6C47B2|#948902|#F67405,37.1370,35.0902,34.3038,33.4175,32.2886,69.8328,34.2538
439,Brown|Purple|Olive Green|Red,#55331A|#6C47B2|#948902|#E72F1D,39.0626,35.3778,34.1905,33.1547,32.1372,75.6372,34.2663
440,Purple|Tan|Magenta|Yellow,#6C47B2|#A79E82|#F24574|#FFE800,38.4186,35.3751,34.3121,33.1596,31.5943,84.6331,34.2673
441,Brown|Purple|Red|Orange,#55331A|#6C47B2|#E72F1D|#F67405,36.1996,34.8462,34.3268,33.7062,32.8588,80.7579,34.2762
442,Olive Green|Tan|Red|Yellow,#948902|#A79E82|#E72F1D|#FFE800,37.5407,35.3123,34.3880,33.2910,31.8206,134.4382,34.3016
443,Blue|Olive Green|Red|Orange,#003776|#948902|#E72F1D|#F67405,37.0870,35.1141,34.3466,33.5416,32.5095,95.1579,34.3279
444,Purple|Cold White|Red|Orange,#6C47B2|#D9DFE5|#E72F1D|#F67405,35.7009,34.7619,34.3627,33.8947,33.1812,77.2662,34.3283
445,Black|Purple|Olive Green|Orange,#080A0D|#6C47B2|#948902|#F67405,37.5154,35.1318,34.3742,33.5305,32.4211,70.8298,34.3312
446,Azure Blue|Olive Green|Red|White,#0066D9|#948902|#E72F1D|#EBF7FF,39.1042,35.4789,34.2780,33.1911,32.0134,76.1431,34.3350
447,Azure Blue|Dark Grey|Olive Green|Red,#0066D9|#485259|#948902|#E72F1D,39.3553,35.5915,34.2846,33.1190,31.8755,75.8482,34.3552
448,Azure Blue|Purple|Magenta|Yellow,#0066D9|#6C47B2|#F24574|#FFE800,38.2006,35.4437,34.4264,33.2819,31.6669,84.1783,34.3628
449,Polymaker Teal|Purple|Olive Green|Orange,#4CC0C7|#6C47B2|#948902|#F67405,37.0202,35.0154,34.3696,33.7384,32.9155,72.2221,34.3769
450,Azure Blue|Dark Olive Drab|Olive Green|Red,#0066D9|#575B54|#948902|#E72F1D,39.4038,35.6321,34.3245,33.1704,31.9310,75.8477,34.4013
451,Purple|Olive Green|Red|White,#6C47B2|#948902|#E72F1D|#EBF7FF,39.0839,35.4293,34.3274,33.4372,32.5895,76.1188,34.4333
452,Azure Blue|Olive Green|Tan|Red,#0066D9|#948902|#A79E82|#E72F1D,39.2302,35.5853,34.3837,33.3164,32.1629,76.2074,34.4509
453,Polymaker Teal|Purple|Olive Green|Red,#4CC0C7|#6C47B2|#948902|#E72F1D,39.2310,35.3781,34.2976,33.5278,32.8504,76.1915,34.4530
454,Azure Blue|Cold White|Red|Orange,#0066D9|#D9DFE5|#E72F1D|#F67405,35.9115,34.9674,34.5255,33.9501,33.0493,77.9756,34.4588
455,Azure Blue|Olive Green|Red|Pink,#0066D9|#948902|#E72F1D|#F1A1AF,39.3509,35.7100,34.4052,33.2091,31.9230,76.1211,34.4596
456,Purple|Olive Green|White|Orange,#6C47B2|#948902|#EBF7FF|#F67405,37.0907,35.2368,34.5031,33.6997,32.6909,72.3370,34.4683
457,Azure Blue|Polymaker Teal|Olive Green|Red,#0066D9|#4CC0C7|#948902|#E72F1D,39.2656,35.5287,34.3749,33.4133,32.3945,76.1757,34.4710
458,Azure Blue|Olive Green|Cold White|Red,#0066D9|#948902|#D9DFE5|#E72F1D,39.3707,35.7210,34.4187,33.2282,31.9548,76.1211,34.4746
459,Dark Olive Drab|Purple|Olive Green|Orange,#575B54|#6C47B2|#948902|#F67405,37.2345,35.2586,34.5135,33.7003,32.6777,71.7559,34.4795
460,Dark Grey|Purple|Olive Green|Orange,#485259|#6C47B2|#948902|#F67405,37.2425,35.2779,34.5215,33.6889,32.6379,71.8299,34.4834
461,Azure Blue|Grey|Olive Green|Red,#0066D9|#8C9099|#948902|#E72F1D,39.3839,35.7502,34.4532,33.2618,31.9726,76.0865,34.5060
462,Blue|Purple|Olive Green|Red,#003776|#6C47B2|#948902|#E72F1D,39.3936,35.6266,34.4112,33.4242,32.5074,75.9572,34.5254
463,Purple|Olive Green|Tan|Red,#6C47B2|#948902|#A79E82|#E72F1D,39.0895,35.5190,34.4287,33.5482,32.7121,76.2744,34.5336
464,Black|Grey|Lime Green|Red,#080A0D|#8C9099|#D5D701|#E72F1D,39.4704,35.6671,34.5945,33.4083,32.0267,125.4698,34.5377
465,Azure Blue|Purple|Olive Green|Orange,#0066D9|#6C47B2|#948902|#F67405,37.3527,35.4484,34.6321,33.6336,32.3489,73.8532,34.5410
466,Blue|Purple|Olive Green|Orange,#003776|#6C47B2|#948902|#F67405,37.3125,35.3630,34.5910,33.7256,32.6482,72.1344,34.5443
467,Purple|Grey|Olive Green|Orange,#6C47B2|#8C9099|#948902|#F67405,37.1989,35.3934,34.6221,33.7333,32.6360,72.2229,34.5634
468,Azure Blue|Olive Green|Red|Magenta,#0066D9|#948902|#E72F1D|#F24574,39.4679,35.8260,34.5186,33.3235,32.0430,76.2542,34.5747
469,Purple|Olive Green|Tan|Orange,#6C47B2|#948902|#A79E82|#F67405,37.1192,35.3869,34.6447,33.7680,32.6526,72.5101,34.5775
470,Green|White|Orange|Yellow,#06924D|#EBF7FF|#F67405|#FFE800,36.5665,35.3232,34.6660,33.8377,32.6701,131.3157,34.5804
471,Purple|Red|White|Orange,#6C47B2|#E72F1D|#EBF7FF|#F67405,35.9269,35.0090,34.6174,34.1617,33.4514,79.3398,34.5854
472,Brown|Tan|Red|Yellow,#55331A|#A79E82|#E72F1D|#FFE800,38.1405,35.5673,34.6561,33.6129,32.3119,133.3267,34.5901
473,Dark Grey|Pink|Orange|Yellow,#485259|#F1A1AF|#F67405|#FFE800,37.5064,35.5625,34.7232,33.6222,32.0439,126.3961,34.5924
474,Tan|Red|Orange|Yellow,#A79E82|#E72F1D|#F67405|#FFE800,37.2532,35.5106,34.6999,33.6861,32.2520,135.3974,34.5984
475,Dark Olive Drab|Purple|Olive Green|Red,#575B54|#6C47B2|#948902|#E72F1D,39.4645,35.6693,34.4907,33.5323,32.6445,75.8163,34.6008
476,Dark Grey|Purple|Olive Green|Red,#485259|#6C47B2|#948902|#E72F1D,39.4923,35.6935,34.5038,33.5219,32.6084,75.9060,34.6077
477,Brown|Purple|Lime Green|Magenta,#55331A|#6C47B2|#D5D701|#F24574,39.8906,35.9003,34.6400,33.3890,31.7294,77.7876,34.6446
478,Purple|Olive Green|Cold White|Orange,#6C47B2|#948902|#D9DFE5|#F67405,37.2929,35.4879,34.6993,33.8328,32.7918,72.3510,34.6603
479,Purple|Pink|Magenta|Yellow,#6C47B2|#F1A1AF|#F24574|#FFE800,39.1828,35.8039,34.6820,33.5239,31.9625,87.5986,34.6639
480,Dark Olive Drab|Lime Green|Magenta|Orange,#575B54|#D5D701|#F24574|#F67405,38.1828,35.7118,34.7717,33.6299,32.0079,122.7302,34.6709
481,Purple|Grey|Olive Green|Red,#6C47B2|#8C9099|#948902|#E72F1D,39.4030,35.7622,34.5726,33.5827,32.6691,76.0322,34.6725
482,Tan|Lime Green|Red|White,#A79E82|#D5D701|#E72F1D|#EBF7FF,37.7569,35.7359,34.8403,33.6563,31.8206,106.9127,34.6961
483,Azure Blue|Dark Olive Drab|Red|Orange,#0066D9|#575B54|#E72F1D|#F67405,36.5285,35.3729,34.8004,34.0708,33.0045,74.7594,34.7218
484,Azure Blue|Red|White|Orange,#0066D9|#E72F1D|#EBF7FF|#F67405,36.1712,35.2282,34.7863,34.2303,33.3646,81.1470,34.7293
485,Azure Blue|Black|Olive Green|Orange,#0066D9|#080A0D|#948902|#F67405,38.0658,35.6964,34.8464,33.7913,32.3364,63.6572,34.7438
486,Grey|Lime Green|Magenta|Orange,#8C9099|#D5D701|#F24574|#F67405,37.4291,35.7754,34.9268,33.7396,31.8664,117.2570,34.7575
487,Olive Green|Lime Green|Red|White,#948902|#D5D701|#E72F1D|#EBF7FF,37.9287,35.8093,34.8997,33.7129,31.8913,109.6281,34.7611
488,Purple|Olive Green|Cold White|Red,#6C47B2|#948902|#D9DFE5|#E72F1D,39.4922,35.8932,34.6732,33.6584,32.7343,76.1719,34.7758
489,Tan|Lime Green|Red|Pink,#A79E82|#D5D701|#E72F1D|#F1A1AF,37.9937,35.8772,34.9453,33.7099,31.8542,116.2351,34.7936
490,Purple|Olive Green|Red|Pink,#6C47B2|#948902|#E72F1D|#F1A1AF,39.3430,35.9004,34.7383,33.6962,32.6548,76.2702,34.7983
491,Dark Grey|Olive Green|Orange|Yellow,#485259|#948902|#F67405|#FFE800,38.0116,35.8242,34.9386,33.8603,32.3785,132.7907,34.8422
492,Green|Pink|Orange|Yellow,#06924D|#F1A1AF|#F67405|#FFE800,36.6832,35.5092,34.9253,34.1924,33.1740,134.6853,34.8508
493,Azure Blue|Brown|Olive Green|Orange,#0066D9|#55331A|#948902|#F67405,37.8359,35.8114,34.9631,33.8919,32.4013,63.5338,34.8517
494,Dark Grey|Brown|Orange|Yellow,#485259|#55331A|#F67405|#FFE800,38.0110,35.8315,34.9555,33.8725,32.3809,132.7992,34.8520
495,Purple|Olive Green|Pink|Orange,#6C47B2|#948902|#F1A1AF|#F67405,37.3984,35.7053,34.9289,33.9999,32.8371,73.3631,34.8526
496,Black|Lime Green|Magenta|Orange,#080A0D|#D5D701|#F24574|#F67405,39.1359,35.7925,34.9300,33.9363,32.6637,125.6955,34.8644
497,Purple|Olive Green|Red|Magenta,#6C47B2|#948902|#E72F1D|#F24574,39.3921,35.9961,34.8353,33.7669,32.6866,76.5106,34.8815
498,Dark Grey|Cold White|Orange|Yellow,#485259|#D9DFE5|#F67405|#FFE800,38.0603,35.8844,34.9935,33.9025,32.4068,132.7992,34.8934
499,Dark Grey|Grey|Orange|Yellow,#485259|#8C9099|#F67405|#FFE800,38.0653,35.8914,35.0006,33.9042,32.4018,132.7877,34.8978
500,Tan|Lime Green|Cold White|Red,#A79E82|#D5D701|#D9DFE5|#E72F1D,38.2259,35.9962,35.0228,33.8190,31.9765,111.0017,34.9076
501,Blue|Green|Lime Green|Magenta,#003776|#06924D|#D5D701|#F24574,38.4188,35.7261,34.8640,34.0928,33.1027,86.1722,34.9094
502,Dark Grey|Dark Olive Drab|Orange|Yellow,#485259|#575B54|#F67405|#FFE800,38.0708,35.8973,35.0105,33.9241,32.4346,133.0654,34.9107
503,Purple|Cold White|Magenta|Yellow,#6C47B2|#D9DFE5|#F24574|#FFE800,39.1613,35.9534,34.9465,33.8852,32.4153,85.3476,34.9193
504,Purple|White|Magenta|Yellow,#6C47B2|#EBF7FF|#F24574|#FFE800,39.2007,35.9632,34.9468,33.9125,32.5025,86.0404,34.9378
505,Brown|Magenta|Orange|Yellow,#55331A|#F24574|#F67405|#FFE800,38.2485,35.8365,35.0065,34.0753,32.9513,128.6191,34.9559
506,Olive Green|Lime Green|Cold White|Red,#948902|#D5D701|#D9DFE5|#E72F1D,38.3543,36.0375,35.0593,33.8909,32.1035,111.0799,34.9642
507,Azure Blue|Dark Grey|Red|Orange,#0066D9|#485259|#E72F1D|#F67405,36.9018,35.7007,35.0958,34.3284,33.2242,78.2326,35.0145
508,Dark Grey|Polymaker Teal|Orange|Yellow,#485259|#4CC0C7|#F67405|#FFE800,37.8926,35.9308,35.1249,34.1074,32.5554,132.7071,35.0191
509,Dark Grey|Tan|Orange|Yellow,#485259|#A79E82|#F67405|#FFE800,38.0997,36.0204,35.1402,34.0243,32.4712,132.8043,35.0224
510,Dark Grey|Lime Green|Orange|Yellow,#485259|#D5D701|#F67405|#FFE800,38.3308,36.0442,35.1228,34.0341,32.5974,135.0846,35.0392
511,Dark Grey|White|Orange|Yellow,#485259|#EBF7FF|#F67405|#FFE800,38.0900,36.1256,35.2275,34.0486,32.3468,129.7479,35.0871
512,Brown|Lime Green|Red|Magenta,#55331A|#D5D701|#E72F1D|#F24574,39.3957,36.2050,35.1782,34.0243,32.5661,128.3282,35.1147
513,Green|Brown|Lime Green|Red,#06924D|#55331A|#D5D701|#E72F1D,38.0458,35.7815,35.0894,34.5032,33.8354,130.6016,35.1424
514,Green|Dark Grey|Lime Green|Orange,#06924D|#485259|#D5D701|#F67405,37.4945,35.8255,35.1744,34.4948,33.5646,132.7901,35.1602
515,Blue|Azure Blue|Olive Green|Orange,#003776|#0066D9|#948902|#F67405,37.9685,36.1108,35.2819,34.2136,32.7213,65.2120,35.1622
516,Lime Green|Cold White|Red|Magenta,#D5D701|#D9DFE5|#E72F1D|#F24574,38.3173,36.1813,35.2624,34.1532,32.4438,109.9533,35.1672
517,Tan|Lime Green|Red|Magenta,#A79E82|#D5D701|#E72F1D|#F24574,38.3964,36.2588,35.3235,34.1021,32.2761,121.6269,35.1804
518,Olive Green|Lime Green|Red|Pink,#948902|#D5D701|#E72F1D|#F1A1AF,38.7191,36.4226,35.3662,33.9664,31.9248,125.7180,35.1945
519,Azure Blue|Olive Green|Lime Green|Magenta,#0066D9|#948902|#D5D701|#F24574,39.0929,36.3587,35.3299,34.1189,32.3186,70.6834,35.2388
520,Blue|Purple|Red|Orange,#003776|#6C47B2|#E72F1D|#F67405,37.0931,35.8671,35.3415,34.7144,33.8100,89.7415,35.2908
521,Grey|Lime Green|Orange|Yellow,#8C9099|#D5D701|#F67405|#FFE800,37.9971,36.3818,35.4854,34.2742,32.4692,127.3288,35.3280
522,Dark Olive Drab|Pink|Orange|Yellow,#575B54|#F1A1AF|#F67405|#FFE800,38.3132,36.3210,35.4692,34.3562,32.7728,128.1294,35.3386
523,Azure Blue|Dark Grey|Olive Green|Orange,#0066D9|#485259|#948902|#F67405,38.1639,36.2788,35.4592,34.4076,32.9468,64.8494,35.3432
524,Azure Blue|Dark Olive Drab|Olive Green|Orange,#0066D9|#575B54|#948902|#F67405,38.1830,36.2850,35.4675,34.4278,32.9869,64.7275,35.3564
525,Grey|Olive Green|Orange|Yellow,#8C9099|#948902|#F67405|#FFE800,38.0622,36.4276,35.5282,34.3029,32.4760,127.3311,35.3653
526,Polymaker Teal|Lime Green|Magenta|Orange,#4CC0C7|#D5D701|#F24574|#F67405,37.7560,36.2371,35.5082,34.5470,32.9533,115.1619,35.3921
527,Brown|Lime Green|Red|Yellow,#55331A|#D5D701|#E72F1D|#FFE800,38.9351,36.2250,35.4240,34.5804,33.5906,136.4644,35.4027
528,Azure Blue|Polymaker Teal|Olive Green|Orange,#0066D9|#4CC0C7|#948902|#F67405,38.0140,36.1475,35.4707,34.6669,33.4867,66.0096,35.4072
529,Green|Tan|Lime Green|Red,#06924D|#A79E82|#D5D701|#E72F1D,38.3045,36.1230,35.3955,34.7274,33.8932,130.3961,35.4252
530,Lime Green|Cold White|Red|Pink,#D5D701|#D9DFE5|#E72F1D|#F1A1AF,38.4934,36.4342,35.5435,34.4425,32.7208,108.8162,35.4384
531,Green|Dark Grey|Magenta|Yellow,#06924D|#485259|#F24574|#FFE800,38.5408,36.1830,35.4159,34.7020,33.7832,105.4238,35.4425
532,Lime Green|Cold White|Red|Orange,#D5D701|#D9DFE5|#E72F1D|#F67405,37.9817,36.4459,35.5892,34.4496,32.6330,120.9986,35.4478
533,Azure Blue|Olive Green|White|Orange,#0066D9|#948902|#EBF7FF|#F67405,38.1016,36.3330,35.5534,34.5690,33.1687,66.0407,35.4510
534,Azure Blue|Grey|Olive Green|Orange,#0066D9|#8C9099|#948902|#F67405,38.1931,36.4351,35.6154,34.5412,33.0483,66.0367,35.4882
535,Azure Blue|Olive Green|Pink|Orange,#0066D9|#948902|#F1A1AF|#F67405,38.1528,36.4520,35.6327,34.5387,33.0073,66.0337,35.4954
536,Lime Green|Red|Pink|Orange,#D5D701|#E72F1D|#F1A1AF|#F67405,37.8953,36.5438,35.7148,34.4476,32.4222,125.7673,35.4957
537,Grey|Cold White|Orange|Yellow,#8C9099|#D9DFE5|#F67405|#FFE800,38.1396,36.5512,35.6672,34.4517,32.6188,126.0583,35.5014
538,Azure Blue|Olive Green|Tan|Orange,#0066D9|#948902|#A79E82|#F67405,38.1389,36.4286,35.6302,34.5748,33.0780,66.0146,35.5017
539,Brown|Olive Green|Red|Yellow,#55331A|#948902|#E72F1D|#FFE800,38.8258,36.3251,35.5492,34.6996,33.6806,136.3866,35.5123
540,Grey|Tan|Orange|Yellow,#8C9099|#A79E82|#F67405|#FFE800,38.1426,36.5848,35.6947,34.4580,32.6154,127.3377,35.5214
541,Grey|Pink|Orange|Yellow,#8C9099|#F1A1AF|#F67405|#FFE800,37.8984,36.4945,35.7193,34.5834,32.7702,121.8396,35.5390
542,Azure Blue|Olive Green|Cold White|Orange,#0066D9|#948902|#D9DFE5|#F67405,38.2123,36.4843,35.6645,34.5950,33.1229,66.0936,35.5396
543,Purple|Grey|Lime Green|Magenta,#6C47B2|#8C9099|#D5D701|#F24574,39.3365,36.5981,35.6459,34.5277,32.8823,76.2071,35.5629
544,Lime Green|Red|Pink|Magenta,#D5D701|#E72F1D|#F1A1AF|#F24574,38.7479,36.7211,35.7639,34.4322,32.3652,117.8755,35.5767
545,Azure Blue|Grey|Red|Orange,#0066D9|#8C9099|#E72F1D|#F67405,37.1537,36.1983,35.6876,34.9639,33.8577,80.2781,35.5811
546,Dark Olive Drab|Grey|Orange|Yellow,#575B54|#8C9099|#F67405|#FFE800,38.7736,36.7130,35.7511,34.5010,32.7896,134.7111,35.6070
547,Purple|Tan|Lime Green|Magenta,#6C47B2|#A79E82|#D5D701|#F24574,39.5032,36.6754,35.6863,34.5478,32.9025,78.7688,35.6116
548,Tan|Magenta|Orange|Yellow,#A79E82|#F24574|#F67405|#FFE800,37.9052,36.5267,35.7632,34.6986,33.1447,126.4876,35.6126
549,Polymaker Teal|Purple|Lime Green|Magenta,#4CC0C7|#6C47B2|#D5D701|#F24574,39.0610,36.4903,35.6660,34.7561,33.4103,75.6529,35.6232
550,Azure Blue|Grey|Lime Green|Magenta,#0066D9|#8C9099|#D5D701|#F24574,38.6517,36.6059,35.7377,34.6550,32.9929,66.6985,35.6304
551,Azure Blue|Purple|Lime Green|Magenta,#0066D9|#6C47B2|#D5D701|#F24574,39.0908,36.6474,35.7387,34.6543,33.0062,76.1807,35.6509
552,Purple|Lime Green|Pink|Magenta,#6C47B2|#D5D701|#F1A1AF|#F24574,39.8647,36.7844,35.7343,34.5494,32.8508,79.6739,35.6669
553,Green|Black|Magenta|Yellow,#06924D|#080A0D|#F24574|#FFE800,40.1651,36.3593,35.5966,34.9785,34.2798,106.7621,35.6689
554,Red|Magenta|Orange|Yellow,#E72F1D|#F24574|#F67405|#FFE800,38.0659,36.5590,35.8228,34.8397,33.4757,131.0884,35.6994
555,Azure Blue|Polymaker Teal|Lime Green|Magenta,#0066D9|#4CC0C7|#D5D701|#F24574,38.5412,36.6039,35.8212,34.8655,33.3841,65.8634,35.7347
556,Purple|Lime Green|Cold White|Magenta,#6C47B2|#D5D701|#D9DFE5|#F24574,39.8520,36.8153,35.8037,34.6926,33.0862,77.9458,35.7540
557,Azure Blue|Tan|Lime Green|Magenta,#0066D9|#A79E82|#D5D701|#F24574,38.7545,36.7231,35.8645,34.7935,33.1191,67.7252,35.7583
558,Azure Blue|Black|Red|Orange,#0066D9|#080A0D|#E72F1D|#F67405,38.4549,36.5565,35.8360,34.9706,33.7314,87.2569,35.7636
559,Green|Black|Orange|Yellow,#06924D|#080A0D|#F67405|#FFE800,37.6204,36.2299,35.8148,35.3083,34.6606,142.8493,35.7691
560,Lime Green|Red|White|Pink,#D5D701|#E72F1D|#EBF7FF|#F1A1AF,38.7275,36.7982,35.9335,34.7846,32.9690,105.6217,35.7914
561,Blue|Green|Olive Green|Orange,#003776|#06924D|#948902|#F67405,38.2164,36.4150,35.7719,35.1720,34.2485,95.6906,35.7935
562,Brown|Grey|Orange|Yellow,#55331A|#8C9099|#F67405|#FFE800,39.1887,36.9642,35.9334,34.6246,32.8467,138.4082,35.7944
563,Brown|Red|Orange|Yellow,#55331A|#E72F1D|#F67405|#FFE800,38.7298,36.5701,35.8586,35.0489,34.0568,141.8699,35.8095
564,Green|Lime Green|Magenta|Orange,#06924D|#D5D701|#F24574|#F67405,37.8398,36.4687,35.8644,35.1745,34.2109,132.6400,35.8216
565,Lime Green|Red|White|Magenta,#D5D701|#E72F1D|#EBF7FF|#F24574,38.7661,36.8271,35.9715,34.8317,33.0153,105.3540,35.8294
566,Azure Blue|Brown|Red|Orange,#0066D9|#55331A|#E72F1D|#F67405,38.0680,36.5748,35.9203,35.1009,33.8834,87.6060,35.8379
567,Purple|Olive Green|Lime Green|Magenta,#6C47B2|#948902|#D5D701|#F24574,40.4744,37.0375,35.8865,34.6383,32.9205,80.9657,35.8379
568,Cold White|Magenta|Orange|Yellow,#D9DFE5|#F24574|#F67405|#FFE800,38.1876,36.7369,35.9664,34.9445,33.3597,116.9460,35.8407
569,Lime Green|Red|White|Orange,#D5D701|#E72F1D|#EBF7FF|#F67405,37.9960,36.7671,36.0372,34.9430,33.1132,119.0316,35.8550
570,Blue|Brown|Lime Green|Magenta,#003776|#55331A|#D5D701|#F24574,40.3524,36.9966,35.8950,34.7281,33.1410,77.2869,35.8623
571,Dark Olive Drab|White|Orange|Yellow,#575B54|#EBF7FF|#F67405|#FFE800,38.8487,36.9690,36.0750,34.8662,33.0908,127.9457,35.9176
572,Lime Green|Cold White|Red|White,#D5D701|#D9DFE5|#E72F1D|#EBF7FF,38.7931,36.8964,36.0934,35.0599,33.4153,104.1189,35.9782
573,Polymaker Teal|Dark Olive Drab|Orange|Yellow,#4CC0C7|#575B54|#F67405|#FFE800,38.9751,36.9379,36.0831,35.0204,33.4544,134.6650,35.9791
574,Green|Grey|Lime Green|Orange,#06924D|#8C9099|#D5D701|#F67405,38.1560,36.7821,36.0628,35.1822,33.8467,129.9736,35.9821
575,Black|Pink|Orange|Yellow,#080A0D|#F1A1AF|#F67405|#FFE800,39.8123,36.9669,36.0723,35.0247,33.7914,134.4396,35.9958
576,Black|Dark Olive Drab|Lime Green|Red,#080A0D|#575B54|#D5D701|#E72F1D,40.4133,36.8944,36.0597,35.1060,33.8941,129.9332,36.0002
577,Polymaker Teal|Pink|Orange|Yellow,#4CC0C7|#F1A1AF|#F67405|#FFE800,38.1724,36.8304,36.1396,35.1724,33.5642,119.6948,36.0014
578,Blue|Green|Olive Green|Red,#003776|#06924D|#948902|#E72F1D,40.3843,36.7930,35.7871,35.2445,34.8692,90.5922,36.0187
579,Polymaker Teal|Olive Green|Orange|Yellow,#4CC0C7|#948902|#F67405|#FFE800,38.7682,37.0311,36.1648,35.0190,33.2293,125.7784,36.0250
580,Blue|Green|Magenta|Orange,#003776|#06924D|#F24574|#F67405,38.0691,36.4944,35.9871,35.6126,35.0928,95.9756,36.0535
581,Black|Lime Green|Cold White|Red,#080A0D|#D5D701|#D9DFE5|#E72F1D,40.5274,37.0072,36.1370,35.1322,33.8924,130.3242,36.0697
582,Azure Blue|Lime Green|Cold White|Magenta,#0066D9|#D5D701|#D9DFE5|#F24574,39.0635,37.0510,36.2001,35.1289,33.4483,67.5224,36.0900
583,Purple|Red|Pink|Orange,#6C47B2|#E72F1D|#F1A1AF|#F67405,37.8111,36.6427,36.1368,35.5384,34.6876,99.6204,36.0906
584,Purple|Lime Green|White|Magenta,#6C47B2|#D5D701|#EBF7FF|#F24574,39.9755,37.0921,36.1554,35.1105,33.5914,79.3340,36.1013
585,Azure Blue|Lime Green|Pink|Magenta,#0066D9|#D5D701|#F1A1AF|#F24574,39.0813,37.0769,36.2280,35.1612,33.4845,67.5396,36.1190
586,Green|Olive Green|Lime Green|Red,#06924D|#948902|#D5D701|#E72F1D,39.1243,36.8601,36.1221,35.4741,34.6991,132.1918,36.1671
587,Green|Lime Green|Cold White|Orange,#06924D|#D5D701|#D9DFE5|#F67405,38.3100,37.0323,36.2971,35.3500,33.9334,125.4510,36.1911
588,Pink|Magenta|Orange|Yellow,#F1A1AF|#F24574|#F67405|#FFE800,38.4085,37.1196,36.3697,35.2736,33.6178,122.9444,36.1966
589,Black|Tan|Lime Green|Red,#080A0D|#A79E82|#D5D701|#E72F1D,40.4244,37.1323,36.2842,35.2781,33.9693,130.3755,36.2052
590,Grey|White|Orange|Yellow,#8C9099|#EBF7FF|#F67405|#FFE800,38.5928,37.1913,36.3854,35.2279,33.3944,122.4578,36.2096
591,Blue|Azure Blue|Red|Orange,#003776|#0066D9|#E72F1D|#F67405,38.3153,36.9526,36.3033,35.4824,34.2521,91.3951,36.2175
592,Black|Lime Green|Red|Orange,#080A0D|#D5D701|#E72F1D|#F67405,39.4747,36.9889,36.3296,35.4573,34.2887,138.3315,36.2231
593,Blue|Polymaker Teal|Lime Green|Magenta,#003776|#4CC0C7|#D5D701|#F24574,40.0275,37.1496,36.2575,35.3241,33.9280,76.6097,36.2368
594,Polymaker Teal|Grey|Orange|Yellow,#4CC0C7|#8C9099|#F67405|#FFE800,38.7849,37.2285,36.3910,35.2934,33.5545,127.4602,36.2609
595,Black|Olive Green|Lime Green|Red,#080A0D|#948902|#D5D701|#E72F1D,40.5552,37.1381,36.3330,35.3943,34.1940,130.3814,36.2662
596,Black|Brown|Lime Green|Red,#080A0D|#55331A|#D5D701|#E72F1D,40.5911,37.1418,36.3336,35.3914,34.1921,130.3814,36.2666
597,Blue|Black|Lime Green|Magenta,#003776|#080A0D|#D5D701|#F24574,41.9304,37.5721,36.3143,35.0530,33.4762,89.0253,36.3125
598,Brown|White|Orange|Yellow,#55331A|#EBF7FF|#F67405|#FFE800,39.7698,37.4962,36.4685,35.1295,33.3223,134.4219,36.3129
599,Black|White|Orange|Yellow,#080A0D|#EBF7FF|#F67405|#FFE800,40.1870,37.4795,36.4676,35.1714,33.5563,138.0516,36.3255
600,Purple|Red|Magenta|Orange,#6C47B2|#E72F1D|#F24574|#F67405,38.1959,36.9511,36.3934,35.7428,34.8348,103.5502,36.3469
601,Green|Polymaker Teal|Lime Green|Orange,#06924D|#4CC0C7|#D5D701|#F67405,38.6746,37.2080,36.4350,35.4894,34.0686,126.2106,36.3487
602,Azure Blue|Lime Green|White|Magenta,#0066D9|#D5D701|#EBF7FF|#F24574,39.2522,37.3120,36.4910,35.4472,33.8099,67.8160,36.3796
603,Green|Lime Green|Red|Orange,#06924D|#D5D701|#E72F1D|#F67405,38.4101,36.9732,36.4058,35.8405,35.0567,142.2004,36.4068
604,White|Magenta|Orange|Yellow,#EBF7FF|#F24574|#F67405|#FFE800,38.6190,37.4086,36.7022,35.6586,33.9722,117.9073,36.5336
605,Dark Olive Drab|Lime Green|Orange|Yellow,#575B54|#D5D701|#F67405|#FFE800,39.8246,37.5240,36.6306,35.5560,34.1084,140.2338,36.5400
606,Brown|Lime Green|Magenta|Orange,#55331A|#D5D701|#F24574|#F67405,40.0294,37.5812,36.6740,35.5252,33.9601,128.6385,36.5532
607,Polymaker Teal|Lime Green|Orange|Yellow,#4CC0C7|#D5D701|#F67405|#FFE800,39.0442,37.5209,36.7015,35.5956,33.8319,125.7713,36.5582
608,Green|Dark Olive Drab|Magenta|Yellow,#06924D|#575B54|#F24574|#FFE800,39.7639,37.3317,36.5464,35.8012,34.8257,110.7699,36.5665
609,Blue|Dark Grey|Lime Green|Magenta,#003776|#485259|#D5D701|#F24574,41.0874,37.7644,36.6218,35.4184,33.7779,87.0076,36.5914
610,Dark Olive Drab|Tan|Orange|Yellow,#575B54|#A79E82|#F67405|#FFE800,39.6591,37.6145,36.7480,35.6163,34.0458,139.1116,36.6154
611,Blue|Lime Green|Pink|Magenta,#003776|#D5D701|#F1A1AF|#F24574,41.1862,37.8293,36.6758,35.4773,33.8461,86.1641,36.6533
612,Polymaker Teal|Tan|Orange|Yellow,#4CC0C7|#A79E82|#F67405|#FFE800,39.1724,37.6296,36.8016,35.7035,33.9342,126.2426,36.6665
613,Blue|Olive Green|Lime Green|Magenta,#003776|#948902|#D5D701|#F24574,41.2213,37.8576,36.7012,35.4976,33.8664,87.0021,36.6776
614,Polymaker Teal|Brown|Orange|Yellow,#4CC0C7|#55331A|#F67405|#FFE800,40.0981,37.8820,36.8112,35.4787,33.7580,141.2270,36.6803
615,Dark Grey|Lime Green|Pink|Orange,#485259|#D5D701|#F1A1AF|#F67405,39.8989,37.7460,36.8298,35.6281,33.8588,126.3841,36.6871
616,Blue|Lime Green|Cold White|Magenta,#003776|#D5D701|#D9DFE5|#F24574,41.2333,37.8820,36.7366,35.5421,33.9107,87.0891,36.7121
617,Brown|Dark Olive Drab|Orange|Yellow,#55331A|#575B54|#F67405|#FFE800,39.9892,37.6877,36.8186,35.7460,34.2844,140.4381,36.7169
618,Blue|Grey|Lime Green|Magenta,#003776|#8C9099|#D5D701|#F24574,41.2314,37.8899,36.7523,35.5635,33.9305,87.0268,36.7267
619,Blue|Tan|Lime Green|Magenta,#003776|#A79E82|#D5D701|#F24574,41.2445,37.9205,36.7812,35.5891,33.9501,87.0571,36.7548
620,Olive Green|Cold White|Orange|Yellow,#948902|#D9DFE5|#F67405|#FFE800,39.4733,37.8829,36.9507,35.6412,33.6529,125.3106,36.7620
621,Olive Green|Red|Magenta|Yellow,#948902|#E72F1D|#F24574|#FFE800,39.8167,37.7009,36.8502,35.8738,34.6661,142.5547,36.7873
622,Blue|Dark Olive Drab|Lime Green|Magenta,#003776|#575B54|#D5D701|#F24574,41.3739,37.9769,36.8243,35.6338,34.0026,88.1392,36.8053
623,Polymaker Teal|Cold White|Orange|Yellow,#4CC0C7|#D9DFE5|#F67405|#FFE800,39.3166,37.7921,36.9572,35.8360,34.0607,126.0955,36.8141
624,Brown|Pink|Orange|Yellow,#55331A|#F1A1AF|#F67405|#FFE800,40.0007,37.8765,36.9746,35.8326,34.3725,134.5884,36.8546
625,Azure Blue|Purple|Red|Orange,#0066D9|#6C47B2|#E72F1D|#F67405,38.5818,37.4618,36.9403,36.2627,35.2212,100.7759,36.8622
626,Polymaker Teal|White|Orange|Yellow,#4CC0C7|#EBF7FF|#F67405|#FFE800,39.0738,37.7710,37.0642,36.0611,34.3879,120.2296,36.9160
627,Dark Olive Drab|Olive Green|Orange|Yellow,#575B54|#948902|#F67405|#FFE800,40.2791,37.9701,37.0417,35.9151,34.4147,140.9628,36.9426
628,Olive Green|Pink|Orange|Yellow,#948902|#F1A1AF|#F67405|#FFE800,38.9552,37.8534,37.1347,36.0537,34.4807,128.6261,36.9536
629,Dark Olive Drab|Cold White|Orange|Yellow,#575B54|#D9DFE5|#F67405|#FFE800,40.2946,37.9848,37.0586,35.9267,34.4039,140.9628,36.9558
630,Olive Green|Tan|Lime Green|Red,#948902|#A79E82|#D5D701|#E72F1D,40.3197,38.0824,37.1029,35.8584,34.0181,133.3142,36.9704
631,Brown|Tan|Lime Green|Red,#55331A|#A79E82|#D5D701|#E72F1D,40.8892,38.1588,37.1639,35.9702,34.3630,131.4152,37.0645
632,Lime Green|Red|Magenta|Yellow,#D5D701|#E72F1D|#F24574|#FFE800,39.9774,38.0707,37.2388,36.1699,34.6998,135.9817,37.1203
633,Dark Grey|Tan|Lime Green|Orange,#485259|#A79E82|#D5D701|#F67405,40.5333,38.2436,37.2830,36.0487,34.2594,132.7974,37.1462
634,Azure Blue|Tan|Magenta|Orange,#0066D9|#A79E82|#F24574|#F67405,38.7299,37.7852,37.2611,36.5205,35.4009,68.2526,37.1529
635,Green|Polymaker Teal|Magenta|Yellow,#06924D|#4CC0C7|#F24574|#FFE800,39.8424,38.0001,37.2410,36.3561,35.0468,108.1210,37.1781
636,Blue|Lime Green|White|Magenta,#003776|#D5D701|#EBF7FF|#F24574,41.5044,38.3741,37.2933,36.1371,34.4954,85.6079,37.2556
637,Tan|Cold White|Orange|Yellow,#A79E82|#D9DFE5|#F67405|#FFE800,39.8310,38.3359,37.4306,36.1796,34.2343,125.2891,37.2578
638,Tan|Lime Green|Red|Orange,#A79E82|#D5D701|#E72F1D|#F67405,39.6797,38.2655,37.4456,36.2525,34.3786,135.2307,37.2590
639,Green|Grey|Magenta|Yellow,#06924D|#8C9099|#F24574|#FFE800,39.7417,38.0256,37.3178,36.4961,35.2401,110.5361,37.2608
640,Azure Blue|Green|Brown|Yellow,#0066D9|#06924D|#55331A|#FFE800,42.3853,38.3105,37.2502,36.2232,34.8958,87.9546,37.2669
641,Blue|Green|Dark Grey|Orange,#003776|#06924D|#485259|#F67405,39.6476,37.9271,37.2957,36.6843,35.7025,96.4149,37.3057
642,Blue|Olive Green|Magenta|Orange,#003776|#948902|#F24574|#F67405,40.3052,38.1947,37.3561,36.4373,35.2343,95.0087,37.3160
643,Blue|Green|Dark Olive Drab|Orange,#003776|#06924D|#575B54|#F67405,39.6652,37.9432,37.3058,36.6898,35.7073,96.4390,37.3165
644,Blue|Green|Polymaker Teal|Orange,#003776|#06924D|#4CC0C7|#F67405,39.6688,37.9400,37.3059,36.6959,35.7122,96.2902,37.3179
645,Blue|Green|Black|Orange,#003776|#06924D|#080A0D|#F67405,39.8335,37.9401,37.3028,36.7005,35.7341,96.4855,37.3203
646,Green|Brown|Orange|Yellow,#06924D|#55331A|#F67405|#FFE800,39.1162,37.8457,37.3591,36.7968,36.0380,147.3093,37.3212
647,Lime Green|Red|Magenta|Orange,#D5D701|#E72F1D|#F24574|#F67405,39.6709,38.3810,37.5573,36.2663,34.2632,131.7240,37.3236
648,Blue|Green|Brown|Orange,#003776|#06924D|#55331A|#F67405,39.7650,37.9573,37.3143,36.6982,35.7179,96.4855,37.3278
649,Blue|Green|Grey|Orange,#003776|#06924D|#8C9099|#F67405,39.6782,37.9528,37.3165,36.7027,35.7190,96.4073,37.3278
650,Blue|Green|Tan|Orange,#003776|#06924D|#A79E82|#F67405,39.6809,37.9586,37.3231,36.7101,35.7262,96.4900,37.3344
651,Blue|Green|Cold White|Orange,#003776|#06924D|#D9DFE5|#F67405,39.6809,37.9586,37.3231,36.7101,35.7262,96.4900,37.3344
652,Blue|Green|White|Orange,#003776|#06924D|#EBF7FF|#F67405,39.6834,37.9603,37.3242,36.7108,35.7270,96.4881,37.3356
653,Dark Grey|Lime Green|White|Orange,#485259|#D5D701|#EBF7FF|#F67405,40.5391,38.4422,37.4953,36.2391,34.3459,129.7411,37.3407
654,Dark Grey|Polymaker Teal|Lime Green|Orange,#485259|#4CC0C7|#D5D701|#F67405,40.3606,38.2862,37.4507,36.3967,34.7177,132.7061,37.3415
655,Tan|Lime Green|Magenta|Orange,#A79E82|#D5D701|#F24574|#F67405,39.6955,38.3607,37.5632,36.3556,34.4452,126.3637,37.3581
656,Lime Green|Pink|Magenta|Orange,#D5D701|#F1A1AF|#F24574|#F67405,39.7392,38.4841,37.6626,36.3569,34.2522,122.2208,37.4205
657,Tan|Pink|Orange|Yellow,#A79E82|#F1A1AF|#F67405|#FFE800,39.5315,38.3568,37.6172,36.4954,34.7812,130.0049,37.4261
658,Green|Dark Olive Drab|Lime Green|Orange,#06924D|#575B54|#D5D701|#F67405,40.0984,38.1833,37.4593,36.6743,35.5817,140.9108,37.4288
659,Dark Grey|Dark Olive Drab|Lime Green|Orange,#485259|#575B54|#D5D701|#F67405,40.9863,38.5322,37.5406,36.3311,34.5993,135.4885,37.4317
660,Black|Dark Grey|Orange|Yellow,#080A0D|#485259|#F67405|#FFE800,40.7539,38.3650,37.5579,36.5440,35.2924,141.9628,37.4545
661,Dark Olive Drab|Lime Green|Pink|Orange,#575B54|#D5D701|#F1A1AF|#F67405,40.7620,38.5577,37.6139,36.3710,34.5443,128.0865,37.4644
662,Green|Lime Green|White|Orange,#06924D|#D5D701|#EBF7FF|#F67405,39.4998,38.2176,37.5605,36.7348,35.5127,131.3029,37.4762
663,Lime Green|Cold White|Magenta|Orange,#D5D701|#D9DFE5|#F24574|#F67405,39.8303,38.4463,37.6436,36.5170,34.6762,116.8986,37.4817
664,Grey|Lime Green|Pink|Orange,#8C9099|#D5D701|#F1A1AF|#F67405,40.1841,38.6465,37.7953,36.5503,34.5464,121.8375,37.5984
665,Azure Blue|Green|Black|Red,#0066D9|#06924D|#080A0D|#E72F1D,41.2251,38.1784,37.4412,37.0605,36.8693,85.6315,37.6195
666,Azure Blue|Red|Pink|Orange,#0066D9|#E72F1D|#F1A1AF|#F67405,39.2713,38.2522,37.7164,36.9925,35.8706,99.5170,37.6223
667,Blue|Green|Pink|Orange,#003776|#06924D|#F1A1AF|#F67405,39.8863,38.2524,37.6624,37.0966,36.1603,96.4979,37.6745
668,Green|Lime Green|Pink|Orange,#06924D|#D5D701|#F1A1AF|#F67405,39.5807,38.3611,37.7550,36.9893,35.8641,134.6828,37.6752
669,Black|White|Magenta|Yellow,#080A0D|#EBF7FF|#F24574|#FFE800,43.4718,38.7757,37.7093,36.5795,35.0386,100.3683,37.6776
670,Dark Olive Drab|Grey|Lime Green|Orange,#575B54|#8C9099|#D5D701|#F67405,41.2142,38.8895,37.8288,36.4707,34.5704,134.6795,37.6801
671,Grey|Tan|Lime Green|Orange,#8C9099|#A79E82|#D5D701|#F67405,40.5208,38.8238,37.8724,36.5430,34.4668,127.3387,37.6834
672,Dark Grey|Lime Green|Magenta|Yellow,#485259|#D5D701|#F24574|#FFE800,41.8270,38.7835,37.7341,36.5935,35.0710,104.6358,37.6885
673,Black|Grey|Orange|Yellow,#080A0D|#8C9099|#F67405|#FFE800,41.1174,38.7149,37.8715,36.7384,35.3485,141.9077,37.7266
674,Green|Black|Purple|Red,#06924D|#080A0D|#6C47B2|#E72F1D,41.2668,38.1778,37.5183,37.3246,37.4387,85.6358,37.7512
675,Green|Brown|Purple|Yellow,#06924D|#55331A|#6C47B2|#FFE800,43.5704,38.8109,37.6285,36.6916,35.6575,97.4795,37.7512
676,Azure Blue|Green|Purple|Red,#0066D9|#06924D|#6C47B2|#E72F1D,40.5815,38.2860,37.6224,37.2326,37.0368,85.7305,37.7593
677,Azure Blue|Green|Brown|Red,#0066D9|#06924D|#55331A|#E72F1D,41.0960,38.3310,37.6014,37.2178,37.0149,85.6315,37.7744
678,Dark Grey|White|Magenta|Yellow,#485259|#EBF7FF|#F24574|#FFE800,41.6780,38.8606,37.8511,36.7012,35.0225,98.5986,37.7809
679,Black|Polymaker Teal|Orange|Yellow,#080A0D|#4CC0C7|#F67405|#FFE800,40.8451,38.6951,37.9657,36.9170,35.3682,142.1804,37.8060
680,Brown|Lime Green|Red|Orange,#55331A|#D5D701|#E72F1D|#F67405,40.6282,38.6905,37.9405,36.9237,35.5153,141.9875,37.8071
681,Cold White|Pink|Orange|Yellow,#D9DFE5|#F1A1AF|#F67405|#FFE800,39.9560,38.7197,37.9912,36.9304,35.2049,118.2515,37.8250
682,Brown|Grey|Lime Green|Orange,#55331A|#8C9099|#D5D701|#F67405,41.5593,39.1251,37.9903,36.5364,34.5117,138.3791,37.8307
683,Blue|Azure Blue|Green|Red,#003776|#0066D9|#06924D|#E72F1D,40.7893,38.4382,37.7456,37.3218,37.0592,85.6463,37.8800
684,Green|White|Magenta|Yellow,#06924D|#EBF7FF|#F24574|#FFE800,40.6785,38.7165,37.9378,37.0538,35.8191,110.5693,37.8852
685,Dark Grey|Pink|Magenta|Yellow,#485259|#F1A1AF|#F24574|#FFE800,41.9280,38.9722,37.9436,36.7981,35.2070,104.0595,37.8852
686,Dark Grey|Olive Green|Magenta|Yellow,#485259|#948902|#F24574|#FFE800,41.9514,38.9807,37.9521,36.8134,35.2319,104.6360,37.8971
687,Green|Brown|Purple|Red,#06924D|#55331A|#6C47B2|#E72F1D,41.2155,38.3388,37.6764,37.4595,37.5401,85.6358,37.8991
688,Green|Tan|Orange|Yellow,#06924D|#A79E82|#F67405|#FFE800,39.7947,38.5627,37.9531,37.2367,36.2749,145.8066,37.8997
689,Dark Grey|Brown|Lime Green|Orange,#485259|#55331A|#D5D701|#F67405,41.4864,39.0280,38.0356,36.7908,35.0080,136.6215,37.9094
690,Dark Grey|Cold White|Magenta|Yellow,#485259|#D9DFE5|#F24574|#FFE800,41.9919,39.0345,38.0030,36.8558,35.2677,104.6367,37.9451
691,Green|Brown|Magenta|Yellow,#06924D|#55331A|#F24574|#FFE800,41.5769,38.7691,37.9292,37.1410,36.1759,115.8485,37.9551
692,Dark Grey|Grey|Magenta|Yellow,#485259|#8C9099|#F24574|#FFE800,42.0021,39.0484,38.0188,36.8693,35.2779,104.6367,37.9589
693,Purple|Tan|Magenta|Orange,#6C47B2|#A79E82|#F24574|#F67405,39.3431,38.4350,38.0213,37.4856,36.7351,69.7731,37.9603
694,Brown|Olive Green|Lime Green|Red,#55331A|#948902|#D5D701|#E72F1D,41.7606,38.9786,38.0719,36.9790,35.5218,135.0547,37.9788
695,Black|Lime Green|Pink|Orange,#080A0D|#D5D701|#F1A1AF|#F67405,42.1509,39.0609,38.0831,36.8983,35.3770,134.3742,37.9796
696,Dark Grey|Olive Green|Lime Green|Orange,#485259|#948902|#D5D701|#F67405,41.5843,39.1305,38.1182,36.8625,35.0779,136.6215,37.9965
697,Polymaker Teal|Purple|Magenta|Orange,#4CC0C7|#6C47B2|#F24574|#F67405,39.2499,38.3873,38.0502,37.6374,36.9593,70.1206,38.0124
698,Azure Blue|Red|Magenta|Orange,#0066D9|#E72F1D|#F24574|#F67405,39.6836,38.6536,38.1147,37.3890,36.2665,99.6778,38.0213
699,Dark Grey|Lime Green|Cold White|Orange,#485259|#D5D701|#D9DFE5|#F67405,41.6065,39.1567,38.1449,36.8891,35.1017,136.6215,38.0229
700,Dark Grey|Grey|Lime Green|Orange,#485259|#8C9099|#D5D701|#F67405,41.6065,39.1638,38.1563,36.9034,35.1119,136.6215,38.0336
701,Azure Blue|Green|Dark Grey|Red,#0066D9|#06924D|#485259|#E72F1D,40.9977,38.6132,37.9193,37.5039,37.2485,85.6315,38.0585
702,Dark Grey|Tan|Magenta|Yellow,#485259|#A79E82|#F24574|#FFE800,42.0244,39.1667,38.1500,36.9874,35.3629,104.6304,38.0770
703,Dark Grey|Dark Olive Drab|Magenta|Yellow,#485259|#575B54|#F24574|#FFE800,42.1577,39.1697,38.1374,36.9921,35.4029,105.1655,38.0809
704,Dark Grey|Brown|Magenta|Yellow,#485259|#55331A|#F24574|#FFE800,42.4927,39.2478,38.1579,36.9684,35.3559,104.6258,38.1081
705,Olive Green|Magenta|Orange|Yellow,#948902|#F24574|#F67405|#FFE800,40.4427,38.9736,38.2255,37.2613,36.0060,139.0296,38.1174
706,Azure Blue|Green|Dark Olive Drab|Red,#0066D9|#06924D|#575B54|#E72F1D,41.1018,38.6958,37.9915,37.5625,37.2828,85.6315,38.1292
707,Dark Grey|Polymaker Teal|Magenta|Yellow,#485259|#4CC0C7|#F24574|#FFE800,41.8582,39.1308,38.1927,37.1415,35.5718,105.0192,38.1362
708,Black|Polymaker Teal|Magenta|Yellow,#080A0D|#4CC0C7|#F24574|#FFE800,43.6022,39.1631,38.1774,37.1447,35.6897,107.0427,38.1539
709,Green|Dark Olive Drab|Purple|Red,#06924D|#575B54|#6C47B2|#E72F1D,41.0243,38.6043,37.9817,37.7196,37.7355,85.6315,38.1620
710,Dark Olive Drab|Lime Green|White|Orange,#575B54|#D5D701|#EBF7FF|#F67405,41.3225,39.3094,38.3672,37.0760,35.1012,127.9075,38.1927
711,Black|Polymaker Teal|Purple|Orange,#080A0D|#4CC0C7|#6C47B2|#F67405,40.6170,38.7591,38.2134,37.6520,36.8116,71.4421,38.2055
712,Green|Dark Grey|Purple|Red,#06924D|#485259|#6C47B2|#E72F1D,41.0241,38.6667,38.0543,37.7811,37.7721,85.6315,38.2239
713,Black|Lime Green|Magenta|Yellow,#080A0D|#D5D701|#F24574|#FFE800,44.0560,39.1901,38.2131,37.2609,36.0977,106.7972,38.2255
714,Black|Dark Grey|Magenta|Yellow,#080A0D|#485259|#F24574|#FFE800,43.8380,39.2882,38.2498,37.1996,35.8796,106.7889,38.2439
715,Blue|Green|Purple|Red,#003776|#06924D|#6C47B2|#E72F1D,40.9948,38.6743,38.0770,37.8281,37.8244,85.7255,38.2512
716,Black|Purple|Tan|Orange,#080A0D|#6C47B2|#A79E82|#F67405,40.8111,38.8774,38.2804,37.6449,36.7802,71.2315,38.2611
717,Tan|White|Orange|Yellow,#A79E82|#EBF7FF|#F67405|#FFE800,40.4700,39.2514,38.4668,37.2867,35.4356,128.7434,38.2690
718,Blue|Polymaker Teal|Olive Green|Orange,#003776|#4CC0C7|#948902|#F67405,41.5538,39.2145,38.3417,37.3484,35.7983,95.4386,38.2815
719,Dark Olive Drab|Purple|Magenta|Orange,#575B54|#6C47B2|#F24574|#F67405,39.8295,38.7579,38.3143,37.8056,37.0993,70.2251,38.2817
720,Polymaker Teal|Dark Olive Drab|Lime Green|Orange,#4CC0C7|#575B54|#D5D701|#F67405,41.4495,39.2979,38.4035,37.2907,35.5800,134.6319,38.2943
721,Olive Green|White|Orange|Yellow,#948902|#EBF7FF|#F67405|#FFE800,40.5496,39.2621,38.4947,37.3284,35.4745,126.5866,38.2952
722,Black|Dark Olive Drab|Magenta|Yellow,#080A0D|#575B54|#F24574|#FFE800,43.9581,39.3329,38.3072,37.2790,36.0012,106.8492,38.3060
723,Lime Green|Cold White|Orange|Yellow,#D5D701|#D9DFE5|#F67405|#FFE800,40.7723,39.3632,38.5007,37.2930,35.4340,125.6574,38.3281
724,Azure Blue|Polymaker Teal|Purple|Orange,#0066D9|#4CC0C7|#6C47B2|#F67405,39.8041,38.8323,38.3856,37.8345,36.9538,72.3566,38.3334
725,Black|Grey|Magenta|Yellow,#080A0D|#8C9099|#F24574|#FFE800,44.0412,39.4283,38.3754,37.2766,35.8874,106.9369,38.3525
726,Azure Blue|Purple|Tan|Orange,#0066D9|#6C47B2|#A79E82|#F67405,39.9738,38.9679,38.4413,37.7417,36.7071,71.8835,38.3548
727,Lime Green|White|Magenta|Orange,#D5D701|#EBF7FF|#F24574|#F67405,40.5177,39.3095,38.5580,37.4062,35.4694,117.8771,38.3578
728,Blue|Polymaker Teal|Olive Green|Red,#003776|#4CC0C7|#948902|#E72F1D,43.6295,39.4582,38.2128,37.2668,36.2604,90.2536,38.3625
729,Grey|Olive Green|Lime Green|Orange,#8C9099|#948902|#D5D701|#F67405,41.3598,39.5659,38.5579,37.1758,35.0413,129.8315,38.3709
730,Polymaker Teal|Lime Green|Pink|Orange,#4CC0C7|#D5D701|#F1A1AF|#F67405,40.6055,39.2148,38.5109,37.5349,35.8622,119.7119,38.3749
731,Azure Blue|Green|Polymaker Teal|Red,#0066D9|#06924D|#4CC0C7|#E72F1D,41.2113,38.9393,38.2552,37.8151,37.5090,85.6317,38.3772
732,Black|Tan|Magenta|Yellow,#080A0D|#A79E82|#F24574|#FFE800,44.0021,39.4337,38.4032,37.3297,35.9701,107.1599,38.3817
733,Polymaker Teal|Brown|Purple|Orange,#4CC0C7|#55331A|#6C47B2|#F67405,40.7009,38.9637,38.3930,37.8020,36.9229,71.4225,38.3829
734,Azure Blue|Green|Cold White|Red,#0066D9|#06924D|#D9DFE5|#E72F1D,41.2095,38.9458,38.2651,37.8258,37.5181,85.6317,38.3858
735,Azure Blue|Green|Red|Pink,#0066D9|#06924D|#E72F1D|#F1A1AF,41.2095,38.9458,38.2651,37.8258,37.5181,85.6317,38.3858
736,Azure Blue|Green|Grey|Red,#0066D9|#06924D|#8C9099|#E72F1D,41.2098,38.9461,38.2655,37.8262,37.5185,85.6317,38.3861
737,Black|Lime Green|Orange|Yellow,#080A0D|#D5D701|#F67405|#FFE800,41.5031,39.0804,38.4802,37.6994,36.7054,142.8819,38.3899
738,Azure Blue|Green|Tan|Red,#0066D9|#06924D|#A79E82|#E72F1D,41.2123,38.9534,38.2737,37.8348,37.5275,85.6423,38.3941
739,Lime Green|Magenta|Orange|Yellow,#D5D701|#F24574|#F67405|#FFE800,40.5601,39.2908,38.5560,37.5034,36.0089,131.1123,38.3971
740,Blue|Polymaker Teal|Purple|Orange,#003776|#4CC0C7|#6C47B2|#F67405,39.8744,38.8917,38.4457,37.9212,37.0772,71.5461,38.4065
741,Grey|Lime Green|White|Orange,#8C9099|#D5D701|#EBF7FF|#F67405,40.9667,39.4682,38.6045,37.3489,35.3116,122.4578,38.4086
742,Green|Polymaker Teal|Purple|Red,#06924D|#4CC0C7|#6C47B2|#E72F1D,41.1417,38.8484,38.2556,37.9864,37.9518,85.7259,38.4174
743,Black|Dark Olive Drab|Orange|Yellow,#080A0D|#575B54|#F67405|#FFE800,41.3997,39.1999,38.5311,37.6417,36.4852,142.8644,38.4208
744,Green|Purple|Red|Magenta,#06924D|#6C47B2|#E72F1D|#F24574,41.1349,38.8668,38.2697,37.9754,37.9229,85.6446,38.4211
745,Dark Olive Drab|Purple|Tan|Orange,#575B54|#6C47B2|#A79E82|#F67405,40.0971,38.9878,38.4662,37.8553,36.9977,71.1778,38.4216
746,Green|Purple|Cold White|Red,#06924D|#6C47B2|#D9DFE5|#E72F1D,41.1157,38.8496,38.2665,38.0001,37.9636,85.7297,38.4248
747,Green|Purple|Red|Pink,#06924D|#6C47B2|#E72F1D|#F1A1AF,41.1161,38.8498,38.2664,38.0000,37.9636,85.7297,38.4249
748,Green|Purple|Grey|Red,#06924D|#6C47B2|#8C9099|#E72F1D,41.1141,38.8492,38.2664,38.0008,37.9648,85.7291,38.4250
749,Brown|Purple|Tan|Orange,#55331A|#6C47B2|#A79E82|#F67405,40.7620,39.0729,38.4595,37.7795,36.8474,71.1455,38.4262
750,Polymaker Teal|Purple|Cold White|Orange,#4CC0C7|#6C47B2|#D9DFE5|#F67405,39.8752,38.9167,38.4746,37.9526,37.1140,71.5494,38.4346
751,Black|Pink|Magenta|Yellow,#080A0D|#F1A1AF|#F24574|#FFE800,44.1913,39.4569,38.4484,37.4136,36.1088,106.0284,38.4352
752,Green|Purple|Tan|Red,#06924D|#6C47B2|#A79E82|#E72F1D,41.1323,38.8693,38.2780,38.0016,37.9643,85.7392,38.4355
753,Green|Purple|Red|White,#06924D|#6C47B2|#E72F1D|#EBF7FF,41.1268,38.8600,38.2771,38.0110,37.9706,85.7298,38.4355
754,Black|Lime Green|White|Orange,#080A0D|#D5D701|#EBF7FF|#F67405,42.5665,39.6848,38.6132,37.2287,35.4068,138.0479,38.4568
755,Polymaker Teal|Purple|Tan|Orange,#4CC0C7|#6C47B2|#A79E82|#F67405,39.8975,38.9446,38.4998,37.9698,37.1269,71.4451,38.4572
756,Polymaker Teal|Dark Olive Drab|Purple|Orange,#4CC0C7|#575B54|#6C47B2|#F67405,40.1262,38.9957,38.4998,37.9328,37.0696,71.4411,38.4642
757,Black|Olive Green|Magenta|Yellow,#080A0D|#948902|#F24574|#FFE800,44.0965,39.4414,38.4730,37.4922,36.2661,106.7870,38.4668
758,Polymaker Teal|Purple|Grey|Orange,#4CC0C7|#6C47B2|#8C9099|#F67405,39.9075,38.9576,38.5158,37.9926,37.1540,71.5494,38.4751
759,Blue|Olive Green|Red|White,#003776|#948902|#E72F1D|#EBF7FF,43.7634,39.6121,38.3509,37.3402,36.2649,90.2619,38.4762
760,Dark Grey|Polymaker Teal|Purple|Orange,#485259|#4CC0C7|#6C47B2|#F67405,40.0880,38.9940,38.5163,37.9658,37.1101,71.5280,38.4799
761,Black|Cold White|Magenta|Yellow,#080A0D|#D9DFE5|#F24574|#FFE800,44.2361,39.4578,38.4798,37.5021,36.2734,106.7898,38.4800
762,Blue|Olive Green|White|Orange,#003776|#948902|#EBF7FF|#F67405,41.8528,39.5014,38.5585,37.4610,35.8397,95.6045,38.4812
763,Dark Grey|Purple|Tan|Orange,#485259|#6C47B2|#A79E82|#F67405,40.2027,39.0577,38.5324,37.9204,37.0604,71.1746,38.4891
764,Brown|Lime Green|White|Orange,#55331A|#D5D701|#EBF7FF|#F67405,42.1636,39.7696,38.6705,37.2215,35.1791,134.4725,38.4955
765,Polymaker Teal|Olive Green|Lime Green|Orange,#4CC0C7|#948902|#D5D701|#F67405,41.4346,39.5866,38.6452,37.4050,35.4437,125.7564,38.4958
766,Black|Tan|Orange|Yellow,#080A0D|#A79E82|#F67405|#FFE800,41.4590,39.3234,38.6470,37.6945,36.4114,142.8794,38.5089
767,Blue|Dark Olive Drab|Olive Green|Orange,#003776|#575B54|#948902|#F67405,41.8274,39.5493,38.6061,37.4857,35.8395,95.4470,38.5175
768,Blue|Purple|Tan|Orange,#003776|#6C47B2|#A79E82|#F67405,40.2362,39.0985,38.5738,37.9461,37.0523,71.6439,38.5223
769,Blue|Dark Grey|Olive Green|Orange,#003776|#485259|#948902|#F67405,41.8325,39.5683,38.6169,37.4778,35.8180,95.4237,38.5230
770,Azure Blue|Green|Red|Magenta,#0066D9|#06924D|#E72F1D|#F24574,41.3582,39.0964,38.4075,37.9527,37.6323,85.6582,38.5246
771,Blue|Olive Green|Cold White|Orange,#003776|#948902|#D9DFE5|#F67405,41.9478,39.6319,38.6271,37.4399,35.7624,95.4896,38.5359
772,Blue|Olive Green|Tan|Red,#003776|#948902|#A79E82|#E72F1D,43.7741,39.6721,38.4113,37.4059,36.3519,90.1611,38.5390
773,Blue|Olive Green|Tan|Orange,#003776|#948902|#A79E82|#F67405,41.8842,39.5932,38.6326,37.4882,35.8363,95.6530,38.5407
774,Blue|Grey|Olive Green|Orange,#003776|#8C9099|#948902|#F67405,41.9008,39.6258,38.6482,37.4730,35.7957,95.5653,38.5494
775,Green|Black|Lime Green|Orange,#06924D|#080A0D|#D5D701|#F67405,40.5163,39.0323,38.5959,38.0719,37.3195,142.8494,38.5521
776,Polymaker Teal|Purple|Pink|Orange,#4CC0C7|#6C47B2|#F1A1AF|#F67405,39.9794,39.0329,38.6009,38.0888,37.2647,71.6021,38.5608
777,Polymaker Teal|Purple|White|Orange,#4CC0C7|#6C47B2|#EBF7FF|#F67405,39.9887,39.0478,38.6101,38.0926,37.2474,71.7629,38.5702
778,Black|Dark Olive Drab|Purple|Orange,#080A0D|#575B54|#6C47B2|#F67405,40.5917,39.1418,38.6139,38.0108,37.1454,71.6308,38.5763
779,Purple|Tan|Pink|Orange,#6C47B2|#A79E82|#F1A1AF|#F67405,40.0899,39.1375,38.6447,38.0168,37.1197,71.2576,38.5772
780,Green|Lime Green|Orange|Yellow,#06924D|#D5D701|#F67405|#FFE800,40.3771,39.1614,38.6285,38.0117,37.1631,147.4803,38.5865
781,Black|Cold White|Orange|Yellow,#080A0D|#D9DFE5|#F67405|#FFE800,41.6807,39.3184,38.6988,37.8687,36.7944,142.8438,38.5935
782,Blue|Brown|Olive Green|Orange,#003776|#55331A|#948902|#F67405,41.9160,39.6610,38.6946,37.5315,35.8590,95.6169,38.5962
783,Black|Brown|Magenta|Yellow,#080A0D|#55331A|#F24574|#FFE800,44.3608,39.6033,38.6001,37.6027,36.3651,106.7850,38.6030
784,Purple|Grey|Tan|Orange,#6C47B2|#8C9099|#A79E82|#F67405,40.1545,39.1719,38.6698,38.0466,37.1485,71.2505,38.6093
785,Green|Olive Green|Orange|Yellow,#06924D|#948902|#F67405|#FFE800,40.4079,39.2009,38.6699,38.0484,37.1825,147.3814,38.6247
786,Blue|Olive Green|Cold White|Red,#003776|#948902|#D9DFE5|#E72F1D,44.0090,39.8799,38.5053,37.3711,36.2215,90.0988,38.6255
787,Blue|Dark Grey|Olive Green|Red,#003776|#485259|#948902|#E72F1D,43.9100,39.8185,38.5086,37.4333,36.3152,90.3320,38.6259
788,Azure Blue|White|Magenta|Orange,#0066D9|#EBF7FF|#F24574|#F67405,40.1159,39.1897,38.7174,38.0860,37.0848,81.1470,38.6378
789,Blue|Olive Green|Red|Magenta,#003776|#948902|#E72F1D|#F24574,43.9145,39.8687,38.5281,37.4115,36.2925,90.5095,38.6401
790,Blue|Black|Olive Green|Orange,#003776|#080A0D|#948902|#F67405,42.0913,39.6756,38.7513,37.6069,35.9169,95.5149,38.6412
791,Blue|Grey|Olive Green|Red,#003776|#8C9099|#948902|#E72F1D,43.9537,39.8701,38.5297,37.4228,36.2968,90.3977,38.6465
792,Blue|Dark Olive Drab|Olive Green|Red,#003776|#575B54|#948902|#E72F1D,43.9636,39.8454,38.5297,37.4511,36.3367,90.2972,38.6483
793,Black|Olive Green|Orange|Yellow,#080A0D|#948902|#F67405|#FFE800,41.5497,39.3475,38.7597,37.9523,36.9004,142.8818,38.6499
794,Black|Brown|Orange|Yellow,#080A0D|#55331A|#F67405|#FFE800,41.7007,39.3607,38.7595,37.9511,36.8937,142.8818,38.6559
795,Dark Olive Drab|White|Magenta|Yellow,#575B54|#EBF7FF|#F24574|#FFE800,42.6378,39.7810,38.7528,37.5470,35.7796,101.5198,38.6640
796,Polymaker Teal|Grey|Lime Green|Orange,#4CC0C7|#8C9099|#D5D701|#F67405,41.4358,39.7608,38.8416,37.6230,35.6829,127.4472,38.6919
797,Blue|Brown|Olive Green|Red,#003776|#55331A|#948902|#E72F1D,43.9825,39.9225,38.5823,37.4656,36.3287,90.5072,38.6941
798,Cold White|White|Orange|Yellow,#D9DFE5|#EBF7FF|#F67405|#FFE800,40.7496,39.5721,38.8580,37.8173,36.1181,118.0376,38.6947
799,Brown|Dark Olive Drab|Purple|Orange,#55331A|#575B54|#6C47B2|#F67405,40.8300,39.3064,38.7434,38.1171,37.2312,71.6280,38.7118
800,Blue|Olive Green|Red|Pink,#003776|#948902|#E72F1D|#F1A1AF,43.9841,39.9236,38.5963,37.5043,36.3691,90.4088,38.7139
801,Dark Grey|Purple|Magenta|Orange,#485259|#6C47B2|#F24574|#F67405,40.3592,39.2572,38.7892,38.2414,37.4672,73.8368,38.7493
802,Blue|Black|Olive Green|Red,#003776|#080A0D|#948902|#E72F1D,44.1782,39.9553,38.6454,37.5553,36.4270,90.4964,38.7553
803,Blue|Polymaker Teal|Red|Orange,#003776|#4CC0C7|#E72F1D|#F67405,40.6051,39.3692,38.8199,38.1502,36.9886,96.1566,38.7597
804,Purple|Tan|White|Orange,#6C47B2|#A79E82|#EBF7FF|#F67405,40.2941,39.3233,38.8231,38.2003,37.2776,71.5064,38.7618
805,Grey|Lime Green|Cold White|Orange,#8C9099|#D5D701|#D9DFE5|#F67405,41.7376,39.9714,38.9658,37.5707,35.3920,129.9175,38.7710
806,Dark Olive Drab|Tan|Lime Green|Orange,#575B54|#A79E82|#D5D701|#F67405,42.1557,39.8726,38.9207,37.6716,35.8488,139.1087,38.7721
807,Blue|Dark Olive Drab|Purple|Orange,#003776|#575B54|#6C47B2|#F67405,40.3343,39.3266,38.8323,38.2259,37.3514,71.6308,38.7762
808,Dark Olive Drab|Lime Green|Magenta|Yellow,#575B54|#D5D701|#F24574|#FFE800,43.0015,39.8847,38.8288,37.6819,36.1312,110.1443,38.7833
809,Brown|Lime Green|Pink|Orange,#55331A|#D5D701|#F1A1AF|#F67405,42.3278,39.9741,38.9577,37.6081,35.7423,134.5883,38.7911
810,Purple|Tan|Cold White|Orange,#6C47B2|#A79E82|#D9DFE5|#F67405,40.3154,39.3612,38.8669,38.2455,37.3207,72.7041,38.8034
811,Dark Grey|Dark Olive Drab|Purple|Orange,#485259|#575B54|#6C47B2|#F67405,40.3778,39.3593,38.8623,38.2571,37.3865,71.6427,38.8082
812,Dark Olive Drab|Purple|Grey|Orange,#575B54|#6C47B2|#8C9099|#F67405,40.3789,39.3608,38.8649,38.2604,37.3909,71.6308,38.8106
813,Dark Olive Drab|Purple|Cold White|Orange,#575B54|#6C47B2|#D9DFE5|#F67405,40.3830,39.3672,38.8726,38.2703,37.4000,71.7549,38.8188
814,Dark Olive Drab|Pink|Magenta|Yellow,#575B54|#F1A1AF|#F24574|#FFE800,43.0100,39.9795,38.9340,37.7595,36.1331,108.6860,38.8695
815,Dark Olive Drab|Purple|White|Orange,#575B54|#6C47B2|#EBF7FF|#F67405,40.4937,39.4590,38.9500,38.3418,37.4480,71.8915,38.9004
816,Blue|Tan|Red|Orange,#003776|#A79E82|#E72F1D|#F67405,40.9492,39.5671,38.9612,38.2389,37.1244,96.4864,38.9030
817,Green|Cold White|Magenta|Yellow,#06924D|#D9DFE5|#F24574|#FFE800,41.4043,39.6992,38.9715,38.1111,36.8173,112.7211,38.9052
818,Blue|Olive Green|Pink|Orange,#003776|#948902|#F1A1AF|#F67405,42.1214,39.9550,39.0342,37.9187,36.2934,95.6322,38.9369
819,Dark Olive Drab|Purple|Pink|Orange,#575B54|#6C47B2|#F1A1AF|#F67405,40.4832,39.4773,38.9915,38.3970,37.5420,71.6753,38.9372
820,Azure Blue|Green|Red|White,#0066D9|#06924D|#E72F1D|#EBF7FF,41.7992,39.5314,38.8409,38.3654,37.9894,86.8891,38.9484
821,Dark Olive Drab|Olive Green|Magenta|Yellow,#575B54|#948902|#F24574|#FFE800,43.0776,40.0514,39.0124,37.8508,36.2485,110.1439,38.9511
822,Polymaker Teal|Brown|Lime Green|Orange,#4CC0C7|#55331A|#D5D701|#F67405,42.5677,40.2200,39.0951,37.6868,35.7999,141.2016,38.9534
823,Purple|Grey|Magenta|Orange,#6C47B2|#8C9099|#F24574|#F67405,40.3452,39.4258,39.0181,38.4974,37.7335,74.7395,38.9616
824,Black|Purple|White|Orange,#080A0D|#6C47B2|#EBF7FF|#F67405,41.5468,39.5957,38.9962,38.3580,37.4363,72.7362,38.9768
825,Dark Olive Drab|Cold White|Magenta|Yellow,#575B54|#D9DFE5|#F24574|#FFE800,43.1316,40.0913,39.0480,37.8803,36.2666,110.1407,38.9858
826,Dark Olive Drab|Grey|Magenta|Yellow,#575B54|#8C9099|#F24574|#FFE800,43.0739,40.1306,39.0848,37.8813,36.1876,108.9629,39.0060
827,Azure Blue|Black|Pink|Yellow,#0066D9|#080A0D|#F1A1AF|#FFE800,45.8711,40.4075,39.1132,37.6081,35.4622,83.9408,39.0078
828,Polymaker Teal|Dark Olive Drab|Magenta|Yellow,#4CC0C7|#575B54|#F24574|#FFE800,42.8583,40.0913,39.0887,37.9244,36.2131,108.2989,39.0079
829,Polymaker Teal|Lime Green|Cold White|Orange,#4CC0C7|#D5D701|#D9DFE5|#F67405,41.6979,40.0559,39.1684,37.9892,36.0918,125.5763,39.0226
830,Black|Purple|Magenta|Orange,#080A0D|#6C47B2|#F24574|#F67405,41.5875,39.6649,39.0615,38.3963,37.4973,79.7742,39.0306
831,Blue|Dark Olive Drab|Red|Orange,#003776|#575B54|#E72F1D|#F67405,40.7923,39.6432,39.1140,38.4692,37.4364,96.3945,39.0562
832,Brown|Purple|Magenta|Orange,#55331A|#6C47B2|#F24574|#F67405,41.2500,39.7283,39.1655,38.5104,37.6124,81.0109,39.1194
833,Dark Olive Drab|Tan|Magenta|Yellow,#575B54|#A79E82|#F24574|#FFE800,43.1430,40.2428,39.2145,38.0258,36.3669,109.9994,39.1343
834,Black|Purple|Cold White|Orange,#080A0D|#6C47B2|#D9DFE5|#F67405,41.8214,39.8253,39.1684,38.4861,37.5355,75.1097,39.1557
835,Azure Blue|Brown|Pink|Yellow,#0066D9|#55331A|#F1A1AF|#FFE800,44.2493,40.4536,39.2639,37.8646,35.8070,80.6285,39.1591
836,Azure Blue|Black|Tan|Orange,#0066D9|#080A0D|#A79E82|#F67405,41.8023,39.9369,39.2728,38.4050,37.0773,68.2473,39.1710
837,Dark Grey|Purple|White|Orange,#485259|#6C47B2|#EBF7FF|#F67405,40.8282,39.7386,39.2242,38.6114,37.6981,72.8783,39.1750
838,Azure Blue|Black|Polymaker Teal|Orange,#0066D9|#080A0D|#4CC0C7|#F67405,41.6143,39.8460,39.2589,38.5111,37.2893,68.6818,39.1785
839,Azure Blue|Dark Olive Drab|Magenta|Orange,#0066D9|#575B54|#F24574|#F67405,41.1346,39.8966,39.2759,38.4820,37.3222,74.7673,39.1893
840,Brown|Dark Olive Drab|Magenta|Yellow,#55331A|#575B54|#F24574|#FFE800,43.7041,40.3648,39.2604,38.0499,36.4132,110.1407,39.2074
841,Green|Dark Grey|Lime Green|Magenta,#06924D|#485259|#D5D701|#F24574,42.2735,39.9488,39.2036,38.4752,37.4818,97.6067,39.2120
842,Brown|Dark Olive Drab|Lime Green|Orange,#55331A|#575B54|#D5D701|#F67405,42.8570,40.3496,39.3615,38.0880,36.2677,141.2194,39.2188
843,Brown|Purple|White|Orange,#55331A|#6C47B2|#EBF7FF|#F67405,41.6037,39.8757,39.2526,38.5732,37.6018,73.3645,39.2245
844,Black|Dark Grey|Purple|Orange,#080A0D|#485259|#6C47B2|#F67405,41.4607,39.8530,39.2718,38.5966,37.6217,75.5791,39.2248
845,Polymaker Teal|Tan|Lime Green|Orange,#4CC0C7|#A79E82|#D5D701|#F67405,41.9931,40.2987,39.3863,38.1524,36.1585,126.3383,39.2256
846,Dark Grey|Purple|Cold White|Orange,#485259|#6C47B2|#D9DFE5|#F67405,40.9517,39.8271,39.2846,38.6470,37.7241,73.7649,39.2371
847,Purple|Cold White|Magenta|Orange,#6C47B2|#D9DFE5|#F24574|#F67405,40.6903,39.7101,39.2987,38.8025,38.0374,77.4024,39.2563
848,Brown|White|Magenta|Yellow,#55331A|#EBF7FF|#F24574|#FFE800,43.9976,40.4753,39.3632,38.0620,36.2251,102.5102,39.2686
849,Blue|Dark Grey|Purple|Orange,#003776|#485259|#6C47B2|#F67405,40.8937,39.8622,39.3486,38.7062,37.7631,74.6515,39.2842
850,Dark Grey|Brown|Purple|Orange,#485259|#55331A|#6C47B2|#F67405,41.5268,39.9364,39.3340,38.6506,37.6731,74.6537,39.2935
851,Black|Purple|Grey|Orange,#080A0D|#6C47B2|#8C9099|#F67405,41.7695,39.9470,39.3297,38.6418,37.6616,75.8523,39.2944
852,Azure Blue|Purple|Grey|Orange,#0066D9|#6C47B2|#8C9099|#F67405,40.9227,39.9057,39.3836,38.6924,37.6449,75.8298,39.2991
853,Olive Green|Lime Green|Red|Magenta,#948902|#D5D701|#E72F1D|#F24574,42.7411,40.4707,39.4547,38.1325,36.2694,141.1928,39.3016
854,Blue|Azure Blue|Polymaker Teal|Orange,#003776|#0066D9|#4CC0C7|#F67405,40.8403,39.9041,39.4092,38.7047,37.5088,68.8142,39.3044
855,Dark Grey|Purple|Grey|Orange,#485259|#6C47B2|#8C9099|#F67405,40.9415,39.8992,39.3839,38.7430,37.8031,74.6218,39.3211
856,Green|Black|Purple|Yellow,#06924D|#080A0D|#6C47B2|#FFE800,45.6286,40.4657,39.1792,38.1987,37.2388,101.2982,39.3322
857,Polymaker Teal|Lime Green|White|Orange,#4CC0C7|#D5D701|#EBF7FF|#F67405,41.5708,40.2053,39.4841,38.4660,36.7143,120.2228,39.3356
858,Blue|Azure Blue|Tan|Orange,#003776|#0066D9|#A79E82|#F67405,41.1755,40.0735,39.4767,38.6231,37.2754,68.5826,39.3483
859,Dark Olive Drab|Lime Green|Cold White|Orange,#575B54|#D5D701|#D9DFE5|#F67405,43.0263,40.5338,39.4871,38.1687,36.3096,140.9321,39.3512
860,Dark Olive Drab|Olive Green|Lime Green|Orange,#575B54|#948902|#D5D701|#F67405,43.0145,40.5346,39.4906,38.1770,36.3224,140.9321,39.3558
861,Green|Black|Lime Green|Magenta,#06924D|#080A0D|#D5D701|#F24574,43.4691,40.0352,39.3228,38.7045,37.9385,99.1179,39.3699
862,Azure Blue|Polymaker Teal|Brown|Orange,#0066D9|#4CC0C7|#55331A|#F67405,41.5850,40.0526,39.4660,38.7034,37.4573,68.6542,39.3780
863,Brown|Purple|Cold White|Orange,#55331A|#6C47B2|#D9DFE5|#F67405,41.8088,40.0523,39.4094,38.7092,37.7092,75.0183,39.3807
864,Olive Green|Lime Green|Pink|Orange,#948902|#D5D701|#F1A1AF|#F67405,41.8535,40.5293,39.6394,38.2352,36.0230,128.3875,39.3823
865,Azure Blue|Brown|Tan|Orange,#0066D9|#55331A|#A79E82|#F67405,41.6831,40.1662,39.5122,38.6223,37.2421,68.2400,39.3942
866,Lime Green|Pink|Orange|Yellow,#D5D701|#F1A1AF|#F67405|#FFE800,41.5269,40.3582,39.6012,38.4469,36.6338,130.2134,39.4025
867,Brown|Purple|Grey|Orange,#55331A|#6C47B2|#8C9099|#F67405,41.6971,40.0582,39.4431,38.7482,37.7540,75.1416,39.4032
868,Olive Green|Lime Green|Cold White|Orange,#948902|#D5D701|#D9DFE5|#F67405,42.2357,40.6106,39.6221,38.1995,35.9888,125.0881,39.4050
869,Blue|Purple|Grey|Orange,#003776|#6C47B2|#8C9099|#F67405,40.9970,39.9927,39.4900,38.8593,37.9141,75.2812,39.4260
870,Dark Grey|Purple|Pink|Orange,#485259|#6C47B2|#F1A1AF|#F67405,41.0424,40.0135,39.5058,38.8719,37.9463,74.6553,39.4427
871,Azure Blue|Black|Dark Olive Drab|Orange,#0066D9|#080A0D|#575B54|#F67405,41.5695,40.1872,39.5926,38.7586,37.4354,68.7178,39.4729
872,Azure Blue|Dark Grey|Magenta|Orange,#0066D9|#485259|#F24574|#F67405,41.4697,40.2103,39.5666,38.7441,37.5382,78.2326,39.4772
873,Purple|White|Magenta|Orange,#6C47B2|#EBF7FF|#F24574|#F67405,40.9002,39.9261,39.5162,39.0294,38.2694,79.3640,39.4777
874,Azure Blue|Green|Pink|Yellow,#0066D9|#06924D|#F1A1AF|#FFE800,41.4448,40.1834,39.5546,38.7764,37.6275,89.4658,39.4799
875,Azure Blue|Dark Olive Drab|Tan|Orange,#0066D9|#575B54|#A79E82|#F67405,41.2706,40.2181,39.6307,38.7930,37.4822,68.2520,39.5056
876,Tan|Lime Green|Pink|Orange,#A79E82|#D5D701|#F1A1AF|#F67405,41.8977,40.5869,39.7526,38.4549,36.3866,129.9108,39.5209
877,Azure Blue|Cold White|Magenta|Orange,#0066D9|#D9DFE5|#F24574|#F67405,40.9345,40.0874,39.6513,38.9882,37.8789,78.5918,39.5378
878,Black|Dark Grey|Lime Green|Orange,#080A0D|#485259|#D5D701|#F67405,43.3209,40.5490,39.6789,38.5284,37.0202,141.9519,39.5387
879,Green|Pink|Magenta|Yellow,#06924D|#F1A1AF|#F24574|#FFE800,42.2051,40.3081,39.5787,38.7716,37.6182,122.8626,39.5399
880,Brown|Grey|Magenta|Yellow,#55331A|#8C9099|#F24574|#FFE800,43.6870,40.7674,39.6756,38.3519,36.4656,108.3584,39.5597
881,Azure Blue|Dark Grey|Tan|Orange,#0066D9|#485259|#A79E82|#F67405,41.3643,40.2784,39.6867,38.8473,37.5311,68.2535,39.5629
882,Purple|Grey|Cold White|Orange,#6C47B2|#8C9099|#D9DFE5|#F67405,41.1478,40.1363,39.6332,39.0108,38.0626,75.6521,39.5735
883,Azure Blue|Tan|Pink|Orange,#0066D9|#A79E82|#F1A1AF|#F67405,41.1681,40.2735,39.7166,38.8804,37.5422,68.2414,39.5769
884,Purple|Grey|Pink|Orange,#6C47B2|#8C9099|#F1A1AF|#F67405,41.1224,40.1565,39.6684,39.0515,38.1289,75.2784,39.6040
885,Azure Blue|Polymaker Teal|Magenta|Orange,#0066D9|#4CC0C7|#F24574|#F67405,41.1253,40.1988,39.7014,39.0170,37.9325,69.1327,39.6079
886,Brown|Cold White|Orange|Yellow,#55331A|#D9DFE5|#F67405|#FFE800,42.4635,40.6600,39.7870,38.5643,36.9081,146.1440,39.6121
887,Purple|Grey|White|Orange,#6C47B2|#8C9099|#EBF7FF|#F67405,41.1207,40.1618,39.6725,39.0640,38.1270,75.4854,39.6129
888,Blue|Azure Blue|Dark Olive Drab|Orange,#003776|#0066D9|#575B54|#F67405,41.2907,40.3087,39.7483,38.9197,37.5876,68.7218,39.6142
889,Azure Blue|Polymaker Teal|Dark Olive Drab|Orange,#0066D9|#4CC0C7|#575B54|#F67405,41.3184,40.2658,39.7278,38.9809,37.7458,68.6627,39.6233
890,Azure Blue|Polymaker Teal|Pink|Orange,#0066D9|#4CC0C7|#F1A1AF|#F67405,41.0445,40.1986,39.7289,39.0510,37.8867,68.8185,39.6248
891,Blue|Dark Grey|Red|Orange,#003776|#485259|#E72F1D|#F67405,41.4840,40.2675,39.6947,38.9832,37.8410,97.5435,39.6253
892,Grey|White|Magenta|Yellow,#8C9099|#EBF7FF|#F24574|#FFE800,42.5381,40.6177,39.7622,38.6375,36.8745,100.0342,39.6276
893,Azure Blue|Polymaker Teal|Tan|Orange,#0066D9|#4CC0C7|#A79E82|#F67405,41.0583,40.2089,39.7353,39.0513,37.8797,68.6278,39.6301
894,Azure Blue|Dark Grey|Polymaker Teal|Orange,#0066D9|#485259|#4CC0C7|#F67405,41.2754,40.2563,39.7340,39.0040,37.7838,68.7859,39.6302
895,Azure Blue|Brown|Dark Olive Drab|Orange,#0066D9|#55331A|#575B54|#F67405,41.6921,40.3556,39.7532,38.9082,37.5698,68.7146,39.6319
896,Azure Blue|Polymaker Teal|Cold White|Orange,#0066D9|#4CC0C7|#D9DFE5|#F67405,41.0590,40.2152,39.7469,39.0704,37.9065,68.8230,39.6428
897,Azure Blue|Polymaker Teal|Grey|Orange,#0066D9|#4CC0C7|#8C9099|#F67405,41.0779,40.2332,39.7623,39.0820,37.9138,68.8178,39.6576
898,Polymaker Teal|Brown|Magenta|Yellow,#4CC0C7|#55331A|#F24574|#FFE800,43.8529,40.8246,39.7631,38.5194,36.6730,107.7192,39.6720
899,Blue|Black|Purple|Orange,#003776|#080A0D|#6C47B2|#F67405,42.2368,40.4171,39.7551,38.9720,37.8706,80.1366,39.6946
900,Olive Green|Tan|Orange|Yellow,#948902|#A79E82|#F67405|#FFE800,42.0889,40.7298,39.9048,38.7386,37.0653,141.3877,39.7342
901,Azure Blue|Grey|Tan|Orange,#0066D9|#8C9099|#A79E82|#F67405,41.3263,40.4277,39.8761,39.0559,37.7377,68.3481,39.7418
902,Black|Brown|Purple|Orange,#080A0D|#55331A|#6C47B2|#F67405,42.3856,40.4955,39.8084,39.0078,37.8859,80.1443,39.7517
903,White|Pink|Orange|Yellow,#EBF7FF|#F1A1AF|#F67405|#FFE800,41.7307,40.6332,39.9374,38.8703,37.1062,123.4401,39.7518
904,Azure Blue|Polymaker Teal|White|Orange,#0066D9|#4CC0C7|#EBF7FF|#F67405,41.1549,40.3264,39.8641,39.1963,38.0348,69.1622,39.7613
905,Blue|Purple|Cold White|Orange,#003776|#6C47B2|#D9DFE5|#F67405,41.5483,40.3579,39.8209,39.1711,38.1905,77.5383,39.7645
906,Black|Grey|Lime Green|Orange,#080A0D|#8C9099|#D5D701|#F67405,43.6103,40.8335,39.9263,38.7097,37.1336,141.8437,39.7716
907,Lime Green|White|Orange|Yellow,#D5D701|#EBF7FF|#F67405|#FFE800,41.7428,40.6492,39.9619,38.9087,37.1403,124.5317,39.7790
908,Azure Blue|Dark Olive Drab|Purple|Orange,#0066D9|#575B54|#6C47B2|#F67405,41.6406,40.4908,39.8889,39.0870,37.9148,76.4511,39.7889
909,Blue|Grey|Red|Orange,#003776|#8C9099|#E72F1D|#F67405,41.7249,40.4706,39.8758,39.1261,37.9091,97.7315,39.7983
910,Polymaker Teal|Olive Green|Magenta|Yellow,#4CC0C7|#948902|#F24574|#FFE800,42.9499,40.7642,39.9018,38.8517,37.2097,108.1208,39.8080
911,Blue|Purple|White|Orange,#003776|#6C47B2|#EBF7FF|#F67405,41.5834,40.3848,39.8615,39.2486,38.3060,77.2174,39.8167
912,Blue|Brown|Purple|Orange,#003776|#55331A|#6C47B2|#F67405,42.1979,40.5507,39.8811,39.0919,37.9912,81.3487,39.8213
913,Black|Purple|Pink|Orange,#080A0D|#6C47B2|#F1A1AF|#F67405,42.3382,40.5426,39.8948,39.1231,38.0381,79.9277,39.8329
914,Azure Blue|Purple|Cold White|Orange,#0066D9|#6C47B2|#D9DFE5|#F67405,41.4545,40.4305,39.9240,39.2605,38.2217,78.4690,39.8455
915,Azure Blue|Dark Grey|Dark Olive Drab|Orange,#0066D9|#485259|#575B54|#F67405,41.5239,40.5689,40.0096,39.1815,37.8571,68.7224,39.8752
916,Azure Blue|Tan|White|Orange,#0066D9|#A79E82|#EBF7FF|#F67405,41.4249,40.5549,40.0117,39.1991,37.8746,68.7676,39.8770
917,Azure Blue|Black|White|Orange,#0066D9|#080A0D|#EBF7FF|#F67405,42.5295,40.6480,39.9869,39.1283,37.7717,70.7741,39.8882
918,Azure Blue|Dark Olive Drab|Pink|Orange,#0066D9|#575B54|#F1A1AF|#F67405,41.5529,40.5937,40.0316,39.1985,37.8696,68.7208,39.8961
919,Azure Blue|Dark Olive Drab|Grey|Orange,#0066D9|#575B54|#8C9099|#F67405,41.5532,40.5948,40.0329,39.1997,37.8705,68.7208,39.8972
920,Tan|Lime Green|Orange|Yellow,#A79E82|#D5D701|#F67405|#FFE800,42.2311,40.8951,40.0743,38.9050,37.1793,141.3687,39.9001
921,Brown|Purple|Pink|Orange,#55331A|#6C47B2|#F1A1AF|#F67405,42.1917,40.6102,39.9703,39.1918,38.0986,81.3995,39.9010
922,Azure Blue|Dark Olive Drab|Cold White|Orange,#0066D9|#575B54|#D9DFE5|#F67405,41.5573,40.6003,40.0393,39.2082,37.8789,68.9575,39.9043
923,Green|Purple|Pink|Yellow,#06924D|#6C47B2|#F1A1AF|#FFE800,43.5706,40.7933,39.8786,39.0160,37.9613,97.9855,39.9047
924,Tan|Lime Green|Cold White|Orange,#A79E82|#D5D701|#D9DFE5|#F67405,42.8333,41.1648,40.1356,38.6905,36.4127,125.5513,39.9276
925,Azure Blue|Tan|Cold White|Orange,#0066D9|#A79E82|#D9DFE5|#F67405,41.4716,40.6086,40.0745,39.2703,37.9456,70.4438,39.9395
926,Azure Blue|Black|Magenta|Orange,#0066D9|#080A0D|#F24574|#F67405,42.8813,40.8457,40.0748,39.1387,37.7891,87.2532,39.9922
927,Azure Blue|Dark Olive Drab|White|Orange,#0066D9|#575B54|#EBF7FF|#F67405,41.6655,40.6914,40.1241,39.3033,37.9790,69.3637,39.9974
928,Brown|Tan|Orange|Yellow,#55331A|#A79E82|#F67405|#FFE800,42.3472,40.8481,40.1559,39.1471,37.7084,146.9155,39.9976
929,Black|Brown|Purple|Yellow,#080A0D|#55331A|#6C47B2|#FFE800,47.4992,41.4408,39.9880,38.6125,36.9147,97.3255,40.0267
930,Purple|Cold White|Pink|Orange,#6C47B2|#D9DFE5|#F1A1AF|#F67405,41.6086,40.5961,40.0985,39.4727,38.5042,77.6294,40.0344
931,Black|Polymaker Teal|Lime Green|Orange,#080A0D|#4CC0C7|#D5D701|#F67405,43.2721,40.9589,40.2068,39.1382,37.4897,142.1757,40.0485
932,Olive Green|Lime Green|Magenta|Orange,#948902|#D5D701|#F24574|#F67405,42.6706,41.1544,40.2749,38.9726,37.0284,139.1051,40.0635
933,Purple|Cold White|White|Orange,#6C47B2|#D9DFE5|#EBF7FF|#F67405,41.5996,40.6162,40.1250,39.5137,38.5486,78.6301,40.0650
934,Polymaker Teal|White|Magenta|Yellow,#4CC0C7|#EBF7FF|#F24574|#FFE800,42.8175,40.9654,40.1914,39.2200,37.6568,102.0623,40.0927
935,Blue|Cold White|Red|Orange,#003776|#D9DFE5|#E72F1D|#F67405,42.2742,40.8306,40.1879,39.3858,38.0773,98.1634,40.1082
936,Grey|Lime Green|Magenta|Yellow,#8C9099|#D5D701|#F24574|#FFE800,43.1825,41.1413,40.2381,39.0767,37.2726,110.2074,40.1090
937,Azure Blue|Black|Dark Grey|Orange,#0066D9|#080A0D|#485259|#F67405,42.4400,40.9067,40.2617,39.3573,37.9223,74.6831,40.1320
938,Azure Blue|Dark Grey|Purple|Orange,#0066D9|#485259|#6C47B2|#F67405,42.0199,40.8576,40.2401,39.4109,38.1886,78.7076,40.1343
939,Blue|Purple|Magenta|Orange,#003776|#6C47B2|#F24574|#F67405,42.0559,40.7443,40.1922,39.5334,38.5794,89.7593,40.1388
940,Azure Blue|Brown|White|Orange,#0066D9|#55331A|#EBF7FF|#F67405,42.4613,40.9248,40.2714,39.3946,38.0091,71.8539,40.1597
941,Green|Brown|Lime Green|Orange,#06924D|#55331A|#D5D701|#F67405,42.1282,40.7591,40.2041,39.5621,38.6388,147.6338,40.1606
942,Blue|Red|White|Orange,#003776|#E72F1D|#EBF7FF|#F67405,42.3188,40.8680,40.2390,39.4713,38.1939,98.3093,40.1697
943,Azure Blue|Purple|White|Orange,#0066D9|#6C47B2|#EBF7FF|#F67405,41.7619,40.7486,40.2497,39.6113,38.6092,81.4206,40.1799
944,Blue|Brown|Red|Orange,#003776|#55331A|#E72F1D|#F67405,42.1504,40.8834,40.2584,39.4768,38.2806,99.0534,40.1801
945,Azure Blue|Black|Cold White|Orange,#0066D9|#080A0D|#D9DFE5|#F67405,42.8868,41.0061,40.2856,39.3681,37.9525,76.4950,40.1871
946,Grey|Olive Green|Magenta|Yellow,#8C9099|#948902|#F24574|#FFE800,43.2832,41.2405,40.3268,39.1462,37.3192,110.2128,40.1933
947,Azure Blue|Black|Grey|Orange,#0066D9|#080A0D|#8C9099|#F67405,42.7529,40.9973,40.3124,39.3921,37.9494,75.1389,40.1947
948,Blue|Black|Red|Orange,#003776|#080A0D|#E72F1D|#F67405,42.4472,40.9311,40.2781,39.4777,38.2595,98.9786,40.2044
949,Blue|Azure Blue|Grey|Orange,#003776|#0066D9|#8C9099|#F67405,41.9367,40.9474,40.3710,39.5146,38.1276,74.4132,40.2310
950,Brown|Dark Olive Drab|Purple|Yellow,#55331A|#575B54|#6C47B2|#FFE800,46.8365,41.5977,40.1954,38.8665,37.1745,97.3092,40.2321
951,Grey|Pink|Magenta|Yellow,#8C9099|#F1A1AF|#F24574|#FFE800,43.2845,41.2759,40.3768,39.2049,37.3737,109.5474,40.2404
952,Azure Blue|Black|Brown|Yellow,#0066D9|#080A0D|#55331A|#FFE800,46.5839,41.6836,40.3327,38.7978,36.6190,87.9546,40.2407
953,Grey|Tan|Magenta|Yellow,#8C9099|#A79E82|#F24574|#FFE800,43.2966,41.2846,40.3840,39.2207,37.4028,110.2133,40.2526
954,Dark Grey|Brown|Purple|Yellow,#485259|#55331A|#6C47B2|#FFE800,46.8707,41.6342,40.2248,38.8810,37.1702,97.3614,40.2576
955,Azure Blue|Dark Grey|White|Orange,#0066D9|#485259|#EBF7FF|#F67405,41.9918,40.9622,40.3857,39.5601,38.2207,70.9903,40.2611
956,Azure Blue|Polymaker Teal|Brown|Yellow,#0066D9|#4CC0C7|#55331A|#FFE800,45.8489,41.4534,40.3006,39.0695,37.2848,87.9546,40.2614
957,Brown|Cold White|Magenta|Yellow,#55331A|#D9DFE5|#F24574|#FFE800,45.0867,41.5741,40.3768,39.0026,37.2104,113.7291,40.2883
958,Grey|Cold White|Magenta|Yellow,#8C9099|#D9DFE5|#F24574|#FFE800,43.3435,41.3236,40.4207,39.2585,37.4404,109.1949,40.2910
959,Purple|White|Pink|Orange,#6C47B2|#EBF7FF|#F1A1AF|#F67405,41.8342,40.8429,40.3538,39.7416,38.7776,79.4056,40.2923
960,Green|Dark Olive Drab|Lime Green|Magenta,#06924D|#575B54|#D5D701|#F24574,43.5408,41.0935,40.3170,39.5438,38.4832,102.3279,40.3187
961,Azure Blue|Brown|Grey|Orange,#0066D9|#55331A|#8C9099|#F67405,42.5684,41.1114,40.4570,39.5494,38.1125,74.0905,40.3304
962,Azure Blue|Brown|Magenta|Orange,#0066D9|#55331A|#F24574|#F67405,42.8238,41.1817,40.4505,39.5199,38.1815,87.6352,40.3508
963,Brown|Pink|Magenta|Yellow,#55331A|#F1A1AF|#F24574|#FFE800,45.0074,41.4873,40.4176,39.2296,37.6787,111.7477,40.3585
964,Olive Green|Red|Orange|Yellow,#948902|#E72F1D|#F67405|#FFE800,42.6734,41.1361,40.4380,39.5819,38.4817,150.1913,40.3590
965,Polymaker Teal|Lime Green|Magenta|Yellow,#4CC0C7|#D5D701|#F24574|#FFE800,43.2191,41.2679,40.4694,39.4965,37.9274,108.1175,40.3822
966,Azure Blue|Brown|Cold White|Orange,#0066D9|#55331A|#D9DFE5|#F67405,42.7235,41.1722,40.5009,39.6069,38.1920,74.7841,40.3896
967,Brown|Tan|Magenta|Yellow,#55331A|#A79E82|#F24574|#FFE800,44.8186,41.5375,40.4976,39.3177,37.7256,113.7602,40.4276
968,Polymaker Teal|Grey|Magenta|Yellow,#4CC0C7|#8C9099|#F24574|#FFE800,43.3997,41.3880,40.5427,39.4980,37.8265,106.9004,40.4430
969,Brown|Lime Green|Orange|Yellow,#55331A|#D5D701|#F67405|#FFE800,43.0823,41.2597,40.5630,39.6430,38.4441,147.4133,40.4513
970,Polymaker Teal|Tan|Magenta|Yellow,#4CC0C7|#A79E82|#F24574|#FFE800,43.2960,41.3512,40.5475,39.5617,37.9711,108.1190,40.4564
971,Azure Blue|Green|Black|Yellow,#0066D9|#06924D|#080A0D|#FFE800,46.5309,41.4812,40.4674,39.4558,38.1183,95.1780,40.4685
972,Olive Green|Lime Green|Red|Yellow,#948902|#D5D701|#E72F1D|#FFE800,43.2797,41.3300,40.5435,39.6236,38.4532,147.4338,40.4768
973,Polymaker Teal|Pink|Magenta|Yellow,#4CC0C7|#F1A1AF|#F24574|#FFE800,43.3206,41.3731,40.5695,39.5824,37.9926,108.2473,40.4778
974,Brown|Lime Green|Magenta|Yellow,#55331A|#D5D701|#F24574|#FFE800,45.1348,41.5536,40.5118,39.4050,37.9964,114.6556,40.4793
975,Olive Green|White|Magenta|Yellow,#948902|#EBF7FF|#F24574|#FFE800,43.3092,41.4854,40.6392,39.4786,37.6956,103.9112,40.4820
976,Azure Blue|Dark Grey|Brown|Yellow,#0066D9|#485259|#55331A|#FFE800,46.2023,41.9009,40.6368,39.1967,37.1313,87.9546,40.5488
977,Green|Tan|Magenta|Yellow,#06924D|#A79E82|#F24574|#FFE800,43.1956,41.3187,40.5990,39.7890,38.6150,126.9420,40.5538
978,Polymaker Teal|Brown|Purple|Yellow,#4CC0C7|#55331A|#6C47B2|#FFE800,46.9743,41.7763,40.4870,39.3442,37.8770,97.3204,40.5602
979,Brown|Olive Green|Orange|Yellow,#55331A|#948902|#F67405|#FFE800,43.0635,41.3515,40.6820,39.7769,38.5639,147.3693,40.5642
980,Azure Blue|Brown|Dark Olive Drab|Yellow,#0066D9|#55331A|#575B54|#FFE800,46.1682,41.9092,40.6540,39.2257,37.1698,87.9546,40.5675
981,Azure Blue|Grey|Pink|Orange,#0066D9|#8C9099|#F1A1AF|#F67405,42.1690,41.2725,40.7209,39.8891,38.5322,74.4174,40.5808
982,Green|Olive Green|Magenta|Yellow,#06924D|#948902|#F24574|#FFE800,43.2651,41.3562,40.6265,39.8112,38.6369,127.1920,40.5837
983,Azure Blue|Grey|Magenta|Orange,#0066D9|#8C9099|#F24574|#F67405,42.2291,41.2667,40.7040,39.9027,38.6813,80.9996,40.5847
984,Blue|Azure Blue|Magenta|Orange,#003776|#0066D9|#F24574|#F67405,42.8637,41.4139,40.7071,39.7924,38.4220,91.3774,40.6032
985,Green|Lime Green|Magenta|Yellow,#06924D|#D5D701|#F24574|#FFE800,43.2712,41.3696,40.6474,39.8441,38.6705,127.1384,40.6068
986,Black|Tan|Lime Green|Orange,#080A0D|#A79E82|#D5D701|#F67405,43.9481,41.5354,40.7777,39.6878,38.1377,142.8695,40.6116
987,Azure Blue|Black|Purple|Orange,#0066D9|#080A0D|#6C47B2|#F67405,43.3328,41.5004,40.7441,39.8058,38.4352,87.4295,40.6531
988,Green|Dark Olive Drab|Purple|Yellow,#06924D|#575B54|#6C47B2|#FFE800,45.7181,41.7694,40.5557,39.5467,38.4535,101.4642,40.6580
989,Brown|Olive Green|Magenta|Yellow,#55331A|#948902|#F24574|#FFE800,45.0964,41.7347,40.7217,39.6121,38.1702,114.6462,40.6734
990,Green|Dark Grey|Purple|Yellow,#06924D|#485259|#6C47B2|#FFE800,45.4523,41.7161,40.5855,39.6332,38.5720,101.4989,40.6747
991,Azure Blue|Brown|Lime Green|Yellow,#0066D9|#55331A|#D5D701|#FFE800,46.3863,42.0063,40.7438,39.3514,37.3599,87.9746,40.6789
992,Blue|Azure Blue|Black|Orange,#003776|#0066D9|#080A0D|#F67405,43.2397,41.5659,40.8365,39.8013,38.1707,82.3014,40.6836
993,Blue|Azure Blue|White|Orange,#003776|#0066D9|#EBF7FF|#F67405,42.5360,41.3810,40.8028,39.9914,38.6537,76.7486,40.6862
994,Lime Green|Cold White|Pink|Orange,#D5D701|#D9DFE5|#F1A1AF|#F67405,43.1661,41.7509,40.8875,39.6507,37.6164,120.1781,40.7008
995,Azure Blue|Brown|Tan|Yellow,#0066D9|#55331A|#A79E82|#FFE800,46.3256,42.0399,40.7988,39.3961,37.3405,87.9561,40.7180
996,Azure Blue|Grey|White|Orange,#0066D9|#8C9099|#EBF7FF|#F67405,42.2761,41.4079,40.8788,40.0921,38.7823,74.9143,40.7500
997,Olive Green|Lime Green|White|Orange,#948902|#D5D701|#EBF7FF|#F67405,43.1814,41.8153,40.9825,39.7117,37.6138,125.7666,40.7635
998,Green|Grey|Red|Orange,#06924D|#8C9099|#E72F1D|#F67405,42.4298,41.2154,40.7573,40.3221,39.5416,123.0423,40.7688
999,Azure Blue|Black|Pink|Orange,#0066D9|#080A0D|#F1A1AF|#F67405,43.3006,41.6467,40.9328,39.9203,38.3234,82.2524,40.7835
1000,Green|Tan|Lime Green|Orange,#06924D|#A79E82|#D5D701|#F67405,42.8357,41.5126,40.8466,40.0568,38.9201,145.7689,40.7847
1001,Azure Blue|Black|Brown|Orange,#0066D9|#080A0D|#55331A|#F67405,43.3060,41.6528,40.9361,39.9189,38.3145,82.2458,40.7859
1002,Blue|Azure Blue|Brown|Orange,#003776|#0066D9|#55331A|#F67405,43.0355,41.6801,40.9849,39.9676,38.3519,83.4119,40.8238
1003,Black|Polymaker Teal|Lime Green|Magenta,#080A0D|#4CC0C7|#D5D701|#F24574,46.0717,41.8511,40.8773,39.8124,38.2465,93.7173,40.8317
1004,Green|Purple|Cold White|Yellow,#06924D|#6C47B2|#D9DFE5|#FFE800,45.4406,41.9285,40.7686,39.7482,38.5971,101.6153,40.8383
1005,Green|Polymaker Teal|Purple|Yellow,#06924D|#4CC0C7|#6C47B2|#FFE800,45.4617,41.9385,40.7796,39.7499,38.5911,101.6153,40.8442
1006,Blue|Green|Purple|Yellow,#003776|#06924D|#6C47B2|#FFE800,45.3952,41.8583,40.7767,39.8323,38.7664,101.3302,40.8453
1007,Blue|Brown|Purple|Yellow,#003776|#55331A|#6C47B2|#FFE800,47.6493,42.2460,40.8146,39.4566,37.6877,97.4693,40.8513
1008,Azure Blue|Brown|Purple|Orange,#0066D9|#55331A|#6C47B2|#F67405,43.2226,41.6717,40.9460,40.0337,38.6921,87.7454,40.8527
1009,Dark Grey|Lime Green|Pink|Magenta,#485259|#D5D701|#F1A1AF|#F24574,45.0729,42.0291,40.9542,39.6854,37.8843,93.3264,40.8572
1010,Blue|Green|Brown|Yellow,#003776|#06924D|#55331A|#FFE800,44.8115,41.6976,40.8714,40.0637,39.0238,94.0955,40.8807
1011,Dark Grey|Olive Green|Lime Green|Magenta,#485259|#948902|#D5D701|#F24574,45.1713,42.0763,40.9867,39.7147,37.9390,95.6374,40.8955
1012,Black|Lime Green|White|Magenta,#080A0D|#D5D701|#EBF7FF|#F24574,47.0603,42.1611,40.9795,39.6637,37.8399,91.9582,40.9124
1013,Dark Grey|Lime Green|Cold White|Magenta,#485259|#D5D701|#D9DFE5|#F24574,45.1688,42.0870,41.0110,39.7555,37.9831,95.6374,40.9213
1014,Azure Blue|Dark Grey|Cold White|Orange,#0066D9|#485259|#D9DFE5|#F67405,42.7337,41.6630,41.0576,40.1997,38.8431,74.1385,40.9314
1015,Dark Grey|Grey|Lime Green|Magenta,#485259|#8C9099|#D5D701|#F24574,45.1657,42.0942,41.0225,39.7702,37.9966,95.6230,40.9322
1016,Azure Blue|Brown|Pink|Orange,#0066D9|#55331A|#F1A1AF|#F67405,43.1179,41.7871,41.1031,40.1047,38.5210,83.5738,40.9459
1017,Black|Purple|Pink|Yellow,#080A0D|#6C47B2|#F1A1AF|#FFE800,47.5751,42.2804,40.9386,39.6285,38.0189,97.7124,40.9544
1018,Azure Blue|Brown|Grey|Yellow,#0066D9|#55331A|#8C9099|#FFE800,46.6402,42.2971,41.0460,39.6325,37.5767,87.9546,40.9648
1019,Purple|Pink|Magenta|Orange,#6C47B2|#F1A1AF|#F24574|#F67405,42.7805,41.5521,41.0260,40.3967,39.4974,99.6204,40.9744
1020,Green|Polymaker Teal|Red|Orange,#06924D|#4CC0C7|#E72F1D|#F67405,42.9077,41.5284,40.9844,40.4300,39.4482,118.6564,40.9792
1021,Green|Brown|Purple|Lime Green,#06924D|#55331A|#6C47B2|#D5D701,46.2927,41.8975,40.8579,40.0635,39.1809,95.9856,40.9805
1022,Blue|Purple|Pink|Orange,#003776|#6C47B2|#F1A1AF|#F67405,42.9274,41.6642,41.0624,40.2979,39.1590,89.3640,40.9810
1023,Azure Blue|Brown|Cold White|Yellow,#0066D9|#55331A|#D9DFE5|#FFE800,46.6713,42.3255,41.0737,39.6577,37.5950,87.9546,40.9916
1024,Tan|White|Magenta|Yellow,#A79E82|#EBF7FF|#F24574|#FFE800,43.6854,41.9774,41.1479,40.0096,38.2382,105.0652,40.9935
1025,Dark Grey|Brown|Lime Green|Magenta,#485259|#55331A|#D5D701|#F24574,45.3523,42.1935,41.1002,39.8338,38.0599,95.6877,41.0137
1026,Green|Purple|Lime Green|Yellow,#06924D|#6C47B2|#D5D701|#FFE800,45.6169,42.1020,40.9471,39.9312,38.7707,101.6535,41.0166
1027,Black|Lime Green|Cold White|Orange,#080A0D|#D5D701|#D9DFE5|#F67405,44.6475,41.9345,41.1724,40.1299,38.6885,144.5944,41.0322
1028,Azure Blue|Dark Grey|Pink|Yellow,#0066D9|#485259|#F1A1AF|#FFE800,44.9940,42.2553,41.1721,39.8172,37.8318,87.3643,41.0362
1029,Polymaker Teal|Cold White|Magenta|Yellow,#4CC0C7|#D9DFE5|#F24574|#FFE800,43.7511,41.8927,41.1326,40.1943,38.6399,107.9840,41.0435
1030,Blue|Azure Blue|Brown|Yellow,#003776|#0066D9|#55331A|#FFE800,46.8343,42.4229,41.1615,39.7436,37.6773,88.1358,41.0833
1031,Black|Lime Green|Pink|Magenta,#080A0D|#D5D701|#F1A1AF|#F24574,46.7804,42.2275,41.1804,39.9679,38.3205,94.8617,41.0977
1032,Dark Grey|Tan|Lime Green|Magenta,#485259|#A79E82|#D5D701|#F24574,45.2277,42.2673,41.2090,39.9328,38.1090,95.6317,41.1000
1033,Blue|Red|Magenta|Orange,#003776|#E72F1D|#F24574|#F67405,43.4362,41.8978,41.1993,40.3160,38.9370,101.0117,41.1069
1034,Black|Dark Grey|Lime Green|Magenta,#080A0D|#485259|#D5D701|#F24574,46.6939,42.2233,41.1806,39.9920,38.4199,97.6113,41.1077
1035,Dark Grey|Polymaker Teal|Lime Green|Magenta,#485259|#4CC0C7|#D5D701|#F24574,44.9076,42.1311,41.1893,40.1032,38.4324,92.4161,41.1171
1036,Dark Grey|Dark Olive Drab|Lime Green|Magenta,#485259|#575B54|#D5D701|#F24574,45.4383,42.3049,41.2217,39.9620,38.1823,96.3586,41.1334
1037,Azure Blue|Cold White|Pink|Orange,#0066D9|#D9DFE5|#F1A1AF|#F67405,42.7057,41.8083,41.2774,40.4830,39.1495,77.9666,41.1457
1038,Brown|Purple|Lime Green|Yellow,#55331A|#6C47B2|#D5D701|#FFE800,48.1369,42.6148,41.1339,39.7263,37.9136,97.5710,41.1706
1039,Green|Purple|Olive Green|Yellow,#06924D|#6C47B2|#948902|#FFE800,46.0763,42.3094,41.1349,40.1017,38.8876,100.9624,41.2055
1040,Green|Polymaker Teal|Lime Green|Magenta,#06924D|#4CC0C7|#D5D701|#F24574,43.9946,42.0944,41.2902,40.3261,38.8829,103.8485,41.2103
1041,Black|Grey|Lime Green|Magenta,#080A0D|#8C9099|#D5D701|#F24574,46.8772,42.3510,41.2942,40.0966,38.5029,98.5085,41.2238
1042,Blue|Red|Pink|Orange,#003776|#E72F1D|#F1A1AF|#F67405,43.5489,42.0250,41.3216,40.4301,39.0066,101.1037,41.2276
1043,Green|Dark Grey|Red|Orange,#06924D|#485259|#E72F1D|#F67405,42.9731,41.5884,41.1824,40.8807,40.3281,128.3620,41.2346
1044,Azure Blue|Dark Olive Drab|Pink|Yellow,#0066D9|#575B54|#F1A1AF|#FFE800,45.3374,42.4751,41.3708,40.0118,38.0216,87.5586,41.2434
1045,Green|Purple|Tan|Yellow,#06924D|#6C47B2|#A79E82|#FFE800,45.1421,42.2037,41.2382,40.3352,39.2424,101.2095,41.2695
1046,Green|Purple|Grey|Yellow,#06924D|#6C47B2|#8C9099|#FFE800,45.5567,42.2694,41.2332,40.2952,39.1885,101.6146,41.2823
1047,Azure Blue|Cold White|White|Orange,#0066D9|#D9DFE5|#EBF7FF|#F67405,42.7764,41.9258,41.4149,40.6543,39.3593,78.7193,41.2901
1048,Black|Dark Olive Drab|Lime Green|Orange,#080A0D|#575B54|#D5D701|#F67405,44.9062,42.2514,41.4447,40.3434,38.8388,145.0190,41.2974
1049,Brown|Purple|Olive Green|Yellow,#55331A|#6C47B2|#948902|#FFE800,48.0070,42.7620,41.2927,39.8579,38.0123,97.7158,41.3099
1050,Brown|Purple|Grey|Yellow,#55331A|#6C47B2|#8C9099|#FFE800,47.8764,42.6860,41.3102,39.9995,38.2668,97.5880,41.3427
1051,Black|Dark Olive Drab|Lime Green|Magenta,#080A0D|#575B54|#D5D701|#F24574,46.9665,42.4421,41.4170,40.2462,38.6814,99.2922,41.3442
1052,Black|Olive Green|Lime Green|Orange,#080A0D|#948902|#D5D701|#F67405,44.9280,42.2915,41.5058,40.4123,38.9005,145.0190,41.3519
1053,Black|Brown|Lime Green|Orange,#080A0D|#55331A|#D5D701|#F67405,44.9625,42.3032,41.5133,40.4155,38.9073,145.0190,41.3594
1054,Tan|Pink|Magenta|Yellow,#A79E82|#F1A1AF|#F24574|#FFE800,44.1036,42.3660,41.5218,40.3624,38.6130,113.5580,41.3642
1055,Black|Lime Green|Cold White|Magenta,#080A0D|#D5D701|#D9DFE5|#F24574,47.0314,42.4756,41.4420,40.2585,38.6932,99.4349,41.3670
1056,Black|Tan|Lime Green|Magenta,#080A0D|#A79E82|#D5D701|#F24574,46.8742,42.4915,41.4459,40.2438,38.6426,99.5300,41.3676
1057,Black|Olive Green|Lime Green|Magenta,#080A0D|#948902|#D5D701|#F24574,47.0081,42.4864,41.4598,40.2830,38.7167,99.4366,41.3847
1058,Azure Blue|Brown|White|Yellow,#0066D9|#55331A|#EBF7FF|#FFE800,46.9108,42.6816,41.4842,40.1093,38.0698,87.9546,41.3955
1059,Green|Grey|Lime Green|Magenta,#06924D|#8C9099|#D5D701|#F24574,44.0705,42.2929,41.5219,40.5563,39.0886,108.3721,41.4246
1060,Brown|Purple|Cold White|Yellow,#55331A|#6C47B2|#D9DFE5|#FFE800,48.2270,42.8321,41.3983,40.0359,38.2639,97.5191,41.4340
1061,Lime Green|Cold White|White|Orange,#D5D701|#D9DFE5|#EBF7FF|#F67405,43.7522,42.4369,41.6280,40.4459,38.4624,120.9422,41.4414
1062,Black|Brown|Lime Green|Magenta,#080A0D|#55331A|#D5D701|#F24574,47.1105,42.5551,41.5160,40.3299,38.7657,99.3119,41.4425
1063,Lime Green|White|Pink|Orange,#D5D701|#EBF7FF|#F1A1AF|#F67405,43.6464,42.4553,41.6768,40.4520,38.3834,123.1216,41.4536
1064,Azure Blue|White|Pink|Orange,#0066D9|#EBF7FF|#F1A1AF|#F67405,42.9973,42.1112,41.5873,40.8161,39.5191,81.1525,41.4636
1065,Blue|Azure Blue|Dark Grey|Orange,#003776|#0066D9|#485259|#F67405,43.3060,42.2461,41.6142,40.6995,39.2439,80.6788,41.4728
1066,Dark Grey|Lime Green|White|Magenta,#485259|#D5D701|#EBF7FF|#F24574,45.4772,42.6725,41.6001,40.2915,38.3365,92.4980,41.4820
1067,Green|Olive Green|Lime Green|Orange,#06924D|#948902|#D5D701|#F67405,43.4620,42.1323,41.5285,40.8339,39.8084,147.6162,41.4831
1068,Blue|Azure Blue|Purple|Orange,#003776|#0066D9|#6C47B2|#F67405,43.5972,42.2843,41.6149,40.7268,39.3711,91.4428,41.5055
1069,Azure Blue|Brown|Olive Green|Yellow,#0066D9|#55331A|#948902|#FFE800,47.0922,42.8622,41.6183,40.1856,38.0512,88.9412,41.5239
1070,Brown|Purple|Tan|Yellow,#55331A|#6C47B2|#A79E82|#FFE800,47.8222,42.8766,41.5305,40.2069,38.4331,97.1043,41.5417
1071,Olive Green|Tan|Magenta|Yellow,#948902|#A79E82|#F24574|#FFE800,44.3636,42.5616,41.6993,40.5322,38.8041,115.8286,41.5469
1072,Tan|Lime Green|Magenta|Yellow,#A79E82|#D5D701|#F24574|#FFE800,44.3331,42.5771,41.7345,40.5919,38.8813,115.4747,41.5845
1073,Dark Grey|Purple|Pink|Yellow,#485259|#6C47B2|#F1A1AF|#FFE800,46.5159,42.8613,41.6476,40.3871,38.7626,97.7630,41.6242
1074,Azure Blue|Green|Brown|Lime Green,#0066D9|#06924D|#55331A|#D5D701,46.4887,42.5594,41.6279,40.7733,39.7153,92.3098,41.6663
1075,Blue|Azure Blue|Pink|Yellow,#003776|#0066D9|#F1A1AF|#FFE800,45.7498,42.8651,41.7891,40.4777,38.5333,87.6748,41.6714
1076,Green|Brown|Lime Green|Magenta,#06924D|#55331A|#D5D701|#F24574,45.1101,42.4959,41.6986,40.9111,39.8698,109.0928,41.7035
1077,Azure Blue|Dark Grey|Brown|Orange,#0066D9|#485259|#55331A|#F67405,43.9647,42.5093,41.8294,40.9106,39.4962,80.6733,41.7100
1078,Olive Green|Pink|Magenta|Yellow,#948902|#F1A1AF|#F24574|#FFE800,44.7757,42.7860,41.8687,40.6689,38.9739,117.2705,41.7274
1079,Brown|Lime Green|Cold White|Orange,#55331A|#D5D701|#D9DFE5|#F67405,44.9036,42.9235,41.9333,40.5376,38.5752,146.1171,41.7305
1080,Blue|Green|Pink|Yellow,#003776|#06924D|#F1A1AF|#FFE800,44.9390,42.5479,41.7184,40.9154,39.8676,91.1771,41.7316
1081,Olive Green|Cold White|Magenta|Yellow,#948902|#D9DFE5|#F24574|#FFE800,44.6816,42.7776,41.8877,40.6995,38.8753,110.3758,41.7385
1082,Blue|Polymaker Teal|Magenta|Orange,#003776|#4CC0C7|#F24574|#F67405,43.8258,42.4505,41.8262,41.0364,39.7006,96.0869,41.7435
1083,Dark Olive Drab|Purple|Pink|Yellow,#575B54|#6C47B2|#F1A1AF|#FFE800,46.8018,43.0175,41.7749,40.5085,38.8874,97.7103,41.7630
1084,Black|Purple|Lime Green|Yellow,#080A0D|#6C47B2|#D5D701|#FFE800,49.4793,43.2620,41.7040,40.2770,38.6394,101.2931,41.7695
1085,Green|Cold White|Red|Orange,#06924D|#D9DFE5|#E72F1D|#F67405,43.6679,42.3678,41.8062,41.2306,40.2332,122.1162,41.7992
1086,Blue|Azure Blue|Cold White|Orange,#003776|#0066D9|#D9DFE5|#F67405,43.7352,42.5455,41.9166,41.0594,39.6776,80.9271,41.8025
1087,Lime Green|White|Magenta|Yellow,#D5D701|#EBF7FF|#F24574|#FFE800,44.4133,42.7903,42.0062,40.9261,39.2305,103.8079,41.8582
1088,Blue|Tan|Magenta|Orange,#003776|#A79E82|#F24574|#F67405,44.1685,42.6447,41.9634,41.1202,39.8310,96.3772,41.8825
1089,Dark Olive Drab|Grey|Lime Green|Magenta,#575B54|#8C9099|#D5D701|#F24574,46.2536,43.1229,42.0095,40.6866,38.8129,99.4954,41.9047
1090,Lime Green|Pink|Magenta|Yellow,#D5D701|#F1A1AF|#F24574|#FFE800,44.6113,42.9446,42.1023,40.9185,39.1108,112.1268,41.9315
1091,Dark Olive Drab|Lime Green|Pink|Magenta,#575B54|#D5D701|#F1A1AF|#F24574,46.3088,43.1614,42.0552,40.7301,38.8412,98.8203,41.9458
1092,Azure Blue|Dark Grey|Pink|Orange,#0066D9|#485259|#F1A1AF|#F67405,43.8142,42.7433,42.1044,41.1938,39.7900,80.6718,41.9686
1093,Polymaker Teal|Olive Green|Red|Orange,#4CC0C7|#948902|#E72F1D|#F67405,44.8498,42.8276,42.0434,41.1195,39.5866,118.4670,41.9736
1094,Azure Blue|Dark Grey|Grey|Orange,#0066D9|#485259|#8C9099|#F67405,43.8216,42.7481,42.1097,41.2015,39.7976,80.6088,41.9748
1095,Green|Lime Green|White|Magenta,#06924D|#D5D701|#EBF7FF|#F24574,44.8326,42.8759,42.0543,41.0780,39.6302,105.1047,41.9769
1096,Olive Green|Tan|Lime Green|Orange,#948902|#A79E82|#D5D701|#F67405,44.5700,43.1256,42.2130,40.8466,38.7036,141.1578,41.9861
1097,Black|Polymaker Teal|Purple|Yellow,#080A0D|#4CC0C7|#6C47B2|#FFE800,49.0673,43.3601,41.9127,40.6170,39.0613,101.2982,41.9885
1098,Grey|Olive Green|Red|Orange,#8C9099|#948902|#E72F1D|#F67405,44.5790,42.9182,42.1167,41.1181,39.6601,122.8033,42.0181
1099,Black|Purple|Cold White|Yellow,#080A0D|#6C47B2|#D9DFE5|#FFE800,49.6623,43.5319,41.9758,40.5295,38.8299,101.2992,42.0307
1100,Black|Dark Olive Drab|Purple|Yellow,#080A0D|#575B54|#6C47B2|#FFE800,49.4081,43.4960,41.9707,40.5672,38.9110,101.3114,42.0316
1101,Blue|Dark Olive Drab|Magenta|Orange,#003776|#575B54|#F24574|#F67405,44.0106,42.7198,42.1147,41.3483,40.1402,96.2311,42.0341
1102,Polymaker Teal|Dark Olive Drab|Lime Green|Magenta,#4CC0C7|#575B54|#D5D701|#F24574,45.9702,43.1481,42.1367,40.9443,39.1509,95.6010,42.0462
1103,Dark Olive Drab|Olive Green|Lime Green|Magenta,#575B54|#948902|#D5D701|#F24574,46.4723,43.2629,42.1501,40.8361,38.9894,101.9314,42.0495
1104,Dark Olive Drab|Lime Green|Cold White|Magenta,#575B54|#D5D701|#D9DFE5|#F24574,46.4678,43.2670,42.1641,40.8629,39.0189,101.9314,42.0649
1105,Tan|Lime Green|White|Orange,#A79E82|#D5D701|#EBF7FF|#F67405,44.4960,43.1890,42.3124,40.9477,38.6952,133.8837,42.0684
1106,Azure Blue|Purple|Magenta|Orange,#0066D9|#6C47B2|#F24574|#F67405,43.8890,42.7319,42.1680,41.4251,40.2531,100.7773,42.0785
1107,Black|Dark Grey|Purple|Yellow,#080A0D|#485259|#6C47B2|#FFE800,49.3363,43.5370,42.0326,40.6497,39.0075,101.3304,42.0933
1108,Brown|Tan|Lime Green|Orange,#55331A|#A79E82|#D5D701|#F67405,44.8455,43.1184,42.3177,41.1241,39.3254,146.9133,42.1212
1109,Azure Blue|Grey|Cold White|Orange,#0066D9|#8C9099|#D9DFE5|#F67405,43.7940,42.8375,42.2639,41.4393,40.1449,79.9420,42.1384
1110,Brown|Dark Olive Drab|Lime Green|Magenta,#55331A|#575B54|#D5D701|#F24574,46.6379,43.3658,42.2467,40.9348,39.0891,101.9314,42.1503
1111,Tan|Cold White|Magenta|Yellow,#A79E82|#D9DFE5|#F24574|#FFE800,44.9551,43.2117,42.3550,41.1869,39.3567,110.0562,42.1993
1112,Blue|Black|Purple|Yellow,#003776|#080A0D|#6C47B2|#FFE800,49.5804,43.6605,42.1410,40.7392,39.0858,101.1669,42.1999
1113,Green|Dark Grey|Magenta|Orange,#06924D|#485259|#F24574|#F67405,44.0821,42.6383,42.1798,41.7702,41.0601,118.8698,42.2042
1114,Brown|Purple|Pink|Yellow,#55331A|#6C47B2|#F1A1AF|#FFE800,48.5704,43.6275,42.1931,40.7990,38.9989,97.4447,42.2132
1115,Azure Blue|Green|Lime Green|Pink,#0066D9|#06924D|#D5D701|#F1A1AF,44.0988,42.8887,42.2886,41.5389,40.4279,85.7111,42.2138
1116,Brown|Grey|Lime Green|Magenta,#55331A|#8C9099|#D5D701|#F24574,46.2327,43.4915,42.3926,40.9709,38.8882,97.2318,42.2312
1117,Dark Olive Drab|Tan|Lime Green|Magenta,#575B54|#A79E82|#D5D701|#F24574,46.4978,43.4327,42.3537,41.0489,39.1769,101.9669,42.2408
1118,Azure Blue|Pink|Magenta|Orange,#0066D9|#F1A1AF|#F24574|#F67405,43.9434,42.9757,42.4217,41.6326,40.3814,99.4563,42.3041
1119,Blue|Purple|Pink|Yellow,#003776|#6C47B2|#F1A1AF|#FFE800,47.0991,43.5355,42.3601,41.1017,39.4146,97.8781,42.3186
1120,Black|Purple|Tan|Yellow,#080A0D|#6C47B2|#A79E82|#FFE800,49.0503,43.7625,42.4015,41.0619,39.4279,100.9539,42.4122
1121,Green|Lime Green|Cold White|Magenta,#06924D|#D5D701|#D9DFE5|#F24574,45.1408,43.3237,42.5075,41.5077,40.0260,108.0316,42.4157
1122,Dark Grey|Olive Green|Red|Orange,#485259|#948902|#E72F1D|#F67405,45.1543,43.2104,42.5028,41.7254,40.6104,128.3590,42.4679
1123,Black|Brown|Purple|Lime Green,#080A0D|#55331A|#6C47B2|#D5D701,49.7405,43.8869,42.4715,41.0700,39.3242,95.8837,42.4785
1124,Black|Purple|Grey|Yellow,#080A0D|#6C47B2|#8C9099|#FFE800,49.5970,43.9182,42.4720,41.1011,39.4448,101.3478,42.5096
1125,Blue|Green|Red|Magenta,#003776|#06924D|#E72F1D|#F24574,45.8289,43.1136,42.3546,41.9249,41.6099,92.6364,42.5192
1126,Blue|Green|Polymaker Teal|Red,#003776|#06924D|#4CC0C7|#E72F1D,45.8848,43.1311,42.3668,41.9339,41.6008,92.5238,42.5325
1127,Blue|Green|Black|Red,#003776|#06924D|#080A0D|#E72F1D,46.0456,43.1004,42.3514,41.9687,41.6762,92.6383,42.5345
1128,Blue|Green|Dark Grey|Red,#003776|#06924D|#485259|#E72F1D,45.8719,43.1303,42.3754,41.9537,41.6276,92.3864,42.5420
1129,Blue|Green|Brown|Red,#003776|#06924D|#55331A|#E72F1D,46.0028,43.1245,42.3621,41.9664,41.6668,92.6377,42.5455
1130,Azure Blue|Black|Lime Green|Pink,#0066D9|#080A0D|#D5D701|#F1A1AF,48.4281,43.8367,42.6603,41.2568,39.2390,84.7700,42.5468
1131,Blue|Green|Dark Olive Drab|Red,#003776|#06924D|#575B54|#E72F1D,45.8831,43.1390,42.3841,41.9613,41.6323,92.3918,42.5501
1132,Blue|Green|Red|Pink,#003776|#06924D|#E72F1D|#F1A1AF,45.8835,43.1476,42.3868,41.9538,41.6207,92.6205,42.5507
1133,Blue|Green|Red|White,#003776|#06924D|#E72F1D|#EBF7FF,45.8836,43.1495,42.3890,41.9565,41.6236,92.5574,42.5530
1134,Blue|Green|Cold White|Red,#003776|#06924D|#D9DFE5|#E72F1D,45.8859,43.1503,42.3894,41.9560,41.6228,92.6363,42.5531
1135,Blue|Green|Grey|Red,#003776|#06924D|#8C9099|#E72F1D,45.8807,43.1472,42.3914,41.9616,41.6287,92.6224,42.5544
1136,Blue|Green|Tan|Red,#003776|#06924D|#A79E82|#E72F1D,45.8886,43.1574,42.3973,41.9644,41.6316,92.6363,42.5609
1137,Grey|Olive Green|Lime Green|Magenta,#8C9099|#948902|#D5D701|#F24574,45.8706,43.7157,42.7493,41.4478,39.4413,97.1939,42.5817
1138,Azure Blue|Black|Tan|Yellow,#0066D9|#080A0D|#A79E82|#FFE800,49.6096,44.0141,42.7038,41.1576,38.9373,95.1079,42.5859
1139,Green|Grey|Magenta|Orange,#06924D|#8C9099|#F24574|#F67405,44.3317,43.0977,42.6103,42.0887,41.1673,119.1110,42.5932
1140,Blue|Dark Grey|Magenta|Orange,#003776|#485259|#F24574|#F67405,44.7019,43.3437,42.6951,41.8619,40.5447,97.3824,42.6028
1141,Polymaker Teal|Brown|Lime Green|Magenta,#4CC0C7|#55331A|#D5D701|#F24574,46.5004,43.7528,42.7564,41.5197,39.6143,94.6972,42.6362
1142,Grey|Tan|Lime Green|Magenta,#8C9099|#A79E82|#D5D701|#F24574,45.8792,43.7679,42.8194,41.5326,39.5177,97.1700,42.6502
1143,Azure Blue|Brown|Purple|Yellow,#0066D9|#55331A|#6C47B2|#FFE800,48.6847,43.9468,42.6558,41.3587,39.6078,99.2801,42.6527
1144,Green|Purple|Olive Green|Magenta,#06924D|#6C47B2|#948902|#F24574,46.9788,43.5158,42.5553,41.7948,40.9799,79.4256,42.6553
1145,Green|Lime Green|Pink|Magenta,#06924D|#D5D701|#F1A1AF|#F24574,45.4959,43.4884,42.7203,41.8296,40.5698,109.2515,42.6590
1146,Blue|Green|Black|Yellow,#003776|#06924D|#080A0D|#FFE800,48.4509,43.6354,42.6295,41.7154,40.6332,96.0167,42.6754
1147,Grey|Lime Green|Cold White|Magenta,#8C9099|#D5D701|#D9DFE5|#F24574,45.9500,43.8170,42.8594,41.5628,39.5536,97.3619,42.6899
1148,Blue|Brown|Pink|Yellow,#003776|#55331A|#F1A1AF|#FFE800,47.0910,43.9648,42.8305,41.4796,39.5286,89.1050,42.7222
1149,Azure Blue|Purple|Pink|Orange,#0066D9|#6C47B2|#F1A1AF|#F67405,44.5920,43.4316,42.8281,42.0168,40.7457,101.1135,42.7242
1150,Lime Green|Red|Orange|Yellow,#D5D701|#E72F1D|#F67405|#FFE800,44.8753,43.5076,42.8393,41.9581,40.7385,151.5115,42.7329
1151,Green|Dark Olive Drab|Red|Orange,#06924D|#575B54|#E72F1D|#F67405,44.5764,43.1162,42.6987,42.3716,41.7618,133.8533,42.7439
1152,Azure Blue|Green|Purple|Yellow,#0066D9|#06924D|#6C47B2|#FFE800,46.3477,43.5995,42.7417,41.9027,40.8363,102.6113,42.7511
1153,Dark Olive Drab|Lime Green|White|Magenta,#575B54|#D5D701|#EBF7FF|#F24574,46.9239,43.9956,42.8893,41.5164,39.4535,94.9057,42.7560
1154,Green|Purple|Lime Green|Pink,#06924D|#6C47B2|#D5D701|#F1A1AF,45.7851,43.5671,42.7680,41.9530,40.9265,96.0693,42.7601
1155,Blue|Grey|Magenta|Orange,#003776|#8C9099|#F24574|#F67405,44.9473,43.5522,42.8817,42.0108,40.6193,97.7028,42.7815
1156,Azure Blue|Polymaker Teal|Pink|Yellow,#0066D9|#4CC0C7|#F1A1AF|#FFE800,44.6805,43.4568,42.8677,42.1096,40.8871,89.4028,42.7832
1157,Blue|Azure Blue|Pink|Orange,#003776|#0066D9|#F1A1AF|#F67405,44.8797,43.6357,42.9537,41.9756,40.3951,91.4972,42.8056
1158,White|Pink|Magenta|Yellow,#EBF7FF|#F1A1AF|#F24574|#FFE800,45.3617,43.7411,42.9773,41.9191,40.2101,104.3222,42.8301
1159,Dark Olive Drab|Purple|Lime Green|Yellow,#575B54|#6C47B2|#D5D701|#FFE800,48.8668,44.2794,42.8261,41.4502,39.7813,101.3143,42.8648
1160,Black|Purple|Olive Green|Yellow,#080A0D|#6C47B2|#948902|#FFE800,49.5776,44.2936,42.8529,41.4377,39.6780,100.7829,42.8656
1161,Blue|Black|Polymaker Teal|Orange,#003776|#080A0D|#4CC0C7|#F67405,45.6517,43.7799,42.9944,41.9625,40.2072,96.6873,42.8712
1162,Blue|Black|Pink|Yellow,#003776|#080A0D|#F1A1AF|#FFE800,48.9355,44.1459,42.9511,41.6076,39.7986,90.0719,42.8767
1163,Blue|Polymaker Teal|Dark Olive Drab|Orange,#003776|#4CC0C7|#575B54|#F67405,45.3722,43.7846,43.0131,41.9748,40.1967,96.6636,42.8797
1164,Green|Polymaker Teal|Magenta|Orange,#06924D|#4CC0C7|#F24574|#F67405,44.8612,43.4789,42.9125,42.2852,41.1992,115.3038,42.8820
1165,Brown|Lime Green|Cold White|Magenta,#55331A|#D5D701|#D9DFE5|#F24574,47.6343,44.2564,43.0285,41.5112,39.4095,103.4349,42.8838
1166,Azure Blue|Brown|Lime Green|Pink,#0066D9|#55331A|#D5D701|#F1A1AF,47.4319,44.0837,43.0052,41.7090,39.7769,81.9789,42.8963
1167,Blue|Dark Olive Drab|Tan|Orange,#003776|#575B54|#A79E82|#F67405,45.3378,43.8017,43.0305,41.9923,40.2963,96.5992,42.8970
1168,Blue|Polymaker Teal|Brown|Orange,#003776|#4CC0C7|#55331A|#F67405,45.4965,43.8084,43.0288,41.9868,40.2070,96.6695,42.8976
1169,Dark Grey|Purple|Lime Green|Yellow,#485259|#6C47B2|#D5D701|#FFE800,48.6455,44.2608,42.8800,41.5424,39.8899,101.3634,42.9016
1170,Brown|Lime Green|Pink|Magenta,#55331A|#D5D701|#F1A1AF|#F24574,47.6307,44.1741,43.0536,41.6388,39.6384,101.6018,42.9065
1171,Polymaker Teal|Olive Green|Lime Green|Magenta,#4CC0C7|#948902|#D5D701|#F24574,46.1430,43.9240,43.0429,41.9387,40.1593,100.1120,42.9313
1172,Olive Green|Lime Green|Red|Orange,#948902|#D5D701|#E72F1D|#F67405,45.2105,43.9247,43.1366,41.9389,40.1462,149.6038,42.9318
1173,Green|Black|Purple|Lime Green,#06924D|#080A0D|#6C47B2|#D5D701,48.7060,43.9456,42.7756,41.9256,41.1394,101.0068,42.9356
1174,Dark Olive Drab|Purple|Cold White|Yellow,#575B54|#6C47B2|#D9DFE5|#FFE800,48.9090,44.3691,42.9199,41.5294,39.8145,101.3152,42.9493
1175,Blue|Polymaker Teal|Tan|Orange,#003776|#4CC0C7|#A79E82|#F67405,45.3978,43.8627,43.0970,42.0444,40.2185,96.6417,42.9536
1176,Blue|Dark Grey|Polymaker Teal|Orange,#003776|#485259|#4CC0C7|#F67405,45.4720,43.8800,43.1062,42.0571,40.2496,96.6734,42.9685
1177,Black|Purple|Lime Green|Pink,#080A0D|#6C47B2|#D5D701|#F1A1AF,49.2451,44.3271,43.0134,41.6174,39.8652,95.8923,42.9723
1178,Dark Grey|Dark Olive Drab|Purple|Yellow,#485259|#575B54|#6C47B2|#FFE800,48.8721,44.3713,42.9515,41.5870,39.8882,101.3714,42.9792
1179,Dark Grey|Purple|Cold White|Yellow,#485259|#6C47B2|#D9DFE5|#FFE800,48.6667,44.3478,42.9716,41.6167,39.9126,101.3714,42.9823
1180,Blue|Black|Tan|Orange,#003776|#080A0D|#A79E82|#F67405,45.8558,43.9229,43.1119,42.0578,40.3673,96.7729,42.9904
1181,Blue|Brown|Tan|Orange,#003776|#55331A|#A79E82|#F67405,45.6203,43.9471,43.1351,42.0450,40.2945,96.6746,42.9960
1182,Blue|Polymaker Teal|Grey|Orange,#003776|#4CC0C7|#8C9099|#F67405,45.4405,43.9093,43.1445,42.0921,40.2617,96.6646,43.0007
1183,Blue|Polymaker Teal|Cold White|Orange,#003776|#4CC0C7|#D9DFE5|#F67405,45.4405,43.9094,43.1445,42.0921,40.2617,96.6646,43.0007
1184,Olive Green|Cold White|Red|Orange,#948902|#D9DFE5|#E72F1D|#F67405,45.6883,44.0199,43.1119,41.9820,40.3073,121.4184,43.0010
1185,Dark Grey|Brown|Purple|Lime Green,#485259|#55331A|#6C47B2|#D5D701,49.3010,44.3028,43.0028,41.7306,40.0662,95.9564,43.0167
1186,Green|Olive Green|Lime Green|Magenta,#06924D|#948902|#D5D701|#F24574,45.9154,43.8478,43.0766,42.2075,40.9948,112.8296,43.0276
1187,Blue|Dark Grey|Tan|Orange,#003776|#485259|#A79E82|#F67405,45.5752,43.9605,43.1662,42.1048,40.3769,96.5440,43.0327
1188,Grey|Lime Green|Pink|Magenta,#8C9099|#D5D701|#F1A1AF|#F24574,46.2078,44.1466,43.2134,41.9347,39.8824,101.9526,43.0407
1189,Cold White|White|Magenta|Yellow,#D9DFE5|#EBF7FF|#F24574|#FFE800,45.5149,43.9283,43.1809,42.1666,40.5291,103.8843,43.0474
1190,Green|Red|White|Orange,#06924D|#E72F1D|#EBF7FF|#F67405,44.8973,43.6326,43.1141,42.5320,41.4859,128.7338,43.0823
1191,Blue|Cold White|Magenta|Orange,#003776|#D9DFE5|#F24574|#F67405,45.4927,43.9081,43.1906,42.2684,40.7863,98.0361,43.0883
1192,Olive Green|Red|White|Orange,#948902|#E72F1D|#EBF7FF|#F67405,45.3568,43.9638,43.2590,42.2839,40.7022,118.6143,43.1239
1193,Azure Blue|Black|Polymaker Teal|Yellow,#0066D9|#080A0D|#4CC0C7|#FFE800,49.9976,44.3918,43.2057,41.8637,39.9313,95.1780,43.1277
1194,Blue|Dark Grey|Purple|Yellow,#003776|#485259|#6C47B2|#FFE800,48.8516,44.4988,43.1149,41.7582,40.0389,101.2246,43.1285
1195,Blue|Polymaker Teal|White|Orange,#003776|#4CC0C7|#EBF7FF|#F67405,45.5686,44.0407,43.2753,42.2211,40.3755,96.7256,43.1309
1196,Azure Blue|Green|Dark Grey|Yellow,#0066D9|#06924D|#485259|#FFE800,46.4479,44.0467,43.1863,42.2414,40.9375,97.6196,43.1441
1197,Lime Green|Cold White|Magenta|Yellow,#D5D701|#D9DFE5|#F24574|#FFE800,45.7810,44.0669,43.2776,42.2277,40.5208,110.8345,43.1473
1198,Blue|White|Magenta|Orange,#003776|#EBF7FF|#F24574|#F67405,45.5380,43.9461,43.2421,42.3541,40.9028,98.2381,43.1501
1199,Blue|Brown|Magenta|Orange,#003776|#55331A|#F24574|#F67405,45.3676,43.9586,43.2576,42.3541,40.9820,98.8594,43.1563
1200,Polymaker Teal|Dark Olive Drab|Purple|Yellow,#4CC0C7|#575B54|#6C47B2|#FFE800,48.7487,44.4329,43.1120,41.9088,40.4251,101.3152,43.1709
1201,Blue|Black|Magenta|Orange,#003776|#080A0D|#F24574|#F67405,45.6602,44.0011,43.2712,42.3481,40.9538,98.7483,43.1746
1202,Blue|Dark Olive Drab|Purple|Yellow,#003776|#575B54|#6C47B2|#FFE800,49.1486,44.5846,43.1549,41.7695,40.0446,101.1822,43.1771
1203,Brown|Olive Green|Lime Green|Orange,#55331A|#948902|#D5D701|#F67405,46.0510,44.2295,43.3881,42.1337,40.2923,147.6988,43.1816
1204,Blue|Grey|Tan|Orange,#003776|#8C9099|#A79E82|#F67405,45.7417,44.1394,43.3299,42.2256,40.4216,96.7268,43.1825
1205,Azure Blue|Green|Olive Green|Magenta,#0066D9|#06924D|#948902|#F24574,47.5621,44.1673,43.1387,42.2062,41.1195,79.6137,43.1868
1206,Polymaker Teal|Purple|Pink|Yellow,#4CC0C7|#6C47B2|#F1A1AF|#FFE800,47.3932,44.1637,43.1786,42.2293,40.9574,98.1829,43.1965
1207,Brown|Purple|White|Yellow,#55331A|#6C47B2|#EBF7FF|#FFE800,49.3844,44.4376,43.1866,41.9585,40.2706,98.5899,43.1981
1208,Dark Olive Drab|Purple|Olive Green|Yellow,#575B54|#6C47B2|#948902|#FFE800,48.9979,44.6098,43.2048,41.7924,40.0094,100.8569,43.2011
1209,Green|Grey|Olive Green|Red,#06924D|#8C9099|#948902|#E72F1D,47.2870,44.1177,43.0784,42.2961,41.3492,112.9218,43.2069
1210,Azure Blue|Green|Dark Olive Drab|Yellow,#0066D9|#06924D|#575B54|#FFE800,46.7452,44.1504,43.2508,42.2782,40.9604,97.7536,43.2143
1211,Brown|Dark Olive Drab|Purple|Lime Green,#55331A|#575B54|#6C47B2|#D5D701,49.4939,44.5095,43.2185,41.9614,40.3126,96.1718,43.2354
1212,Azure Blue|Black|Lime Green|Yellow,#0066D9|#080A0D|#D5D701|#FFE800,50.3025,44.6283,43.3389,41.8561,39.7488,95.1783,43.2422
1213,Dark Grey|Polymaker Teal|Purple|Yellow,#485259|#4CC0C7|#6C47B2|#FFE800,48.5455,44.4483,43.2113,42.0589,40.5932,101.3378,43.2536
1214,Dark Grey|Purple|Olive Green|Yellow,#485259|#6C47B2|#948902|#FFE800,49.0847,44.6764,43.2643,41.8440,40.0369,100.8923,43.2602
1215,Cold White|Pink|Magenta|Yellow,#D9DFE5|#F1A1AF|#F24574|#FFE800,45.8615,44.1821,43.4110,42.3637,40.6412,109.6820,43.2729
1216,Dark Grey|Purple|Tan|Yellow,#485259|#6C47B2|#A79E82|#FFE800,48.2293,44.5394,43.3193,42.0285,40.3594,100.9145,43.2839
1217,Blue|Black|Dark Olive Drab|Orange,#003776|#080A0D|#575B54|#F67405,45.6213,44.1750,43.4297,42.4001,40.6930,96.7914,43.2876
1218,Blue|Brown|Dark Olive Drab|Orange,#003776|#55331A|#575B54|#F67405,45.6213,44.1750,43.4297,42.4001,40.6930,96.7914,43.2876
1219,Blue|Dark Olive Drab|Grey|Orange,#003776|#575B54|#8C9099|#F67405,45.6213,44.1750,43.4297,42.4001,40.6930,96.7914,43.2876
1220,Blue|Dark Grey|Dark Olive Drab|Orange,#003776|#485259|#575B54|#F67405,45.6228,44.1756,43.4301,42.4004,40.6930,96.7880,43.2880
1221,Dark Grey|Purple|Grey|Yellow,#485259|#6C47B2|#8C9099|#FFE800,48.7466,44.6086,43.2907,41.9706,40.2787,101.3995,43.2896
1222,Blue|Brown|Purple|Lime Green,#003776|#55331A|#6C47B2|#D5D701,49.7247,44.5718,43.2491,42.0096,40.3776,95.9966,43.2907
1223,Brown|Tan|Lime Green|Magenta,#55331A|#A79E82|#D5D701|#F24574,47.6917,44.4992,43.4292,42.0872,40.1697,105.9498,43.2932
1224,Blue|Dark Olive Drab|Cold White|Orange,#003776|#575B54|#D9DFE5|#F67405,45.6254,44.1815,43.4374,42.4100,40.7015,96.8138,43.2957
1225,Azure Blue|Grey|Pink|Yellow,#0066D9|#8C9099|#F1A1AF|#FFE800,45.7655,44.2338,43.4435,42.3774,40.7097,88.8951,43.3056
1226,Blue|Black|Brown|Yellow,#003776|#080A0D|#55331A|#FFE800,48.8257,44.5610,43.3892,42.0617,40.2578,94.0506,43.3113
1227,Dark Olive Drab|Purple|Tan|Yellow,#575B54|#6C47B2|#A79E82|#FFE800,48.4305,44.5940,43.3346,42.0290,40.3680,100.9233,43.3115
1228,Blue|Tan|Cold White|Orange,#003776|#A79E82|#D9DFE5|#F67405,45.9369,44.2996,43.4785,42.3584,40.5126,97.3878,43.3290
1229,Polymaker Teal|Brown|Purple|Lime Green,#4CC0C7|#55331A|#6C47B2|#D5D701,49.3173,44.4357,43.2720,42.2293,40.8561,95.8224,43.3325
1230,Green|Dark Olive Drab|Magenta|Orange,#06924D|#575B54|#F24574|#F67405,45.3493,43.8012,43.3170,42.8726,42.0995,123.0350,43.3369
1231,Blue|Polymaker Teal|Pink|Orange,#003776|#4CC0C7|#F1A1AF|#F67405,45.6459,44.2026,43.4826,42.4760,40.6878,96.6666,43.3393
1232,Green|Purple|White|Yellow,#06924D|#6C47B2|#EBF7FF|#FFE800,47.2191,44.2191,43.3266,42.5033,41.5003,101.8773,43.3612
1233,Blue|Dark Olive Drab|White|Orange,#003776|#575B54|#EBF7FF|#F67405,45.7445,44.2750,43.5058,42.4486,40.6755,97.0212,43.3618
1234,Purple|Grey|Pink|Yellow,#6C47B2|#8C9099|#F1A1AF|#FFE800,47.7084,44.4754,43.4001,42.2531,40.6907,98.2147,43.3642
1235,Green|Tan|Lime Green|Magenta,#06924D|#A79E82|#D5D701|#F24574,46.2677,44.2420,43.4404,42.5261,41.1941,119.2318,43.3840
1236,Green|Polymaker Teal|Olive Green|Red,#06924D|#4CC0C7|#948902|#E72F1D,47.6436,44.3962,43.3107,42.4561,41.3812,105.5615,43.4262
1237,Green|Black|Magenta|Orange,#06924D|#080A0D|#F24574|#F67405,45.6462,43.8066,43.3845,43.0732,42.5384,125.5775,43.4399
1238,Blue|Tan|White|Orange,#003776|#A79E82|#EBF7FF|#F67405,46.0795,44.4060,43.5850,42.4750,40.6336,97.0720,43.4405
1239,Dark Olive Drab|Purple|Grey|Yellow,#575B54|#6C47B2|#8C9099|#FFE800,49.0263,44.7793,43.4363,42.1081,40.4229,101.4068,43.4437
1240,Dark Grey|Olive Green|Magenta|Orange,#485259|#948902|#F24574|#F67405,46.2913,44.2780,43.5124,42.6150,41.3132,118.8565,43.4465
1241,Azure Blue|Black|Dark Grey|Yellow,#0066D9|#080A0D|#485259|#FFE800,50.4844,44.8827,43.5830,42.0551,39.8635,95.2156,43.4689
1242,Blue|Tan|Pink|Orange,#003776|#A79E82|#F1A1AF|#F67405,45.9839,44.3925,43.6159,42.5555,40.8101,96.8974,43.4740
1243,Azure Blue|Lime Green|Pink|Yellow,#0066D9|#D5D701|#F1A1AF|#FFE800,45.8022,44.3700,43.6203,42.6093,40.9965,89.4028,43.4897
1244,Azure Blue|Black|Grey|Yellow,#0066D9|#080A0D|#8C9099|#FFE800,50.5193,44.9176,43.6202,42.0912,39.8965,95.1750,43.5044
1245,Azure Blue|Black|Cold White|Yellow,#0066D9|#080A0D|#D9DFE5|#FFE800,50.5437,44.9226,43.6234,42.0932,39.8979,95.1780,43.5079
1246,Blue|Brown|Dark Olive Drab|Yellow,#003776|#55331A|#575B54|#FFE800,48.3787,44.7328,43.6114,42.2939,40.4159,94.0543,43.5134
1247,Brown|Lime Green|White|Magenta,#55331A|#D5D701|#EBF7FF|#F24574,48.3350,44.8266,43.6684,42.2128,40.0279,95.9129,43.5197
1248,Green|Grey|Olive Green|Orange,#06924D|#8C9099|#948902|#F67405,45.7614,44.3110,43.6149,42.7555,41.2901,127.3835,43.5332
1249,Purple|Tan|Pink|Yellow,#6C47B2|#A79E82|#F1A1AF|#FFE800,48.0887,44.7004,43.5766,42.3736,40.7423,98.3369,43.5370
1250,Blue|Purple|Lime Green|Yellow,#003776|#6C47B2|#D5D701|#FFE800,49.2129,44.9008,43.5384,42.1848,40.4594,101.1843,43.5428
1251,Blue|Dark Grey|Brown|Yellow,#003776|#485259|#55331A|#FFE800,48.3997,44.7595,43.6396,42.3344,40.4504,94.0439,43.5470
1252,Blue|Azure Blue|Black|Yellow,#003776|#0066D9|#080A0D|#FFE800,50.4699,44.9986,43.6882,42.1528,39.9522,95.3234,43.5757
1253,Azure Blue|Black|Dark Olive Drab|Yellow,#0066D9|#080A0D|#575B54|#FFE800,50.5700,45.0032,43.7046,42.1749,39.9780,95.1780,43.5890
1254,Azure Blue|Purple|Pink|Yellow,#0066D9|#6C47B2|#F1A1AF|#FFE800,47.8627,44.7055,43.6431,42.4953,40.9079,98.2361,43.6004
1255,Blue|Brown|Lime Green|Yellow,#003776|#55331A|#D5D701|#FFE800,48.6397,44.8376,43.6903,42.3809,40.5024,94.0505,43.6093
1256,Purple|Olive Green|Pink|Yellow,#6C47B2|#948902|#F1A1AF|#FFE800,49.1734,44.9693,43.6275,42.2806,40.5122,98.4041,43.6250
1257,Blue|Dark Olive Drab|Pink|Orange,#003776|#575B54|#F1A1AF|#F67405,45.8267,44.4682,43.7679,42.7841,41.1191,96.8007,43.6262
1258,Azure Blue|Olive Green|Pink|Yellow,#0066D9|#948902|#F1A1AF|#FFE800,47.0164,44.7314,43.7804,42.5720,40.7250,90.7435,43.6517
1259,Brown|Olive Green|Lime Green|Magenta,#55331A|#948902|#D5D701|#F24574,48.2826,44.8738,43.7867,42.4378,40.5655,111.1502,43.6558
1260,Green|Dark Grey|Olive Green|Red,#06924D|#485259|#948902|#E72F1D,47.9946,44.5068,43.4843,42.8080,42.0712,117.4438,43.6574
1261,Blue|Purple|Olive Green|Yellow,#003776|#6C47B2|#948902|#FFE800,49.7112,45.1107,43.6566,42.2125,40.3592,100.8679,43.6616
1262,Blue|Black|White|Orange,#003776|#080A0D|#EBF7FF|#F67405,46.5839,44.6311,43.8042,42.7174,40.9109,97.3898,43.6742
1263,Blue|Purple|Cold White|Yellow,#003776|#6C47B2|#D9DFE5|#FFE800,49.2818,45.0382,43.6880,42.3229,40.5557,101.3280,43.6805
1264,Purple|Lime Green|Pink|Yellow,#6C47B2|#D5D701|#F1A1AF|#FFE800,48.5399,44.8730,43.7037,42.4925,40.8669,98.7427,43.6828
1265,Blue|Dark Grey|White|Orange,#003776|#485259|#EBF7FF|#F67405,46.2121,44.6430,43.8462,42.7557,40.9184,97.4645,43.6993
1266,Green|Cold White|Magenta|Orange,#06924D|#D9DFE5|#F24574|#F67405,45.6482,44.3244,43.7556,43.1262,42.0368,117.4626,43.7253
1267,Blue|Brown|White|Orange,#003776|#55331A|#EBF7FF|#F67405,46.3997,44.7100,43.8831,42.7617,40.9057,97.5628,43.7359
1268,Green|Red|Magenta|Orange,#06924D|#E72F1D|#F24574|#F67405,45.4094,44.1627,43.7289,43.3194,42.5675,133.2202,43.7410
1269,Blue|Polymaker Teal|Purple|Yellow,#003776|#4CC0C7|#6C47B2|#FFE800,48.8427,44.9111,43.7136,42.5728,41.1079,101.1822,43.7419
1270,Grey|Olive Green|Magenta|Orange,#8C9099|#948902|#F24574|#F67405,46.3511,44.6975,43.8741,42.7895,41.1959,117.3534,43.7435
1271,Blue|Dark Grey|Cold White|Orange,#003776|#485259|#D9DFE5|#F67405,46.3249,44.7232,43.9007,42.7884,40.9494,97.6383,43.7558
1272,Azure Blue|Tan|Pink|Yellow,#0066D9|#A79E82|#F1A1AF|#FFE800,46.0846,44.6634,43.9135,42.8862,41.2368,89.4028,43.7748
1273,Blue|Azure Blue|Green|Yellow,#003776|#0066D9|#06924D|#FFE800,47.0880,44.6859,43.8261,42.8869,41.5650,98.5476,43.7864
1274,Azure Blue|Black|White|Yellow,#0066D9|#080A0D|#EBF7FF|#FFE800,50.8443,45.1653,43.9016,42.4158,40.2556,95.1742,43.7906
1275,Blue|Brown|Olive Green|Yellow,#003776|#55331A|#948902|#FFE800,48.7277,45.0354,43.8972,42.5471,40.5873,94.0600,43.7913
1276,Blue|Polymaker Teal|Brown|Yellow,#003776|#4CC0C7|#55331A|#FFE800,48.3616,44.8758,43.8725,42.7180,40.9763,94.0573,43.7969
1277,Green|Dark Grey|Olive Green|Orange,#06924D|#485259|#948902|#F67405,46.1461,44.4749,43.8401,43.1217,41.8607,132.7853,43.7983
1278,Blue|Black|Cold White|Orange,#003776|#080A0D|#D9DFE5|#F67405,46.8472,44.8488,43.9647,42.8387,41.0211,97.8079,43.8438
1279,Blue|Dark Grey|Brown|Orange,#003776|#485259|#55331A|#F67405,46.3127,44.7967,44.0077,42.9113,41.0947,97.9111,43.8540
1280,Blue|Dark Grey|Grey|Orange,#003776|#485259|#8C9099|#F67405,46.3164,44.8014,44.0150,42.9214,41.1047,97.8952,43.8614
1281,Polymaker Teal|Olive Green|Magenta|Orange,#4CC0C7|#948902|#F24574|#F67405,46.8028,44.7781,43.9747,42.9847,41.3597,115.1620,43.8814
1282,Azure Blue|Black|Brown|Lime Green,#0066D9|#080A0D|#55331A|#D5D701,50.0434,45.2033,43.9560,42.5608,40.5757,92.3098,43.8820
1283,Blue|Brown|Cold White|Orange,#003776|#55331A|#D9DFE5|#F67405,46.5912,44.8815,44.0317,42.8870,41.0055,98.0388,43.8843
1284,Polymaker Teal|Grey|Lime Green|Magenta,#4CC0C7|#8C9099|#D5D701|#F24574,47.0152,44.9193,44.0086,42.8506,40.9781,104.0999,43.8850
1285,Grey|Lime Green|White|Magenta,#8C9099|#D5D701|#EBF7FF|#F24574,46.8612,44.9807,44.0689,42.8192,40.8265,95.4818,43.9000
1286,Blue|Brown|Cold White|Yellow,#003776|#55331A|#D9DFE5|#FFE800,48.8712,45.1445,44.0018,42.6564,40.6929,94.0519,43.9005
1287,Blue|Purple|Grey|Yellow,#003776|#6C47B2|#8C9099|#FFE800,49.2787,45.2336,43.9385,42.6151,40.8771,101.1949,43.9244
1288,Polymaker Teal|Lime Green|Pink|Magenta,#4CC0C7|#D5D701|#F1A1AF|#F24574,46.9032,44.8986,44.0432,42.9563,41.1779,102.1028,43.9275
1289,Blue|Black|Dark Grey|Orange,#003776|#080A0D|#485259|#F67405,46.4875,44.8819,44.0809,42.9741,41.1484,98.1952,43.9280
1290,Azure Blue|Dark Grey|Lime Green|Pink,#0066D9|#485259|#D5D701|#F1A1AF,47.4245,45.0620,44.0793,42.8009,40.8788,86.2645,43.9314
1291,Polymaker Teal|Tan|Lime Green|Magenta,#4CC0C7|#A79E82|#D5D701|#F24574,46.9754,44.9156,44.0460,42.9506,41.1690,103.9109,43.9331
1292,Blue|Brown|Grey|Orange,#003776|#55331A|#8C9099|#F67405,46.4953,44.9125,44.0991,42.9759,41.1228,98.1493,43.9442
1293,Blue|Purple|Tan|Yellow,#003776|#6C47B2|#A79E82|#FFE800,48.8512,45.2137,44.0019,42.6995,40.9710,100.7463,43.9566
1294,Brown|Purple|Grey|Lime Green,#55331A|#6C47B2|#8C9099|#D5D701,50.1927,45.2332,43.9463,42.6895,40.9984,95.9443,43.9613
1295,Azure Blue|Black|Purple|Yellow,#0066D9|#080A0D|#6C47B2|#FFE800,50.3134,45.2973,43.9791,42.6282,40.8667,102.4443,43.9628
1296,Dark Olive Drab|Olive Green|Red|Orange,#575B54|#948902|#E72F1D|#F67405,46.7527,44.7212,44.0133,43.2280,42.0781,133.7248,43.9746
1297,Green|Red|Pink|Orange,#06924D|#E72F1D|#F1A1AF|#F67405,45.7379,44.4842,44.0122,43.5202,42.6283,135.0943,44.0022
1298,Blue|Black|Grey|Orange,#003776|#080A0D|#8C9099|#F67405,46.8074,44.9878,44.1489,43.0273,41.1961,98.3745,44.0075
1299,Green|Purple|Olive Green|Lime Green,#06924D|#6C47B2|#948902|#D5D701,48.2359,44.9965,43.9472,43.0229,41.9595,100.4281,44.0097
1300,Azure Blue|White|Pink|Yellow,#0066D9|#EBF7FF|#F1A1AF|#FFE800,46.1536,44.8330,44.1370,43.1893,41.6445,89.4245,44.0112
1301,Green|Polymaker Teal|Olive Green|Orange,#06924D|#4CC0C7|#948902|#F67405,46.4962,44.9046,44.1421,43.1525,41.4246,123.1365,44.0286
1302,Azure Blue|Black|Olive Green|Magenta,#0066D9|#080A0D|#948902|#F24574,50.2417,45.4554,44.0295,42.6133,40.8694,78.7808,44.0343
1303,Black|Purple|Olive Green|Magenta,#080A0D|#6C47B2|#948902|#F24574,50.3840,45.3558,44.0416,42.7254,41.1439,78.7463,44.0406
1304,Dark Grey|Purple|Lime Green|Pink,#485259|#6C47B2|#D5D701|#F1A1AF,48.4475,45.2317,44.1113,42.8521,41.1375,95.9358,44.0419
1305,Polymaker Teal|Lime Green|Cold White|Magenta,#4CC0C7|#D5D701|#D9DFE5|#F24574,47.0893,45.0339,44.1553,43.0514,41.2616,103.7830,44.0427
1306,Brown|Purple|Olive Green|Lime Green,#55331A|#6C47B2|#948902|#D5D701,50.3155,45.3969,44.0422,42.7008,40.9273,96.4896,44.0489
1307,Blue|Green|Olive Green|Yellow,#003776|#06924D|#948902|#FFE800,47.5809,44.9410,44.0420,43.1602,42.0391,96.9822,44.0506
1308,Blue|Brown|Grey|Yellow,#003776|#55331A|#8C9099|#FFE800,48.9085,45.2775,44.1672,42.8408,40.8670,94.0529,44.0591
1309,Purple|Cold White|Pink|Yellow,#6C47B2|#D9DFE5|#F1A1AF|#FFE800,48.7799,45.2140,44.1218,42.9997,41.4743,98.3982,44.1068
1310,Blue|Grey|Cold White|Orange,#003776|#8C9099|#D9DFE5|#F67405,46.6871,45.0976,44.2741,43.1235,41.1850,98.3746,44.1105
1311,Brown|Purple|Tan|Lime Green,#55331A|#6C47B2|#A79E82|#D5D701,50.2364,45.4165,44.1372,42.8711,41.1399,96.2273,44.1438
1312,Blue|Green|Dark Olive Drab|Yellow,#003776|#06924D|#575B54|#FFE800,48.2126,45.1087,44.1273,43.1995,42.0562,96.8238,44.1541
1313,Brown|Purple|Lime Green|Cold White,#55331A|#6C47B2|#D5D701|#D9DFE5,50.6203,45.4687,44.1153,42.8442,41.1795,96.5144,44.1565
1314,Azure Blue|Polymaker Teal|Brown|Lime Green,#0066D9|#4CC0C7|#55331A|#D5D701,49.5515,45.2595,44.1988,43.0729,41.4358,92.3098,44.1662
1315,Azure Blue|Dark Olive Drab|Lime Green|Pink,#0066D9|#575B54|#D5D701|#F1A1AF,47.7851,45.3252,44.3188,43.0305,41.1035,85.8827,44.1779
1316,Blue|Grey|White|Orange,#003776|#8C9099|#EBF7FF|#F67405,46.8051,45.1716,44.3509,43.2149,41.2875,98.3030,44.1933
1317,Blue|Dark Grey|Pink|Orange,#003776|#485259|#F1A1AF|#F67405,46.5183,45.0924,44.3484,43.2977,41.5227,97.9160,44.1951
1318,Olive Green|Red|Pink|Orange,#948902|#E72F1D|#F1A1AF|#F67405,46.1487,44.9947,44.3433,43.3959,41.9505,132.8950,44.1953
1319,Green|Dark Grey|Purple|Lime Green,#06924D|#485259|#6C47B2|#D5D701,48.5982,45.1639,44.1185,43.2469,42.2609,101.1111,44.2054
1320,Blue|Pink|Magenta|Orange,#003776|#F1A1AF|#F24574|#F67405,46.7675,45.1023,44.3231,43.3102,41.7123,100.9674,44.2063
1321,Blue|Dark Olive Drab|Pink|Yellow,#003776|#575B54|#F1A1AF|#FFE800,48.4636,45.4190,44.2993,43.0073,41.1942,91.1540,44.2132
1322,Olive Green|Lime Green|Magenta|Yellow,#948902|#D5D701|#F24574|#FFE800,47.1827,45.2252,44.3453,43.2118,41.6030,124.4630,44.2185
1323,Purple|White|Pink|Yellow,#6C47B2|#EBF7FF|#F1A1AF|#FFE800,48.8602,45.2961,44.2332,43.1590,41.6899,98.4186,44.2276
1324,Green|Black|Pink|Yellow,#06924D|#080A0D|#F1A1AF|#FFE800,50.2155,45.1897,44.2446,43.3554,42.2250,106.6471,44.2725
1325,Polymaker Teal|Purple|Olive Green|Yellow,#4CC0C7|#6C47B2|#948902|#FFE800,49.8019,45.5014,44.2329,43.0736,41.5779,100.9814,44.2875
1326,Blue|Dark Grey|Pink|Yellow,#003776|#485259|#F1A1AF|#FFE800,48.5002,45.4951,44.3746,43.0873,41.2629,91.1822,44.2912
1327,Green|Purple|Tan|Lime Green,#06924D|#6C47B2|#A79E82|#D5D701,47.6527,45.1330,44.2752,43.4537,42.4568,100.4487,44.2934
1328,Azure Blue|Dark Grey|Brown|Lime Green,#0066D9|#485259|#55331A|#D5D701,49.7084,45.5088,44.3660,43.0831,41.2091,92.3098,44.2960
1329,Polymaker Teal|Purple|Lime Green|Yellow,#4CC0C7|#6C47B2|#D5D701|#FFE800,49.4714,45.4901,44.2620,43.1492,41.7673,101.5687,44.3196
1330,Green|Dark Olive Drab|Purple|Lime Green,#06924D|#575B54|#6C47B2|#D5D701,48.8868,45.3228,44.2309,43.3236,42.3234,101.0824,44.3232
1331,Purple|Olive Green|Lime Green|Yellow,#6C47B2|#948902|#D5D701|#FFE800,50.4182,45.7764,44.3071,42.8744,41.0556,101.2244,44.3254
1332,Polymaker Teal|Lime Green|White|Magenta,#4CC0C7|#D5D701|#EBF7FF|#F24574,47.1305,45.2933,44.4644,43.3765,41.6328,96.9819,44.3349
1333,Blue|Green|Purple|Lime Green,#003776|#06924D|#6C47B2|#D5D701,48.4317,45.2793,44.2874,43.4216,42.4504,101.0043,44.3504
1334,Polymaker Teal|Purple|Cold White|Yellow,#4CC0C7|#6C47B2|#D9DFE5|#FFE800,49.5257,45.5296,44.2940,43.1776,41.7870,101.7463,44.3536
1335,Blue|Green|Dark Grey|Yellow,#003776|#06924D|#485259|#FFE800,48.2986,45.3053,44.3301,43.4043,42.2611,97.1033,44.3548
1336,Azure Blue|Brown|Olive Green|Magenta,#0066D9|#55331A|#948902|#F24574,50.2450,45.7728,44.3737,42.9510,41.1507,78.8422,44.3619
1337,Azure Blue|Cold White|Pink|Yellow,#0066D9|#D9DFE5|#F1A1AF|#FFE800,46.5021,45.2040,44.5062,43.5295,41.9363,89.7758,44.3667
1338,Blue|Grey|Pink|Orange,#003776|#8C9099|#F1A1AF|#F67405,46.7627,45.2998,44.5342,43.4459,41.5975,98.1866,44.3729
1339,Azure Blue|Brown|Dark Olive Drab|Lime Green,#0066D9|#55331A|#575B54|#D5D701,49.7370,45.5795,44.4428,43.1720,41.3148,92.3098,44.3758
1340,Olive Green|Lime Green|White|Magenta,#948902|#D5D701|#EBF7FF|#F24574,47.3252,45.4701,44.5719,43.2946,41.2797,98.9913,44.3824
1341,Blue|Green|Cold White|Yellow,#003776|#06924D|#D9DFE5|#FFE800,48.3220,45.3287,44.3547,43.4362,42.2960,97.0958,44.3824
1342,Blue|Green|Polymaker Teal|Yellow,#003776|#06924D|#4CC0C7|#FFE800,48.3283,45.3342,44.3561,43.4344,42.2927,97.1067,44.3843
1343,Blue|Cold White|White|Orange,#003776|#D9DFE5|#EBF7FF|#F67405,47.1130,45.3813,44.5409,43.3924,41.4403,98.6146,44.3869
1344,Brown|Purple|Lime Green|Pink,#55331A|#6C47B2|#D5D701|#F1A1AF,50.2278,45.7051,44.3734,43.0728,41.3596,95.7659,44.3890
1345,Blue|Black|Brown|Orange,#003776|#080A0D|#55331A|#F67405,47.1880,45.4110,44.5528,43.3742,41.4865,99.3955,44.3926
1346,Blue|Green|Lime Green|Yellow,#003776|#06924D|#D5D701|#FFE800,48.3588,45.3429,44.3696,43.4568,42.3182,97.0958,44.3998
1347,Tan|Lime Green|Pink|Magenta,#A79E82|#D5D701|#F1A1AF|#F24574,47.3524,45.5452,44.6280,43.2686,41.1353,103.2393,44.4069
1348,Green|Olive Green|Cold White|Orange,#06924D|#948902|#D9DFE5|#F67405,46.7177,45.2713,44.5397,43.5725,41.9015,125.0858,44.4219
1349,Blue|Purple|Lime Green|Pink,#003776|#6C47B2|#D5D701|#F1A1AF,48.7097,45.5875,44.4958,43.2659,41.5594,95.9347,44.4267
1350,Dark Olive Drab|Purple|Lime Green|Pink,#575B54|#6C47B2|#D5D701|#F1A1AF,48.9723,45.6407,44.4902,43.2260,41.5097,96.1089,44.4334
1351,Blue|Lime Green|Pink|Yellow,#003776|#D5D701|#F1A1AF|#FFE800,48.8305,45.6787,44.5409,43.2478,41.3991,91.1685,44.4632
1352,Green|Purple|Lime Green|Cold White,#06924D|#6C47B2|#D5D701|#D9DFE5,48.4923,45.4481,44.4242,43.5166,42.4969,101.0595,44.4824
1353,Green|Polymaker Teal|Purple|Lime Green,#06924D|#4CC0C7|#6C47B2|#D5D701,48.4942,45.4455,44.4345,43.5245,42.5052,101.0595,44.4850
1354,Brown|Purple|Olive Green|Magenta,#55331A|#6C47B2|#948902|#F24574,50.1916,45.8632,44.4988,43.1219,41.4907,79.2058,44.4926
1355,Blue|Olive Green|Pink|Yellow,#003776|#948902|#F1A1AF|#FFE800,48.8603,45.7238,44.5830,43.2658,41.3796,90.9747,44.4948
1356,Azure Blue|Brown|Purple|Lime Green,#0066D9|#55331A|#6C47B2|#D5D701,50.3225,45.6946,44.4859,43.2965,41.6552,99.2926,44.4956
1357,Blue|Brown|Tan|Yellow,#003776|#55331A|#A79E82|#FFE800,48.9082,45.7073,44.6517,43.3213,41.3389,94.1159,44.5143
1358,Dark Olive Drab|Olive Green|Magenta|Orange,#575B54|#948902|#F24574|#F67405,47.5085,45.3864,44.6084,43.6987,42.3609,122.8451,44.5425
1359,Purple|Olive Green|Cold White|Yellow,#6C47B2|#948902|#D9DFE5|#FFE800,50.4579,45.9355,44.5326,43.1590,41.3802,101.0727,44.5472
1360,Purple|Grey|Olive Green|Yellow,#6C47B2|#8C9099|#948902|#FFE800,50.2530,45.9336,44.5613,43.1963,41.4230,101.1786,44.5650
1361,Blue|Green|Grey|Yellow,#003776|#06924D|#8C9099|#FFE800,48.3584,45.4871,44.5481,43.6525,42.5187,97.0826,44.5698
1362,Azure Blue|Black|Olive Green|Yellow,#0066D9|#080A0D|#948902|#FFE800,51.5429,46.0748,44.6926,43.0938,40.7898,96.2558,44.5843
1363,Azure Blue|Brown|Grey|Lime Green,#0066D9|#55331A|#8C9099|#D5D701,50.0370,45.8141,44.6720,43.3941,41.5033,92.3098,44.6041
1364,Azure Blue|Brown|Lime Green|Cold White,#0066D9|#55331A|#D5D701|#D9DFE5,50.0377,45.8150,44.6737,43.3972,41.5075,92.3098,44.6061
1365,Blue|Purple|Olive Green|Magenta,#003776|#6C47B2|#948902|#F24574,50.2939,45.9178,44.6047,43.3311,41.8258,79.0894,44.6245
1366,Green|Olive Green|Cold White|Red,#06924D|#948902|#D9DFE5|#E72F1D,48.9197,45.6694,44.5162,43.5958,42.4631,112.7134,44.6326
1367,Azure Blue|Purple|Olive Green|Magenta,#0066D9|#6C47B2|#948902|#F24574,50.1210,46.0074,44.6678,43.2767,41.5018,79.7291,44.6420
1368,Black|Purple|Tan|Lime Green,#080A0D|#6C47B2|#A79E82|#D5D701,51.2186,46.0315,44.6871,43.3084,41.5936,100.4116,44.6699
1369,Blue|Cold White|Pink|Orange,#003776|#D9DFE5|#F1A1AF|#F67405,47.3123,45.6610,44.8482,43.7086,41.7703,98.5260,44.6848
1370,Blue|Azure Blue|Brown|Lime Green,#003776|#0066D9|#55331A|#D5D701,50.1742,45.9005,44.7499,43.4773,41.6060,92.2387,44.6889
1371,Blue|Azure Blue|Lime Green|Pink,#003776|#0066D9|#D5D701|#F1A1AF,48.2945,45.8049,44.8300,43.5946,41.7146,88.2036,44.6997
1372,Green|Olive Green|Magenta|Orange,#06924D|#948902|#F24574|#F67405,46.6210,45.2075,44.6944,44.1920,43.3389,132.6320,44.6997
1373,Blue|Azure Blue|Olive Green|Magenta,#003776|#0066D9|#948902|#F24574,50.1375,46.0839,44.7419,43.3372,41.5408,79.2230,44.7105
1374,Blue|Green|Tan|Yellow,#003776|#06924D|#A79E82|#FFE800,48.0548,45.5519,44.7122,43.8716,42.7730,97.0145,44.7118
1375,Green|Brown|Pink|Yellow,#06924D|#55331A|#F1A1AF|#FFE800,48.7981,45.6590,44.7520,43.7789,42.4630,107.6279,44.7190
1376,Blue|White|Pink|Orange,#003776|#EBF7FF|#F1A1AF|#F67405,47.3532,45.6938,44.8947,43.7897,41.8833,98.6898,44.7418
1377,Dark Olive Drab|Purple|Olive Green|Magenta,#575B54|#6C47B2|#948902|#F24574,50.2438,46.0397,44.7526,43.4493,41.9056,79.1063,44.7445
1378,Polymaker Teal|Purple|Olive Green|Magenta,#4CC0C7|#6C47B2|#948902|#F24574,50.0417,45.8835,44.7281,43.6110,42.2489,79.4039,44.7473
1379,Blue|Brown|Pink|Orange,#003776|#55331A|#F1A1AF|#F67405,47.1839,45.7071,44.9108,43.7897,41.9589,99.3990,44.7484
1380,Blue|Cold White|Pink|Yellow,#003776|#D9DFE5|#F1A1AF|#FFE800,49.0647,45.9831,44.8461,43.5161,41.6013,91.1712,44.7496
1381,Dark Grey|Purple|Olive Green|Magenta,#485259|#6C47B2|#948902|#F24574,50.3569,46.0509,44.7612,43.4693,41.9439,79.2061,44.7601
1382,Black|Purple|White|Yellow,#080A0D|#6C47B2|#EBF7FF|#FFE800,51.3484,46.0168,44.7465,43.5249,41.9565,101.5897,44.7708
1383,Blue|Black|Pink|Orange,#003776|#080A0D|#F1A1AF|#F67405,47.4717,45.7547,44.9328,43.7924,41.9395,99.1966,44.7735
1384,Polymaker Teal|Purple|Grey|Yellow,#4CC0C7|#6C47B2|#8C9099|#FFE800,49.6276,45.8483,44.7312,43.7018,42.3598,101.5834,44.7750
1385,Green|Purple|Grey|Lime Green,#06924D|#6C47B2|#8C9099|#D5D701,48.5993,45.6729,44.7376,43.9001,42.9166,101.1273,44.7865
1386,Green|Black|Red|Orange,#06924D|#080A0D|#E72F1D|#F67405,45.8268,44.9720,44.7858,44.6021,44.1211,138.3134,44.7870
1387,Azure Blue|Brown|Tan|Lime Green,#0066D9|#55331A|#A79E82|#D5D701,50.0091,45.9938,44.8833,43.6082,41.7092,92.3098,44.8010
1388,Blue|Grey|Pink|Yellow,#003776|#8C9099|#F1A1AF|#FFE800,49.0269,46.0160,44.9025,43.6033,41.7059,91.1806,44.8097
1389,Polymaker Teal|Purple|Tan|Yellow,#4CC0C7|#6C47B2|#A79E82|#FFE800,49.2830,45.8514,44.8030,43.7930,42.4461,101.3857,44.8222
1390,Blue|Tan|Pink|Yellow,#003776|#A79E82|#F1A1AF|#FFE800,49.0158,46.0418,44.9269,43.6051,41.7036,91.1745,44.8234
1391,Blue|Polymaker Teal|Pink|Yellow,#003776|#4CC0C7|#F1A1AF|#FFE800,48.6489,45.8826,44.9016,43.7870,42.1197,91.1701,44.8348
1392,Purple|Olive Green|White|Magenta,#6C47B2|#948902|#EBF7FF|#F24574,49.3519,45.9887,44.9008,43.6944,42.1541,73.9783,44.8415
1393,Purple|Grey|Lime Green|Yellow,#6C47B2|#8C9099|#D5D701|#FFE800,49.9156,46.0723,44.8532,43.6272,42.0169,101.7433,44.8497
1394,Black|Dark Grey|Purple|Lime Green,#080A0D|#485259|#6C47B2|#D5D701,52.1144,46.3232,44.8368,43.3822,41.6449,101.0429,44.8527
1395,Black|Purple|Lime Green|Cold White,#080A0D|#6C47B2|#D5D701|#D9DFE5,52.2760,46.3940,44.8488,43.3492,41.5735,101.0190,44.8716
1396,Black|Dark Olive Drab|Purple|Lime Green,#080A0D|#575B54|#6C47B2|#D5D701,52.2404,46.3696,44.8645,43.3966,41.6435,101.0296,44.8831
1397,Azure Blue|Green|Olive Green|Yellow,#0066D9|#06924D|#948902|#FFE800,47.9305,45.7465,44.9386,44.0449,42.7638,101.4668,44.8957
1398,Black|Olive Green|Magenta|Orange,#080A0D|#948902|#F24574|#F67405,47.9516,45.6318,44.9635,44.1858,43.0955,125.8354,44.9088
1399,Blue|Black|Purple|Lime Green,#003776|#080A0D|#6C47B2|#D5D701,52.1504,46.4052,44.8712,43.4295,41.7275,101.0007,44.9173
1400,Purple|Lime Green|Cold White|Yellow,#6C47B2|#D5D701|#D9DFE5|#FFE800,50.6071,46.2354,44.8841,43.6005,41.9731,101.7490,44.9179
1401,Purple|Grey|Tan|Yellow,#6C47B2|#8C9099|#A79E82|#FFE800,49.5354,46.1188,44.9678,43.7461,42.0917,101.5082,44.9324
1402,Black|Purple|Olive Green|Lime Green,#080A0D|#6C47B2|#948902|#D5D701,51.3904,46.4196,44.9767,43.4486,41.5603,100.2396,44.9341
1403,Green|Polymaker Teal|Grey|Orange,#06924D|#4CC0C7|#8C9099|#F67405,47.2083,45.7461,45.0282,44.1236,42.5494,123.8912,44.9348
1404,Azure Blue|Green|Black|Lime Green,#0066D9|#06924D|#080A0D|#D5D701,50.3328,45.8131,44.9233,44.0680,42.9894,99.7769,44.9405
1405,Purple|Grey|Cold White|Yellow,#6C47B2|#8C9099|#D9DFE5|#FFE800,49.9569,46.1624,44.9498,43.7212,42.0886,101.7373,44.9418
1406,Olive Green|Tan|Lime Green|Magenta,#948902|#A79E82|#D5D701|#F24574,47.9622,46.0849,45.1573,43.8004,41.6803,110.0486,44.9427
1407,Green|Brown|Magenta|Orange,#06924D|#55331A|#F24574|#F67405,46.8094,45.3920,44.9311,44.5150,43.7980,130.6094,44.9535
1408,Purple|Grey|Olive Green|Magenta,#6C47B2|#8C9099|#948902|#F24574,50.2876,46.2445,44.9890,43.7245,42.2148,79.4045,44.9845
1409,Purple|Tan|Lime Green|Yellow,#6C47B2|#A79E82|#D5D701|#FFE800,49.8324,46.1998,45.0159,43.7835,42.1295,101.5347,44.9917
1410,Black|Polymaker Teal|Purple|Lime Green,#080A0D|#4CC0C7|#6C47B2|#D5D701,51.6452,46.2480,44.9260,43.7470,42.3185,101.0068,44.9975
1411,Blue|Black|Lime Green|Yellow,#003776|#080A0D|#D5D701|#FFE800,52.1806,46.3888,45.0324,43.6203,41.8292,95.9607,45.0046
1412,Azure Blue|Dark Grey|Purple|Yellow,#0066D9|#485259|#6C47B2|#FFE800,49.7398,46.2077,45.0532,43.8112,42.1446,102.4469,45.0095
1413,Olive Green|Lime Green|Orange|Yellow,#948902|#D5D701|#F67405|#FFE800,46.8473,45.7986,45.1691,44.2461,42.9636,153.3228,45.0223
1414,Azure Blue|Dark Grey|Olive Green|Magenta,#0066D9|#485259|#948902|#F24574,50.5501,46.4311,45.0706,43.6398,41.8011,79.2282,45.0354
1415,Olive Green|Cold White|Magenta|Orange,#948902|#D9DFE5|#F24574|#F67405,47.6982,46.0752,45.1764,43.9975,42.2393,116.9529,45.0363
1416,Green|Grey|Cold White|Orange,#06924D|#8C9099|#D9DFE5|#F67405,47.2325,45.8264,45.1344,44.2517,42.7037,126.1626,45.0390
1417,Purple|Olive Green|Tan|Magenta,#6C47B2|#948902|#A79E82|#F24574,50.1144,46.2975,45.0979,43.8230,42.2473,79.4476,45.0603
1418,Purple|Tan|Cold White|Yellow,#6C47B2|#A79E82|#D9DFE5|#FFE800,49.8567,46.2830,45.1031,43.8548,42.1802,101.4606,45.0689
1419,Azure Blue|Dark Olive Drab|Olive Green|Magenta,#0066D9|#575B54|#948902|#F24574,50.5848,46.4691,45.1119,43.6791,41.8468,79.1746,45.0741
1420,Green|White|Magenta|Orange,#06924D|#EBF7FF|#F24574|#F67405,47.0580,45.6837,45.1236,44.4944,43.3914,126.4595,45.0890
1421,Blue|Green|Lime Green|Pink,#003776|#06924D|#D5D701|#F1A1AF,47.7332,45.7944,45.0969,44.3837,43.4229,87.3223,45.0891
1422,Green|Grey|Tan|Orange,#06924D|#8C9099|#A79E82|#F67405,47.2846,45.8861,45.1971,44.3158,42.7633,127.3835,45.1009
1423,Azure Blue|Dark Olive Drab|Purple|Yellow,#0066D9|#575B54|#6C47B2|#FFE800,49.9943,46.3257,45.1322,43.8799,42.1965,102.4441,45.1028
1424,Blue|Black|Olive Green|Yellow,#003776|#080A0D|#948902|#FFE800,51.5057,46.4119,45.1733,43.7945,41.9627,95.6681,45.1032
1425,Green|Dark Grey|White|Orange,#06924D|#485259|#EBF7FF|#F67405,47.4042,45.8580,45.1996,44.3965,43.0057,129.7999,45.1273
1426,Black|Purple|Grey|Lime Green,#080A0D|#6C47B2|#8C9099|#D5D701,52.2569,46.5576,45.1187,43.7176,42.0008,101.0633,45.1376
1427,Green|Dark Grey|Pink|Orange,#06924D|#485259|#F1A1AF|#F67405,47.0672,45.7271,45.1925,44.5512,43.3581,126.3941,45.1391
1428,Dark Grey|Olive Green|Red|White,#485259|#948902|#E72F1D|#EBF7FF,50.2121,46.3788,45.1133,43.9029,42.3287,104.5794,45.1408
1429,Purple|Olive Green|Tan|Yellow,#6C47B2|#948902|#A79E82|#FFE800,50.7711,46.5093,45.1659,43.7993,41.9907,101.1565,45.1543
1430,Green|Grey|Pink|Orange,#06924D|#8C9099|#F1A1AF|#F67405,46.9642,45.7822,45.2353,44.5291,43.2136,121.9069,45.1557
1431,Purple|Olive Green|Pink|Magenta,#6C47B2|#948902|#F1A1AF|#F24574,49.9348,46.4574,45.2621,43.9013,42.1998,76.5555,45.1794
1432,Purple|Olive Green|Cold White|Magenta,#6C47B2|#948902|#D9DFE5|#F24574,50.4095,46.5025,45.2015,43.8816,42.3088,79.4394,45.1921
1433,Green|Olive Green|Red|White,#06924D|#948902|#E72F1D|#EBF7FF,49.3523,46.2016,45.1316,44.2376,43.0503,113.5411,45.2196
1434,Blue|Black|Dark Grey|Yellow,#003776|#080A0D|#485259|#FFE800,52.1606,46.6127,45.2837,43.8506,41.9716,95.9665,45.2316
1435,Blue|White|Pink|Yellow,#003776|#EBF7FF|#F1A1AF|#FFE800,49.3323,46.4232,45.3389,44.0620,42.1575,91.1655,45.2426
1436,Blue|Black|Polymaker Teal|Yellow,#003776|#080A0D|#4CC0C7|#FFE800,51.8967,46.5166,45.3027,43.9714,42.1115,95.9734,45.2440
1437,Blue|Black|Dark Olive Drab|Yellow,#003776|#080A0D|#575B54|#FFE800,52.2433,46.6312,45.3011,43.8691,42.0055,95.9751,45.2502
1438,Tan|Lime Green|White|Magenta,#A79E82|#D5D701|#EBF7FF|#F24574,48.0679,46.3419,45.4591,44.2089,42.2116,99.9681,45.2754
1439,Azure Blue|Polymaker Teal|Lime Green|Pink,#0066D9|#4CC0C7|#D5D701|#F1A1AF,47.2401,46.0062,45.3932,44.5455,43.1543,85.5290,45.2759
1440,Blue|Black|Cold White|Yellow,#003776|#080A0D|#D9DFE5|#FFE800,52.3482,46.6678,45.3286,43.8862,42.0023,95.9636,45.2770
1441,Green|Dark Olive Drab|Olive Green|Red,#06924D|#575B54|#948902|#E72F1D,49.7521,46.1782,45.1311,44.4126,43.5877,122.8164,45.2954
1442,Grey|Olive Green|Red|Magenta,#8C9099|#948902|#E72F1D|#F24574,50.1781,46.6390,45.2885,43.9522,42.2923,109.3212,45.2956
1443,Green|Dark Grey|Polymaker Teal|Orange,#06924D|#485259|#4CC0C7|#F67405,47.6199,45.9964,45.3560,44.6004,43.2272,132.7382,45.2984
1444,Green|Dark Grey|Brown|Orange,#06924D|#485259|#55331A|#F67405,47.7065,46.0045,45.3744,44.6228,43.2506,132.7853,45.3137
1445,Azure Blue|Brown|Lime Green|White,#0066D9|#55331A|#D5D701|#EBF7FF,50.3905,46.5017,45.4121,44.1389,42.2432,91.3129,45.3203
1446,Azure Blue|Dark Grey|Tan|Yellow,#0066D9|#485259|#A79E82|#FFE800,49.3708,46.5857,45.4736,44.0664,41.9931,97.6149,45.3261
1447,Green|Dark Grey|Grey|Orange,#06924D|#485259|#8C9099|#F67405,47.6338,46.0245,45.3922,44.6424,43.2715,132.7769,45.3335
1448,Green|Grey|White|Orange,#06924D|#8C9099|#EBF7FF|#F67405,47.3440,46.0679,45.4363,44.6051,43.1027,122.5189,45.3365
1449,Green|Dark Grey|Tan|Orange,#06924D|#485259|#A79E82|#F67405,47.6390,46.0308,45.3998,44.6509,43.2803,132.7853,45.3408
1450,Green|Dark Grey|Cold White|Orange,#06924D|#485259|#D9DFE5|#F67405,47.6390,46.0308,45.3998,44.6509,43.2803,132.7853,45.3408
1451,Green|Dark Grey|Dark Olive Drab|Orange,#06924D|#485259|#575B54|#F67405,47.6756,46.0581,45.4259,44.6758,43.3042,133.0502,45.3669
1452,Dark Grey|Olive Green|Red|Magenta,#485259|#948902|#E72F1D|#F24574,50.5798,46.6217,45.3185,44.1357,42.7300,115.5091,45.3787
1453,Polymaker Teal|Olive Green|Red|Magenta,#4CC0C7|#948902|#E72F1D|#F24574,50.5231,46.6576,45.3389,44.1016,42.4565,105.1682,45.3796
1454,Dark Grey|Polymaker Teal|Olive Green|Red,#485259|#4CC0C7|#948902|#E72F1D,50.8293,46.6341,45.3024,44.1724,42.7564,110.7073,45.4033
1455,Azure Blue|Brown|Olive Green|Lime Green,#0066D9|#55331A|#948902|#D5D701,50.5086,46.5981,45.5077,44.2275,42.2511,93.0496,45.4128
1456,Green|Dark Olive Drab|Olive Green|Orange,#06924D|#575B54|#948902|#F67405,47.7606,46.0979,45.4737,44.7298,43.4059,139.0774,45.4139
1457,Azure Blue|Dark Olive Drab|Tan|Yellow,#0066D9|#575B54|#A79E82|#FFE800,49.6413,46.6994,45.5671,44.1592,42.0892,97.7457,45.4293
1458,Azure Blue|Green|Grey|Yellow,#0066D9|#06924D|#8C9099|#FFE800,47.4369,46.1433,45.5100,44.7169,43.5303,100.2291,45.4301
1459,Azure Blue|Olive Green|White|Magenta,#0066D9|#948902|#EBF7FF|#F24574,50.0954,46.7121,45.5304,44.1539,42.2885,74.6264,45.4330
1460,Green|Olive Green|Red|Orange,#06924D|#948902|#E72F1D|#F67405,47.2379,45.8956,45.4400,45.0433,44.3340,142.6110,45.4695
1461,Blue|Green|Olive Green|Magenta,#003776|#06924D|#948902|#F24574,49.9551,46.3558,45.3696,44.5962,43.6701,82.0236,45.4760
1462,Azure Blue|Polymaker Teal|Olive Green|Magenta,#0066D9|#4CC0C7|#948902|#F24574,50.7969,46.7383,45.5127,44.2155,42.5075,79.8619,45.4769
1463,Tan|Lime Green|Cold White|Magenta,#A79E82|#D5D701|#D9DFE5|#F24574,48.3303,46.5762,45.6920,44.4054,42.3219,103.1298,45.4908
1464,Azure Blue|Purple|Lime Green|Pink,#0066D9|#6C47B2|#D5D701|#F1A1AF,49.1455,46.5131,45.5643,44.4730,42.8823,96.6957,45.4931
1465,Blue|Black|Grey|Yellow,#003776|#080A0D|#8C9099|#FFE800,52.3288,46.8822,45.5825,44.1338,42.1992,95.9614,45.5080
1466,Azure Blue|Tan|Lime Green|Pink,#0066D9|#A79E82|#D5D701|#F1A1AF,47.8399,46.4430,45.6916,44.6077,42.8582,85.5465,45.5254
1467,Azure Blue|Olive Green|Cold White|Magenta,#0066D9|#948902|#D9DFE5|#F24574,51.0253,46.9422,45.5784,44.1175,42.2245,79.8778,45.5299
1468,Azure Blue|Grey|Olive Green|Magenta,#0066D9|#8C9099|#948902|#F24574,51.0143,46.9474,45.5851,44.1189,42.2204,79.8567,45.5332
1469,Azure Blue|Grey|Lime Green|Pink,#0066D9|#8C9099|#D5D701|#F1A1AF,47.9915,46.5125,45.7337,44.6350,42.8797,85.9345,45.5737
1470,Green|Polymaker Teal|Cold White|Orange,#06924D|#4CC0C7|#D9DFE5|#F67405,48.0031,46.4653,45.7031,44.6875,42.8799,122.8182,45.5764
1471,Green|Dark Grey|Pink|Yellow,#06924D|#485259|#F1A1AF|#FFE800,48.8596,46.4577,45.6215,44.7025,43.4156,107.0480,45.5801
1472,Olive Green|Lime Green|Cold White|Magenta,#948902|#D5D701|#D9DFE5|#F24574,48.5184,46.6659,45.7727,44.5146,42.4810,104.2294,45.5902
1473,Polymaker Teal|Purple|Lime Green|Pink,#4CC0C7|#6C47B2|#D5D701|#F1A1AF,49.2210,46.5304,45.6388,44.6664,43.2856,96.2299,45.5984
1474,Purple|Grey|Lime Green|Pink,#6C47B2|#8C9099|#D5D701|#F1A1AF,49.5731,46.7400,45.7189,44.5212,42.8088,96.2504,45.6306
1475,Blue|Black|Tan|Yellow,#003776|#080A0D|#A79E82|#FFE800,51.7837,46.9255,45.7394,44.3480,42.4656,95.7715,45.6367
1476,Green|Polymaker Teal|Tan|Orange,#06924D|#4CC0C7|#A79E82|#F67405,48.0653,46.5205,45.7626,44.7570,42.9590,123.1365,45.6388
1477,Dark Grey|Purple|Olive Green|Lime Green,#485259|#6C47B2|#948902|#D5D701,51.0259,47.0207,45.6836,44.2917,42.4987,100.3245,45.6562
1478,Olive Green|Lime Green|Pink|Magenta,#948902|#D5D701|#F1A1AF|#F24574,48.8241,46.9337,45.9230,44.4044,42.0080,114.8847,45.6691
1479,Grey|Olive Green|Red|White,#8C9099|#948902|#E72F1D|#EBF7FF,50.3388,46.9328,45.6918,44.4075,42.6528,103.3167,45.6701
1480,Azure Blue|Olive Green|Tan|Magenta,#0066D9|#948902|#A79E82|#F24574,50.9757,47.0550,45.7437,44.2957,42.3925,79.8824,45.6754
1481,Azure Blue|Olive Green|Pink|Magenta,#0066D9|#948902|#F1A1AF|#F24574,50.6788,47.0530,45.7695,44.2982,42.3468,77.0630,45.6756
1482,Grey|Olive Green|Cold White|Red,#8C9099|#948902|#D9DFE5|#E72F1D,50.6886,47.0709,45.6756,44.2954,42.5432,107.0351,45.6832
1483,Blue|Green|Brown|Lime Green,#003776|#06924D|#55331A|#D5D701,48.7642,46.3273,45.6981,45.0626,44.2609,92.5152,45.6950
1484,Blue|Azure Blue|Purple|Yellow,#003776|#0066D9|#6C47B2|#FFE800,50.1464,46.8244,45.7549,44.5661,42.8969,102.4220,45.6953
1485,Polymaker Teal|Grey|Olive Green|Red,#4CC0C7|#8C9099|#948902|#E72F1D,50.8575,46.9826,45.6616,44.4164,42.7328,105.2235,45.6995
1486,Dark Grey|Purple|Tan|Lime Green,#485259|#6C47B2|#A79E82|#D5D701,50.4317,46.9309,45.7526,44.4710,42.7753,100.2999,45.7009
1487,Green|Polymaker Teal|Pink|Orange,#06924D|#4CC0C7|#F1A1AF|#F67405,47.7577,46.4092,45.7933,45.0055,43.5571,119.7406,45.7074
1488,Purple|Tan|Lime Green|Pink,#6C47B2|#A79E82|#D5D701|#F1A1AF,49.7487,46.8364,45.7897,44.5787,42.8702,96.5450,45.7076
1489,Grey|Olive Green|Tan|Red,#8C9099|#948902|#A79E82|#E72F1D,50.5639,46.9806,45.6958,44.4384,42.7777,110.0741,45.7095
1490,Brown|Purple|Lime Green|White,#55331A|#6C47B2|#D5D701|#EBF7FF,51.5572,46.8695,45.7062,44.5623,42.9679,98.6046,45.7159
1491,Azure Blue|Purple|Tan|Red,#0066D9|#6C47B2|#A79E82|#E72F1D,47.5685,46.3535,45.7880,45.0972,44.2001,94.7365,45.7254
1492,Dark Olive Drab|Purple|White|Yellow,#575B54|#6C47B2|#EBF7FF|#FFE800,50.7208,46.8866,45.7290,44.5699,43.0485,101.6335,45.7282
1493,Dark Grey|Olive Green|Red|Pink,#485259|#948902|#E72F1D|#F1A1AF,50.8440,46.9849,45.6912,44.4751,42.9843,111.1627,45.7300
1494,Grey|Olive Green|Red|Pink,#8C9099|#948902|#E72F1D|#F1A1AF,50.5433,47.0846,45.7537,44.4019,42.6635,107.2613,45.7432
1495,Lime Green|White|Pink|Magenta,#D5D701|#EBF7FF|#F1A1AF|#F24574,48.4943,46.7995,45.9312,44.6987,42.7089,99.0224,45.7491
1496,Dark Grey|Purple|White|Yellow,#485259|#6C47B2|#EBF7FF|#FFE800,50.5602,46.8745,45.7658,44.6315,43.1033,101.6434,45.7530
1497,Black|Olive Green|Red|White,#080A0D|#948902|#E72F1D|#EBF7FF,51.5830,47.0916,45.7067,44.4296,42.9463,108.0241,45.7606
1498,Blue|Brown|White|Yellow,#003776|#55331A|#EBF7FF|#FFE800,49.9121,46.9494,45.9375,44.6264,42.6090,93.2897,45.7879
1499,Green|Brown|Grey|Orange,#06924D|#55331A|#8C9099|#F67405,48.4732,46.6767,45.8831,44.9377,43.3869,138.3435,45.8072
1500,Azure Blue|Black|Tan|Red,#0066D9|#080A0D|#A79E82|#E72F1D,48.7036,46.5272,45.8438,45.1222,44.2114,94.7388,45.8247
1501,Dark Olive Drab|Purple|Olive Green|Lime Green,#575B54|#6C47B2|#948902|#D5D701,51.1965,47.1934,45.8622,44.4877,42.7122,100.4489,45.8406
1502,Polymaker Teal|Red|Magenta|Orange,#4CC0C7|#E72F1D|#F24574|#F67405,47.7195,46.6166,45.9958,45.0701,43.3509,115.0845,45.8434
1503,Dark Olive Drab|Purple|Tan|Lime Green,#575B54|#6C47B2|#A79E82|#D5D701,50.7457,47.1246,45.9084,44.6048,42.8984,100.2999,45.8647
1504,Green|Pink|Magenta|Orange,#06924D|#F1A1AF|#F24574|#F67405,47.7617,46.4020,45.8875,45.3382,44.3525,130.9182,45.8701
1505,Blue|Purple|Olive Green|Lime Green,#003776|#6C47B2|#948902|#D5D701,51.3893,47.2362,45.8800,44.5146,42.7501,100.2088,45.8754
1506,Blue|Azure Blue|Tan|Red,#003776|#0066D9|#A79E82|#E72F1D,47.9213,46.5529,45.9335,45.1995,44.2192,94.7365,45.8762
1507,Brown|Grey|Olive Green|Red,#55331A|#8C9099|#948902|#E72F1D,50.9068,47.2700,45.8683,44.4877,42.7753,110.6225,45.8789
1508,Polymaker Teal|Brown|Olive Green|Red,#4CC0C7|#55331A|#948902|#E72F1D,51.1347,47.2006,45.8585,44.5913,42.8781,105.3148,45.8959
1509,Green|Dark Olive Drab|Pink|Orange,#06924D|#575B54|#F1A1AF|#F67405,47.9187,46.5323,45.9829,45.3195,44.0975,128.1249,45.9259
1510,Polymaker Teal|Olive Green|Red|Pink,#4CC0C7|#948902|#E72F1D|#F1A1AF,51.0186,47.2091,45.9061,44.6617,42.9673,104.4668,45.9354
1511,Green|Cold White|Pink|Orange,#06924D|#D9DFE5|#F1A1AF|#F67405,47.8053,46.5993,46.0204,45.2787,43.9154,118.3962,45.9390
1512,Polymaker Teal|Grey|Olive Green|Orange,#4CC0C7|#8C9099|#948902|#F67405,49.1628,47.0592,46.1051,44.8330,42.7071,123.8040,45.9461
1513,Purple|Lime Green|Cold White|Pink,#6C47B2|#D5D701|#D9DFE5|#F1A1AF,50.1479,47.0781,46.0156,44.8277,43.1448,96.6188,45.9529
1514,Green|Brown|Red|Orange,#06924D|#55331A|#E72F1D|#F67405,47.0937,46.2328,45.9453,45.6731,45.0857,141.5429,45.9529
1515,Polymaker Teal|Olive Green|Cold White|Red,#4CC0C7|#948902|#D9DFE5|#E72F1D,51.1599,47.2553,45.9194,44.6531,42.9388,105.4671,45.9542
1516,Blue|Black|Lime Green|Pink,#003776|#080A0D|#D5D701|#F1A1AF,51.2085,47.1896,46.0691,44.7221,42.8773,86.1891,45.9559
1517,Dark Olive Drab|Olive Green|Red|White,#575B54|#948902|#E72F1D|#EBF7FF,51.0726,47.2338,45.9487,44.6861,42.9982,105.3098,45.9599
1518,Azure Blue|Purple|Tan|Yellow,#0066D9|#6C47B2|#A79E82|#FFE800,50.1896,47.0657,46.0096,44.8571,43.2384,102.4302,45.9614
1519,Azure Blue|Green|Purple|Lime Green,#0066D9|#06924D|#6C47B2|#D5D701,49.2500,46.7577,45.9560,45.1694,44.1821,103.5638,45.9635
1520,Green|Tan|Cold White|Orange,#06924D|#A79E82|#D9DFE5|#F67405,48.2396,46.8168,46.0843,45.1110,43.3820,124.9583,45.9639
1521,Polymaker Teal|Olive Green|Tan|Red,#4CC0C7|#948902|#A79E82|#E72F1D,51.0475,47.2384,45.9391,44.6945,42.9786,105.4705,45.9664
1522,Azure Blue|Olive Green|Lime Green|Pink,#0066D9|#948902|#D5D701|#F1A1AF,49.1976,47.0202,46.1156,44.9403,43.0866,87.6930,45.9802
1523,Azure Blue|Lime Green|White|Pink,#0066D9|#D5D701|#EBF7FF|#F1A1AF,48.1668,46.8656,46.1495,45.1069,43.4194,85.5307,45.9862
1524,Black|Purple|Tan|Red,#080A0D|#6C47B2|#A79E82|#E72F1D,48.7482,46.5308,45.9442,45.4423,44.9109,94.7388,45.9866
1525,Dark Grey|Purple|Lime Green|Cold White,#485259|#6C47B2|#D5D701|#D9DFE5,51.4977,47.3532,46.0145,44.6610,42.9317,101.0104,46.0071
1526,Azure Blue|Brown|Tan|Red,#0066D9|#55331A|#A79E82|#E72F1D,48.4166,46.7188,46.0513,45.2974,44.3122,94.7385,46.0081
1527,Blue|Brown|Lime Green|Pink,#003776|#55331A|#D5D701|#F1A1AF,49.9012,47.1716,46.1297,44.8530,43.0045,85.3391,46.0123
1528,Polymaker Teal|Dark Olive Drab|Olive Green|Red,#4CC0C7|#575B54|#948902|#E72F1D,51.5780,47.3668,45.9418,44.6587,43.0351,110.8599,46.0127
1529,Green|Dark Olive Drab|Grey|Orange,#06924D|#575B54|#8C9099|#F67405,48.3796,46.8084,46.0968,45.2174,43.7144,134.9096,46.0129
1530,Azure Blue|Dark Grey|Polymaker Teal|Yellow,#0066D9|#485259|#4CC0C7|#FFE800,49.7868,47.0940,46.1225,44.9464,43.1838,97.6196,46.0202
1531,Green|Dark Olive Drab|White|Orange,#06924D|#575B54|#EBF7FF|#F67405,48.2358,46.7602,46.1091,45.2875,43.8337,127.9362,46.0239
1532,Olive Green|Tan|Red|Orange,#948902|#A79E82|#E72F1D|#F67405,48.1272,46.8079,46.1388,45.2407,43.8534,135.2444,46.0243
1533,Olive Green|White|Magenta|Orange,#948902|#EBF7FF|#F24574|#F67405,48.3991,46.9475,46.2066,45.1395,43.3903,118.2548,46.0435
1534,Azure Blue|Lime Green|Cold White|Pink,#0066D9|#D5D701|#D9DFE5|#F1A1AF,48.3015,46.9561,46.2297,45.1787,43.4541,85.6179,46.0674
1535,Azure Blue|Polymaker Teal|Dark Olive Drab|Yellow,#0066D9|#4CC0C7|#575B54|#FFE800,50.0604,47.1710,46.1636,44.9646,43.1917,97.7536,46.0678
1536,Green|Dark Olive Drab|Pink|Yellow,#06924D|#575B54|#F1A1AF|#FFE800,49.5807,46.9840,46.1241,45.1772,43.8458,108.5657,46.0806
1537,Dark Grey|Dark Olive Drab|Purple|Lime Green,#485259|#575B54|#6C47B2|#D5D701,51.7435,47.4576,46.0834,44.7127,42.9726,101.0098,46.0852
1538,Blue|Dark Grey|Purple|Lime Green,#003776|#485259|#6C47B2|#D5D701,51.7069,47.4389,46.0827,44.7487,43.0494,100.9294,46.0938
1539,Purple|Olive Green|Lime Green|Pink,#6C47B2|#948902|#D5D701|#F1A1AF,51.0321,47.3538,46.1385,44.8345,43.0240,96.5404,46.0942
1540,Lime Green|Cold White|White|Magenta,#D5D701|#D9DFE5|#EBF7FF|#F24574,48.7658,47.1007,46.2663,45.1048,43.2229,100.4114,46.1028
1541,Green|Tan|Red|Orange,#06924D|#A79E82|#E72F1D|#F67405,47.7920,46.5574,46.1039,45.6536,44.8042,140.8448,46.1055
1542,Blue|Purple|Tan|Red,#003776|#6C47B2|#A79E82|#E72F1D,48.0345,46.6562,46.1365,45.6042,44.9668,94.7365,46.1302
1543,Azure Blue|Dark Grey|Lime Green|Yellow,#0066D9|#485259|#D5D701|#FFE800,50.1345,47.3394,46.2578,44.9250,42.9517,97.6196,46.1322
1544,Brown|Purple|Tan|Red,#55331A|#6C47B2|#A79E82|#E72F1D,48.4977,46.7066,46.1269,45.5658,44.9206,94.7385,46.1362
1545,Azure Blue|Purple|Olive Green|Yellow,#0066D9|#6C47B2|#948902|#FFE800,51.2273,47.3730,46.1715,44.9003,43.1341,102.2804,46.1366
1546,Green|Brown|Purple|Olive Green,#06924D|#55331A|#6C47B2|#948902,49.6742,46.8724,46.0984,45.4358,44.7026,83.7080,46.1541
1547,Green|Olive Green|Red|Pink,#06924D|#948902|#E72F1D|#F1A1AF,50.3674,47.1171,46.0478,45.1952,44.1146,121.6154,46.1562
1548,Dark Grey|Olive Green|Tan|Red,#485259|#948902|#A79E82|#E72F1D,51.3355,47.3564,46.0939,44.9651,43.5554,116.6565,46.1608
1549,Azure Blue|Dark Grey|Dark Olive Drab|Yellow,#0066D9|#485259|#575B54|#FFE800,50.4519,47.4405,46.3065,44.8982,42.8320,97.4354,46.1694
1550,Azure Blue|Polymaker Teal|Purple|Yellow,#0066D9|#4CC0C7|#6C47B2|#FFE800,50.2901,47.1163,46.1881,45.2729,44.0170,102.7049,46.1946
1551,Green|Tan|Magenta|Orange,#06924D|#A79E82|#F24574|#F67405,48.0471,46.7083,46.2102,45.6850,44.7207,131.8099,46.1967
1552,Azure Blue|Dark Olive Drab|Lime Green|Yellow,#0066D9|#575B54|#D5D701|#FFE800,50.3988,47.4278,46.3154,44.9671,42.9934,97.7536,46.1975
1553,Azure Blue|Dark Grey|Tan|Red,#0066D9|#485259|#A79E82|#E72F1D,48.3288,46.8886,46.2554,45.5200,44.5481,94.7384,46.2043
1554,Brown|Olive Green|Red|White,#55331A|#948902|#E72F1D|#EBF7FF,51.4618,47.5553,46.2058,44.8588,43.1070,107.5890,46.2070
1555,Brown|Olive Green|Magenta|Orange,#55331A|#948902|#F24574|#F67405,48.5424,46.9758,46.3062,45.4389,44.1695,128.5780,46.2074
1556,Purple|Lime Green|White|Pink,#6C47B2|#D5D701|#EBF7FF|#F1A1AF,50.2132,47.2560,46.2690,45.1607,43.5844,96.3369,46.2083
1557,Dark Grey|Grey|Olive Green|Red,#485259|#8C9099|#948902|#E72F1D,51.4781,47.4743,46.1456,44.9479,43.5136,116.0337,46.2111
1558,Dark Grey|Purple|Tan|Red,#485259|#6C47B2|#A79E82|#E72F1D,48.2234,46.7677,46.2277,45.6869,45.0668,94.7384,46.2273
1559,Blue|Purple|Tan|Lime Green,#003776|#6C47B2|#A79E82|#D5D701,50.7993,47.4360,46.2917,45.0281,43.3265,100.3578,46.2320
1560,Green|Brown|White|Orange,#06924D|#55331A|#EBF7FF|#F67405,48.8183,47.1116,46.3278,45.3628,43.8187,134.4709,46.2372
1561,Dark Grey|Purple|Grey|Lime Green,#485259|#6C47B2|#8C9099|#D5D701,51.5277,47.5249,46.2513,44.9556,43.2602,101.0158,46.2403
1562,Dark Grey|Red|Magenta|Orange,#485259|#E72F1D|#F24574|#F67405,47.9741,46.8456,46.3386,45.6356,44.4142,120.8100,46.2406
1563,Dark Grey|Polymaker Teal|Olive Green|Orange,#485259|#4CC0C7|#948902|#F67405,49.5362,47.2727,46.3850,45.2380,43.2898,132.7125,46.2554
1564,Green|Olive Green|White|Orange,#06924D|#948902|#EBF7FF|#F67405,48.4798,47.0505,46.3647,45.4680,43.8899,131.3029,46.2592
1565,Azure Blue|Dark Olive Drab|Tan|Red,#0066D9|#575B54|#A79E82|#E72F1D,48.3797,46.9600,46.3212,45.5722,44.5817,94.7380,46.2661
1566,Dark Grey|Olive Green|White|Orange,#485259|#948902|#EBF7FF|#F67405,49.5300,47.3746,46.4281,45.1643,43.1769,129.7436,46.2695
1567,Dark Olive Drab|Purple|Tan|Red,#575B54|#6C47B2|#A79E82|#E72F1D,48.2556,46.8144,46.2753,45.7294,45.1033,94.7380,46.2719
1568,Polymaker Teal|Olive Green|Red|White,#4CC0C7|#948902|#E72F1D|#EBF7FF,51.1490,47.5235,46.2759,45.0348,43.3158,103.1128,46.2791
1569,Azure Blue|Dark Grey|Grey|Yellow,#0066D9|#485259|#8C9099|#FFE800,50.2858,47.5164,46.4258,45.0441,42.9998,97.6196,46.2803
1570,Grey|Olive Green|Cold White|Orange,#8C9099|#948902|#D9DFE5|#F67405,49.4475,47.5511,46.4832,45.0106,42.7767,126.0001,46.2808
1571,Azure Blue|Dark Grey|Cold White|Yellow,#0066D9|#485259|#D9DFE5|#FFE800,50.2941,47.5176,46.4259,45.0442,42.9999,97.6196,46.2809
1572,Green|Polymaker Teal|Dark Olive Drab|Orange,#06924D|#4CC0C7|#575B54|#F67405,48.7563,47.0501,46.3501,45.5194,44.0669,134.7230,46.2847
1573,Blue|Azure Blue|Tan|Yellow,#003776|#0066D9|#A79E82|#FFE800,50.4491,47.5387,46.4224,45.0396,42.9616,98.5198,46.2891
1574,Purple|Tan|White|Yellow,#6C47B2|#A79E82|#EBF7FF|#FFE800,50.9909,47.3917,46.3026,45.1907,43.6426,101.9505,46.2912
1575,Blue|Azure Blue|Dark Olive Drab|Yellow,#003776|#0066D9|#575B54|#FFE800,50.7906,47.5821,46.4128,45.0035,42.9290,98.4627,46.2928
1576,Green|Polymaker Teal|White|Orange,#06924D|#4CC0C7|#EBF7FF|#F67405,48.4361,47.0672,46.4061,45.5258,43.9138,120.2425,46.2965
1577,Blue|Dark Olive Drab|Olive Green|Yellow,#003776|#575B54|#948902|#FFE800,50.9417,47.5973,46.3918,44.9959,43.0709,96.6619,46.2966
1578,Black|Olive Green|Red|Orange,#080A0D|#948902|#E72F1D|#F67405,48.1322,46.8077,46.3950,45.7882,44.8464,138.3792,46.2979
1579,Blue|Dark Olive Drab|Purple|Lime Green,#003776|#575B54|#6C47B2|#D5D701,52.0807,47.6658,46.2758,44.9381,43.2366,100.9151,46.3019
1580,Dark Grey|Polymaker Teal|Purple|Lime Green,#485259|#4CC0C7|#6C47B2|#D5D701,51.2778,47.4371,46.2706,45.1802,43.7783,100.9774,46.3086
1581,Azure Blue|Tan|Red|Pink,#0066D9|#A79E82|#E72F1D|#F1A1AF,48.1387,46.9757,46.3971,45.6474,44.6252,94.7365,46.3115
1582,Purple|Tan|Red|Pink,#6C47B2|#A79E82|#E72F1D|#F1A1AF,48.0260,46.8334,46.3504,45.7911,45.0909,94.7365,46.3122
1583,Dark Grey|Brown|Olive Green|Red,#485259|#55331A|#948902|#E72F1D,51.5616,47.5690,46.2535,45.0607,43.6244,116.7125,46.3149
1584,Dark Grey|Olive Green|Cold White|Red,#485259|#948902|#D9DFE5|#E72F1D,51.5616,47.5690,46.2535,45.0607,43.6244,116.7125,46.3149
1585,Purple|Tan|Red|Magenta,#6C47B2|#A79E82|#E72F1D|#F24574,48.0393,46.8454,46.3614,45.8021,45.1030,94.7365,46.3238
1586,Dark Olive Drab|Purple|Lime Green|Cold White,#575B54|#6C47B2|#D5D701|#D9DFE5,51.9545,47.6841,46.3192,44.9659,43.2440,101.1212,46.3250
1587,Olive Green|Red|Magenta|Orange,#948902|#E72F1D|#F24574|#F67405,48.3707,47.0989,46.4536,45.5717,44.2748,140.1645,46.3353
1588,Purple|Grey|Tan|Red,#6C47B2|#8C9099|#A79E82|#E72F1D,48.0657,46.8631,46.3780,45.8208,45.1247,94.7365,46.3420
1589,Grey|Olive Green|Tan|Orange,#8C9099|#948902|#A79E82|#F67405,49.4340,47.5658,46.5519,45.1329,42.9156,127.3378,46.3494
1590,Azure Blue|Black|Tan|Lime Green,#0066D9|#080A0D|#A79E82|#D5D701,52.5899,47.6577,46.4727,45.0429,42.9854,99.7531,46.3503
1591,Green|Black|Pink|Orange,#06924D|#080A0D|#F1A1AF|#F67405,48.7121,46.9995,46.3791,45.7156,44.6243,134.3970,46.3575
1592,Olive Green|Red|White|Magenta,#948902|#E72F1D|#EBF7FF|#F24574,50.8631,47.6156,46.3937,45.1006,43.3471,104.3394,46.3581
1593,Dark Grey|Olive Green|Pink|Orange,#485259|#948902|#F1A1AF|#F67405,49.2495,47.3481,46.5053,45.3691,43.5788,126.3662,46.3586
1594,Brown|Dark Olive Drab|Purple|Olive Green,#55331A|#575B54|#6C47B2|#948902,50.8540,47.5958,46.4848,45.1302,43.3554,79.0730,46.3630
1595,Dark Grey|Brown|Purple|Olive Green,#485259|#55331A|#6C47B2|#948902,50.9517,47.5893,46.4767,45.1472,43.4087,79.0730,46.3682
1596,Azure Blue|Dark Olive Drab|Grey|Yellow,#0066D9|#575B54|#8C9099|#FFE800,50.5513,47.6252,46.5090,45.1210,43.0757,97.7528,46.3731
1597,Azure Blue|Dark Olive Drab|Cold White|Yellow,#0066D9|#575B54|#D9DFE5|#FFE800,50.5691,47.6328,46.5150,45.1257,43.0801,97.7536,46.3792
1598,Blue|Azure Blue|Dark Grey|Yellow,#003776|#0066D9|#485259|#FFE800,50.6874,47.6537,46.5147,45.1218,43.0684,98.5393,46.3877
1599,Blue|Purple|White|Yellow,#003776|#6C47B2|#EBF7FF|#FFE800,51.1675,47.5245,46.4220,45.2746,43.6969,101.6798,46.3995
1600,Azure Blue|Grey|Tan|Red,#0066D9|#8C9099|#A79E82|#E72F1D,48.2128,47.0615,46.4882,45.7416,44.7035,94.7365,46.4015
1601,Black|Brown|Purple|Olive Green,#080A0D|#55331A|#6C47B2|#948902,51.1805,47.6634,46.5686,45.1543,43.2425,79.0730,46.4088
1602,Blue|Purple|Lime Green|Cold White,#003776|#6C47B2|#D5D701|#D9DFE5,51.7113,47.7399,46.4229,45.0848,43.3718,100.9448,46.4124
1603,Polymaker Teal|Purple|Tan|Red,#4CC0C7|#6C47B2|#A79E82|#E72F1D,48.0975,46.8933,46.4410,45.9354,45.2446,94.7490,46.4143
1604,Olive Green|Pink|Magenta|Orange,#948902|#F1A1AF|#F24574|#F67405,48.6294,47.2885,46.5748,45.5460,43.9943,129.9284,46.4172
1605,Dark Grey|Dark Olive Drab|Olive Green|Red,#485259|#575B54|#948902|#E72F1D,51.7214,47.6707,46.3535,45.1656,43.7259,117.1390,46.4181
1606,Grey|Olive Green|Pink|Orange,#8C9099|#948902|#F1A1AF|#F67405,49.1332,47.5011,46.6113,45.3355,43.3235,121.8508,46.4183
1607,Green|Olive Green|Pink|Orange,#06924D|#948902|#F1A1AF|#F67405,48.4343,47.0759,46.4915,45.7744,44.5012,134.6830,46.4251
1608,Polymaker Teal|Dark Olive Drab|Purple|Lime Green,#4CC0C7|#575B54|#6C47B2|#D5D701,51.5648,47.5873,46.3831,45.2780,43.8686,100.9582,46.4326
1609,Lime Green|Cold White|Pink|Magenta,#D5D701|#D9DFE5|#F1A1AF|#F24574,49.3033,47.5294,46.6314,45.3517,43.2487,105.9554,46.4405
1610,Green|Purple|Lime Green|White,#06924D|#6C47B2|#D5D701|#EBF7FF,49.7172,47.2132,46.4394,45.7192,44.7950,102.2539,46.4662
1611,Dark Olive Drab|Purple|Grey|Lime Green,#575B54|#6C47B2|#8C9099|#D5D701,51.8683,47.7732,46.4707,45.1650,43.4682,101.0194,46.4691
1612,Polymaker Teal|Grey|Red|Orange,#4CC0C7|#8C9099|#E72F1D|#F67405,48.3942,47.2721,46.6363,45.6989,43.9494,119.3888,46.4855
1613,Grey|Olive Green|White|Orange,#8C9099|#948902|#EBF7FF|#F67405,49.4241,47.6319,46.6903,45.3516,43.1799,122.4630,46.4918
1614,Blue|Dark Olive Drab|Lime Green|Yellow,#003776|#575B54|#D5D701|#FFE800,51.6713,47.8525,46.5539,45.1402,43.2305,96.7754,46.4964
1615,Blue|Dark Grey|Olive Green|Yellow,#003776|#485259|#948902|#FFE800,51.0578,47.7901,46.5923,45.2119,43.2739,96.9348,46.5010
1616,Azure Blue|Black|Purple|Lime Green,#0066D9|#080A0D|#6C47B2|#D5D701,52.7195,47.8040,46.5223,45.2152,43.5368,103.5037,46.5096
1617,Green|Cold White|White|Orange,#06924D|#D9DFE5|#EBF7FF|#F67405,48.4436,47.2364,46.6223,45.7878,44.2496,118.1498,46.5121
1618,Azure Blue|Tan|Red|Magenta,#0066D9|#A79E82|#E72F1D|#F24574,48.3222,47.1820,46.6057,45.8530,44.8168,94.7365,46.5175
1619,Dark Olive Drab|Olive Green|Red|Pink,#575B54|#948902|#E72F1D|#F1A1AF,51.7489,47.8217,46.5011,45.2381,43.6426,111.7045,46.5299
1620,Grey|Red|Magenta|Orange,#8C9099|#E72F1D|#F24574|#F67405,48.2457,47.2672,46.6844,45.7991,44.2363,118.7710,46.5331
1621,Dark Grey|Brown|Olive Green|Orange,#485259|#55331A|#948902|#F67405,49.7862,47.6168,46.6960,45.4698,43.5265,132.7793,46.5433
1622,Blue|Olive Green|Lime Green|Yellow,#003776|#948902|#D5D701|#FFE800,51.2863,47.8680,46.6297,45.2235,43.2712,96.9185,46.5458
1623,Olive Green|Tan|Magenta|Orange,#948902|#A79E82|#F24574|#F67405,48.7301,47.3970,46.6921,45.6953,44.1458,126.3725,46.5461
1624,Dark Grey|Olive Green|Tan|Orange,#485259|#948902|#A79E82|#F67405,49.8048,47.6284,46.6977,45.4772,43.5469,132.7693,46.5528
1625,Dark Olive Drab|Grey|Olive Green|Red,#575B54|#8C9099|#948902|#E72F1D,51.9825,47.9257,46.5141,45.1903,43.5843,114.9532,46.5580
1626,Dark Olive Drab|Olive Green|Red|Magenta,#575B54|#948902|#E72F1D|#F24574,51.9101,47.8362,46.5077,45.2883,43.8223,118.0020,46.5622
1627,Blue|Brown|Purple|Olive Green,#003776|#55331A|#6C47B2|#948902,51.3705,47.8178,46.6528,45.3115,43.5545,79.7469,46.5646
1628,Dark Grey|Grey|Olive Green|Orange,#485259|#8C9099|#948902|#F67405,49.8306,47.6641,46.7301,45.5023,43.5687,132.7700,46.5832
1629,Dark Grey|Olive Green|Cold White|Orange,#485259|#948902|#D9DFE5|#F67405,49.8359,47.6704,46.7377,45.5107,43.5777,132.7793,46.5905
1630,Polymaker Teal|Olive Green|Cold White|Orange,#4CC0C7|#948902|#D9DFE5|#F67405,49.9630,47.7882,46.7935,45.4132,43.0582,122.7191,46.6007
1631,Azure Blue|Polymaker Teal|Tan|Red,#0066D9|#4CC0C7|#A79E82|#E72F1D,48.3269,47.1946,46.6738,46.0098,45.0399,94.7490,46.6022
1632,Dark Grey|Dark Olive Drab|Olive Green|Orange,#485259|#575B54|#948902|#F67405,49.8672,47.6791,46.7511,45.5325,43.6030,133.0550,46.6058
1633,Blue|Dark Grey|Dark Olive Drab|Yellow,#003776|#485259|#575B54|#FFE800,51.6749,47.9633,46.6886,45.2704,43.3249,96.7698,46.6169
1634,Black|Brown|Pink|Yellow,#080A0D|#55331A|#F1A1AF|#FFE800,52.5156,47.8764,46.7032,45.3588,43.5272,105.7092,46.6176
1635,Green|Black|White|Orange,#06924D|#080A0D|#EBF7FF|#F67405,49.2139,47.4570,46.7262,45.8014,44.3754,138.1101,46.6292
1636,Azure Blue|Purple|Grey|Yellow,#0066D9|#6C47B2|#8C9099|#FFE800,50.7486,47.6725,46.6832,45.5937,44.0521,102.5357,46.6331
1637,Blue|Dark Olive Drab|Cold White|Yellow,#003776|#575B54|#D9DFE5|#FFE800,51.7322,47.9968,46.7125,45.2763,43.3220,96.7768,46.6365
1638,Azure Blue|Dark Grey|White|Yellow,#0066D9|#485259|#EBF7FF|#FFE800,50.5524,47.8449,46.8009,45.4674,43.4529,97.6188,46.6562
1639,Blue|Purple|Grey|Lime Green,#003776|#6C47B2|#8C9099|#D5D701,51.7207,47.9013,46.6746,45.4178,43.7394,100.9602,46.6596
1640,Grey|Tan|Red|Orange,#8C9099|#A79E82|#E72F1D|#F67405,48.5066,47.4265,46.8017,45.8989,44.3373,122.8762,46.6627
1641,Polymaker Teal|Tan|Red|Orange,#4CC0C7|#A79E82|#E72F1D|#F67405,48.6944,47.4897,46.8243,45.8581,44.0663,118.4598,46.6739
1642,Blue|Polymaker Teal|Purple|Lime Green,#003776|#4CC0C7|#6C47B2|#D5D701,51.3937,47.8040,46.6721,45.5657,44.1272,100.8956,46.6848
1643,Azure Blue|Purple|Lime Green|Yellow,#0066D9|#6C47B2|#D5D701|#FFE800,50.9013,47.7559,46.7370,45.6335,44.0819,102.7251,46.6947
1644,Polymaker Teal|Cold White|Red|Orange,#4CC0C7|#D9DFE5|#E72F1D|#F67405,48.7154,47.5160,46.8524,45.8895,44.1020,118.2312,46.7027
1645,Azure Blue|Dark Grey|Olive Green|Yellow,#0066D9|#485259|#948902|#FFE800,51.4998,48.0550,46.8324,45.3596,43.1976,98.2762,46.7073
1646,Azure Blue|Tan|Red|White,#0066D9|#A79E82|#E72F1D|#EBF7FF,48.5317,47.3895,46.8119,46.0472,44.9682,94.7578,46.7183
1647,Purple|Tan|Red|White,#6C47B2|#A79E82|#E72F1D|#EBF7FF,48.4836,47.2675,46.7663,46.1762,45.3848,94.7578,46.7219
1648,Polymaker Teal|Red|Pink|Orange,#4CC0C7|#E72F1D|#F1A1AF|#F67405,48.6188,47.5107,46.8838,45.9332,44.1264,118.0968,46.7220
1649,Polymaker Teal|Purple|Olive Green|Lime Green,#4CC0C7|#6C47B2|#948902|#D5D701,51.6229,47.8576,46.7011,45.5865,44.1221,100.4144,46.7221
1650,Polymaker Teal|Olive Green|Pink|Orange,#4CC0C7|#948902|#F1A1AF|#F67405,49.7178,47.7304,46.8760,45.7184,43.7191,119.6930,46.7244
1651,Blue|Dark Grey|Lime Green|Yellow,#003776|#485259|#D5D701|#FFE800,51.7944,48.0762,46.7932,45.3805,43.4618,97.0462,46.7283
1652,Polymaker Teal|Olive Green|Tan|Orange,#4CC0C7|#948902|#A79E82|#F67405,50.0552,47.9101,46.9306,45.5619,43.2026,123.0338,46.7360
1653,Azure Blue|Dark Olive Drab|Olive Green|Yellow,#0066D9|#575B54|#948902|#FFE800,51.5151,48.0804,46.8596,45.3965,43.2546,98.5044,46.7385
1654,Azure Blue|Dark Olive Drab|White|Yellow,#0066D9|#575B54|#EBF7FF|#FFE800,50.8073,47.9501,46.8836,45.5372,43.5149,97.7510,46.7436
1655,Blue|Olive Green|Cold White|Yellow,#003776|#948902|#D9DFE5|#FFE800,51.4559,48.0799,46.8488,45.4222,43.4122,96.9185,46.7511
1656,Blue|Green|White|Yellow,#003776|#06924D|#EBF7FF|#FFE800,49.8490,47.5305,46.7672,45.9834,44.9241,97.2627,46.7570
1657,Purple|Olive Green|White|Yellow,#6C47B2|#948902|#EBF7FF|#FFE800,52.1585,47.9791,46.7725,45.5652,43.9180,101.6235,46.7722
1658,Dark Olive Drab|Red|Magenta|Orange,#575B54|#E72F1D|#F24574|#F67405,48.5221,47.3533,46.8630,46.2037,45.0527,123.5701,46.7785
1659,Dark Grey|Polymaker Teal|Red|Orange,#485259|#4CC0C7|#E72F1D|#F67405,48.7216,47.4411,46.8811,46.1204,44.7016,127.6436,46.7807
1660,Azure Blue|Green|Dark Olive Drab|Lime Green,#0066D9|#06924D|#575B54|#D5D701,50.1665,47.6349,46.7980,45.9365,44.8208,101.1732,46.7857
1661,Olive Green|Red|White|Pink,#948902|#E72F1D|#EBF7FF|#F1A1AF,51.2626,48.0433,46.8321,45.5422,43.7533,104.4030,46.7928
1662,Green|Brown|Pink|Orange,#06924D|#55331A|#F1A1AF|#F67405,48.8959,47.4479,46.8360,46.1411,44.9598,134.6041,46.7945
1663,Olive Green|Cold White|Red|Magenta,#948902|#D9DFE5|#E72F1D|#F24574,51.5905,48.2300,46.8205,45.3720,43.5202,107.3538,46.8010
1664,Brown|Purple|Olive Green|Cold White,#55331A|#6C47B2|#948902|#D9DFE5,51.0693,48.0002,46.8987,45.6142,43.9263,79.0730,46.8072
1665,Black|Lime Green|Pink|Yellow,#080A0D|#D5D701|#F1A1AF|#FFE800,54.0903,48.0582,46.8573,45.5579,43.8279,106.6493,46.8081
1666,Green|Olive Green|Pink|Yellow,#06924D|#948902|#F1A1AF|#FFE800,48.8457,47.5962,46.9297,46.0462,44.7242,112.3339,46.8212
1667,Polymaker Teal|Brown|Red|Orange,#4CC0C7|#55331A|#E72F1D|#F67405,49.1763,47.7115,46.9448,45.9332,44.2064,125.2506,46.8224
1668,Azure Blue|Tan|Cold White|Red,#0066D9|#A79E82|#D9DFE5|#E72F1D,48.6286,47.4603,46.9106,46.2235,45.2764,96.2086,46.8419
1669,Purple|Tan|Cold White|Red,#6C47B2|#A79E82|#D9DFE5|#E72F1D,48.5343,47.3296,46.8723,46.3721,45.7368,96.2086,46.8509
1670,Black|Polymaker Teal|Pink|Yellow,#080A0D|#4CC0C7|#F1A1AF|#FFE800,53.6719,48.0660,46.9176,45.6383,43.7918,106.6303,46.8522
1671,Azure Blue|Green|Dark Grey|Lime Green,#0066D9|#06924D|#485259|#D5D701,49.9748,47.6784,46.8849,46.0506,44.9618,101.5221,46.8645
1672,Blue|Polymaker Teal|Dark Olive Drab|Yellow,#003776|#4CC0C7|#575B54|#FFE800,51.4837,48.0623,46.9253,45.6787,43.9016,96.7945,46.8705
1673,Black|Dark Grey|Pink|Yellow,#080A0D|#485259|#F1A1AF|#FFE800,53.9107,48.1671,46.9311,45.5758,43.7512,106.7240,46.8714
1674,Blue|Grey|Olive Green|Yellow,#003776|#8C9099|#948902|#FFE800,51.4940,48.1883,46.9756,45.5613,43.5532,96.9247,46.8748
1675,Green|Polymaker Teal|Pink|Yellow,#06924D|#4CC0C7|#F1A1AF|#FFE800,48.7614,47.6232,46.9982,46.1412,44.8090,109.4442,46.8822
1676,Blue|Dark Grey|Cold White|Yellow,#003776|#485259|#D9DFE5|#FFE800,51.8521,48.2323,46.9581,45.5372,43.5771,97.0449,46.8848
1677,Dark Grey|Brown|Pink|Yellow,#485259|#55331A|#F1A1AF|#FFE800,51.3254,48.1627,47.0230,45.6165,43.5783,105.3821,46.8896
1678,Green|Lime Green|Pink|Yellow,#06924D|#D5D701|#F1A1AF|#FFE800,48.8310,47.6390,47.0033,46.1438,44.8439,112.3341,46.8914
1679,Green|Tan|Pink|Yellow,#06924D|#A79E82|#F1A1AF|#FFE800,48.8395,47.6474,47.0131,46.1584,44.8566,112.6281,46.9029
1680,Black|Dark Olive Drab|Pink|Yellow,#080A0D|#575B54|#F1A1AF|#FFE800,54.0156,48.1952,46.9680,45.6274,43.8291,106.6465,46.9113
1681,Blue|Polymaker Teal|Olive Green|Yellow,#003776|#4CC0C7|#948902|#FFE800,51.1131,48.0604,46.9909,45.7732,43.9868,96.9493,46.9168
1682,Brown|Olive Green|Cold White|Red,#55331A|#948902|#D9DFE5|#E72F1D,52.5513,48.6265,46.9373,45.2270,43.2831,110.3340,46.9268
1683,Blue|Azure Blue|Polymaker Teal|Yellow,#003776|#0066D9|#4CC0C7|#FFE800,50.7573,47.9994,47.0300,45.8748,44.1247,98.5476,46.9371
1684,Blue|Lime Green|Cold White|Yellow,#003776|#D5D701|#D9DFE5|#FFE800,52.0926,48.3108,47.0088,45.5838,43.6304,97.0319,46.9473
1685,Black|Tan|Pink|Yellow,#080A0D|#A79E82|#F1A1AF|#FFE800,54.0196,48.2486,47.0241,45.6497,43.7954,106.6463,46.9492
1686,Purple|Grey|Olive Green|Lime Green,#6C47B2|#8C9099|#948902|#D5D701,52.1575,48.2600,46.9713,45.6403,43.8564,100.5274,46.9502
1687,Polymaker Teal|Brown|Purple|Olive Green,#4CC0C7|#55331A|#6C47B2|#948902,50.9677,47.8981,47.0236,46.0064,44.5846,81.2171,46.9523
1688,Green|Dark Olive Drab|Tan|Orange,#06924D|#575B54|#A79E82|#F67405,49.2797,47.6686,47.0424,46.2607,44.8214,139.0770,46.9646
1689,Green|Dark Olive Drab|Cold White|Orange,#06924D|#575B54|#D9DFE5|#F67405,49.2797,47.6686,47.0424,46.2607,44.8214,139.0770,46.9646
1690,Green|Brown|Dark Olive Drab|Orange,#06924D|#55331A|#575B54|#F67405,49.4254,47.6724,47.0564,46.2991,44.8962,139.4937,46.9858
1691,Black|Grey|Pink|Yellow,#080A0D|#8C9099|#F1A1AF|#FFE800,54.1040,48.3030,47.0617,45.6686,43.7912,106.6842,46.9858
1692,Brown|Purple|Grey|Olive Green,#55331A|#6C47B2|#8C9099|#948902,51.1946,48.1368,47.0844,45.8353,44.1598,81.9800,46.9861
1693,Blue|Dark Olive Drab|Grey|Yellow,#003776|#575B54|#8C9099|#FFE800,51.8306,48.3128,47.0887,45.6779,43.7011,96.7614,46.9953
1694,Dark Grey|Tan|Red|Orange,#485259|#A79E82|#E72F1D|#F67405,48.9042,47.6237,47.0783,46.3727,45.1496,128.3031,46.9982
1695,Brown|Grey|Olive Green|Orange,#55331A|#8C9099|#948902|#F67405,50.4487,48.3158,47.1958,45.6991,43.4999,138.3416,47.0074
1696,Green|Olive Green|Red|Magenta,#06924D|#948902|#E72F1D|#F24574,51.2535,47.9458,46.8812,46.0709,45.0614,127.5486,47.0083
1697,Blue|Azure Blue|Lime Green|Yellow,#003776|#0066D9|#D5D701|#FFE800,51.1244,48.2178,47.1350,45.8137,43.8350,98.5476,47.0157
1698,Blue|Olive Green|Lime Green|Pink,#003776|#948902|#D5D701|#F1A1AF,50.9050,48.1728,47.1246,45.8646,44.0414,87.4211,47.0187
1699,Blue|Azure Blue|Olive Green|Yellow,#003776|#0066D9|#948902|#FFE800,52.0195,48.3722,47.1253,45.6661,43.4944,98.8807,47.0192
1700,Black|Olive Green|Pink|Yellow,#080A0D|#948902|#F1A1AF|#FFE800,54.1252,48.2662,47.0888,45.7807,44.0071,106.7214,47.0235
1701,Olive Green|Tan|Cold White|Red,#948902|#A79E82|#D9DFE5|#E72F1D,51.8357,48.3672,47.0372,45.6799,43.8516,108.7577,47.0236
1702,Green|Polymaker Teal|Brown|Orange,#06924D|#4CC0C7|#55331A|#F67405,49.8137,48.0385,47.1194,46.0147,44.4274,141.1734,47.0266
1703,Azure Blue|Black|Polymaker Teal|Lime Green,#0066D9|#080A0D|#4CC0C7|#D5D701,53.3065,48.1837,47.1146,45.9040,44.1518,99.7769,47.0439
1704,Polymaker Teal|Red|White|Orange,#4CC0C7|#E72F1D|#EBF7FF|#F67405,48.8966,47.8433,47.2318,46.2825,44.4409,117.0411,47.0629
1705,Blue|Dark Olive Drab|Lime Green|Pink,#003776|#575B54|#D5D701|#F1A1AF,51.0107,48.2313,47.1774,45.9072,44.0686,87.3153,47.0692
1706,Olive Green|Cold White|Red|Pink,#948902|#D9DFE5|#E72F1D|#F1A1AF,51.7551,48.4652,47.1028,45.6914,43.8232,105.9757,47.0783
1707,Purple|Olive Green|Lime Green|Cold White,#6C47B2|#948902|#D5D701|#D9DFE5,52.5294,48.4115,47.0718,45.7456,43.9912,100.7410,47.0785
1708,Olive Green|Tan|Red|White,#948902|#A79E82|#E72F1D|#EBF7FF,51.6542,48.3740,47.1320,45.7921,43.9287,106.8707,47.0830
1709,Azure Blue|Black|Grey|Lime Green,#0066D9|#080A0D|#8C9099|#D5D701,53.5502,48.4025,47.1917,45.7699,43.7481,99.7666,47.0862
1710,Green|White|Pink|Yellow,#06924D|#EBF7FF|#F1A1AF|#FFE800,49.0066,47.8316,47.2018,46.3416,45.0268,112.4352,47.0866
1711,Blue|Dark Grey|Grey|Yellow,#003776|#485259|#8C9099|#FFE800,51.8951,48.4096,47.1713,45.7699,43.8147,97.0373,47.0898
1712,Black|Cold White|Pink|Yellow,#080A0D|#D9DFE5|#F1A1AF|#FFE800,54.3017,48.3715,47.1648,45.8157,43.9880,106.6492,47.0936
1713,Blue|Dark Grey|Lime Green|Pink,#003776|#485259|#D5D701|#F1A1AF,51.0004,48.2561,47.2118,45.9498,44.1225,87.3311,47.1029
1714,Blue|Dark Grey|Polymaker Teal|Yellow,#003776|#485259|#4CC0C7|#FFE800,51.6113,48.3022,47.1732,45.9312,44.1486,97.0630,47.1167
1715,Black|Purple|Lime Green|White,#080A0D|#6C47B2|#D5D701|#EBF7FF,53.3679,48.3288,47.1145,45.9087,44.3256,102.1577,47.1188
1716,Azure Blue|Black|Dark Grey|Lime Green,#0066D9|#080A0D|#485259|#D5D701,53.6345,48.4515,47.2434,45.8255,43.8054,99.7769,47.1385
1717,Olive Green|Cold White|Red|White,#948902|#D9DFE5|#E72F1D|#EBF7FF,51.6784,48.4150,47.1832,45.8662,44.0281,104.0775,47.1406
1718,Purple|Olive Green|Tan|Lime Green,#6C47B2|#948902|#A79E82|#D5D701,52.3112,48.4373,47.1653,45.8492,44.0692,100.3158,47.1432
1719,Dark Olive Drab|Olive Green|Pink|Orange,#575B54|#948902|#F1A1AF|#F67405,50.0964,48.1404,47.2910,46.1464,44.3339,128.0897,47.1434
1720,Polymaker Teal|Purple|White|Yellow,#4CC0C7|#6C47B2|#EBF7FF|#FFE800,51.5143,48.0757,47.1257,46.2189,44.9730,101.9766,47.1473
1721,Dark Grey|Red|White|Orange,#485259|#E72F1D|#EBF7FF|#F67405,49.0581,47.8468,47.2621,46.4528,45.0018,125.1930,47.1498
1722,Black|White|Pink|Yellow,#080A0D|#EBF7FF|#F1A1AF|#FFE800,54.2088,48.4622,47.2476,45.8716,43.9257,106.6477,47.1669
1723,Azure Blue|Purple|Cold White|Yellow,#0066D9|#6C47B2|#D9DFE5|#FFE800,51.2329,48.1999,47.2362,46.1524,44.5691,102.5829,47.1762
1724,Dark Olive Drab|Olive Green|White|Orange,#575B54|#948902|#EBF7FF|#F67405,50.3421,48.2898,47.3573,46.0844,44.0331,127.9094,47.1871
1725,Blue|Lime Green|Cold White|Pink,#003776|#D5D701|#D9DFE5|#F1A1AF,51.1372,48.3639,47.3070,46.0330,44.1900,87.3394,47.1984
1726,Black|Olive Green|Red|Pink,#080A0D|#948902|#E72F1D|#F1A1AF,52.5636,48.4669,47.1577,45.9344,44.5460,116.8984,47.2006
1727,Green|Grey|Pink|Yellow,#06924D|#8C9099|#F1A1AF|#FFE800,49.1900,47.9736,47.3235,46.4502,45.0962,108.3513,47.2119
1728,Blue|Dark Olive Drab|Tan|Yellow,#003776|#575B54|#A79E82|#FFE800,51.4973,48.4557,47.3343,45.9697,44.0227,96.6837,47.2127
1729,Olive Green|Cold White|Pink|Orange,#948902|#D9DFE5|#F1A1AF|#F67405,50.0107,48.3674,47.4047,46.0663,43.9827,118.2638,47.2169
1730,Azure Blue|Black|Lime Green|Cold White,#0066D9|#080A0D|#D5D701|#D9DFE5,53.6859,48.5272,47.3252,45.9087,43.8900,99.7769,47.2180
1731,Blue|Azure Blue|Grey|Yellow,#003776|#0066D9|#8C9099|#FFE800,51.3345,48.4485,47.3646,46.0146,43.9871,98.5476,47.2315
1732,Dark Olive Drab|Grey|Olive Green|Orange,#575B54|#8C9099|#948902|#F67405,50.5591,48.4175,47.4033,46.0483,43.9759,134.9113,47.2329
1733,Blue|Grey|Lime Green|Pink,#003776|#8C9099|#D5D701|#F1A1AF,51.1284,48.3857,47.3444,46.0808,44.2436,87.3446,47.2332
1734,Purple|Grey|Tan|Lime Green,#6C47B2|#8C9099|#A79E82|#D5D701,51.4972,48.3990,47.3158,46.1065,44.4216,100.5927,47.2528
1735,Polymaker Teal|Dark Olive Drab|Olive Green|Orange,#4CC0C7|#575B54|#948902|#F67405,50.6774,48.3333,47.3909,46.1800,44.1676,134.6357,47.2566
1736,Polymaker Teal|Purple|Tan|Lime Green,#4CC0C7|#6C47B2|#A79E82|#D5D701,51.3061,48.2697,47.2996,46.2892,44.9111,100.5256,47.2794
1737,Blue|Azure Blue|Black|Lime Green,#003776|#0066D9|#080A0D|#D5D701,53.6461,48.5871,47.3911,45.9755,43.9464,99.7564,47.2813
1738,Polymaker Teal|Dark Olive Drab|Red|Orange,#4CC0C7|#575B54|#E72F1D|#F67405,49.4684,48.0531,47.3801,46.5132,45.0331,128.2936,47.2831
1739,Azure Blue|Green|Polymaker Teal|Yellow,#0066D9|#06924D|#4CC0C7|#FFE800,49.1926,47.9824,47.3749,46.6000,45.4098,101.7631,47.2912
1740,Blue|Grey|Lime Green|Yellow,#003776|#8C9099|#D5D701|#FFE800,52.1649,48.6128,47.3676,45.9763,44.0134,97.0167,47.2946
1741,Azure Blue|Black|Dark Olive Drab|Lime Green,#0066D9|#080A0D|#575B54|#D5D701,53.6985,48.6350,47.4165,45.9875,43.9545,99.7783,47.3113
1742,Blue|Black|Brown|Lime Green,#003776|#080A0D|#55331A|#D5D701,52.2375,48.5105,47.4377,46.1285,44.3617,92.4694,47.3195
1743,Olive Green|Tan|Cold White|Orange,#948902|#A79E82|#D9DFE5|#F67405,50.4945,48.6219,47.5483,46.0243,43.5965,124.7903,47.3231
1744,Blue|Polymaker Teal|Lime Green|Yellow,#003776|#4CC0C7|#D5D701|#FFE800,51.8742,48.5053,47.3754,46.1448,44.3735,97.0617,47.3250
1745,Green|White|Pink|Orange,#06924D|#EBF7FF|#F1A1AF|#F67405,49.3520,48.0404,47.4281,46.6326,45.1862,130.3385,47.3365
1746,Dark Grey|Dark Olive Drab|Red|Orange,#485259|#575B54|#E72F1D|#F67405,49.0314,47.9091,47.4204,46.7697,45.6138,128.6226,47.3394
1747,Dark Grey|Red|Pink|Orange,#485259|#E72F1D|#F1A1AF|#F67405,49.1141,48.0033,47.4708,46.7148,45.3816,126.0410,47.3590
1748,Blue|Tan|Lime Green|Pink,#003776|#A79E82|#D5D701|#F1A1AF,51.1580,48.4924,47.4777,46.2273,44.3789,87.3347,47.3599
1749,Polymaker Teal|Olive Green|White|Orange,#4CC0C7|#948902|#EBF7FF|#F67405,50.4085,48.4306,47.5444,46.2915,44.1102,120.2273,47.3610
1750,Brown|Olive Green|White|Orange,#55331A|#948902|#EBF7FF|#F67405,50.7713,48.6280,47.5466,46.0944,43.9212,134.3817,47.3612
1751,Green|Black|Olive Green|Red,#06924D|#080A0D|#948902|#E72F1D,51.1523,48.0508,47.2497,46.6950,46.0354,128.9287,47.3729
1752,Purple|Tan|Lime Green|Cold White,#6C47B2|#A79E82|#D5D701|#D9DFE5,51.8020,48.5543,47.4356,46.1986,44.4907,100.7076,47.3764
1753,Blue|Dark Grey|Tan|Yellow,#003776|#485259|#A79E82|#FFE800,51.6206,48.6170,47.5092,46.1523,44.2015,96.9670,47.3846
1754,Grey|Red|Pink|Orange,#8C9099|#E72F1D|#F1A1AF|#F67405,49.1673,48.1669,47.5668,46.6450,44.9801,121.2429,47.4059
1755,Azure Blue|Green|Lime Green|Yellow,#0066D9|#06924D|#D5D701|#FFE800,49.2890,48.0912,47.5009,46.7468,45.5626,101.7631,47.4190
1756,Blue|Olive Green|Tan|Yellow,#003776|#948902|#A79E82|#FFE800,51.6821,48.6600,47.5516,46.2025,44.2202,96.8888,47.4312
1757,Polymaker Teal|Purple|Lime Green|Cold White,#4CC0C7|#6C47B2|#D5D701|#D9DFE5,52.0962,48.5388,47.4112,46.3292,44.9383,101.1210,47.4340
1758,Green|Black|Olive Green|Orange,#06924D|#080A0D|#948902|#F67405,49.1800,47.9217,47.5199,46.9474,45.8007,142.8487,47.4346
1759,Brown|Olive Green|Red|Pink,#55331A|#948902|#E72F1D|#F1A1AF,52.2933,48.7645,47.4393,46.1074,44.4848,116.4984,47.4359
1760,Blue|Polymaker Teal|Cold White|Yellow,#003776|#4CC0C7|#D9DFE5|#FFE800,51.9965,48.6416,47.5056,46.2498,44.4370,97.0618,47.4457
1761,Dark Olive Drab|Red|White|Orange,#575B54|#E72F1D|#EBF7FF|#F67405,49.2899,48.1660,47.5793,46.7266,45.2111,124.0291,47.4463
1762,Azure Blue|Green|Tan|Yellow,#0066D9|#06924D|#A79E82|#FFE800,49.4532,48.2066,47.5597,46.7402,45.4303,104.2588,47.4734
1763,Blue|Tan|Lime Green|Yellow,#003776|#A79E82|#D5D701|#FFE800,51.8340,48.7099,47.5883,46.2500,44.3208,96.9570,47.4799
1764,Grey|Red|White|Orange,#8C9099|#E72F1D|#EBF7FF|#F67405,49.2311,48.2628,47.6571,46.7002,44.9228,118.3594,47.4815
1765,Grey|Cold White|Red|Orange,#8C9099|#D9DFE5|#E72F1D|#F67405,49.4093,48.2913,47.6377,46.6775,44.9736,121.1437,47.4844
1766,Brown|Dark Olive Drab|Pink|Yellow,#55331A|#575B54|#F1A1AF|#FFE800,52.1157,48.7848,47.6192,46.1899,44.1252,106.9442,47.4874
1767,Azure Blue|Dark Grey|Purple|Lime Green,#0066D9|#485259|#6C47B2|#D5D701,52.0680,48.6603,47.5423,46.3330,44.7026,103.4486,47.4967
1768,Purple|Grey|White|Yellow,#6C47B2|#8C9099|#EBF7FF|#FFE800,52.0315,48.5390,47.5237,46.4793,45.0126,101.9792,47.5092
1769,Brown|Olive Green|Red|Orange,#55331A|#948902|#E72F1D|#F67405,49.0349,48.0969,47.6277,46.9261,45.8239,141.5495,47.5115
1770,Blue|Polymaker Teal|Olive Green|Magenta,#003776|#4CC0C7|#948902|#F24574,52.9882,48.7487,47.5471,46.3882,44.8444,82.0863,47.5684
1771,Olive Green|White|Pink|Orange,#948902|#EBF7FF|#F1A1AF|#F67405,50.1007,48.6031,47.7780,46.5605,44.5443,120.3316,47.5818
1772,Purple|Lime Green|White|Yellow,#6C47B2|#D5D701|#EBF7FF|#FFE800,52.4552,48.6386,47.5760,46.5311,45.1092,102.0500,47.5848
1773,Blue|Grey|Cold White|Yellow,#003776|#8C9099|#D9DFE5|#FFE800,52.3948,48.9113,47.6829,46.2643,44.2239,97.0217,47.5878
1774,Azure Blue|Polymaker Teal|Purple|Red,#0066D9|#4CC0C7|#6C47B2|#E72F1D,49.1306,48.0612,47.6422,47.1414,46.3881,97.7480,47.6013
1775,Azure Blue|Black|Lime Green|White,#0066D9|#080A0D|#D5D701|#EBF7FF,53.9484,48.8637,47.7274,46.3438,44.3171,98.5439,47.6038
1776,Blue|Black|White|Yellow,#003776|#080A0D|#EBF7FF|#FFE800,53.5867,48.8302,47.7238,46.3791,44.4306,95.9495,47.6046
1777,Blue|Green|Black|Lime Green,#003776|#06924D|#080A0D|#D5D701,52.1824,48.3499,47.5787,46.8621,46.0375,95.6578,47.6060
1778,Blue|Polymaker Teal|Lime Green|Pink,#003776|#4CC0C7|#D5D701|#F1A1AF,50.9264,48.5585,47.7003,46.6648,45.0571,87.2952,47.6117
1779,Black|Olive Green|Red|Magenta,#080A0D|#948902|#E72F1D|#F24574,52.7382,48.7419,47.5786,46.4977,45.2598,124.4841,47.6198
1780,Blue|Polymaker Teal|Grey|Yellow,#003776|#4CC0C7|#8C9099|#FFE800,52.0300,48.8021,47.7026,46.4698,44.6642,97.0492,47.6359
1781,Azure Blue|Purple|White|Yellow,#0066D9|#6C47B2|#EBF7FF|#FFE800,51.8029,48.6284,47.6758,46.6534,45.1619,102.6132,47.6409
1782,Blue|Azure Blue|Cold White|Yellow,#003776|#0066D9|#D9DFE5|#FFE800,51.6798,48.8513,47.7897,46.4520,44.4095,98.5476,47.6517
1783,Olive Green|Cold White|White|Orange,#948902|#D9DFE5|#EBF7FF|#F67405,50.5062,48.8138,47.8795,46.5262,44.2982,118.0332,47.6700
1784,Blue|Dark Grey|Olive Green|Magenta,#003776|#485259|#948902|#F24574,53.3388,48.9869,47.6794,46.3855,44.7578,82.0194,47.6862
1785,Dark Olive Drab|Olive Green|Tan|Red,#575B54|#948902|#A79E82|#E72F1D,52.9378,48.9186,47.6371,46.4601,44.9590,121.5190,47.6894
1786,Azure Blue|Green|Tan|Lime Green,#0066D9|#06924D|#A79E82|#D5D701,49.5251,48.3445,47.7608,47.0448,45.9896,104.3068,47.6946
1787,Brown|Lime Green|Pink|Yellow,#55331A|#D5D701|#F1A1AF|#FFE800,52.8135,48.9922,47.8186,46.4061,44.4373,107.6688,47.6991
1788,Dark Grey|Cold White|Red|Orange,#485259|#D9DFE5|#E72F1D|#F67405,49.6576,48.3850,47.7999,47.0236,45.6522,128.3602,47.7043
1789,Brown|Tan|Pink|Yellow,#55331A|#A79E82|#F1A1AF|#FFE800,52.5441,48.9903,47.8480,46.4241,44.3768,107.6269,47.7072
1790,Blue|Olive Green|Cold White|Magenta,#003776|#948902|#D9DFE5|#F24574,53.5040,49.0451,47.6999,46.3791,44.7258,81.9682,47.7121
1791,Azure Blue|Green|Olive Green|Lime Green,#0066D9|#06924D|#948902|#D5D701,50.9561,48.6614,47.7597,46.7655,45.3950,105.1202,47.7134
1792,Azure Blue|Dark Olive Drab|Purple|Lime Green,#0066D9|#575B54|#6C47B2|#D5D701,52.4398,48.8970,47.7500,46.5447,44.9109,103.4479,47.7209
1793,Dark Olive Drab|Red|Pink|Orange,#575B54|#E72F1D|#F1A1AF|#F67405,49.4482,48.3417,47.8329,47.1121,45.8282,128.3353,47.7269
1794,Blue|Dark Olive Drab|Olive Green|Magenta,#003776|#575B54|#948902|#F24574,53.4387,49.0459,47.7229,46.4138,44.7656,82.0161,47.7298
1795,Polymaker Teal|Brown|Pink|Yellow,#4CC0C7|#55331A|#F1A1AF|#FFE800,52.4285,48.9128,47.8432,46.5492,44.5831,108.3423,47.7310
1796,Blue|Brown|Olive Green|Magenta,#003776|#55331A|#948902|#F24574,53.4972,49.0605,47.7252,46.4115,44.7602,82.0402,47.7360
1797,Blue|Black|Olive Green|Magenta,#003776|#080A0D|#948902|#F24574,53.5640,49.0601,47.7315,46.4169,44.7646,82.0359,47.7385
1798,Polymaker Teal|Purple|Grey|Lime Green,#4CC0C7|#6C47B2|#8C9099|#D5D701,52.1930,48.7631,47.7287,46.7318,45.3846,101.1551,47.7475
1799,Azure Blue|Black|Polymaker Teal|Red,#0066D9|#080A0D|#4CC0C7|#E72F1D,50.3185,48.3374,47.7554,47.1613,46.3290,97.7480,47.7493
1800,Blue|Grey|Tan|Yellow,#003776|#8C9099|#A79E82|#FFE800,52.0716,48.9917,47.8723,46.5080,44.5097,96.9462,47.7499
1801,Black|Olive Green|White|Orange,#080A0D|#948902|#EBF7FF|#F67405,51.3949,48.9423,47.9250,46.5640,44.6095,138.0319,47.7532
1802,Blue|Tan|Cold White|Yellow,#003776|#A79E82|#D9DFE5|#FFE800,52.0842,49.0043,47.8800,46.5109,44.5101,96.9462,47.7576
1803,Azure Blue|Black|Olive Green|Lime Green,#0066D9|#080A0D|#948902|#D5D701,53.6203,49.1203,47.8881,46.3960,44.2163,100.2239,47.7582
1804,Purple|Grey|Lime Green|Cold White,#6C47B2|#8C9099|#D5D701|#D9DFE5,52.5338,48.9554,47.7913,46.5663,44.8816,101.2162,47.7609
1805,Azure Blue|Green|White|Yellow,#0066D9|#06924D|#EBF7FF|#FFE800,49.6020,48.4404,47.8522,47.0907,45.9051,101.7570,47.7656
1806,Tan|Cold White|Red|Orange,#A79E82|#D9DFE5|#E72F1D|#F67405,49.7019,48.6339,47.9353,46.9077,45.0998,121.3617,47.7708
1807,Blue|Brown|Olive Green|Lime Green,#003776|#55331A|#948902|#D5D701,51.8585,48.8809,47.9014,46.6609,44.8600,92.4670,47.7709
1808,Blue|Grey|Olive Green|Magenta,#003776|#8C9099|#948902|#F24574,53.4092,49.0830,47.7630,46.4717,44.8297,81.9721,47.7773
1809,Blue|Azure Blue|Polymaker Teal|Red,#003776|#0066D9|#4CC0C7|#E72F1D,49.5089,48.3017,47.8150,47.2533,46.4135,97.7480,47.7775
1810,Blue|Polymaker Teal|Tan|Yellow,#003776|#4CC0C7|#A79E82|#FFE800,51.7263,48.8710,47.8718,46.6934,44.9180,96.9840,47.7822
1811,Olive Green|Tan|Red|Pink,#948902|#A79E82|#E72F1D|#F1A1AF,52.2522,49.0225,47.8115,46.5426,44.8159,114.6331,47.7825
1812,Azure Blue|Polymaker Teal|Olive Green|Yellow,#0066D9|#4CC0C7|#948902|#FFE800,51.1732,48.7272,47.8653,46.8733,45.3652,101.4668,47.8002
1813,Black|Olive Green|Pink|Orange,#080A0D|#948902|#F1A1AF|#F67405,50.9920,48.8008,47.9373,46.8038,45.1481,134.4679,47.8023
1814,Dark Olive Drab|Olive Green|Cold White|Red,#575B54|#948902|#D9DFE5|#E72F1D,53.2184,49.1045,47.7504,46.5011,44.9829,121.8725,47.8028
1815,Dark Grey|Polymaker Teal|Magenta|Orange,#485259|#4CC0C7|#F24574|#F67405,49.8915,48.5482,47.9359,47.0735,45.5114,118.6323,47.8108
1816,Blue|Dark Grey|Brown|Lime Green,#003776|#485259|#55331A|#D5D701,52.0698,48.9331,47.9363,46.6984,44.9068,92.4715,47.8157
1817,Black|Polymaker Teal|Olive Green|Red,#080A0D|#4CC0C7|#948902|#E72F1D,53.1305,49.0097,47.7765,46.6509,45.1638,116.8920,47.8303
1818,Blue|Azure Blue|Green|Lime Green,#003776|#0066D9|#06924D|#D5D701,50.7076,48.6016,47.8641,47.0621,45.9556,102.9047,47.8318
1819,Azure Blue|Purple|Olive Green|Lime Green,#0066D9|#6C47B2|#948902|#D5D701,52.3526,48.9948,47.8808,46.6738,44.9776,102.7527,47.8343
1820,Blue|Azure Blue|White|Yellow,#003776|#0066D9|#EBF7FF|#FFE800,51.8202,49.0178,47.9723,46.6555,44.6355,98.5446,47.8366
1821,Dark Grey|Lime Green|Pink|Yellow,#485259|#D5D701|#F1A1AF|#FFE800,52.1436,49.0890,47.9667,46.6065,44.6812,107.0533,47.8477
1822,Dark Grey|Grey|Red|Orange,#485259|#8C9099|#E72F1D|#F67405,49.6495,48.4736,47.9430,47.2268,45.9627,128.3516,47.8502
1823,Dark Grey|Brown|Red|Orange,#485259|#55331A|#E72F1D|#F67405,49.6512,48.4754,47.9439,47.2262,45.9636,128.3653,47.8508
1824,Green|Black|Lime Green|Pink,#06924D|#080A0D|#D5D701|#F1A1AF,52.7097,48.6624,47.8546,47.0502,45.9555,96.5814,47.8563
1825,Brown|Dark Olive Drab|Olive Green|Red,#55331A|#575B54|#948902|#E72F1D,53.2498,49.1467,47.8085,46.5769,45.0693,121.9083,47.8618
1826,Brown|Olive Green|Pink|Yellow,#55331A|#948902|#F1A1AF|#FFE800,52.7677,49.1320,47.9956,46.5939,44.5977,107.6431,47.8630
1827,Black|Polymaker Teal|Purple|Red,#080A0D|#4CC0C7|#6C47B2|#E72F1D,50.3566,48.3287,47.8255,47.4113,46.8825,97.7494,47.8700
1828,Blue|Brown|Lime Green|Cold White,#003776|#55331A|#D5D701|#D9DFE5,52.1645,49.0003,47.9913,46.7406,44.9361,92.4683,47.8705
1829,Blue|Brown|Dark Olive Drab|Lime Green,#003776|#55331A|#575B54|#D5D701,52.1501,48.9969,47.9922,46.7479,44.9481,92.4714,47.8724
1830,Azure Blue|Polymaker Teal|Brown|Red,#0066D9|#4CC0C7|#55331A|#E72F1D,50.0815,48.4517,47.8950,47.3055,46.4627,97.7468,47.8786
1831,Dark Olive Drab|Grey|Red|Orange,#575B54|#8C9099|#E72F1D|#F67405,49.7408,48.5473,47.9778,47.2102,45.9020,130.4621,47.8787
1832,Azure Blue|Purple|Tan|Lime Green,#0066D9|#6C47B2|#A79E82|#D5D701,51.6889,48.9347,47.9573,46.8390,45.2553,103.3043,47.8869
1833,Blue|Lime Green|White|Pink,#003776|#D5D701|#EBF7FF|#F1A1AF,51.4768,48.9814,48.0247,46.8326,45.0183,87.3065,47.9070
1834,Blue|Green|Olive Green|Lime Green,#003776|#06924D|#948902|#D5D701,50.4479,48.5716,47.9268,47.2478,46.3618,97.2582,47.9097
1835,Polymaker Teal|Purple|Cold White|Red,#4CC0C7|#6C47B2|#D9DFE5|#E72F1D,49.3963,48.3201,47.9483,47.5400,46.9037,96.7844,47.9300
1836,Brown|Grey|Pink|Yellow,#55331A|#8C9099|#F1A1AF|#FFE800,52.6329,49.2214,48.0815,46.6485,44.5287,107.4055,47.9349
1837,Purple|Cold White|White|Yellow,#6C47B2|#D9DFE5|#EBF7FF|#FFE800,52.7772,48.9838,47.9360,46.8986,45.4662,102.0775,47.9412
1838,Blue|Brown|Grey|Lime Green,#003776|#55331A|#8C9099|#D5D701,52.1840,49.0637,48.0684,46.8266,45.0152,92.4677,47.9451
1839,Blue|Polymaker Teal|Purple|Red,#003776|#4CC0C7|#6C47B2|#E72F1D,49.5514,48.3540,47.9491,47.5400,46.9433,97.7501,47.9470
1840,Polymaker Teal|Brown|Olive Green|Orange,#4CC0C7|#55331A|#948902|#F67405,51.5821,49.2644,48.1161,46.6344,44.4682,141.1038,47.9494
1841,Blue|Olive Green|Tan|Magenta,#003776|#948902|#A79E82|#F24574,53.3015,49.2289,47.9796,46.7087,45.0400,81.9582,47.9688
1842,Green|Black|Purple|Olive Green,#06924D|#080A0D|#6C47B2|#948902,51.6753,48.7321,47.9119,47.2069,46.4249,93.6496,47.9695
1843,Dark Grey|Tan|Magenta|Orange,#485259|#A79E82|#F24574|#F67405,50.0353,48.6833,48.0791,47.2610,45.8768,118.8245,47.9722
1844,Green|Black|Dark Grey|Orange,#06924D|#080A0D|#485259|#F67405,50.0766,48.6077,48.0718,47.3508,46.0276,141.9319,47.9793
1845,Green|Tan|White|Orange,#06924D|#A79E82|#EBF7FF|#F67405,50.1232,48.7815,48.1054,47.1886,45.5372,132.7465,47.9851
1846,Polymaker Teal|Brown|Purple|Red,#4CC0C7|#55331A|#6C47B2|#E72F1D,50.2089,48.4564,47.9642,47.5324,46.9670,97.7489,47.9944
1847,Brown|Grey|Red|Orange,#55331A|#8C9099|#E72F1D|#F67405,50.0575,48.8501,48.1250,47.1407,45.5467,130.7904,47.9954
1848,Azure Blue|Green|Cold White|Yellow,#0066D9|#06924D|#D9DFE5|#FFE800,49.6689,48.6362,48.0955,47.3792,46.2462,101.8489,48.0077
1849,Blue|Green|Purple|Olive Green,#003776|#06924D|#6C47B2|#948902,51.3924,48.7784,47.9744,47.2468,46.4058,90.1847,48.0126
1850,Azure Blue|Black|Red|White,#0066D9|#080A0D|#E72F1D|#EBF7FF,50.6593,48.6186,48.0290,47.4152,46.5655,97.4025,48.0169
1851,Green|Tan|Pink|Orange,#06924D|#A79E82|#F1A1AF|#F67405,49.9822,48.6905,48.1120,47.3699,45.9989,134.8099,48.0302
1852,Blue|Olive Green|Pink|Magenta,#003776|#948902|#F1A1AF|#F24574,53.1350,49.3177,48.0820,46.7808,45.0746,81.1839,48.0492
1853,Green|Dark Grey|Purple|Olive Green,#06924D|#485259|#6C47B2|#948902,51.3716,48.8172,48.0084,47.2940,46.4791,92.7894,48.0556
1854,Dark Grey|Olive Green|Pink|Yellow,#485259|#948902|#F1A1AF|#FFE800,52.2928,49.3059,48.1994,46.8323,44.8342,106.9540,48.0691
1855,Blue|Olive Green|White|Magenta,#003776|#948902|#EBF7FF|#F24574,52.8307,49.2422,48.1120,46.9049,45.2584,83.7333,48.0735
1856,Azure Blue|Dark Olive Drab|Purple|Red,#0066D9|#575B54|#6C47B2|#E72F1D,49.7388,48.5792,48.1097,47.5835,46.9356,97.7053,48.0814
1857,Brown|Cold White|Pink|Yellow,#55331A|#D9DFE5|#F1A1AF|#FFE800,53.0328,49.3911,48.2256,46.7814,44.6794,107.6248,48.0863
1858,Azure Blue|Brown|Red|White,#0066D9|#55331A|#E72F1D|#EBF7FF,50.1761,48.6733,48.1258,47.5076,46.6369,97.4000,48.0905
1859,Azure Blue|Polymaker Teal|Cold White|Red,#0066D9|#4CC0C7|#D9DFE5|#E72F1D,49.6001,48.5861,48.1496,47.6043,46.7370,96.7844,48.0952
1860,Black|Dark Grey|Purple|Olive Green,#080A0D|#485259|#6C47B2|#948902,52.7347,49.3810,48.2212,46.8152,44.9760,89.3265,48.0981
1861,Dark Grey|Dark Olive Drab|Pink|Yellow,#485259|#575B54|#F1A1AF|#FFE800,52.3707,49.3414,48.2364,46.8680,44.8716,107.1054,48.1047
1862,Blue|Polymaker Teal|Brown|Lime Green,#003776|#4CC0C7|#55331A|#D5D701,51.8669,49.0315,48.2144,47.1910,45.6082,92.4706,48.1113
1863,Brown|White|Pink|Yellow,#55331A|#EBF7FF|#F1A1AF|#FFE800,53.0170,49.3973,48.2579,46.8268,44.7108,107.7371,48.1120
1864,Dark Grey|Cold White|Pink|Yellow,#485259|#D9DFE5|#F1A1AF|#FFE800,52.3304,49.3666,48.2657,46.8980,44.9008,107.0551,48.1323
1865,Azure Blue|Dark Grey|Polymaker Teal|Red,#0066D9|#485259|#4CC0C7|#E72F1D,49.9843,48.6935,48.1767,47.5799,46.6914,97.7480,48.1367
1866,Dark Grey|Polymaker Teal|Purple|Red,#485259|#4CC0C7|#6C47B2|#E72F1D,49.8922,48.5818,48.1389,47.6954,47.0766,97.7500,48.1386
1867,Dark Grey|Grey|Pink|Yellow,#485259|#8C9099|#F1A1AF|#FFE800,52.3376,49.3755,48.2750,46.9056,44.9074,107.0549,48.1406
1868,Cold White|Red|Magenta|Orange,#D9DFE5|#E72F1D|#F24574|#F67405,49.9650,48.9877,48.3317,47.2968,45.4281,116.7998,48.1423
1869,Green|Black|Grey|Orange,#06924D|#080A0D|#8C9099|#F67405,50.2447,48.8180,48.2633,47.4899,46.1303,141.8408,48.1539
1870,Black|Dark Olive Drab|Purple|Olive Green,#080A0D|#575B54|#6C47B2|#948902,52.9325,49.4533,48.3125,46.8822,44.9614,90.2256,48.1678
1871,Polymaker Teal|Dark Olive Drab|Purple|Red,#4CC0C7|#575B54|#6C47B2|#E72F1D,49.9527,48.6241,48.1725,47.7249,47.1222,97.7488,48.1745
1872,Black|Purple|Red|White,#080A0D|#6C47B2|#E72F1D|#EBF7FF,50.6996,48.6282,48.1326,47.7234,47.2170,97.4025,48.1758
1873,Azure Blue|Polymaker Teal|Dark Olive Drab|Red,#0066D9|#4CC0C7|#575B54|#E72F1D,50.0436,48.7516,48.2198,47.6054,46.7043,97.7468,48.1785
1874,Azure Blue|Olive Green|Tan|Yellow,#0066D9|#948902|#A79E82|#FFE800,51.8396,49.3109,48.3187,47.0934,45.2095,101.4650,48.2022
1875,Blue|Azure Blue|Purple|Lime Green,#003776|#0066D9|#6C47B2|#D5D701,52.4360,49.3127,48.2704,47.0953,45.4556,103.4469,48.2040
1876,Dark Olive Drab|Olive Green|Tan|Orange,#575B54|#948902|#A79E82|#F67405,51.4480,49.2842,48.3683,47.1345,45.1463,139.0605,48.2093
1877,Green|Dark Olive Drab|Purple|Olive Green,#06924D|#575B54|#6C47B2|#948902,51.5749,48.9803,48.1628,47.4397,46.6174,93.7577,48.2100
1878,Azure Blue|Grey|Olive Green|Yellow,#0066D9|#8C9099|#948902|#FFE800,51.9522,49.3400,48.3310,47.0882,45.1796,100.6162,48.2141
1879,Brown|Dark Olive Drab|Olive Green|Orange,#55331A|#575B54|#948902|#F67405,51.5019,49.2714,48.3738,47.1583,45.2048,139.4939,48.2148
1880,Blue|Brown|Tan|Lime Green,#003776|#55331A|#A79E82|#D5D701,52.1490,49.3058,48.3615,47.1261,45.2880,92.4642,48.2160
1881,Dark Olive Drab|Olive Green|Cold White|Orange,#575B54|#948902|#D9DFE5|#F67405,51.4716,49.2947,48.3780,47.1383,45.1564,139.0829,48.2165
1882,Black|Purple|Olive Green|Cold White,#080A0D|#6C47B2|#948902|#D9DFE5,53.0513,49.5192,48.3917,46.9332,44.9483,90.2256,48.2262
1883,Brown|Olive Green|Pink|Orange,#55331A|#948902|#F1A1AF|#F67405,50.8782,49.2713,48.4100,47.1895,45.3351,134.5798,48.2304
1884,Polymaker Teal|Purple|Grey|Red,#4CC0C7|#6C47B2|#8C9099|#E72F1D,49.7072,48.6328,48.2594,47.8328,47.1885,97.7501,48.2328
1885,Blue|Black|Purple|Olive Green,#003776|#080A0D|#6C47B2|#948902,53.0928,49.5534,48.3666,46.9357,45.0488,88.4047,48.2445
1886,Brown|Purple|Red|White,#55331A|#6C47B2|#E72F1D|#EBF7FF,50.3049,48.6939,48.2268,47.7965,47.2501,97.4000,48.2452
1887,Green|Purple|Olive Green|Cold White,#06924D|#6C47B2|#948902|#D9DFE5,51.5785,49.0130,48.1966,47.4778,46.6627,93.8720,48.2454
1888,Dark Grey|Dark Olive Drab|Purple|Olive Green,#485259|#575B54|#6C47B2|#948902,52.6746,49.5285,48.3648,46.9654,45.1294,89.5475,48.2469
1889,Dark Grey|Tan|Pink|Yellow,#485259|#A79E82|#F1A1AF|#FFE800,52.3512,49.4832,48.3966,47.0194,45.0045,107.0524,48.2513
1890,Azure Blue|Black|Dark Olive Drab|Red,#0066D9|#080A0D|#575B54|#E72F1D,50.3847,48.8112,48.2857,47.7024,46.9468,97.7022,48.2568
1891,Green|Purple|Grey|Olive Green,#06924D|#6C47B2|#8C9099|#948902,51.3396,48.9954,48.2220,47.5307,46.7528,92.2263,48.2630
1892,Dark Grey|Purple|Olive Green|Cold White,#485259|#6C47B2|#948902|#D9DFE5,52.6782,49.5468,48.3865,46.9887,45.1530,89.5475,48.2677
1893,Polymaker Teal|Purple|Red|Pink,#4CC0C7|#6C47B2|#E72F1D|#F1A1AF,49.7352,48.6813,48.3151,47.8831,47.2161,97.7501,48.2822
1894,Azure Blue|Dark Olive Drab|Cold White|Red,#0066D9|#575B54|#D9DFE5|#E72F1D,49.9772,48.8568,48.3403,47.7240,46.8213,96.7643,48.2904
1895,Dark Olive Drab|Purple|Red|White,#575B54|#6C47B2|#E72F1D|#EBF7FF,49.8986,48.7206,48.3025,47.8608,47.2688,97.4289,48.2907
1896,Green|Polymaker Teal|Purple|Olive Green,#06924D|#4CC0C7|#6C47B2|#948902,51.6121,49.0553,48.2477,47.5422,46.7381,94.3520,48.2987
1897,Polymaker Teal|Purple|Red|Magenta,#4CC0C7|#6C47B2|#E72F1D|#F24574,49.7545,48.6998,48.3339,47.9022,47.2339,97.7501,48.3010
1898,Dark Grey|Purple|Lime Green|White,#485259|#6C47B2|#D5D701|#EBF7FF,52.7638,49.3803,48.3349,47.2219,45.6614,102.1545,48.3011
1899,Dark Olive Drab|Purple|Cold White|Red,#575B54|#6C47B2|#D9DFE5|#E72F1D,49.8605,48.7187,48.3096,47.9172,47.4067,96.7643,48.3180
1900,Purple|Olive Green|Lime Green|White,#6C47B2|#948902|#D5D701|#EBF7FF,53.0319,49.4655,48.3551,47.1791,45.5158,101.1935,48.3223
1901,Blue|Dark Grey|Purple|Olive Green,#003776|#485259|#6C47B2|#948902,52.8258,49.6051,48.4432,47.0422,45.1850,88.5848,48.3236
1902,Dark Olive Drab|Purple|Olive Green|Cold White,#575B54|#6C47B2|#948902|#D9DFE5,52.6915,49.5967,48.4507,47.0549,45.2032,90.5122,48.3258
1903,Green|Cold White|Pink|Yellow,#06924D|#D9DFE5|#F1A1AF|#FFE800,50.1163,49.0398,48.4551,47.6377,46.3327,110.8842,48.3387
1904,Dark Grey|Dark Olive Drab|Magenta|Orange,#485259|#575B54|#F24574|#F67405,50.2174,49.0120,48.4604,47.6898,46.3569,119.5761,48.3509
1905,Green|Brown|Olive Green|Red,#06924D|#55331A|#948902|#E72F1D,52.2879,49.1898,48.2237,47.5282,46.7023,129.9288,48.3590
1906,Dark Grey|Polymaker Teal|Pink|Yellow,#485259|#4CC0C7|#F1A1AF|#FFE800,52.1809,49.4572,48.4775,47.2618,45.3943,107.0328,48.3595
1907,Black|Dark Grey|Olive Green|Red,#080A0D|#485259|#948902|#E72F1D,53.4898,49.5904,48.3353,47.1311,45.7344,123.2213,48.3607
1908,Grey|Tan|Magenta|Orange,#8C9099|#A79E82|#F24574|#F67405,50.2691,49.1818,48.5304,47.5433,45.8564,117.2595,48.3626
1909,Blue|Dark Olive Drab|Purple|Olive Green,#003776|#575B54|#6C47B2|#948902,52.9205,49.6636,48.4814,47.0686,45.1995,88.5848,48.3661
1910,Black|Red|Magenta|Orange,#080A0D|#E72F1D|#F24574|#F67405,50.3541,48.9149,48.4353,47.8263,46.8694,128.2470,48.3706
1911,Dark Olive Drab|Tan|Red|Orange,#575B54|#A79E82|#E72F1D|#F67405,50.2782,48.9891,48.4562,47.7544,46.5231,133.6852,48.3717
1912,Tan|Red|Magenta|Orange,#A79E82|#E72F1D|#F24574|#F67405,49.7523,49.0317,48.5345,47.7171,46.2583,126.5927,48.3744
1913,Dark Olive Drab|Lime Green|Pink|Yellow,#575B54|#D5D701|#F1A1AF|#FFE800,52.8723,49.6268,48.4930,47.1244,45.1675,108.5748,48.3756
1914,Blue|Purple|Olive Green|Cold White,#003776|#6C47B2|#948902|#D9DFE5,53.0024,49.6845,48.4877,47.0718,45.1948,88.5848,48.3781
1915,Azure Blue|Grey|Tan|Yellow,#0066D9|#8C9099|#A79E82|#FFE800,50.9357,49.3425,48.5230,47.4180,45.6685,100.2356,48.3803
1916,Azure Blue|Polymaker Teal|Grey|Red,#0066D9|#4CC0C7|#8C9099|#E72F1D,49.8929,48.8818,48.4481,47.8880,46.9986,97.7480,48.3849
1917,Dark Olive Drab|Purple|Lime Green|White,#575B54|#6C47B2|#D5D701|#EBF7FF,52.9826,49.4906,48.4165,47.2823,45.7081,102.1545,48.3864
1918,Azure Blue|Brown|Dark Olive Drab|Red,#0066D9|#55331A|#575B54|#E72F1D,50.2755,48.9342,48.4361,47.8692,47.1189,97.4936,48.4017
1919,Azure Blue|Dark Grey|Red|White,#0066D9|#485259|#E72F1D|#EBF7FF,50.1477,48.9745,48.4596,47.8403,46.9258,97.3984,48.4074
1920,Olive Green|Red|Pink|Magenta,#948902|#E72F1D|#F1A1AF|#F24574,53.1071,49.7756,48.4542,47.0497,45.2597,125.8506,48.4127
1921,Black|Dark Olive Drab|Purple|Red,#080A0D|#575B54|#6C47B2|#E72F1D,50.4113,48.8082,48.3918,48.0511,47.7108,97.7093,48.4296
1922,Azure Blue|Polymaker Teal|Red|Pink,#0066D9|#4CC0C7|#E72F1D|#F1A1AF,49.9382,48.9425,48.5086,47.9336,47.0220,97.7480,48.4381
1923,Dark Grey|Purple|Red|White,#485259|#6C47B2|#E72F1D|#EBF7FF,50.0570,48.8758,48.4463,48.0007,47.3907,97.3984,48.4382
1924,Polymaker Teal|Dark Olive Drab|Magenta|Orange,#4CC0C7|#575B54|#F24574|#F67405,50.7367,49.2670,48.5716,47.6165,45.9636,120.1968,48.4418
1925,Azure Blue|Dark Grey|Tan|Lime Green,#0066D9|#485259|#A79E82|#D5D701,52.1305,49.5919,48.5830,47.2920,45.3648,101.4933,48.4419
1926,Green|Brown|Lime Green|Pink,#06924D|#55331A|#D5D701|#F1A1AF,51.9935,49.3067,48.5060,47.5953,46.2918,97.3206,48.4510
1927,Blue|Azure Blue|Dark Olive Drab|Red,#003776|#0066D9|#575B54|#E72F1D,50.1435,49.0023,48.5084,47.9199,47.1274,97.7014,48.4611
1928,Blue|Green|Dark Olive Drab|Lime Green,#003776|#06924D|#575B54|#D5D701,51.7157,49.2100,48.4481,47.7151,46.8128,96.7197,48.4625
1929,Brown|Red|White|Orange,#55331A|#E72F1D|#EBF7FF|#F67405,50.6442,49.3476,48.6215,47.6095,45.9556,130.6351,48.4785
1930,Azure Blue|Purple|Cold White|Red,#0066D9|#6C47B2|#D9DFE5|#E72F1D,50.2527,49.0488,48.5388,47.9380,47.0476,96.7861,48.4934
1931,Polymaker Teal|Purple|Red|White,#4CC0C7|#6C47B2|#E72F1D|#EBF7FF,49.9240,48.9218,48.5430,48.0709,47.3272,97.7117,48.4963
1932,Green|Olive Green|Tan|Red,#06924D|#948902|#A79E82|#E72F1D,52.7193,49.4527,48.3883,47.5604,46.4974,129.6222,48.5066
1933,Green|Brown|White|Yellow,#06924D|#55331A|#EBF7FF|#FFE800,53.0191,49.4721,48.5453,47.5450,46.1509,113.5684,48.5085
1934,Polymaker Teal|Brown|Magenta|Orange,#4CC0C7|#55331A|#F24574|#F67405,50.9227,49.4288,48.6629,47.5936,45.7374,118.8000,48.5112
1935,Green|Black|Polymaker Teal|Orange,#06924D|#080A0D|#4CC0C7|#F67405,50.4341,49.1188,48.6270,47.9128,46.5770,142.2307,48.5158
1936,Azure Blue|Dark Olive Drab|Tan|Lime Green,#0066D9|#575B54|#A79E82|#D5D701,52.4276,49.6911,48.6467,47.3454,45.4068,101.1489,48.5182
1937,Polymaker Teal|Grey|Magenta|Orange,#4CC0C7|#8C9099|#F24574|#F67405,50.5428,49.3752,48.6982,47.6662,45.7773,115.6573,48.5207
1938,Red|White|Magenta|Orange,#E72F1D|#EBF7FF|#F24574|#F67405,50.0400,49.2993,48.7385,47.7628,45.9238,115.8431,48.5310
1939,Dark Olive Drab|Olive Green|Pink|Yellow,#575B54|#948902|#F1A1AF|#FFE800,52.9598,49.7865,48.6678,47.2801,45.2581,108.4583,48.5333
1940,Brown|Dark Olive Drab|Purple|Red,#55331A|#575B54|#6C47B2|#E72F1D,50.3813,48.9340,48.5308,48.1861,47.8301,97.5265,48.5600
1941,Black|Grey|Olive Green|Red,#080A0D|#8C9099|#948902|#E72F1D,53.8196,49.8671,48.5480,47.2546,45.7883,123.5873,48.5609
1942,Dark Grey|White|Magenta|Orange,#485259|#EBF7FF|#F24574|#F67405,50.6105,49.3005,48.6863,47.8243,46.2997,118.9868,48.5624
1943,Black|Purple|Cold White|Red,#080A0D|#6C47B2|#D9DFE5|#E72F1D,51.3704,49.1565,48.5004,47.9723,47.3520,96.7910,48.5644
1944,Olive Green|Tan|Pink|Orange,#948902|#A79E82|#F1A1AF|#F67405,50.9610,49.5788,48.7729,47.5538,45.5800,129.8982,48.5663
1945,Polymaker Teal|Tan|Magenta|Orange,#4CC0C7|#A79E82|#F24574|#F67405,50.6484,49.4339,48.7444,47.7057,45.8115,115.1575,48.5698
1946,Tan|Red|White|Orange,#A79E82|#E72F1D|#EBF7FF|#F67405,50.2024,49.3790,48.7795,47.7831,45.9717,125.1307,48.5810
1947,Dark Grey|Purple|Cold White|Red,#485259|#6C47B2|#D9DFE5|#E72F1D,50.4200,49.0741,48.5692,48.0887,47.4505,96.7664,48.5814
1948,Olive Green|Tan|Red|Magenta,#948902|#A79E82|#E72F1D|#F24574,53.1267,49.8309,48.5985,47.3360,45.6425,127.4980,48.5835
1949,Green|Brown|Olive Green|Orange,#06924D|#55331A|#948902|#F67405,50.1376,49.1090,48.6692,48.0583,46.8507,146.9192,48.5837
1950,Brown|Purple|Cold White|Red,#55331A|#6C47B2|#D9DFE5|#E72F1D,50.9391,49.1522,48.5686,48.0314,47.3455,96.7856,48.5918
1951,Azure Blue|Olive Green|Lime Green|Yellow,#0066D9|#948902|#D5D701|#FFE800,52.2059,49.6866,48.6988,47.5008,45.6768,101.4676,48.5937
1952,Dark Olive Drab|Cold White|Pink|Yellow,#575B54|#D9DFE5|#F1A1AF|#FFE800,53.0289,49.8538,48.7301,47.3429,45.3236,108.5748,48.5984
1953,Polymaker Teal|Cold White|Magenta|Orange,#4CC0C7|#D9DFE5|#F24574|#F67405,50.6740,49.4669,48.7796,47.7442,45.8556,115.0001,48.6055
1954,Azure Blue|Polymaker Teal|Red|Magenta,#0066D9|#4CC0C7|#E72F1D|#F24574,50.0891,49.1152,48.6847,48.1097,47.2013,97.7480,48.6125
1955,Azure Blue|Black|Cold White|Red,#0066D9|#080A0D|#D9DFE5|#E72F1D,51.4921,49.3657,48.6138,47.8620,46.8490,96.8616,48.6138
1956,Polymaker Teal|Pink|Magenta|Orange,#4CC0C7|#F1A1AF|#F24574|#F67405,50.6907,49.4820,48.7955,47.7575,45.8575,115.1303,48.6198
1957,Dark Grey|White|Pink|Yellow,#485259|#EBF7FF|#F1A1AF|#FFE800,52.6108,49.8232,48.7672,47.4242,45.3978,107.0563,48.6237
1958,Cold White|Red|Pink|Orange,#D9DFE5|#E72F1D|#F1A1AF|#F67405,50.4942,49.4916,48.8233,47.7635,45.8357,117.7957,48.6276
1959,Azure Blue|Green|Grey|Lime Green,#0066D9|#06924D|#8C9099|#D5D701,50.5984,49.3089,48.6950,47.9623,46.9088,102.7867,48.6356
1960,Brown|Olive Green|Red|Magenta,#55331A|#948902|#E72F1D|#F24574,53.1807,49.8628,48.6635,47.4649,46.0156,125.1470,48.6638
1961,Olive Green|Tan|White|Orange,#948902|#A79E82|#EBF7FF|#F67405,51.4328,49.8148,48.8889,47.5147,45.2590,128.7390,48.6647
1962,Azure Blue|Dark Grey|Dark Olive Drab|Red,#0066D9|#485259|#575B54|#E72F1D,50.3572,49.2197,48.7276,48.1311,47.3265,97.7014,48.6754
1963,Blue|Dark Olive Drab|Purple|Red,#003776|#575B54|#6C47B2|#E72F1D,50.2105,49.0620,48.6754,48.3117,47.9209,97.7082,48.6868
1964,Azure Blue|Polymaker Teal|Red|White,#0066D9|#4CC0C7|#E72F1D|#EBF7FF,50.1490,49.2063,48.7663,48.1680,47.2123,97.7117,48.6871
1965,Dark Grey|Cold White|Magenta|Orange,#485259|#D9DFE5|#F24574|#F67405,50.7967,49.4527,48.8107,47.9264,46.4051,119.9381,48.6896
1966,Dark Olive Drab|Grey|Pink|Yellow,#575B54|#8C9099|#F1A1AF|#FFE800,53.0608,49.9666,48.8595,47.4630,45.4055,108.5504,48.7148
1967,Dark Olive Drab|Tan|Pink|Yellow,#575B54|#A79E82|#F1A1AF|#FFE800,53.0215,49.9766,48.8697,47.4675,45.4207,108.5758,48.7220
1968,Azure Blue|Dark Olive Drab|Red|Pink,#0066D9|#575B54|#E72F1D|#F1A1AF,50.3976,49.2835,48.7890,48.1805,47.3481,97.7027,48.7320
1969,Dark Grey|Dark Olive Drab|Purple|Red,#485259|#575B54|#6C47B2|#E72F1D,50.2828,49.1268,48.7416,48.3742,47.9776,97.7093,48.7505
1970,Azure Blue|Dark Olive Drab|Red|Magenta,#0066D9|#575B54|#E72F1D|#F24574,50.4495,49.2996,48.8013,48.2083,47.4253,97.7017,48.7540
1971,Blue|Black|Olive Green|Lime Green,#003776|#080A0D|#948902|#D5D701,53.8864,49.9640,48.8890,47.5547,45.7282,95.3500,48.7594
1972,Blue|Polymaker Teal|Purple|Olive Green,#003776|#4CC0C7|#6C47B2|#948902,52.6830,49.7738,48.8474,47.7473,46.2020,88.6082,48.7605
1973,Green|Dark Grey|Lime Green|Pink,#06924D|#485259|#D5D701|#F1A1AF,51.5364,49.5758,48.8352,47.9595,46.6678,97.7291,48.7677
1974,Blue|Green|Tan|Lime Green,#003776|#06924D|#A79E82|#D5D701,51.4149,49.4354,48.7776,48.1037,47.2258,97.3933,48.7695
1975,Polymaker Teal|White|Magenta|Orange,#4CC0C7|#EBF7FF|#F24574|#F67405,50.7989,49.6260,48.9497,47.9163,46.0019,114.8616,48.7712
1976,Blue|Azure Blue|Red|White,#003776|#0066D9|#E72F1D|#EBF7FF,50.6882,49.3809,48.8309,48.1671,47.1892,97.4072,48.7740
1977,Dark Olive Drab|Purple|Red|Magenta,#575B54|#6C47B2|#E72F1D|#F24574,50.3091,49.1551,48.7715,48.4054,48.0132,97.7093,48.7803
1978,Purple|Tan|Lime Green|White,#6C47B2|#A79E82|#D5D701|#EBF7FF,52.9499,49.8337,48.8280,47.7364,46.1773,102.1743,48.7851
1979,Blue|Azure Blue|Cold White|Red,#003776|#0066D9|#D9DFE5|#E72F1D,50.8415,49.4400,48.8418,48.1409,47.1068,96.7874,48.7904
1980,Dark Olive Drab|Purple|Red|Pink,#575B54|#6C47B2|#E72F1D|#F1A1AF,50.2969,49.1703,48.7896,48.4149,47.9961,97.7111,48.7926
1981,Brown|Dark Olive Drab|Red|Orange,#55331A|#575B54|#E72F1D|#F67405,50.5727,49.3800,48.8827,48.2139,47.0208,133.7198,48.7969
1982,Dark Olive Drab|Cold White|Red|Orange,#575B54|#D9DFE5|#E72F1D|#F67405,50.5709,49.3803,48.8836,48.2163,47.0201,133.7198,48.7983
1983,Blue|Green|Dark Grey|Lime Green,#003776|#06924D|#485259|#D5D701,52.0290,49.5545,48.7868,48.0560,47.1586,97.4730,48.8053
1984,Green|Olive Green|Tan|Orange,#06924D|#948902|#A79E82|#F67405,50.9291,49.5483,48.9099,48.0694,46.5468,145.1512,48.8088
1985,Tan|Red|Pink|Orange,#A79E82|#E72F1D|#F1A1AF|#F67405,50.2920,49.5187,48.9837,48.1056,46.5434,129.2374,48.8121
1986,Black|Polymaker Teal|Magenta|Orange,#080A0D|#4CC0C7|#F24574|#F67405,51.3837,49.4991,48.9017,48.1321,46.7821,125.1488,48.8156
1987,Black|Purple|Grey|Olive Green,#080A0D|#6C47B2|#8C9099|#948902,53.2241,50.0233,48.9251,47.6081,45.8795,91.8121,48.8157
1988,Blue|Tan|White|Yellow,#003776|#A79E82|#EBF7FF|#FFE800,52.8627,50.0129,48.9499,47.6351,45.6374,96.9730,48.8240
1989,Dark Grey|Brown|Magenta|Orange,#485259|#55331A|#F24574|#F67405,50.7880,49.5388,48.9464,48.1104,46.6750,120.3407,48.8246
1990,Dark Grey|Pink|Magenta|Orange,#485259|#F1A1AF|#F24574|#F67405,50.7881,49.5413,48.9489,48.1128,46.6766,120.3407,48.8270
1991,Azure Blue|Brown|Cold White|Red,#0066D9|#55331A|#D9DFE5|#E72F1D,51.2665,49.5489,48.8605,48.1065,47.0561,96.7881,48.8277
1992,Dark Grey|Grey|Magenta|Orange,#485259|#8C9099|#F24574|#F67405,50.7915,49.5434,48.9534,48.1202,46.6843,120.2932,48.8318
1993,Blue|Purple|Cold White|Red,#003776|#6C47B2|#D9DFE5|#E72F1D,50.7944,49.3777,48.8592,48.3117,47.5436,96.7838,48.8447
1994,Purple|Grey|Cold White|Red,#6C47B2|#8C9099|#D9DFE5|#E72F1D,50.4745,49.3231,48.8798,48.3723,47.6329,96.7652,48.8477
1995,Polymaker Teal|Dark Olive Drab|Pink|Yellow,#4CC0C7|#575B54|#F1A1AF|#FFE800,52.9163,49.9788,48.9702,47.7262,45.8181,108.6261,48.8525
1996,Dark Grey|Polymaker Teal|Purple|Olive Green,#485259|#4CC0C7|#6C47B2|#948902,52.7081,49.8600,48.9355,47.8514,46.3376,91.4921,48.8557
1997,Azure Blue|Polymaker Teal|Grey|Yellow,#0066D9|#4CC0C7|#8C9099|#FFE800,51.0673,49.6333,48.9593,48.0876,46.7085,100.2291,48.8604
1998,Black|Polymaker Teal|Purple|Olive Green,#080A0D|#4CC0C7|#6C47B2|#948902,53.1355,49.8853,48.9617,47.8854,46.3941,93.7584,48.8854
1999,Azure Blue|Purple|Grey|Lime Green,#0066D9|#6C47B2|#8C9099|#D5D701,52.8411,49.9292,48.9456,47.8505,46.2901,103.5916,48.8899
2000,Azure Blue|Olive Green|White|Yellow,#0066D9|#948902|#EBF7FF|#FFE800,52.5682,49.9898,48.9979,47.8005,45.9295,103.0088,48.8952
2001,Azure Blue|Grey|Cold White|Red,#0066D9|#8C9099|#D9DFE5|#E72F1D,50.5981,49.4953,48.9765,48.3105,47.2864,96.7655,48.9029
2002,Blue|Purple|Red|White,#003776|#6C47B2|#E72F1D|#EBF7FF,50.6930,49.3911,48.9268,48.4244,47.7134,97.4074,48.9078
2003,Green|Black|Cold White|Orange,#06924D|#080A0D|#D9DFE5|#F67405,50.6485,49.4427,49.0219,48.3864,47.0880,142.8339,48.9146
2004,Blue|Green|Lime Green|Cold White,#003776|#06924D|#D5D701|#D9DFE5,52.1303,49.6837,48.9026,48.1523,47.2470,97.6838,48.9180
2005,Blue|Green|Polymaker Teal|Lime Green,#003776|#06924D|#4CC0C7|#D5D701,52.1348,49.6957,48.9017,48.1421,47.2339,97.6750,48.9189
2006,Blue|Purple|Lime Green|White,#003776|#6C47B2|#D5D701|#EBF7FF,53.1332,49.9648,48.9725,47.8881,46.3333,102.1549,48.9264
2007,Green|Black|Dark Olive Drab|Orange,#06924D|#080A0D|#575B54|#F67405,50.6534,49.4561,49.0449,48.4216,47.1335,142.8474,48.9389
2008,Dark Olive Drab|Tan|Magenta|Orange,#575B54|#A79E82|#F24574|#F67405,51.0314,49.6514,49.0497,48.2332,46.8412,122.7116,48.9423
2009,Green|Black|Tan|Orange,#06924D|#080A0D|#A79E82|#F67405,50.6585,49.4633,49.0524,48.4291,47.1405,142.8480,48.9462
2010,Green|Black|Brown|Orange,#06924D|#080A0D|#55331A|#F67405,50.6550,49.4647,49.0540,48.4295,47.1402,142.8480,48.9471
2011,Azure Blue|Dark Grey|Cold White|Red,#0066D9|#485259|#D9DFE5|#E72F1D,51.0177,49.6287,48.9922,48.2702,47.2394,96.7775,48.9494
2012,Blue|Purple|Grey|Olive Green,#003776|#6C47B2|#8C9099|#948902,53.1430,50.1926,49.0733,47.7423,45.9813,91.6514,48.9674
2013,Dark Grey|Purple|Grey|Olive Green,#485259|#6C47B2|#8C9099|#948902,53.0029,50.1676,49.0913,47.7934,46.0706,91.9290,48.9805
2014,Azure Blue|Purple|Grey|Red,#0066D9|#6C47B2|#8C9099|#E72F1D,50.4911,49.5109,49.0650,48.4781,47.6364,98.6883,48.9945
2015,Dark Olive Drab|Purple|Grey|Olive Green,#575B54|#6C47B2|#8C9099|#948902,52.9531,50.1921,49.1183,47.8259,46.1045,91.9290,49.0090
2016,Azure Blue|Polymaker Teal|Purple|Lime Green,#0066D9|#4CC0C7|#6C47B2|#D5D701,52.8571,49.9424,49.0460,48.0880,46.7425,103.6239,49.0152
2017,Blue|Olive Green|White|Yellow,#003776|#948902|#EBF7FF|#FFE800,52.8753,50.1670,49.1557,47.8722,45.9191,97.0572,49.0196
2018,Polymaker Teal|Dark Olive Drab|Purple|Olive Green,#4CC0C7|#575B54|#6C47B2|#948902,52.8699,50.0088,49.1042,48.0449,46.5510,93.8315,49.0269
2019,Polymaker Teal|Purple|Olive Green|Cold White,#4CC0C7|#6C47B2|#948902|#D9DFE5,52.8661,50.0097,49.1063,48.0494,46.5571,93.8315,49.0296
2020,Dark Olive Drab|White|Magenta|Orange,#575B54|#EBF7FF|#F24574|#F67405,51.0885,49.7785,49.1553,48.2865,46.7748,119.2201,49.0325
2021,Azure Blue|Dark Olive Drab|Grey|Red,#0066D9|#575B54|#8C9099|#E72F1D,50.5465,49.5576,49.0961,48.5134,47.6849,98.6884,49.0355
2022,Purple|Grey|Olive Green|Cold White,#6C47B2|#8C9099|#948902|#D9DFE5,52.9129,50.2171,49.1499,47.8590,46.1294,91.9290,49.0381
2023,Cold White|Red|White|Orange,#D9DFE5|#E72F1D|#EBF7FF|#F67405,50.7754,49.8815,49.2598,48.2298,46.2825,115.4771,49.0556
2024,Azure Blue|Dark Grey|Olive Green|Lime Green,#0066D9|#485259|#948902|#D5D701,53.4074,50.3295,49.1936,47.7991,45.7454,101.5825,49.0643
2025,Azure Blue|Cold White|Red|Pink,#0066D9|#D9DFE5|#E72F1D|#F1A1AF,50.7578,49.6553,49.1435,48.4811,47.4613,96.7869,49.0682
2026,Dark Olive Drab|Purple|Grey|Red,#575B54|#6C47B2|#8C9099|#E72F1D,50.4460,49.4379,49.0875,48.7361,48.3151,98.6886,49.0870
2027,Azure Blue|Tan|Lime Green|Yellow,#0066D9|#A79E82|#D5D701|#FFE800,51.4928,50.0010,49.2294,48.1799,46.4963,101.4969,49.0904
2028,Dark Olive Drab|Grey|Magenta|Orange,#575B54|#8C9099|#F24574|#F67405,51.0976,49.7988,49.2042,48.3828,46.9804,122.0535,49.0908
2029,Purple|Cold White|Red|Magenta,#6C47B2|#D9DFE5|#E72F1D|#F24574,50.7779,49.5853,49.1280,48.5972,47.7985,96.7823,49.0913
2030,Azure Blue|Dark Grey|Purple|Red,#0066D9|#485259|#6C47B2|#E72F1D,50.4774,49.5356,49.1242,48.6570,48.0613,97.7621,49.0963
2031,Azure Blue|Cold White|Red|White,#0066D9|#D9DFE5|#E72F1D|#EBF7FF,50.7341,49.6839,49.1753,48.5144,47.5030,96.7503,49.0992
2032,Polymaker Teal|Purple|Grey|Olive Green,#4CC0C7|#6C47B2|#8C9099|#948902,52.7928,50.0869,49.1896,48.1275,46.6511,91.9317,49.1072
2033,Blue|Green|Grey|Lime Green,#003776|#06924D|#8C9099|#D5D701,52.1337,49.8429,49.1030,48.3869,47.4884,97.6841,49.1149
2034,Azure Blue|Dark Olive Drab|Olive Green|Lime Green,#0066D9|#575B54|#948902|#D5D701,53.4285,50.3751,49.2427,47.8564,45.8196,101.5623,49.1157
2035,Azure Blue|Cold White|Red|Magenta,#0066D9|#D9DFE5|#E72F1D|#F24574,50.8308,49.7151,49.1935,48.5272,47.5306,96.7861,49.1211
2036,Purple|Cold White|Red|Pink,#6C47B2|#D9DFE5|#E72F1D|#F1A1AF,50.8017,49.6271,49.1723,48.6400,47.8445,96.7868,49.1336
2037,Azure Blue|Grey|Lime Green|Yellow,#0066D9|#8C9099|#D5D701|#FFE800,51.6914,50.0872,49.2769,48.1988,46.5142,100.2291,49.1430
2038,Dark Olive Drab|White|Pink|Yellow,#575B54|#EBF7FF|#F1A1AF|#FFE800,53.3405,50.3640,49.2889,47.9233,45.8597,108.5964,49.1436
2039,Azure Blue|Dark Olive Drab|Red|White,#0066D9|#575B54|#E72F1D|#EBF7FF,50.9581,49.8020,49.2276,48.5307,47.5477,97.4147,49.1663
2040,Purple|Cold White|Red|White,#6C47B2|#D9DFE5|#E72F1D|#EBF7FF,50.7884,49.6661,49.2144,48.6717,47.8529,96.7503,49.1689
2041,Black|Tan|Magenta|Orange,#080A0D|#A79E82|#F24574|#F67405,51.6850,49.8142,49.2414,48.5314,47.3733,125.6207,49.1728
2042,Black|Red|White|Orange,#080A0D|#E72F1D|#EBF7FF|#F67405,51.3359,49.9545,49.3021,48.4044,47.0188,134.1923,49.1795
2043,Blue|Azure Blue|Grey|Red,#003776|#0066D9|#8C9099|#E72F1D,50.8706,49.7688,49.2623,48.6127,47.6653,98.6880,49.1908
2044,Azure Blue|Polymaker Teal|Dark Olive Drab|Lime Green,#0066D9|#4CC0C7|#575B54|#D5D701,53.0997,50.2431,49.2748,48.1452,46.4826,101.1732,49.1941
2045,Green|Dark Grey|Red|White,#06924D|#485259|#E72F1D|#EBF7FF,52.4222,49.9436,49.1466,48.4686,47.5574,106.8108,49.2061
2046,Azure Blue|Dark Grey|Brown|Red,#0066D9|#485259|#55331A|#E72F1D,51.0679,49.7436,49.2460,48.6710,47.8943,97.3257,49.2073
2047,Azure Blue|Dark Grey|Dark Olive Drab|Lime Green,#0066D9|#485259|#575B54|#D5D701,53.3820,50.4037,49.3249,48.0148,46.0880,100.9481,49.2092
2048,Purple|Grey|Red|White,#6C47B2|#8C9099|#E72F1D|#EBF7FF,50.7035,49.7019,49.2834,48.7428,47.9369,98.3537,49.2223
2049,Red|White|Pink|Orange,#E72F1D|#EBF7FF|#F1A1AF|#F67405,50.8224,50.0340,49.4501,48.4365,46.5071,118.3394,49.2353
2050,Grey|Pink|Magenta|Orange,#8C9099|#F1A1AF|#F24574|#F67405,51.1632,50.0773,49.4233,48.4135,46.6497,118.4590,49.2454
2051,Grey|Cold White|Magenta|Orange,#8C9099|#D9DFE5|#F24574|#F67405,51.2301,50.1057,49.4304,48.3970,46.5752,117.2410,49.2514
2052,Green|Dark Olive Drab|Lime Green|Pink,#06924D|#575B54|#D5D701|#F1A1AF,52.2261,50.1067,49.3354,48.4226,47.0712,97.9635,49.2646
2053,Azure Blue|Dark Grey|Polymaker Teal|Lime Green,#0066D9|#485259|#4CC0C7|#D5D701,52.9051,50.2823,49.3621,48.2578,46.6128,101.5221,49.2701
2054,Grey|White|Magenta|Orange,#8C9099|#EBF7FF|#F24574|#F67405,51.1671,50.1174,49.4631,48.4321,46.5836,115.8233,49.2747
2055,Azure Blue|Dark Grey|Grey|Lime Green,#0066D9|#485259|#8C9099|#D5D701,53.1302,50.4395,49.4039,48.1116,46.2054,101.5163,49.2755
2056,Azure Blue|Dark Olive Drab|Grey|Lime Green,#0066D9|#575B54|#8C9099|#D5D701,53.3589,50.4630,49.3904,48.0927,46.1887,101.1692,49.2779
2057,Blue|Azure Blue|Olive Green|Lime Green,#003776|#0066D9|#948902|#D5D701,53.6937,50.5299,49.3986,48.0308,45.9933,102.2753,49.2803
2058,Dark Grey|Brown|Purple|Red,#485259|#55331A|#6C47B2|#E72F1D,51.1262,49.6864,49.2881,48.9448,48.5771,97.3347,49.3156
2059,Azure Blue|Grey|Red|White,#0066D9|#8C9099|#E72F1D|#EBF7FF,50.8393,49.9040,49.4203,48.7357,47.6722,98.3537,49.3199
2060,Dark Olive Drab|Pink|Magenta|Orange,#575B54|#F1A1AF|#F24574|#F67405,51.2930,50.0049,49.4347,48.6417,47.2699,122.6481,49.3233
2061,Azure Blue|Dark Grey|Lime Green|Cold White,#0066D9|#485259|#D5D701|#D9DFE5,53.2237,50.4952,49.4600,48.1691,46.2636,101.5221,49.3321
2062,Green|Dark Grey|Red|Magenta,#06924D|#485259|#E72F1D|#F24574,52.6393,50.0076,49.2357,48.6651,47.9471,118.4340,49.3363
2063,Azure Blue|Dark Olive Drab|Lime Green|Cold White,#0066D9|#575B54|#D5D701|#D9DFE5,53.4475,50.5202,49.4489,48.1528,46.2488,101.1732,49.3365
2064,Azure Blue|Purple|Lime Green|Cold White,#0066D9|#6C47B2|#D5D701|#D9DFE5,53.1733,50.3439,49.4037,48.3332,46.7643,103.5999,49.3385
2065,Black|Dark Grey|Olive Green|Orange,#080A0D|#485259|#948902|#F67405,52.3015,50.3189,49.5234,48.3601,46.5488,141.9143,49.3395
2066,Brown|Dark Olive Drab|Magenta|Orange,#55331A|#575B54|#F24574|#F67405,51.3309,50.0393,49.4696,48.6788,47.3094,122.8464,49.3590
2067,Dark Olive Drab|Cold White|Magenta|Orange,#575B54|#D9DFE5|#F24574|#F67405,51.3284,50.0436,49.4757,48.6873,47.3172,122.8392,49.3654
2068,Azure Blue|Black|Grey|Red,#0066D9|#080A0D|#8C9099|#E72F1D,51.7635,49.9997,49.4072,48.7409,47.8279,98.6877,49.3703
2069,Azure Blue|Brown|Grey|Red,#0066D9|#55331A|#8C9099|#E72F1D,51.3380,49.9799,49.4332,48.7704,47.8305,98.6889,49.3752
2070,Blue|Azure Blue|Dark Olive Drab|Lime Green,#003776|#0066D9|#575B54|#D5D701,53.6930,50.5861,49.5034,48.2023,46.2700,101.8035,49.3942
2071,Blue|Dark Olive Drab|White|Yellow,#003776|#575B54|#EBF7FF|#FFE800,53.3583,50.5414,49.5239,48.2499,46.3494,97.0692,49.3956
2072,Blue|Black|Dark Grey|Lime Green,#003776|#080A0D|#485259|#D5D701,55.4955,50.6961,49.5060,48.1137,46.2660,95.6411,49.4049
2073,Blue|Black|Lime Green|Cold White,#003776|#080A0D|#D5D701|#D9DFE5,55.5490,50.7325,49.5381,48.1370,46.2922,95.6304,49.4347
2074,Azure Blue|Brown|Purple|Red,#0066D9|#55331A|#6C47B2|#E72F1D,51.2352,49.9746,49.4705,48.8967,48.1532,97.4718,49.4357
2075,Blue|Black|Dark Olive Drab|Lime Green,#003776|#080A0D|#575B54|#D5D701,55.5135,50.7383,49.5310,48.1341,46.2916,95.6269,49.4362
2076,Blue|Purple|Grey|Red,#003776|#6C47B2|#8C9099|#E72F1D,50.9240,49.8592,49.4620,49.0139,48.4072,98.6878,49.4365
2077,Black|Polymaker Teal|Olive Green|Orange,#080A0D|#4CC0C7|#948902|#F67405,52.3599,50.3683,49.6169,48.5092,46.6133,142.1567,49.4387
2078,Blue|Black|Tan|Lime Green,#003776|#080A0D|#A79E82|#D5D701,54.7079,50.6304,49.5801,48.2476,46.3910,95.1552,49.4390
2079,Black|Dark Olive Drab|Magenta|Orange,#080A0D|#575B54|#F24574|#F67405,51.4661,50.0698,49.5626,48.8864,47.7379,125.6819,49.4781
2080,Azure Blue|Black|Dark Grey|Red,#0066D9|#080A0D|#485259|#E72F1D,51.4086,49.9975,49.5120,48.9666,48.2286,97.7598,49.4820
2081,Brown|Red|Magenta|Orange,#55331A|#E72F1D|#F24574|#F67405,50.9665,50.0359,49.5799,48.9409,47.9007,129.9992,49.4884
2082,Azure Blue|Brown|Red|Pink,#0066D9|#55331A|#E72F1D|#F1A1AF,51.3503,50.0912,49.5528,48.9093,48.0437,97.3440,49.5003
2083,Brown|Grey|Magenta|Orange,#55331A|#8C9099|#F24574|#F67405,51.6349,50.3781,49.6647,48.6295,46.9154,123.4111,49.5038
2084,Blue|Azure Blue|Dark Grey|Red,#003776|#0066D9|#485259|#E72F1D,50.9229,49.9895,49.5522,49.0187,48.2718,97.7596,49.5041
2085,Azure Blue|Purple|Red|White,#0066D9|#6C47B2|#E72F1D|#EBF7FF,51.0939,50.0741,49.5836,48.9519,47.9768,97.3682,49.5130
2086,Azure Blue|Olive Green|Cold White|Yellow,#0066D9|#948902|#D9DFE5|#FFE800,52.9321,50.5522,49.6399,48.4823,46.6447,101.6625,49.5172
2087,Brown|Purple|Grey|Red,#55331A|#6C47B2|#8C9099|#E72F1D,51.4480,49.9765,49.5184,49.0623,48.4888,98.6891,49.5194
2088,Blue|Azure Blue|Tan|Lime Green,#003776|#0066D9|#A79E82|#D5D701,53.2082,50.6668,49.6641,48.3780,46.4351,102.8437,49.5224
2089,Green|Polymaker Teal|Red|Magenta,#06924D|#4CC0C7|#E72F1D|#F24574,52.7522,50.3364,49.4931,48.7329,47.6712,106.4246,49.5347
2090,Green|Grey|Red|Magenta,#06924D|#8C9099|#E72F1D|#F24574,52.6303,50.2804,49.4824,48.7964,47.8609,114.1537,49.5384
2091,Black|Purple|Grey|Red,#080A0D|#6C47B2|#8C9099|#E72F1D,51.8031,50.0087,49.5241,49.0933,48.5784,98.6879,49.5510
2092,Black|Brown|Lime Green|Pink,#080A0D|#55331A|#D5D701|#F1A1AF,55.1995,50.8311,49.6953,48.2733,46.2520,96.0397,49.5522
2093,Brown|Purple|Red|Pink,#55331A|#6C47B2|#E72F1D|#F1A1AF,51.3829,50.0040,49.5577,49.1232,48.6420,97.3419,49.5636
2094,Green|Dark Grey|Polymaker Teal|Red,#06924D|#485259|#4CC0C7|#E72F1D,53.0660,50.3134,49.4601,48.8273,48.0345,112.2969,49.5703
2095,Green|Dark Grey|Red|Pink,#06924D|#485259|#E72F1D|#F1A1AF,52.8026,50.2648,49.4956,48.8842,48.0757,113.4043,49.5745
2096,Olive Green|Lime Green|Pink|Yellow,#948902|#D5D701|#F1A1AF|#FFE800,51.9481,50.6468,49.8027,48.5225,46.5613,109.5571,49.5846
2097,Black|Grey|Olive Green|Orange,#080A0D|#8C9099|#948902|#F67405,52.5226,50.5964,49.7968,48.5812,46.7185,141.8532,49.5888
2098,Blue|Azure Blue|Dark Grey|Lime Green,#003776|#0066D9|#485259|#D5D701,53.6635,50.7543,49.7083,48.4309,46.5240,102.6451,49.5926
2099,Black|White|Magenta|Orange,#080A0D|#EBF7FF|#F24574|#F67405,52.2482,50.2967,49.6796,48.9018,47.5882,124.9340,49.5993
2100,Black|Dark Grey|Purple|Red,#080A0D|#485259|#6C47B2|#E72F1D,51.3958,49.9552,49.5851,49.2879,48.9755,97.7603,49.6215
2101,Blue|Black|Polymaker Teal|Lime Green,#003776|#080A0D|#4CC0C7|#D5D701,55.1587,50.7004,49.7129,48.5518,46.8941,95.6316,49.6261
2102,Azure Blue|Dark Grey|Grey|Red,#0066D9|#485259|#8C9099|#E72F1D,51.2437,50.1954,49.7048,49.0777,48.1674,98.6878,49.6365
2103,Blue|Black|Grey|Lime Green,#003776|#080A0D|#8C9099|#D5D701,55.5475,50.9173,49.7448,48.3623,46.5134,95.6560,49.6398
2104,Green|Brown|Cold White|Orange,#06924D|#55331A|#D9DFE5|#F67405,51.4676,50.3172,49.7638,48.9677,47.5077,146.1927,49.6425
2105,Azure Blue|Grey|Cold White|Yellow,#0066D9|#8C9099|#D9DFE5|#FFE800,52.1027,50.5745,49.7956,48.7271,47.0260,100.2448,49.6508
2106,Azure Blue|Dark Grey|Red|Pink,#0066D9|#485259|#E72F1D|#F1A1AF,51.0796,50.1525,49.7076,49.1504,48.3807,97.7709,49.6515
2107,Polymaker Teal|Olive Green|Pink|Yellow,#4CC0C7|#948902|#F1A1AF|#FFE800,52.0922,50.5645,49.8079,48.7483,47.0142,109.4455,49.6564
2108,Olive Green|Tan|Pink|Yellow,#948902|#A79E82|#F1A1AF|#FFE800,52.0322,50.7005,49.8713,48.6150,46.6669,110.2867,49.6577
2109,Green|Grey|Cold White|Red,#06924D|#8C9099|#D9DFE5|#E72F1D,52.8283,50.4472,49.6250,48.9081,47.9073,111.0448,49.6776
2110,Dark Grey|Purple|Grey|Red,#485259|#6C47B2|#8C9099|#E72F1D,51.1263,50.0752,49.6918,49.2870,48.7704,98.6882,49.6811
2111,Blue|Dark Olive Drab|Olive Green|Lime Green,#003776|#575B54|#948902|#D5D701,53.5322,50.8364,49.8157,48.5316,46.6816,96.3908,49.6840
2112,Purple|Grey|Red|Pink,#6C47B2|#8C9099|#E72F1D|#F1A1AF,51.0551,50.1058,49.7356,49.2681,48.6096,98.6877,49.6870
2113,Purple|Grey|Red|Magenta,#6C47B2|#8C9099|#E72F1D|#F24574,51.0819,50.1216,49.7519,49.2865,48.6384,98.6880,49.7040
2114,Black|Olive Green|Lime Green|Pink,#080A0D|#948902|#D5D701|#F1A1AF,56.0458,50.9947,49.8457,48.4229,46.3988,96.7105,49.7088
2115,Blue|Dark Grey|Purple|Red,#003776|#485259|#6C47B2|#E72F1D,50.9506,50.0235,49.6989,49.3954,49.0572,97.7606,49.7094
2116,Blue|Dark Grey|White|Yellow,#003776|#485259|#EBF7FF|#FFE800,53.5972,50.8501,49.8351,48.5697,46.6716,97.1866,49.7099
2117,Dark Grey|Purple|Red|Pink,#485259|#6C47B2|#E72F1D|#F1A1AF,50.9778,50.0528,49.7177,49.3876,49.0211,97.7725,49.7202
2118,Green|Grey|Red|Pink,#06924D|#8C9099|#E72F1D|#F1A1AF,52.7141,50.4538,49.6836,48.9909,47.9996,111.2553,49.7223
2119,Azure Blue|Grey|Red|Pink,#0066D9|#8C9099|#E72F1D|#F1A1AF,51.1858,50.2821,49.8244,49.1709,48.1742,98.6877,49.7265
2120,Polymaker Teal|Purple|Lime Green|White,#4CC0C7|#6C47B2|#D5D701|#EBF7FF,53.6108,50.6181,49.7498,48.8651,47.5866,102.3248,49.7416
2121,Black|Dark Grey|Lime Green|Pink,#080A0D|#485259|#D5D701|#F1A1AF,56.0784,51.0308,49.8803,48.4560,46.4515,96.5880,49.7434
2122,Azure Blue|Dark Grey|Red|Magenta,#0066D9|#485259|#E72F1D|#F24574,51.1577,50.2298,49.7939,49.2606,48.5280,97.7596,49.7452
2123,Green|Grey|Red|White,#06924D|#8C9099|#E72F1D|#EBF7FF,52.6405,50.4843,49.7306,49.0221,47.9666,105.4357,49.7532
2124,Tan|Cold White|Magenta|Orange,#A79E82|#D9DFE5|#F24574|#F67405,51.6829,50.6466,49.9492,48.8658,46.9691,116.7924,49.7562
2125,Blue|Brown|Lime Green|White,#003776|#55331A|#D5D701|#EBF7FF,53.0580,50.7611,49.9248,48.7524,46.9035,88.7429,49.7567
2126,Dark Grey|Purple|Red|Magenta,#485259|#6C47B2|#E72F1D|#F24574,51.0113,50.0858,49.7640,49.4573,49.1123,97.7619,49.7715
2127,Black|Grey|Lime Green|Pink,#080A0D|#8C9099|#D5D701|#F1A1AF,56.1976,51.0957,49.9347,48.5057,46.4954,96.5901,49.8007
2128,Tan|Lime Green|Pink|Yellow,#A79E82|#D5D701|#F1A1AF|#FFE800,52.0561,50.8032,50.0135,48.8076,46.9165,110.3907,49.8054
2129,Azure Blue|Grey|Red|Magenta,#0066D9|#8C9099|#E72F1D|#F24574,51.2791,50.3737,49.9108,49.2531,48.2754,98.6880,49.8134
2130,Black|Dark Olive Drab|Lime Green|Pink,#080A0D|#575B54|#D5D701|#F1A1AF,56.2196,51.1037,49.9578,48.5335,46.5086,96.6042,49.8186
2131,Black|Tan|Lime Green|Pink,#080A0D|#A79E82|#D5D701|#F1A1AF,56.0998,51.1147,49.9557,48.5261,46.5169,96.5981,49.8204
2132,Black|Polymaker Teal|Red|Orange,#080A0D|#4CC0C7|#E72F1D|#F67405,51.3885,50.4050,49.9756,49.2422,47.8734,137.3435,49.8236
2133,Green|Black|Red|White,#06924D|#080A0D|#E72F1D|#EBF7FF,53.6597,50.6297,49.7362,49.0242,48.1916,109.2547,49.8269
2134,Green|Polymaker Teal|Grey|Red,#06924D|#4CC0C7|#8C9099|#E72F1D,53.0650,50.6335,49.7876,49.0234,47.9230,106.5609,49.8285
2135,Brown|Purple|Red|Magenta,#55331A|#6C47B2|#E72F1D|#F24574,51.6380,50.2975,49.8443,49.3631,48.8331,97.3306,49.8303
2136,Blue|Dark Grey|Olive Green|Lime Green,#003776|#485259|#948902|#D5D701,53.6530,50.9827,49.9613,48.6782,46.8365,97.1057,49.8304
2137,Green|Grey|Lime Green|Pink,#06924D|#8C9099|#D5D701|#F1A1AF,51.7311,50.5921,49.9596,49.0711,47.6586,97.5497,49.8316
2138,Black|Lime Green|Cold White|Pink,#080A0D|#D5D701|#D9DFE5|#F1A1AF,56.2602,51.1383,49.9859,48.5575,46.5284,96.6013,49.8479
2139,Azure Blue|Dark Olive Drab|Lime Green|White,#0066D9|#575B54|#D5D701|#EBF7FF,53.7296,50.9989,49.9949,48.7197,46.7868,101.1478,49.8593
2140,Purple|Grey|Lime Green|White,#6C47B2|#8C9099|#D5D701|#EBF7FF,53.9415,50.8633,49.9077,48.8592,47.3274,102.2311,49.8612
2141,Green|Grey|Tan|Red,#06924D|#8C9099|#A79E82|#E72F1D,53.0057,50.6246,49.8107,49.1053,48.1248,114.6077,49.8649
2142,Blue|Brown|Purple|Red,#003776|#55331A|#6C47B2|#E72F1D,51.6808,50.3443,49.8838,49.4138,48.9007,97.3500,49.8790
2143,Green|Brown|Grey|Red,#06924D|#55331A|#8C9099|#E72F1D,53.2393,50.6662,49.8189,49.1258,48.1791,114.6258,49.8960
2144,Black|Polymaker Teal|Lime Green|Pink,#080A0D|#4CC0C7|#D5D701|#F1A1AF,55.6937,50.9995,49.9922,48.7966,46.9877,96.5691,49.8981
2145,Blue|Olive Green|Lime Green|Cold White,#003776|#948902|#D5D701|#D9DFE5,53.7522,51.0693,50.0413,48.7521,46.8950,97.2423,49.9107
2146,Blue|Azure Blue|Brown|Red,#003776|#0066D9|#55331A|#E72F1D,51.6433,50.5136,49.9932,49.3363,48.4193,97.4625,49.9250
2147,Blue|Lime Green|White|Yellow,#003776|#D5D701|#EBF7FF|#FFE800,53.9275,51.0658,50.0439,48.7920,46.8966,97.1870,49.9289
2148,Azure Blue|Dark Grey|Lime Green|White,#0066D9|#485259|#D5D701|#EBF7FF,53.5590,51.0447,50.0810,48.8252,46.9156,101.5984,49.9349
2149,Black|Olive Green|Tan|Red,#080A0D|#948902|#A79E82|#E72F1D,54.5945,50.9816,49.9328,48.9068,47.5659,129.1428,49.9442
2150,Black|Dark Grey|Magenta|Orange,#080A0D|#485259|#F24574|#F67405,52.1877,50.6043,50.0428,49.2953,48.0413,125.6575,49.9498
2151,Blue|Grey|Olive Green|Lime Green,#003776|#8C9099|#948902|#D5D701,53.7719,51.1157,50.0899,48.8011,46.9419,97.2389,49.9584
2152,Green|Olive Green|Lime Green|Pink,#06924D|#948902|#D5D701|#F1A1AF,52.0455,50.7714,50.0953,49.1668,47.7276,101.0128,49.9691
2153,Black|Dark Olive Drab|Olive Green|Red,#080A0D|#575B54|#948902|#E72F1D,54.6425,51.0648,49.9800,48.8979,47.5654,128.7795,49.9814
2154,Azure Blue|Polymaker Teal|Olive Green|Lime Green,#0066D9|#4CC0C7|#948902|#D5D701,53.6430,51.0578,50.0724,48.9142,47.1548,105.1202,49.9860
2155,Azure Blue|Brown|Red|Magenta,#0066D9|#55331A|#E72F1D|#F24574,51.7531,50.5698,50.0535,49.4185,48.5490,97.4645,49.9941
2156,Black|Cold White|Magenta|Orange,#080A0D|#D9DFE5|#F24574|#F67405,52.6859,50.7345,50.0705,49.2641,47.9474,125.9858,49.9993
2157,Azure Blue|Grey|White|Yellow,#0066D9|#8C9099|#EBF7FF|#FFE800,52.3040,50.8686,50.1377,49.1319,47.5017,100.2256,50.0003
2158,Azure Blue|Olive Green|Tan|Lime Green,#0066D9|#948902|#A79E82|#D5D701,53.5212,51.0951,50.1322,48.9221,47.0436,102.6072,50.0086
2159,Black|Red|Pink|Orange,#080A0D|#E72F1D|#F1A1AF|#F67405,51.8691,50.7076,50.1286,49.3341,48.1830,135.0717,50.0208
2160,Green|Dark Olive Drab|Red|White,#06924D|#575B54|#E72F1D|#EBF7FF,53.3261,50.7996,49.9768,49.2464,48.2137,107.4759,50.0230
2161,Purple|Lime Green|Cold White|White,#6C47B2|#D5D701|#D9DFE5|#EBF7FF,54.3201,51.0315,50.0516,49.0153,47.5241,102.3028,50.0234
2162,Green|Polymaker Teal|Brown|Red,#06924D|#4CC0C7|#55331A|#E72F1D,53.4883,50.8471,49.9681,49.2032,48.1001,106.4203,50.0252
2163,Brown|White|Magenta|Orange,#55331A|#EBF7FF|#F24574|#F67405,52.3612,50.8851,50.1731,49.1710,47.5164,123.7608,50.0280
2164,Azure Blue|Black|Brown|Red,#0066D9|#080A0D|#55331A|#E72F1D,52.0306,50.6429,50.1016,49.4363,48.5118,97.5641,50.0396
2165,Azure Blue|Purple|Lime Green|White,#0066D9|#6C47B2|#D5D701|#EBF7FF,53.9298,51.0140,50.0984,49.0742,47.5592,103.4229,50.0441
2166,Dark Grey|Brown|Lime Green|Pink,#485259|#55331A|#D5D701|#F1A1AF,54.1474,51.3108,50.2195,48.7907,46.6812,96.6572,50.0508
2167,Black|Grey|Magenta|Orange,#080A0D|#8C9099|#F24574|#F67405,52.5562,50.7551,50.1406,49.3604,48.0930,125.8414,50.0578
2168,Green|Polymaker Teal|Red|Pink,#06924D|#4CC0C7|#E72F1D|#F1A1AF,53.2265,50.8674,50.0431,49.2785,48.1608,105.4823,50.0729
2169,Azure Blue|Black|Red|Pink,#0066D9|#080A0D|#E72F1D|#F1A1AF,52.1391,50.6651,50.1072,49.4854,48.6495,97.8331,50.0753
2170,Green|Polymaker Teal|Cold White|Red,#06924D|#4CC0C7|#D9DFE5|#E72F1D,53.3684,50.9045,50.0424,49.2520,48.1167,106.4030,50.0782
2171,Blue|Polymaker Teal|White|Yellow,#003776|#4CC0C7|#EBF7FF|#FFE800,53.7423,51.0963,50.1842,49.0676,47.3174,97.2255,50.0820
2172,Green|Polymaker Teal|Tan|Red,#06924D|#4CC0C7|#A79E82|#E72F1D,53.3709,50.9122,50.0511,49.2612,48.1262,106.4043,50.0867
2173,Brown|Red|Pink|Orange,#55331A|#E72F1D|#F1A1AF|#F67405,51.7224,50.7780,50.2082,49.3993,48.1441,135.1015,50.0886
2174,Black|Lime Green|White|Pink,#080A0D|#D5D701|#EBF7FF|#F1A1AF,56.1979,51.3434,50.2241,48.8528,46.8388,96.6053,50.0981
2175,Azure Blue|Grey|Olive Green|Lime Green,#0066D9|#8C9099|#948902|#D5D701,53.7104,51.2069,50.2154,48.9925,47.1270,101.9601,50.0997
2176,Black|Brown|Purple|Red,#080A0D|#55331A|#6C47B2|#E72F1D,52.1221,50.5922,50.1001,49.6080,49.0713,97.3711,50.1001
2177,Red|Pink|Magenta|Orange,#E72F1D|#F1A1AF|#F24574|#F67405,51.5236,50.8297,50.2960,49.3838,47.8046,125.7742,50.1068
2178,Green|Dark Grey|Grey|Red,#06924D|#485259|#8C9099|#E72F1D,53.5025,50.8195,50.0172,49.4151,48.6452,118.4433,50.1173
2179,Green|Tan|Lime Green|Pink,#06924D|#A79E82|#D5D701|#F1A1AF,52.1413,50.9155,50.2646,49.3616,47.9544,101.0133,50.1385
2180,Azure Blue|Olive Green|Lime Green|White,#0066D9|#948902|#D5D701|#EBF7FF,53.9538,51.3060,50.2597,48.9845,47.0299,105.2267,50.1453
2181,Green|Brown|Tan|Orange,#06924D|#55331A|#A79E82|#F67405,51.7378,50.7076,50.2507,49.5832,48.2375,146.9187,50.1454
2182,Olive Green|White|Pink|Yellow,#948902|#EBF7FF|#F1A1AF|#FFE800,52.5007,51.1577,50.3685,49.1754,47.2771,110.3095,50.1666
2183,Black|Olive Green|Cold White|Red,#080A0D|#948902|#D9DFE5|#E72F1D,54.8221,51.2864,50.1832,49.0478,47.6743,129.4500,50.1671
2184,Black|Purple|Red|Pink,#080A0D|#6C47B2|#E72F1D|#F1A1AF,52.1156,50.5816,50.1323,49.7528,49.3472,97.8263,50.1672
2185,Polymaker Teal|Lime Green|Pink|Yellow,#4CC0C7|#D5D701|#F1A1AF|#FFE800,52.2327,50.9763,50.3108,49.3662,47.7704,109.4445,50.1713
2186,Green|Polymaker Teal|Dark Olive Drab|Red,#06924D|#4CC0C7|#575B54|#E72F1D,53.8261,51.0492,50.0951,49.2950,48.2762,112.4010,50.1721
2187,Blue|Grey|White|Yellow,#003776|#8C9099|#EBF7FF|#FFE800,54.1598,51.3484,50.3168,49.0264,47.0561,97.1807,50.1874
2188,Blue|Cold White|White|Yellow,#003776|#D9DFE5|#EBF7FF|#FFE800,54.2191,51.3707,50.3310,49.0383,47.0676,97.1832,50.2045
2189,Green|Dark Grey|Brown|Red,#06924D|#485259|#55331A|#E72F1D,53.7005,50.8888,50.0975,49.5400,48.8041,118.9177,50.2144
2190,Green|Dark Grey|Cold White|Red,#06924D|#485259|#D9DFE5|#E72F1D,53.5878,50.9142,50.1256,49.5351,48.7653,118.9177,50.2246
2191,Azure Blue|Tan|Cold White|Yellow,#0066D9|#A79E82|#D9DFE5|#FFE800,52.4045,51.0858,50.3712,49.3645,47.7090,101.5813,50.2252
2192,Green|Polymaker Teal|Lime Green|Pink,#06924D|#4CC0C7|#D5D701|#F1A1AF,52.1356,50.9834,50.3518,49.4719,48.0690,98.6625,50.2277
2193,Green|Dark Grey|Tan|Red,#06924D|#485259|#A79E82|#E72F1D,53.5904,50.9214,50.1337,49.5437,48.7742,118.9177,50.2326
2194,Black|Dark Olive Drab|Olive Green|Orange,#080A0D|#575B54|#948902|#F67405,52.7763,51.1183,50.4425,49.3875,47.6220,142.8492,50.2529
2195,Black|Olive Green|Tan|Orange,#080A0D|#948902|#A79E82|#F67405,52.9077,51.1465,50.4709,49.4212,47.6691,142.8573,50.2839
2196,Polymaker Teal|Tan|Pink|Yellow,#4CC0C7|#A79E82|#F1A1AF|#FFE800,52.3851,51.1251,50.4495,49.4773,47.8414,109.4447,50.3012
2197,Blue|Olive Green|Tan|Lime Green,#003776|#948902|#A79E82|#D5D701,53.9549,51.4229,50.4505,49.1836,47.3115,97.0088,50.3033
2198,Grey|Lime Green|Pink|Yellow,#8C9099|#D5D701|#F1A1AF|#FFE800,52.9532,51.3674,50.5050,49.2821,47.3456,108.3710,50.3247
2199,Grey|Olive Green|Pink|Yellow,#8C9099|#948902|#F1A1AF|#FFE800,52.9971,51.3872,50.5190,49.2704,47.2828,108.2157,50.3288
2200,Brown|Olive Green|Tan|Red,#55331A|#948902|#A79E82|#E72F1D,54.8542,51.5276,50.3251,49.1312,47.5947,129.1187,50.3294
2201,Blue|Polymaker Teal|Olive Green|Lime Green,#003776|#4CC0C7|#948902|#D5D701,53.5528,51.2707,50.4512,49.4044,47.7713,97.2431,50.3376
2202,Green|Dark Grey|Dark Olive Drab|Red,#06924D|#485259|#575B54|#E72F1D,53.7454,51.0440,50.2523,49.6577,48.8740,119.2998,50.3508
2203,Black|Olive Green|Cold White|Orange,#080A0D|#948902|#D9DFE5|#F67405,52.9257,51.2270,50.5600,49.4827,47.7117,142.8234,50.3549
2204,Azure Blue|Red|White|Pink,#0066D9|#E72F1D|#EBF7FF|#F1A1AF,51.9647,50.9948,50.4866,49.7803,48.6654,97.3684,50.3876
2205,Brown|Tan|Magenta|Orange,#55331A|#A79E82|#F24574|#F67405,52.3406,51.0821,50.5029,49.6979,48.3565,128.2726,50.3900
2206,Blue|Azure Blue|Polymaker Teal|Lime Green,#003776|#0066D9|#4CC0C7|#D5D701,53.8934,51.3961,50.5180,49.4433,47.7910,102.9047,50.4197
2207,Tan|White|Magenta|Orange,#A79E82|#EBF7FF|#F24574|#F67405,52.1367,51.2708,50.6387,49.5845,47.7087,121.7071,50.4277
2208,Dark Grey|Olive Green|Lime Green|Pink,#485259|#948902|#D5D701|#F1A1AF,54.3480,51.6835,50.6071,49.1825,47.0650,97.7907,50.4330
2209,Blue|Dark Grey|Dark Olive Drab|Lime Green,#003776|#485259|#575B54|#D5D701,54.9926,51.6680,50.5322,49.2039,47.3379,96.7162,50.4360
2210,Blue|Azure Blue|Grey|Lime Green,#003776|#0066D9|#8C9099|#D5D701,54.2185,51.5797,50.5672,49.3023,47.4120,102.8741,50.4410
2211,Green|Brown|Red|White,#06924D|#55331A|#E72F1D|#EBF7FF,53.9819,51.2472,50.3800,49.6349,48.5923,110.1698,50.4411
2212,Black|Brown|Olive Green|Red,#080A0D|#55331A|#948902|#E72F1D,54.9082,51.4788,50.4608,49.4167,48.1075,129.5157,50.4477
2213,Black|Brown|Olive Green|Orange,#080A0D|#55331A|#948902|#F67405,52.9489,51.2915,50.6586,49.6159,47.8694,142.8696,50.4537
2214,Green|Dark Olive Drab|Red|Pink,#06924D|#575B54|#E72F1D|#F1A1AF,53.8230,51.2111,50.4131,49.7538,48.8495,114.5519,50.4825
2215,Blue|Dark Olive Drab|Lime Green|Cold White,#003776|#575B54|#D5D701|#D9DFE5,55.0663,51.7275,50.5807,49.2424,47.3692,96.7151,50.4849
2216,Green|Polymaker Teal|Red|White,#06924D|#4CC0C7|#E72F1D|#EBF7FF,53.5239,51.2700,50.4735,49.7098,48.5606,103.8566,50.4899
2217,Green|Black|White|Yellow,#06924D|#080A0D|#EBF7FF|#FFE800,56.5693,51.4489,50.4887,49.5488,48.2827,113.8219,50.4988
2218,Green|Dark Olive Drab|Grey|Red,#06924D|#575B54|#8C9099|#E72F1D,54.0367,51.3108,50.4289,49.7095,48.7792,117.6109,50.5102
2219,Azure Blue|Red|White|Magenta,#0066D9|#E72F1D|#EBF7FF|#F24574,52.0736,51.1155,50.6119,49.9084,48.7910,97.3684,50.5119
2220,Grey|Tan|Pink|Yellow,#8C9099|#A79E82|#F1A1AF|#FFE800,53.0851,51.5614,50.7092,49.4643,47.4867,108.3666,50.5128
2221,Black|Tan|Red|Orange,#080A0D|#A79E82|#E72F1D|#F67405,51.8676,50.9906,50.6633,50.0927,49.0048,138.3089,50.5416
2222,Polymaker Teal|Grey|Pink|Yellow,#4CC0C7|#8C9099|#F1A1AF|#FFE800,52.8733,51.4480,50.7091,49.6658,47.9386,108.3700,50.5569
2223,Green|Dark Grey|Brown|Yellow,#06924D|#485259|#55331A|#FFE800,54.5107,51.4076,50.5725,49.7422,48.6644,143.4256,50.5749
2224,Blue|Dark Olive Drab|Tan|Lime Green,#003776|#575B54|#A79E82|#D5D701,54.4313,51.7214,50.7330,49.4644,47.5899,96.2854,50.5929
2225,Dark Grey|Dark Olive Drab|Lime Green|Pink,#485259|#575B54|#D5D701|#F1A1AF,54.5641,51.8519,50.7756,49.3494,47.2339,97.7221,50.6007
2226,Dark Grey|Lime Green|Cold White|Pink,#485259|#D5D701|#D9DFE5|#F1A1AF,54.5271,51.8515,50.7809,49.3607,47.2516,97.7418,50.6061
2227,Dark Grey|Grey|Lime Green|Pink,#485259|#8C9099|#D5D701|#F1A1AF,54.5216,51.8525,50.7877,49.3770,47.2749,97.7418,50.6148
2228,Blue|Green|Lime Green|White,#003776|#06924D|#D5D701|#EBF7FF,53.0226,51.2378,50.6463,50.0032,49.0955,98.5575,50.6205
2229,Blue|Dark Olive Drab|Tan|Red,#003776|#575B54|#A79E82|#E72F1D,53.1412,51.3761,50.6731,49.8969,48.8209,95.5406,50.6365
2230,Green|Dark Olive Drab|Red|Magenta,#06924D|#575B54|#E72F1D|#F24574,54.0848,51.3522,50.5477,49.9272,49.1090,120.8714,50.6397
2231,Polymaker Teal|Grey|Tan|Orange,#4CC0C7|#8C9099|#A79E82|#F67405,53.0089,51.7210,50.8829,49.5596,47.1576,123.7882,50.6403
2232,Brown|Dark Olive Drab|Lime Green|Pink,#55331A|#575B54|#D5D701|#F1A1AF,54.9608,51.9526,50.8235,49.3441,47.1521,97.2450,50.6483
2233,Polymaker Teal|White|Pink|Yellow,#4CC0C7|#EBF7FF|#F1A1AF|#FFE800,52.6694,51.4580,50.7993,49.8419,48.2060,109.4661,50.6499
2234,Blue|Brown|Tan|Red,#003776|#55331A|#A79E82|#E72F1D,53.2751,51.4250,50.7006,49.8955,48.7815,95.5270,50.6603
2235,Blue|Black|Tan|Red,#003776|#080A0D|#A79E82|#E72F1D,53.5097,51.4152,50.7003,49.9493,48.9269,95.5407,50.6823
2236,Polymaker Teal|Grey|Cold White|Orange,#4CC0C7|#8C9099|#D9DFE5|#F67405,53.0478,51.7651,50.9298,49.6071,47.1994,123.7881,50.6861
2237,Blue|Tan|Red|Magenta,#003776|#A79E82|#E72F1D|#F24574,53.2593,51.4564,50.7327,49.9236,48.8049,95.5266,50.6900
2238,Tan|Pink|Magenta|Orange,#A79E82|#F1A1AF|#F24574|#F67405,52.2880,51.4587,50.8818,49.9282,48.2574,124.9453,50.6935
2239,Blue|Dark Grey|Tan|Red,#003776|#485259|#A79E82|#E72F1D,53.2662,51.4501,50.7354,49.9478,48.8545,95.5300,50.6989
2240,Azure Blue|Purple|Red|Pink,#0066D9|#6C47B2|#E72F1D|#F1A1AF,52.2590,51.2284,50.7541,50.1730,49.3733,98.5578,50.7007
2241,Azure Blue|Olive Green|Lime Green|Cold White,#0066D9|#948902|#D5D701|#D9DFE5,54.1428,51.7658,50.8173,49.6368,47.8143,103.3941,50.7013
2242,Blue|Dark Olive Drab|Grey|Lime Green,#003776|#575B54|#8C9099|#D5D701,55.0993,51.9157,50.8066,49.4891,47.6148,96.7160,50.7024
2243,Grey|Cold White|Pink|Yellow,#8C9099|#D9DFE5|#F1A1AF|#FFE800,53.2340,51.7242,50.8986,49.6884,47.7142,108.5969,50.7063
2244,Blue|Polymaker Teal|Tan|Red,#003776|#4CC0C7|#A79E82|#E72F1D,53.2509,51.4744,50.7672,49.9608,48.7484,95.5706,50.7176
2245,Black|Brown|Magenta|Orange,#080A0D|#55331A|#F24574|#F67405,53.0564,51.3874,50.8128,50.0643,48.8762,127.5154,50.7259
2246,Black|Pink|Magenta|Orange,#080A0D|#F1A1AF|#F24574|#F67405,53.1121,51.4058,50.8189,50.0558,48.8544,127.1836,50.7308
2247,Blue|Tan|Red|Pink,#003776|#A79E82|#E72F1D|#F1A1AF,53.3270,51.5055,50.7783,49.9636,48.8167,95.5232,50.7346
2248,Brown|Olive Green|Lime Green|Pink,#55331A|#948902|#D5D701|#F1A1AF,55.4856,52.1087,50.9528,49.3648,47.0096,97.3582,50.7367
2249,Black|Dark Grey|Red|Orange,#080A0D|#485259|#E72F1D|#F67405,52.0469,51.2894,50.8770,50.1909,48.9888,137.1274,50.7402
2250,Azure Blue|Grey|Tan|Lime Green,#0066D9|#8C9099|#A79E82|#D5D701,53.2272,51.6923,50.8968,49.7931,48.0561,102.7454,50.7427
2251,Dark Grey|Tan|Lime Green|Pink,#485259|#A79E82|#D5D701|#F1A1AF,54.5646,51.9905,50.9366,49.5087,47.3728,97.7406,50.7496
2252,Blue|Grey|Tan|Red,#003776|#8C9099|#A79E82|#E72F1D,53.3412,51.5310,50.8032,49.9865,48.8363,95.6111,50.7588
2253,Dark Grey|Polymaker Teal|Pink|Orange,#485259|#4CC0C7|#F1A1AF|#F67405,52.8764,51.6480,50.9660,49.8740,47.8158,126.3045,50.7610
2254,Blue|Polymaker Teal|Dark Olive Drab|Lime Green,#003776|#4CC0C7|#575B54|#D5D701,54.6985,51.7871,50.8413,49.7406,48.1061,96.7140,50.7639
2255,Blue|Dark Grey|Lime Green|Cold White,#003776|#485259|#D5D701|#D9DFE5,55.2958,52.0138,50.8696,49.5376,47.6739,97.4625,50.7757
2256,Brown|Tan|Lime Green|Pink,#55331A|#A79E82|#D5D701|#F1A1AF,55.3487,52.1003,50.9785,49.4538,47.1787,97.3290,50.7770
2257,Green|Brown|Grey|Yellow,#06924D|#55331A|#8C9099|#FFE800,55.0518,51.7790,50.7658,49.7981,48.6461,145.1884,50.7886
2258,Black|Brown|White|Yellow,#080A0D|#55331A|#EBF7FF|#FFE800,56.3683,52.1105,50.9165,49.4754,47.3407,112.5943,50.7930
2259,Azure Blue|Polymaker Teal|Tan|Lime Green,#0066D9|#4CC0C7|#A79E82|#D5D701,52.8469,51.5486,50.9164,50.0723,48.7192,104.3068,50.8105
2260,Green|Cold White|Red|Magenta,#06924D|#D9DFE5|#E72F1D|#F24574,54.1051,51.6740,50.7833,49.9652,48.8172,111.5412,50.8196
2261,Green|Lime Green|Cold White|Pink,#06924D|#D5D701|#D9DFE5|#F1A1AF,52.7353,51.5909,50.9622,50.0618,48.6042,101.3004,50.8263
2262,Azure Blue|Polymaker Teal|Lime Green|Yellow,#0066D9|#4CC0C7|#D5D701|#FFE800,52.7795,51.5183,50.9232,50.1474,48.8642,101.7631,50.8328
2263,Black|Dark Olive Drab|Red|Orange,#080A0D|#575B54|#E72F1D|#F67405,51.6388,51.2322,50.9702,50.4367,49.3701,138.3167,50.8344
2264,Tan|White|Pink|Yellow,#A79E82|#EBF7FF|#F1A1AF|#FFE800,52.9559,51.7812,51.0380,49.8886,48.0136,110.8569,50.8349
2265,Brown|Olive Green|Cold White|Orange,#55331A|#948902|#D9DFE5|#F67405,53.5609,51.9970,51.0561,49.6800,47.5678,146.1131,50.8385
2266,Azure Blue|Polymaker Teal|Tan|Yellow,#0066D9|#4CC0C7|#A79E82|#FFE800,52.9230,51.5775,50.9268,50.1042,48.7203,104.2588,50.8409
2267,Blue|Dark Grey|Tan|Lime Green,#003776|#485259|#A79E82|#D5D701,54.6589,51.9776,50.9803,49.7048,47.8264,97.2476,50.8412
2268,Brown|Cold White|Magenta|Orange,#55331A|#D9DFE5|#F24574|#F67405,53.1496,51.6986,50.9754,49.9913,48.3817,127.1019,50.8450
2269,Dark Grey|Polymaker Teal|Brown|Orange,#485259|#4CC0C7|#55331A|#F67405,53.4238,51.8263,51.0535,49.8640,47.6560,132.6918,50.8451
2270,Dark Grey|Polymaker Teal|White|Orange,#485259|#4CC0C7|#EBF7FF|#F67405,53.3276,51.8963,51.0935,49.8508,47.6080,129.7173,50.8735
2271,Cold White|Pink|Magenta|Orange,#D9DFE5|#F1A1AF|#F24574|#F67405,52.8785,51.8091,51.0942,49.9515,47.9093,116.2923,50.8803
2272,Polymaker Teal|Grey|Pink|Orange,#4CC0C7|#8C9099|#F1A1AF|#F67405,52.9044,51.8172,51.1132,49.9491,47.7453,119.8819,50.8831
2273,Green|Black|Red|Pink,#06924D|#080A0D|#E72F1D|#F1A1AF,54.4359,51.5768,50.7758,50.1942,49.5041,117.8845,50.8855
2274,Dark Grey|Tan|Pink|Orange,#485259|#A79E82|#F1A1AF|#F67405,53.0073,51.7616,51.0758,50.0111,48.1153,126.3403,50.8863
2275,Green|Dark Grey|Olive Green|Magenta,#06924D|#485259|#948902|#F24574,55.4565,51.8902,50.8468,49.8954,48.5806,98.9936,50.8928
2276,Blue|Black|Purple|Red,#003776|#080A0D|#6C47B2|#E72F1D,52.6497,51.3721,50.9054,50.4159,49.8468,97.7746,50.8940
2277,Dark Grey|Polymaker Teal|Dark Olive Drab|Orange,#485259|#4CC0C7|#575B54|#F67405,53.3870,51.8840,51.1077,49.9210,47.7223,132.9403,50.9025
2278,Black|Purple|Red|Magenta,#080A0D|#6C47B2|#E72F1D|#F24574,52.6618,51.3830,50.9146,50.4278,49.8628,97.7746,50.9054
2279,Brown|Grey|Lime Green|Pink,#55331A|#8C9099|#D5D701|#F1A1AF,55.1449,52.2155,51.1089,49.6128,47.3636,97.0657,50.9142
2280,Dark Grey|Polymaker Teal|Tan|Orange,#485259|#4CC0C7|#A79E82|#F67405,53.4185,51.9129,51.1273,49.9198,47.6778,132.6892,50.9163
2281,Black|Grey|Red|Orange,#080A0D|#8C9099|#E72F1D|#F67405,52.4666,51.5291,51.0651,50.3241,49.0781,137.2084,50.9266
2282,Dark Olive Drab|Olive Green|Lime Green|Pink,#575B54|#948902|#D5D701|#F1A1AF,55.0741,52.2415,51.1275,49.6504,47.4490,98.1015,50.9460
2283,Dark Grey|Polymaker Teal|Grey|Orange,#485259|#4CC0C7|#8C9099|#F67405,53.4437,51.9428,51.1597,49.9529,47.7091,132.6793,50.9479
2284,Dark Grey|Polymaker Teal|Cold White|Orange,#485259|#4CC0C7|#D9DFE5|#F67405,53.4489,51.9491,51.1673,49.9613,47.7172,132.6896,50.9552
2285,Blue|Dark Grey|Grey|Lime Green,#003776|#485259|#8C9099|#D5D701,55.3123,52.1739,51.0708,49.7670,47.9140,97.4620,50.9705
2286,Blue|Tan|Lime Green|Cold White,#003776|#A79E82|#D5D701|#D9DFE5,54.8125,52.1126,51.1138,49.8408,47.9614,97.3819,50.9767
2287,Green|Cold White|Red|Pink,#06924D|#D9DFE5|#E72F1D|#F1A1AF,54.0855,51.7936,50.9599,50.1782,49.0353,108.9766,50.9859
2288,Blue|Grey|Tan|Lime Green,#003776|#8C9099|#A79E82|#D5D701,54.8041,52.1207,51.1244,49.8528,47.9735,97.3812,50.9867
2289,Polymaker Teal|Brown|Lime Green|Pink,#4CC0C7|#55331A|#D5D701|#F1A1AF,55.0928,52.1110,51.1303,49.8658,47.8829,97.3567,50.9884
2290,Blue|Azure Blue|Red|Pink,#003776|#0066D9|#E72F1D|#F1A1AF,52.7750,51.5821,51.0540,50.4152,49.5204,98.5933,50.9986
2291,Dark Grey|Dark Olive Drab|Tan|Orange,#485259|#575B54|#A79E82|#F67405,53.3856,51.9447,51.1914,50.0539,48.0367,133.0257,50.9993
2292,Blue|Purple|Red|Pink,#003776|#6C47B2|#E72F1D|#F1A1AF,52.6343,51.4402,51.0075,50.5651,50.0319,98.0201,51.0027
2293,Green|Purple|Olive Green|Tan,#06924D|#6C47B2|#948902|#A79E82,53.2171,51.6693,51.0218,50.3371,49.4548,93.4522,51.0032
2294,Grey|Tan|Cold White|Orange,#8C9099|#A79E82|#D9DFE5|#F67405,53.4222,52.1497,51.2800,49.9055,47.5238,125.9792,51.0276
2295,Grey|Tan|Pink|Orange,#8C9099|#A79E82|#F1A1AF|#F67405,53.0566,51.9994,51.2803,50.0935,47.9675,121.8224,51.0465
2296,Purple|Red|White|Pink,#6C47B2|#E72F1D|#EBF7FF|#F1A1AF,52.6648,51.5907,51.1291,50.5034,49.4946,97.3789,51.0470
2297,Blue|Azure Blue|Lime Green|White,#003776|#0066D9|#D5D701|#EBF7FF,54.5729,52.1192,51.2009,49.9957,48.1244,102.2664,51.0574
2298,Dark Grey|Brown|Tan|Orange,#485259|#55331A|#A79E82|#F67405,53.5387,52.0251,51.2595,50.0962,48.0280,132.7574,51.0606
2299,Blue|Azure Blue|Lime Green|Cold White,#003776|#0066D9|#D5D701|#D9DFE5,54.7463,52.1780,51.2037,49.9513,48.0307,102.9047,51.0646
2300,Dark Grey|Polymaker Teal|Lime Green|Pink,#485259|#4CC0C7|#D5D701|#F1A1AF,54.4257,52.1009,51.2117,50.0328,48.1489,97.7355,51.0668
2301,Dark Grey|Tan|White|Orange,#485259|#A79E82|#EBF7FF|#F67405,53.5489,52.1149,51.2981,50.0522,47.8927,129.7401,51.0835
2302,Brown|Lime Green|Cold White|Pink,#55331A|#D5D701|#D9DFE5|#F1A1AF,55.7186,52.4245,51.2825,49.7743,47.5293,97.3528,51.0994
2303,Dark Grey|Grey|Tan|Orange,#485259|#8C9099|#A79E82|#F67405,53.5831,52.0723,51.2937,50.1286,48.0703,132.7498,51.1004
2304,Dark Grey|Tan|Cold White|Orange,#485259|#A79E82|#D9DFE5|#F67405,53.5922,52.0836,51.3058,50.1395,48.0790,132.7574,51.1116
2305,Dark Olive Drab|Lime Green|Cold White|Pink,#575B54|#D5D701|#D9DFE5|#F1A1AF,55.2521,52.4057,51.2955,49.8218,47.6293,97.9651,51.1137
2306,Blue|Dark Grey|Polymaker Teal|Lime Green,#003776|#485259|#4CC0C7|#D5D701,55.0081,52.1548,51.2125,50.1183,48.4935,97.4612,51.1365
2307,Grey|White|Pink|Yellow,#8C9099|#EBF7FF|#F1A1AF|#FFE800,53.5919,52.1308,51.3229,50.1424,48.2111,108.3808,51.1366
2308,Purple|Red|White|Magenta,#6C47B2|#E72F1D|#EBF7FF|#F24574,52.7689,51.6940,51.2250,50.5908,49.5847,97.3789,51.1424
2309,Azure Blue|Green|Purple|Olive Green,#0066D9|#06924D|#6C47B2|#948902,53.3232,51.8533,51.2151,50.4368,49.4268,91.7346,51.1451
2310,Cold White|White|Magenta|Orange,#D9DFE5|#EBF7FF|#F24574|#F67405,53.0047,52.0406,51.3677,50.2537,48.2060,114.0563,51.1471
2311,Green|Black|Olive Green|Magenta,#06924D|#080A0D|#948902|#F24574,56.4530,52.0766,51.0927,50.2499,49.0946,99.8471,51.1632
2312,Purple|Red|Pink|Magenta,#6C47B2|#E72F1D|#F1A1AF|#F24574,52.6583,51.6273,51.2029,50.7006,50.0284,97.9268,51.1639
2313,Polymaker Teal|Grey|White|Orange,#4CC0C7|#8C9099|#EBF7FF|#F67405,53.3242,52.1827,51.4113,50.1462,47.7889,121.1400,51.1645
2314,Azure Blue|Green|Lime Green|White,#0066D9|#06924D|#D5D701|#EBF7FF,53.1727,51.9187,51.2446,50.4113,49.1798,110.2362,51.1650
2315,Dark Olive Drab|Grey|Lime Green|Pink,#575B54|#8C9099|#D5D701|#F1A1AF,55.2486,52.4489,51.3501,49.8871,47.7058,97.9410,51.1680
2316,Green|Black|Red|Magenta,#06924D|#080A0D|#E72F1D|#F24574,54.6098,51.7518,51.0587,50.5923,50.0111,125.6850,51.1720
2317,Dark Grey|Dark Olive Drab|Pink|Orange,#485259|#575B54|#F1A1AF|#F67405,53.0875,52.0063,51.3761,50.3601,48.5213,126.5970,51.1832
2318,Blue|Grey|Lime Green|Cold White,#003776|#8C9099|#D5D701|#D9DFE5,55.4871,52.3966,51.2895,49.9768,48.1047,97.6736,51.1867
2319,Polymaker Teal|Brown|Grey|Orange,#4CC0C7|#55331A|#8C9099|#F67405,54.0957,52.3537,51.4087,50.0277,47.6527,136.0926,51.1907
2320,Blue|Polymaker Teal|Tan|Lime Green,#003776|#4CC0C7|#A79E82|#D5D701,54.5668,52.1538,51.3141,50.2631,48.6336,97.3850,51.2084
2321,Blue|Tan|Red|White,#003776|#A79E82|#E72F1D|#EBF7FF,53.9104,52.0263,51.2732,50.4057,49.1435,95.5997,51.2160
2322,Dark Grey|Dark Olive Drab|White|Orange,#485259|#575B54|#EBF7FF|#F67405,53.5380,52.2231,51.4380,50.2163,48.0766,129.9595,51.2197
2323,Brown|Lime Green|White|Pink,#55331A|#D5D701|#EBF7FF|#F1A1AF,55.7281,52.5102,51.4318,49.9792,47.7627,97.4310,51.2447
2324,Dark Grey|Lime Green|White|Pink,#485259|#D5D701|#EBF7FF|#F1A1AF,54.8459,52.4249,51.4321,50.0749,47.9598,97.8857,51.2499
2325,Dark Olive Drab|Tan|Lime Green|Pink,#575B54|#A79E82|#D5D701|#F1A1AF,55.2555,52.5282,51.4491,49.9928,47.8030,97.9633,51.2605
2326,Blue|Black|Lime Green|White,#003776|#080A0D|#D5D701|#EBF7FF,56.2680,52.3641,51.4201,50.1590,48.2743,94.9728,51.2615
2327,Blue|Tan|Cold White|Red,#003776|#A79E82|#D9DFE5|#E72F1D,53.8297,51.9973,51.2919,50.5264,49.4360,96.6717,51.2619
2328,Polymaker Teal|Dark Olive Drab|Pink|Orange,#4CC0C7|#575B54|#F1A1AF|#F67405,53.4911,52.1888,51.4701,50.3525,48.2933,126.9678,51.2707
2329,Brown|Tan|White|Yellow,#55331A|#A79E82|#EBF7FF|#FFE800,56.6134,52.5902,51.4188,49.9561,47.7397,113.5245,51.2731
2330,Azure Blue|Green|Olive Green|Pink,#0066D9|#06924D|#948902|#F1A1AF,53.8003,52.0965,51.3835,50.4640,49.1323,79.1183,51.2802
2331,Green|Cold White|Red|White,#06924D|#D9DFE5|#E72F1D|#EBF7FF,54.2297,52.0567,51.2727,50.5049,49.3317,105.7363,51.2808
2332,Azure Blue|Red|Pink|Magenta,#0066D9|#E72F1D|#F1A1AF|#F24574,52.7938,51.8657,51.3864,50.7479,49.8421,98.5635,51.3068
2333,Polymaker Teal|Tan|Cold White|Orange,#4CC0C7|#A79E82|#D9DFE5|#F67405,53.8384,52.4628,51.5810,50.1569,47.5383,122.7057,51.3098
2334,Green|Tan|Cold White|Red,#06924D|#A79E82|#D9DFE5|#E72F1D,54.6476,52.1945,51.2736,50.4359,49.2530,112.9682,51.3152
2335,Dark Grey|Brown|White|Yellow,#485259|#55331A|#EBF7FF|#FFE800,56.1477,52.6023,51.4920,50.0598,47.8496,111.7762,51.3311
2336,White|Pink|Magenta|Orange,#EBF7FF|#F1A1AF|#F24574|#F67405,53.0551,52.1996,51.5658,50.4675,48.4354,116.3460,51.3336
2337,Black|Cold White|Red|Orange,#080A0D|#D9DFE5|#E72F1D|#F67405,52.8588,51.8913,51.4623,50.7806,49.5133,138.3109,51.3359
2338,Azure Blue|Green|Lime Green|Cold White,#0066D9|#06924D|#D5D701|#D9DFE5,52.9217,51.9367,51.4094,50.7458,49.7228,105.7771,51.3412
2339,Dark Grey|Brown|White|Orange,#485259|#55331A|#EBF7FF|#F67405,53.8463,52.3967,51.5756,50.2905,48.0351,129.7387,51.3436
2340,Dark Grey|Brown|Dark Olive Drab|Orange,#485259|#55331A|#575B54|#F67405,53.6246,52.2752,51.5676,50.4600,48.4608,133.0385,51.3676
2341,Dark Grey|White|Pink|Orange,#485259|#EBF7FF|#F1A1AF|#F67405,53.5070,52.2976,51.5978,50.4898,48.4596,125.2790,51.3937
2342,Blue|Polymaker Teal|Lime Green|Cold White,#003776|#4CC0C7|#D5D701|#D9DFE5,55.2704,52.4295,51.4745,50.3665,48.7201,97.6700,51.3980
2343,Polymaker Teal|Tan|Pink|Orange,#4CC0C7|#A79E82|#F1A1AF|#F67405,53.5635,52.3804,51.6348,50.4181,48.1288,119.6840,51.3992
2344,Dark Grey|Dark Olive Drab|Grey|Orange,#485259|#575B54|#8C9099|#F67405,53.6690,52.3224,51.6018,50.4924,48.5029,133.0313,51.4074
2345,Azure Blue|Green|Black|Magenta,#0066D9|#06924D|#080A0D|#F24574,56.0429,52.0922,51.2337,50.7270,50.2759,95.3495,51.4096
2346,Azure Blue|Black|Purple|Red,#0066D9|#080A0D|#6C47B2|#E72F1D,53.4177,52.0349,51.4418,50.7887,49.9221,106.9477,51.4118
2347,Blue|Green|Brown|Olive Green,#003776|#06924D|#55331A|#948902,53.1736,51.9305,51.4461,50.9084,50.2348,83.3153,51.4194
2348,Polymaker Teal|Dark Olive Drab|Grey|Orange,#4CC0C7|#575B54|#8C9099|#F67405,53.9777,52.5034,51.6444,50.3396,48.0362,132.9328,51.4215
2349,Polymaker Teal|Cold White|Pink|Orange,#4CC0C7|#D9DFE5|#F1A1AF|#F67405,53.5781,52.4007,51.6565,50.4429,48.1606,119.4093,51.4218
2350,Dark Grey|Dark Olive Drab|Cold White|Orange,#485259|#575B54|#D9DFE5|#F67405,53.6782,52.3350,51.6169,50.5104,48.5196,133.0385,51.4227
2351,Green|Black|Purple|Magenta,#06924D|#080A0D|#6C47B2|#F24574,56.0765,52.0214,51.2189,50.8631,50.6386,95.3495,51.4422
2352,Brown|Olive Green|Tan|Orange,#55331A|#948902|#A79E82|#F67405,53.6820,52.3834,51.6581,50.5089,48.5998,146.9218,51.4462
2353,Green|Red|White|Magenta,#06924D|#E72F1D|#EBF7FF|#F24574,54.7240,52.2945,51.4381,50.6291,49.4357,113.1820,51.4618
2354,Brown|Cold White|Red|Orange,#55331A|#D9DFE5|#E72F1D|#F67405,53.3448,52.3527,51.6666,50.5849,48.8812,140.5916,51.4688
2355,Grey|Tan|White|Orange,#8C9099|#A79E82|#EBF7FF|#F67405,53.6762,52.5362,51.7295,50.4048,48.0371,122.4556,51.4705
2356,Brown|Olive Green|White|Yellow,#55331A|#948902|#EBF7FF|#FFE800,56.7292,52.7900,51.6335,50.1665,47.9466,113.5124,51.4783
2357,Brown|Grey|Tan|Orange,#55331A|#8C9099|#A79E82|#F67405,54.3069,52.6654,51.7128,50.3134,48.0305,138.3405,51.4894
2358,Brown|Lime Green|White|Yellow,#55331A|#D5D701|#EBF7FF|#FFE800,56.8676,52.7913,51.6310,50.1894,48.0256,113.5299,51.4903
2359,Green|Lime Green|White|Pink,#06924D|#D5D701|#EBF7FF|#F1A1AF,53.4725,52.3066,51.6558,50.7446,49.2622,102.5132,51.5256
2360,Dark Grey|Grey|White|Orange,#485259|#8C9099|#EBF7FF|#F67405,53.9728,52.5653,51.7516,50.4908,48.2694,129.7372,51.5280
2361,Blue|Olive Green|Lime Green|White,#003776|#948902|#D5D701|#EBF7FF,54.5738,52.5306,51.6948,50.5317,48.6981,98.1895,51.5311
2362,Dark Grey|Cold White|White|Orange,#485259|#D9DFE5|#EBF7FF|#F67405,53.9807,52.5724,51.7593,50.4985,48.2752,129.7372,51.5355
2363,Brown|Dark Olive Drab|White|Yellow,#55331A|#575B54|#EBF7FF|#FFE800,56.6211,52.8331,51.6941,50.2566,48.0539,113.3745,51.5449
2364,Dark Olive Drab|Tan|Pink|Orange,#575B54|#A79E82|#F1A1AF|#F67405,53.6305,52.4106,51.7342,50.6792,48.8004,128.0544,51.5449
2365,Polymaker Teal|White|Pink|Orange,#4CC0C7|#EBF7FF|#F1A1AF|#F67405,53.6709,52.5266,51.7937,50.5852,48.2870,118.8773,51.5559
2366,Brown|Pink|Magenta|Orange,#55331A|#F1A1AF|#F24574|#F67405,53.4138,52.2524,51.6779,50.8615,49.5540,128.4479,51.5569
2367,Brown|Tan|Red|Orange,#55331A|#A79E82|#E72F1D|#F67405,52.7792,52.1151,51.7053,51.0155,49.7533,141.4168,51.5653
2368,Polymaker Teal|Dark Olive Drab|Lime Green|Pink,#4CC0C7|#575B54|#D5D701|#F1A1AF,55.1316,52.6387,51.7121,50.4943,48.5578,97.9206,51.5665
2369,Azure Blue|Polymaker Teal|Cold White|Yellow,#0066D9|#4CC0C7|#D9DFE5|#FFE800,53.3053,52.2042,51.6641,50.9324,49.6934,101.8489,51.5683
2370,Blue|Polymaker Teal|Grey|Lime Green,#003776|#4CC0C7|#8C9099|#D5D701,55.2833,52.5723,51.6639,50.5920,48.9550,97.6759,51.5821
2371,Polymaker Teal|Brown|White|Orange,#4CC0C7|#55331A|#EBF7FF|#F67405,54.5440,52.8027,51.8144,50.3626,47.9244,133.4010,51.5826
2372,Polymaker Teal|Brown|White|Yellow,#4CC0C7|#55331A|#EBF7FF|#FFE800,56.6634,52.7777,51.7089,50.3889,48.3095,113.4952,51.5833
2373,Brown|Dark Olive Drab|White|Orange,#55331A|#575B54|#EBF7FF|#F67405,54.0428,52.6453,51.8283,50.5297,48.2376,127.9693,51.5875
2374,Polymaker Teal|Brown|Pink|Orange,#4CC0C7|#55331A|#F1A1AF|#F67405,54.2228,52.6748,51.8050,50.5173,48.2865,131.4304,51.5960
2375,Azure Blue|Polymaker Teal|Grey|Lime Green,#0066D9|#4CC0C7|#8C9099|#D5D701,53.8348,52.3769,51.6993,50.8158,49.4151,102.7867,51.5963
2376,Dark Grey|Cold White|Pink|Orange,#485259|#D9DFE5|#F1A1AF|#F67405,53.7569,52.5238,51.8038,50.6757,48.6430,126.3652,51.5998
2377,Lime Green|White|Pink|Yellow,#D5D701|#EBF7FF|#F1A1AF|#FFE800,53.5820,52.4846,51.7922,50.7277,48.9730,110.2953,51.6062
2378,Green|Brown|Red|Pink,#06924D|#55331A|#E72F1D|#F1A1AF,55.0252,52.3687,51.5323,50.8656,49.9885,119.3491,51.6172
2379,Polymaker Teal|Dark Olive Drab|White|Orange,#4CC0C7|#575B54|#EBF7FF|#F67405,54.0046,52.6452,51.8465,50.6023,48.3395,127.8954,51.6237
2380,Dark Olive Drab|Grey|Tan|Orange,#575B54|#8C9099|#A79E82|#F67405,54.0849,52.6831,51.8472,50.5813,48.4311,134.9077,51.6322
2381,Azure Blue|Polymaker Teal|White|Yellow,#0066D9|#4CC0C7|#EBF7FF|#FFE800,53.6824,52.3855,51.7340,50.9128,49.5520,104.2237,51.6492
2382,Green|Purple|Olive Green|White,#06924D|#6C47B2|#948902|#EBF7FF,53.4310,52.2605,51.6999,51.0473,50.1554,96.2975,51.6539
2383,Dark Grey|Brown|Pink|Orange,#485259|#55331A|#F1A1AF|#F67405,53.6915,52.5383,51.8614,50.7706,48.8075,126.3733,51.6544
2384,Azure Blue|Green|Polymaker Teal|Lime Green,#0066D9|#06924D|#4CC0C7|#D5D701,53.7475,52.4464,51.7363,50.8693,49.6072,109.3002,51.6578
2385,Dark Olive Drab|White|Pink|Orange,#575B54|#EBF7FF|#F1A1AF|#F67405,53.7390,52.5807,51.8903,50.7946,48.8079,125.2614,51.6877
2386,Azure Blue|Tan|White|Yellow,#0066D9|#A79E82|#EBF7FF|#FFE800,54.0121,52.5889,51.8310,50.8078,49.0924,104.0154,51.6984
2387,Brown|Cold White|White|Yellow,#55331A|#D9DFE5|#EBF7FF|#FFE800,57.0922,53.0455,51.8773,50.4033,48.1683,113.4490,51.7244
2388,Green|Brown|Purple|Magenta,#06924D|#55331A|#6C47B2|#F24574,56.2533,52.3194,51.5106,51.1373,50.8794,95.3493,51.7284
2389,Dark Grey|Grey|Pink|Orange,#485259|#8C9099|#F1A1AF|#F67405,53.7493,52.6082,51.9363,50.8540,48.9024,126.3733,51.7311
2390,Black|Polymaker Teal|Pink|Orange,#080A0D|#4CC0C7|#F1A1AF|#F67405,54.4633,52.7112,51.9168,50.7944,48.8723,133.8274,51.7528
2391,Brown|Grey|White|Yellow,#55331A|#8C9099|#EBF7FF|#FFE800,57.0162,53.0518,51.9062,50.4582,48.2353,113.1472,51.7550
2392,Dark Olive Drab|Grey|Pink|Orange,#575B54|#8C9099|#F1A1AF|#F67405,53.7499,52.6159,51.9536,50.8978,49.0035,127.7927,51.7569
2393,Dark Grey|Brown|Cold White|Orange,#485259|#55331A|#D9DFE5|#F67405,54.2851,52.7795,51.9743,50.7402,48.5263,132.7574,51.7598
2394,Brown|Dark Olive Drab|Grey|Orange,#55331A|#575B54|#8C9099|#F67405,54.2068,52.7608,51.9841,50.7603,48.5945,134.9091,51.7606
2395,Polymaker Teal|Cold White|Pink|Yellow,#4CC0C7|#D9DFE5|#F1A1AF|#FFE800,53.6817,52.5359,51.9147,51.0113,49.4394,109.9450,51.7736
2396,Azure Blue|Green|Brown|Magenta,#0066D9|#06924D|#55331A|#F24574,56.2785,52.4812,51.6112,51.0694,50.5745,95.3493,51.7753
2397,Dark Olive Drab|Lime Green|White|Pink,#575B54|#D5D701|#EBF7FF|#F1A1AF,55.5709,53.0074,51.9888,50.5902,48.4116,98.0418,51.7988
2398,Brown|Grey|White|Orange,#55331A|#8C9099|#EBF7FF|#F67405,54.6449,52.9839,52.0349,50.6178,48.2257,130.6275,51.8009
2399,Dark Grey|Grey|Cold White|Orange,#485259|#8C9099|#D9DFE5|#F67405,54.3382,52.8346,52.0169,50.7818,48.5753,132.7504,51.8082
2400,Green|Dark Olive Drab|Cold White|Red,#06924D|#575B54|#D9DFE5|#E72F1D,55.3417,52.5606,51.7285,51.0713,50.1879,123.5232,51.8159
2401,Dark Olive Drab|Tan|White|Orange,#575B54|#A79E82|#EBF7FF|#F67405,54.1059,52.8240,52.0448,50.8226,48.6540,127.9049,51.8233
2402,Polymaker Teal|Dark Olive Drab|Tan|Orange,#4CC0C7|#575B54|#A79E82|#F67405,54.4467,52.8722,52.0399,50.7921,48.5461,134.5930,51.8322
2403,Green|Red|White|Pink,#06924D|#E72F1D|#EBF7FF|#F1A1AF,55.0788,52.6785,51.8221,50.9908,49.7348,113.7538,51.8347
2404,Green|Brown|Dark Olive Drab|Red,#06924D|#55331A|#575B54|#E72F1D,55.4720,52.5642,51.7409,51.1302,50.2907,123.5541,51.8472
2405,Brown|Dark Olive Drab|Pink|Orange,#55331A|#575B54|#F1A1AF|#F67405,53.8987,52.7098,52.0528,51.0081,49.1245,128.0755,51.8590
2406,Polymaker Teal|Brown|Dark Olive Drab|Orange,#4CC0C7|#55331A|#575B54|#F67405,54.5586,52.8767,52.0622,50.8429,48.6338,134.9995,51.8598
2407,Polymaker Teal|Dark Olive Drab|Cold White|Orange,#4CC0C7|#575B54|#D9DFE5|#F67405,54.4750,52.9034,52.0746,50.8306,48.5852,134.6205,51.8670
2408,Green|Dark Olive Drab|Tan|Red,#06924D|#575B54|#A79E82|#E72F1D,55.3726,52.6028,51.7829,51.1392,50.2625,123.5541,51.8710
2409,Green|Tan|Red|White,#06924D|#A79E82|#E72F1D|#EBF7FF,55.0912,52.7246,51.8738,51.0383,49.7759,113.5669,51.8815
2410,Dark Grey|Brown|Grey|Orange,#485259|#55331A|#8C9099|#F67405,54.2813,52.8689,52.1176,50.9420,48.8297,132.7722,51.9055
2411,Azure Blue|Purple|Olive Green|Pink,#0066D9|#6C47B2|#948902|#F1A1AF,55.3422,53.1006,52.1025,50.7106,48.7279,86.5928,51.9056
2412,Black|Purple|Olive Green|Pink,#080A0D|#6C47B2|#948902|#F1A1AF,55.7281,53.0507,52.0803,50.7636,48.8995,85.4789,51.9072
2413,Green|Black|Polymaker Teal|Red,#06924D|#080A0D|#4CC0C7|#E72F1D,55.3420,52.5960,51.8381,51.2184,50.3431,117.1883,51.9072
2414,Dark Olive Drab|Grey|White|Orange,#575B54|#8C9099|#EBF7FF|#F67405,54.1948,52.9425,52.1474,50.9032,48.7122,128.4074,51.9229
2415,Grey|White|Pink|Orange,#8C9099|#EBF7FF|#F1A1AF|#F67405,53.9376,52.9064,52.1822,50.9542,48.6746,120.1171,51.9303
2416,Grey|Cold White|Pink|Orange,#8C9099|#D9DFE5|#F1A1AF|#F67405,54.0206,52.9336,52.1947,50.9581,48.6898,121.0635,51.9458
2417,Dark Olive Drab|Cold White|Pink|Orange,#575B54|#D9DFE5|#F1A1AF|#F67405,53.9148,52.7923,52.1494,51.1198,49.2569,128.0755,51.9561
2418,Tan|Cold White|Pink|Orange,#A79E82|#D9DFE5|#F1A1AF|#F67405,54.0083,52.9588,52.2031,50.9647,48.7369,118.2097,51.9617
2419,Olive Green|Cold White|Pink|Yellow,#948902|#D9DFE5|#F1A1AF|#FFE800,54.1344,52.9016,52.1576,51.0238,49.1582,110.0447,51.9627
2420,Green|Grey|Olive Green|Magenta,#06924D|#8C9099|#948902|#F24574,56.1924,53.0116,51.9862,50.9633,49.4922,101.7189,51.9874
2421,Green|Dark Grey|Olive Green|Yellow,#06924D|#485259|#948902|#FFE800,55.2990,52.8714,52.0253,51.1096,49.8363,136.0104,51.9905
2422,Azure Blue|Tan|Lime Green|Cold White,#0066D9|#A79E82|#D5D701|#D9DFE5,54.1972,52.8760,52.1480,51.1089,49.4315,104.4982,51.9924
2423,Blue|Green|Black|Olive Green,#003776|#06924D|#080A0D|#948902,54.4256,52.5710,52.0173,51.4538,50.7597,86.9152,52.0124
2424,Green|Dark Olive Drab|Olive Green|Magenta,#06924D|#575B54|#948902|#F24574,56.7229,53.0485,51.9752,50.9788,49.5831,101.4262,52.0137
2425,Azure Blue|Tan|Lime Green|White,#0066D9|#A79E82|#D5D701|#EBF7FF,54.3850,52.9456,52.1620,51.0906,49.3625,106.2527,52.0181
2426,Azure Blue|Lime Green|White|Yellow,#0066D9|#D5D701|#EBF7FF|#FFE800,54.3304,52.8979,52.1428,51.1526,49.4961,104.1657,52.0252
2427,Purple|Olive Green|White|Pink,#6C47B2|#948902|#EBF7FF|#F1A1AF,54.9155,53.0768,52.2242,50.9770,49.1719,85.8789,52.0269
2428,Dark Olive Drab|Grey|Cold White|Orange,#575B54|#8C9099|#D9DFE5|#F67405,54.3740,53.0700,52.2684,51.0312,48.9023,134.9091,52.0506
2429,Blue|Azure Blue|Black|Red,#003776|#0066D9|#080A0D|#E72F1D,53.9995,52.7049,52.1183,51.4074,50.3771,106.9395,52.0561
2430,Green|Brown|Cold White|Red,#06924D|#55331A|#D9DFE5|#E72F1D,55.7489,53.0240,52.0269,51.1117,49.9141,114.4031,52.0678
2431,Brown|Purple|Olive Green|Tan,#55331A|#6C47B2|#948902|#A79E82,55.5217,53.1439,52.2237,50.9930,49.2401,90.0412,52.0685
2432,Black|Tan|Pink|Orange,#080A0D|#A79E82|#F1A1AF|#F67405,54.7402,52.9941,52.2202,51.1495,49.4123,134.3406,52.0718
2433,Black|Tan|White|Yellow,#080A0D|#A79E82|#EBF7FF|#FFE800,59.2319,53.4387,52.1773,50.7214,48.5922,113.6554,52.0800
2434,Azure Blue|Brown|Olive Green|Pink,#0066D9|#55331A|#948902|#F1A1AF,55.8067,53.3389,52.3107,50.8372,48.6351,76.5602,52.0881
2435,Dark Olive Drab|Cold White|White|Orange,#575B54|#D9DFE5|#EBF7FF|#F67405,54.3423,53.0990,52.3222,51.0871,48.8875,127.9066,52.0931
2436,Blue|Polymaker Teal|Brown|Olive Green,#003776|#4CC0C7|#55331A|#948902,54.4470,52.9226,52.2713,51.2661,49.6998,80.4584,52.0943
2437,Brown|Tan|White|Orange,#55331A|#A79E82|#EBF7FF|#F67405,54.8763,53.3021,52.3567,50.9352,48.6071,134.3808,52.1186
2438,Polymaker Teal|Tan|White|Orange,#4CC0C7|#A79E82|#EBF7FF|#F67405,54.3610,53.1769,52.3903,51.0798,48.6098,120.2142,52.1283
2439,Green|Polymaker Teal|Olive Green|Magenta,#06924D|#4CC0C7|#948902|#F24574,56.3600,53.1781,52.1364,51.0872,49.5803,93.9930,52.1327
2440,Green|Purple|Olive Green|Pink,#06924D|#6C47B2|#948902|#F1A1AF,53.9548,52.8037,52.2077,51.4666,50.4318,85.2121,52.1352
2441,Azure Blue|Black|Red|Magenta,#0066D9|#080A0D|#E72F1D|#F24574,54.2249,52.7982,52.1950,51.4746,50.4556,106.9393,52.1364
2442,Black|Brown|Red|Orange,#080A0D|#55331A|#E72F1D|#F67405,53.2373,52.5722,52.2629,51.7033,50.6884,138.3685,52.1377
2443,Azure Blue|Lime Green|Cold White|Yellow,#0066D9|#D5D701|#D9DFE5|#FFE800,54.2787,52.9794,52.2818,51.3036,49.6873,101.8489,52.1415
2444,Blue|Green|Dark Olive Drab|Olive Green,#003776|#06924D|#575B54|#948902,54.3547,52.7129,52.1553,51.5706,50.8531,87.3200,52.1418
2445,Blue|Green|Dark Grey|Olive Green,#003776|#06924D|#485259|#948902,54.3580,52.7136,52.1588,51.5727,50.8521,87.3200,52.1432
2446,Blue|Green|Olive Green|Cold White,#003776|#06924D|#948902|#D9DFE5,54.3653,52.7143,52.1600,51.5743,50.8541,87.3200,52.1443
2447,Green|Black|Dark Grey|Red,#06924D|#080A0D|#485259|#E72F1D,55.5215,52.8071,52.0668,51.4903,50.7494,123.4250,52.1487
2448,Green|Dark Grey|White|Yellow,#06924D|#485259|#EBF7FF|#FFE800,55.4304,53.0627,52.2262,51.2515,49.8223,112.5821,52.1571
2449,Blue|Green|Polymaker Teal|Olive Green,#003776|#06924D|#4CC0C7|#948902,54.3731,52.7329,52.1710,51.5822,50.8635,87.3200,52.1576
2450,Polymaker Teal|Cold White|White|Orange,#4CC0C7|#D9DFE5|#EBF7FF|#F67405,54.3821,53.2022,52.4168,51.1137,48.6545,120.0020,52.1579
2451,Polymaker Teal|Purple|Olive Green|Pink,#4CC0C7|#6C47B2|#948902|#F1A1AF,55.3152,53.1647,52.3100,51.1596,49.4951,85.8736,52.1622
2452,Green|Dark Grey|Polymaker Teal|Yellow,#06924D|#485259|#4CC0C7|#FFE800,55.9877,53.1270,52.1879,51.2235,49.9272,135.9740,52.1752
2453,Blue|Azure Blue|Green|Magenta,#003776|#0066D9|#06924D|#F24574,55.7361,52.8390,52.0590,51.5148,50.9630,95.3495,52.1769
2454,Purple|Olive Green|Tan|Pink,#6C47B2|#948902|#A79E82|#F1A1AF,55.2061,53.2676,52.3768,51.1019,49.2691,85.8770,52.1848
2455,Black|Polymaker Teal|White|Orange,#080A0D|#4CC0C7|#EBF7FF|#F67405,55.1310,53.3251,52.4261,51.0629,48.8263,138.0460,52.1940
2456,Azure Blue|Green|Purple|Magenta,#0066D9|#06924D|#6C47B2|#F24574,55.6755,52.8388,52.0897,51.5536,51.0168,95.3497,52.1962
2457,Green|Dark Grey|Cold White|Yellow,#06924D|#485259|#D9DFE5|#FFE800,55.9771,53.1396,52.2126,51.2549,49.9605,136.0104,52.1972
2458,Green|Dark Grey|Lime Green|Yellow,#06924D|#485259|#D5D701|#FFE800,56.0060,53.1451,52.2160,51.2588,49.9705,136.0104,52.2020
2459,Blue|Polymaker Teal|Cold White|Red,#003776|#4CC0C7|#D9DFE5|#E72F1D,54.5575,52.8880,52.2498,51.5274,50.3616,97.0853,52.2077
2460,Green|Dark Olive Drab|Purple|Magenta,#06924D|#575B54|#6C47B2|#F24574,55.9165,52.8056,52.0510,51.6111,51.2293,95.3498,52.2084
2461,Grey|Olive Green|Lime Green|Pink,#8C9099|#948902|#D5D701|#F1A1AF,54.9450,53.3605,52.4502,51.0852,48.9080,97.6229,52.2229
2462,Grey|Cold White|White|Orange,#8C9099|#D9DFE5|#EBF7FF|#F67405,54.4503,53.3075,52.4933,51.1405,48.6833,122.3013,52.2240
2463,Blue|Green|Purple|Magenta,#003776|#06924D|#6C47B2|#F24574,55.7339,52.8079,52.0866,51.6470,51.2421,95.3497,52.2275
2464,Green|Dark Grey|Dark Olive Drab|Yellow,#06924D|#485259|#575B54|#FFE800,56.1467,53.1876,52.2446,51.2790,49.9819,136.1640,52.2333
2465,Dark Grey|Purple|Olive Green|Pink,#485259|#6C47B2|#948902|#F1A1AF,55.5441,53.3914,52.4470,51.1221,49.2587,85.8736,52.2567
2466,Green|Dark Grey|Purple|Magenta,#06924D|#485259|#6C47B2|#F24574,55.8895,52.8653,52.1142,51.6515,51.2425,95.3498,52.2584
2467,Blue|Purple|Olive Green|Pink,#003776|#6C47B2|#948902|#F1A1AF,55.6404,53.4258,52.4454,51.1011,49.2158,85.8736,52.2634
2468,Brown|Grey|Pink|Orange,#55331A|#8C9099|#F1A1AF|#F67405,54.6499,53.2863,52.4738,51.2413,49.1167,129.8707,52.2638
2469,Olive Green|Tan|Lime Green|Pink,#948902|#A79E82|#D5D701|#F1A1AF,54.8190,53.4449,52.5463,51.1077,48.8009,98.0975,52.2763
2470,Dark Olive Drab|Purple|Olive Green|Pink,#575B54|#6C47B2|#948902|#F1A1AF,55.5323,53.4080,52.4741,51.1631,49.3069,85.8736,52.2856
2471,Blue|Green|Grey|Olive Green,#003776|#06924D|#8C9099|#948902,54.2961,52.8532,52.3051,51.7296,51.0341,88.3394,52.2914
2472,Azure Blue|Grey|Lime Green|White,#0066D9|#8C9099|#D5D701|#EBF7FF,54.8727,53.2876,52.4333,51.2960,49.5189,106.8968,52.2918
2473,Blue|Purple|Red|Magenta,#003776|#6C47B2|#E72F1D|#F24574,53.8405,52.7426,52.3187,51.8464,51.2228,105.1080,52.2945
2474,Azure Blue|Brown|Purple|Olive Green,#0066D9|#55331A|#6C47B2|#948902,56.0370,53.4739,52.4614,51.1187,49.2453,90.6103,52.2963
2475,Blue|Tan|Lime Green|White,#003776|#A79E82|#D5D701|#EBF7FF,55.6305,53.3246,52.4449,51.2682,49.4190,98.4346,52.2964
2476,Purple|Grey|Olive Green|Pink,#6C47B2|#8C9099|#948902|#F1A1AF,55.4387,53.4435,52.4976,51.1652,49.2737,85.8736,52.3044
2477,Blue|Dark Grey|Brown|Olive Green,#003776|#485259|#55331A|#948902,55.9032,53.4726,52.4617,51.1495,49.3023,84.0816,52.3110
2478,Blue|Brown|Dark Olive Drab|Olive Green,#003776|#55331A|#575B54|#948902,55.9581,53.4995,52.4872,51.1830,49.3505,84.0816,52.3412
2479,Azure Blue|Grey|Lime Green|Cold White,#0066D9|#8C9099|#D5D701|#D9DFE5,54.7698,53.2637,52.4916,51.4206,49.7030,102.8463,52.3421
2480,Blue|Black|Brown|Olive Green,#003776|#080A0D|#55331A|#948902,55.9948,53.5072,52.4898,51.1901,49.3620,84.0861,52.3487
2481,Azure Blue|Green|Dark Olive Drab|Magenta,#0066D9|#06924D|#575B54|#F24574,56.1138,53.0492,52.2330,51.6628,51.0927,95.3495,52.3560
2482,Black|Dark Olive Drab|Pink|Orange,#080A0D|#575B54|#F1A1AF|#F67405,54.5044,53.2337,52.5274,51.4895,49.7579,134.2972,52.3616
2483,Brown|Grey|Cold White|Orange,#55331A|#8C9099|#D9DFE5|#F67405,55.2393,53.5892,52.6096,51.1458,48.6881,138.3422,52.3675
2484,Blue|Azure Blue|Purple|Red,#003776|#0066D9|#6C47B2|#E72F1D,54.0780,52.9439,52.4224,51.7940,50.9219,112.5003,52.3689
2485,Green|Black|Grey|Red,#06924D|#080A0D|#8C9099|#E72F1D,55.7381,53.0768,52.3076,51.6650,50.8568,123.8213,52.3709
2486,Azure Blue|Green|Dark Grey|Magenta,#0066D9|#06924D|#485259|#F24574,56.0836,53.0731,52.2633,51.6782,51.0729,95.3495,52.3756
2487,Black|White|Pink|Orange,#080A0D|#EBF7FF|#F1A1AF|#F67405,55.2217,53.3704,52.5467,51.4050,49.5053,132.3842,52.3877
2488,Azure Blue|Green|Brown|Olive Green,#0066D9|#06924D|#55331A|#948902,55.1191,53.1337,52.4587,51.6516,50.5128,89.2752,52.3927
2489,Blue|Brown|Olive Green|Cold White,#003776|#55331A|#948902|#D9DFE5,55.9741,53.5355,52.5467,51.2563,49.4235,84.0816,52.3959
2490,Brown|Purple|Olive Green|Pink,#55331A|#6C47B2|#948902|#F1A1AF,55.9882,53.5587,52.5976,51.2921,49.4291,84.1582,52.4254
2491,Purple|Olive Green|Cold White|Pink,#6C47B2|#948902|#D9DFE5|#F1A1AF,55.5089,53.5770,52.6314,51.2858,49.3928,85.8736,52.4314
2492,Brown|Tan|Pink|Orange,#55331A|#A79E82|#F1A1AF|#F67405,54.6799,53.3923,52.6291,51.4844,49.5761,134.4781,52.4383
2493,Grey|Tan|Lime Green|Pink,#8C9099|#A79E82|#D5D701|#F1A1AF,55.1265,53.5898,52.7100,51.3778,49.2171,97.5572,52.4838
2494,Polymaker Teal|Brown|Cold White|Orange,#4CC0C7|#55331A|#D9DFE5|#F67405,55.4667,53.7901,52.7339,51.1964,48.7868,140.7979,52.4933
2495,Blue|Polymaker Teal|Dark Olive Drab|Red,#003776|#4CC0C7|#575B54|#E72F1D,54.8444,53.1699,52.5346,51.8186,50.7034,97.8406,52.4943
2496,Grey|Lime Green|Cold White|Pink,#8C9099|#D5D701|#D9DFE5|#F1A1AF,55.1582,53.6106,52.7229,51.3809,49.2261,97.5590,52.4958
2497,Tan|Cold White|Pink|Yellow,#A79E82|#D9DFE5|#F1A1AF|#FFE800,54.4477,53.3975,52.7064,51.6113,49.7620,110.0298,52.5044
2498,Brown|Cold White|White|Orange,#55331A|#D9DFE5|#EBF7FF|#F67405,55.3698,53.7257,52.7492,51.2844,48.8686,133.2686,52.5051
2499,Blue|Polymaker Teal|Brown|Red,#003776|#4CC0C7|#55331A|#E72F1D,54.9711,53.1837,52.5398,51.8274,50.7249,97.8363,52.5055
2500,Black|Olive Green|White|Yellow,#080A0D|#948902|#EBF7FF|#FFE800,59.4694,53.8581,52.6207,51.1620,49.0261,113.8272,52.5100
2501,Blue|Polymaker Teal|Red|Magenta,#003776|#4CC0C7|#E72F1D|#F24574,54.8284,53.1984,52.5681,51.8271,50.6553,97.8366,52.5128
2502,Black|Tan|White|Orange,#080A0D|#A79E82|#EBF7FF|#F67405,55.4387,53.6309,52.7399,51.3995,49.2651,138.0344,52.5152
2503,Polymaker Teal|Olive Green|Lime Green|Pink,#4CC0C7|#948902|#D5D701|#F1A1AF,54.9684,53.4489,52.6862,51.5831,49.7468,98.6735,52.5160
2504,Green|Dark Grey|Grey|Yellow,#06924D|#485259|#8C9099|#FFE800,56.0462,53.4333,52.5493,51.6007,50.2886,135.8998,52.5170
2505,Blue|Black|Polymaker Teal|Red,#003776|#080A0D|#4CC0C7|#E72F1D,55.1204,53.1978,52.5470,51.8406,50.7494,97.8364,52.5192
2506,Green|Brown|Red|Magenta,#06924D|#55331A|#E72F1D|#F24574,55.8394,53.2245,52.4357,51.8402,51.0362,126.2830,52.5323
2507,Blue|Dark Olive Drab|Lime Green|White,#003776|#575B54|#D5D701|#EBF7FF,55.9139,53.5638,52.7050,51.5372,49.7054,97.4812,52.5505
2508,Blue|Polymaker Teal|Grey|Red,#003776|#4CC0C7|#8C9099|#E72F1D,54.8963,53.2474,52.6131,51.8652,50.6637,97.8366,52.5563
2509,Blue|Polymaker Teal|Red|Pink,#003776|#4CC0C7|#E72F1D|#F1A1AF,54.8963,53.2474,52.6131,51.8652,50.6637,97.8366,52.5563
2510,Green|Purple|Cold White|Magenta,#06924D|#6C47B2|#D9DFE5|#F24574,56.0139,53.1653,52.4454,51.9605,51.4990,95.3497,52.5629
2511,Green|Polymaker Teal|Purple|Magenta,#06924D|#4CC0C7|#6C47B2|#F24574,56.0443,53.1743,52.4442,51.9533,51.4906,95.3497,52.5638
2512,Polymaker Teal|Brown|Tan|Orange,#4CC0C7|#55331A|#A79E82|#F67405,55.4890,53.8483,52.8065,51.2809,48.8595,141.0943,52.5646
2513,Blue|Dark Grey|Polymaker Teal|Red,#003776|#485259|#4CC0C7|#E72F1D,54.9437,53.2524,52.6132,51.8795,50.7174,97.8400,52.5660
2514,Green|Purple|Grey|Magenta,#06924D|#6C47B2|#8C9099|#F24574,56.0154,53.1713,52.4521,51.9654,51.5018,95.3497,52.5684
2515,Green|Purple|Tan|Magenta,#06924D|#6C47B2|#A79E82|#F24574,55.9923,53.1827,52.4687,51.9788,51.5100,95.3520,52.5807
2516,Green|Black|Dark Grey|Yellow,#06924D|#080A0D|#485259|#FFE800,58.3340,53.5280,52.5582,51.6576,50.5769,146.3444,52.5928
2517,Brown|Dark Olive Drab|Tan|Orange,#55331A|#575B54|#A79E82|#F67405,55.0297,53.5361,52.8077,51.6663,49.6145,139.4692,52.6012
2518,Dark Olive Drab|Tan|Cold White|Orange,#575B54|#A79E82|#D9DFE5|#F67405,55.0006,53.5613,52.8142,51.6491,49.5691,139.0556,52.6052
2519,Brown|White|Pink|Orange,#55331A|#EBF7FF|#F1A1AF|#F67405,55.0622,53.6404,52.8148,51.5754,49.4655,130.8707,52.6079
2520,Tan|Cold White|White|Orange,#A79E82|#D9DFE5|#EBF7FF|#F67405,54.7277,53.6738,52.8872,51.5580,49.1373,118.0352,52.6159
2521,Brown|Purple|Olive Green|White,#55331A|#6C47B2|#948902|#EBF7FF,55.7890,53.6609,52.7946,51.5809,49.8396,93.1321,52.6209
2522,Blue|Dark Olive Drab|Red|White,#003776|#575B54|#E72F1D|#EBF7FF,54.7813,53.2614,52.6690,51.9806,50.9096,97.5277,52.6210
2523,Green|Red|Pink|Magenta,#06924D|#E72F1D|#F1A1AF|#F24574,55.9133,53.4269,52.5870,51.8304,50.7427,121.7151,52.6287
2524,Green|Dark Grey|Tan|Yellow,#06924D|#485259|#A79E82|#FFE800,55.7632,53.4939,52.6865,51.7805,50.4910,136.0131,52.6372
2525,Blue|Dark Olive Drab|Cold White|Red,#003776|#575B54|#D9DFE5|#E72F1D,54.7514,53.2822,52.7107,52.0894,51.1295,97.0628,52.6858
2526,Polymaker Teal|Grey|Lime Green|Pink,#4CC0C7|#8C9099|#D5D701|#F1A1AF,55.0097,53.6314,52.8875,51.7846,49.9333,97.6955,52.7080
2527,Dark Grey|Polymaker Teal|Olive Green|Magenta,#485259|#4CC0C7|#948902|#F24574,58.3420,54.0520,52.7550,51.3754,49.3966,94.6223,52.7137
2528,Black|Dark Olive Drab|White|Orange,#080A0D|#575B54|#EBF7FF|#F67405,55.2837,53.8139,52.9594,51.6164,49.4390,138.0353,52.7151
2529,Blue|Black|Dark Grey|Olive Green,#003776|#080A0D|#485259|#948902,56.7090,53.9470,52.8946,51.5592,49.7057,87.1425,52.7531
2530,Blue|Dark Grey|Dark Olive Drab|Olive Green,#003776|#485259|#575B54|#948902,56.6750,53.9514,52.8960,51.5624,49.7058,87.3224,52.7569
2531,Blue|Brown|Red|White,#003776|#55331A|#E72F1D|#EBF7FF,55.0906,53.4265,52.8120,52.1233,51.0759,97.5205,52.7749
2532,Blue|Black|Polymaker Teal|Olive Green,#003776|#080A0D|#4CC0C7|#948902,55.9166,53.6826,52.9408,51.8779,50.2605,85.5562,52.7802
2533,Blue|Dark Grey|Olive Green|Cold White,#003776|#485259|#948902|#D9DFE5,56.6736,53.9786,52.9348,51.6071,49.7486,87.3224,52.7929
2534,Blue|Black|Dark Olive Drab|Olive Green,#003776|#080A0D|#575B54|#948902,56.7883,53.9828,52.9269,51.6125,49.7765,87.1425,52.7977
2535,Blue|Polymaker Teal|Dark Olive Drab|Olive Green,#003776|#4CC0C7|#575B54|#948902,55.6559,53.6838,52.9634,51.9177,50.3097,85.9007,52.8008
2536,Blue|Dark Grey|Polymaker Teal|Olive Green,#003776|#485259|#4CC0C7|#948902,55.6607,53.6859,52.9647,51.9181,50.3083,85.9007,52.8020
2537,Green|Brown|Lime Green|White,#06924D|#55331A|#D5D701|#EBF7FF,56.7007,53.6609,52.8671,51.9444,50.5905,105.1674,52.8026
2538,Blue|Polymaker Teal|Olive Green|Cold White,#003776|#4CC0C7|#948902|#D9DFE5,55.6519,53.6845,52.9652,51.9215,50.3149,85.9007,52.8030
2539,Blue|Polymaker Teal|Red|White,#003776|#4CC0C7|#E72F1D|#EBF7FF,55.2136,53.5323,52.8697,52.0770,50.8012,97.7991,52.8047
2540,Blue|Dark Olive Drab|Olive Green|Cold White,#003776|#575B54|#948902|#D9DFE5,56.7312,54.0065,52.9600,51.6385,49.7945,87.3224,52.8225
2541,Blue|Black|Olive Green|Cold White,#003776|#080A0D|#948902|#D9DFE5,56.7686,54.0020,52.9636,51.6519,49.8121,87.1425,52.8269
2542,Black|Polymaker Teal|Olive Green|Magenta,#080A0D|#4CC0C7|#948902|#F24574,59.3175,54.1237,52.8563,51.5515,49.6980,95.9073,52.8376
2543,Green|Tan|Red|Pink,#06924D|#A79E82|#E72F1D|#F1A1AF,56.1183,53.6682,52.8277,52.0432,50.8856,121.5785,52.8557
2544,Blue|Black|Red|White,#003776|#080A0D|#E72F1D|#EBF7FF,55.4677,53.5149,52.8812,52.2021,51.1633,97.5212,52.8585
2545,Green|Black|Grey|Yellow,#06924D|#080A0D|#8C9099|#FFE800,58.5461,53.9734,52.8578,51.7699,50.5812,146.4719,52.8716
2546,Blue|Dark Grey|Red|White,#003776|#485259|#E72F1D|#EBF7FF,55.1051,53.5463,52.9275,52.2081,51.0791,97.5155,52.8772
2547,Black|Cold White|Pink|Orange,#080A0D|#D9DFE5|#F1A1AF|#F67405,55.7227,53.8989,53.0369,51.8684,49.9656,134.2231,52.8836
2548,Azure Blue|Black|Olive Green|Pink,#0066D9|#080A0D|#948902|#F1A1AF,56.6853,54.1709,53.1363,51.6323,49.3650,77.7362,52.9016
2549,Dark Grey|Brown|Lime Green|Yellow,#485259|#55331A|#D5D701|#FFE800,57.7669,54.1122,52.9901,51.6950,49.8964,143.5191,52.9036
2550,Green|Purple|Pink|Magenta,#06924D|#6C47B2|#F1A1AF|#F24574,56.0658,53.4545,52.8058,52.3769,51.9616,94.6552,52.9157
2551,Green|Brown|Dark Olive Drab|Yellow,#06924D|#55331A|#575B54|#FFE800,56.1888,53.6954,52.9772,52.1762,51.0980,152.1204,52.9358
2552,Green|Black|Brown|Yellow,#06924D|#080A0D|#55331A|#FFE800,55.4934,53.5995,53.0293,52.3009,51.2554,149.4860,52.9502
2553,Azure Blue|Green|Polymaker Teal|Magenta,#0066D9|#06924D|#4CC0C7|#F24574,56.4876,53.6616,52.8672,52.2481,51.5993,95.3495,52.9548
2554,Azure Blue|Green|Cold White|Magenta,#0066D9|#06924D|#D9DFE5|#F24574,56.4862,53.6682,52.8766,52.2587,51.6089,95.3495,52.9634
2555,Azure Blue|Green|Grey|Magenta,#0066D9|#06924D|#8C9099|#F24574,56.4861,53.6682,52.8767,52.2588,51.6090,95.3495,52.9635
2556,Azure Blue|Green|Tan|Magenta,#0066D9|#06924D|#A79E82|#F24574,56.4527,53.6702,52.8912,52.2788,51.6251,95.3518,52.9745
2557,Black|Olive Green|White|Magenta,#080A0D|#948902|#EBF7FF|#F24574,58.7994,54.2101,53.0486,51.7390,49.8266,94.2086,52.9746
2558,Blue|Azure Blue|Red|Magenta,#003776|#0066D9|#E72F1D|#F24574,54.7398,53.5967,53.0472,52.3579,51.3622,112.4999,52.9773
2559,Black|Grey|Pink|Orange,#080A0D|#8C9099|#F1A1AF|#F67405,55.6272,53.9564,53.1419,51.9999,50.1443,134.1340,52.9781
2560,Blue|Dark Grey|Lime Green|White,#003776|#485259|#D5D701|#EBF7FF,56.3156,53.9836,53.1272,51.9739,50.1566,98.3521,52.9788
2561,Black|Dark Grey|Pink|Orange,#080A0D|#485259|#F1A1AF|#F67405,55.3463,53.9128,53.1583,52.0504,50.2070,134.6963,52.9816
2562,Black|Cold White|White|Orange,#080A0D|#D9DFE5|#EBF7FF|#F67405,55.9563,54.1334,53.2257,51.8499,49.6318,138.0356,52.9916
2563,Black|Brown|White|Orange,#080A0D|#55331A|#EBF7FF|#F67405,55.9519,54.1356,53.2301,51.8565,49.6388,138.0357,52.9961
2564,Black|Grey|White|Orange,#080A0D|#8C9099|#EBF7FF|#F67405,55.9613,54.1388,53.2296,51.8557,49.6385,138.1833,52.9972
2565,Dark Grey|Brown|Olive Green|Magenta,#485259|#55331A|#948902|#F24574,58.7233,54.4178,53.0648,51.5935,49.6059,96.8224,53.0057
2566,Dark Grey|Olive Green|Cold White|Magenta,#485259|#948902|#D9DFE5|#F24574,58.7233,54.4178,53.0648,51.5935,49.6059,96.8224,53.0057
2567,Dark Grey|Olive Green|White|Magenta,#485259|#948902|#EBF7FF|#F24574,57.8238,54.2880,53.1062,51.7239,49.6783,94.1002,53.0059
2568,Green|Dark Olive Drab|Grey|Yellow,#06924D|#575B54|#8C9099|#FFE800,56.7882,54.0241,53.0469,51.9969,50.5567,135.1720,53.0105
2569,Tan|White|Pink|Orange,#A79E82|#EBF7FF|#F1A1AF|#F67405,54.9131,53.9953,53.2756,52.0305,49.7629,127.2456,53.0129
2570,Brown|Dark Olive Drab|Cold White|Orange,#55331A|#575B54|#D9DFE5|#F67405,55.3202,53.9252,53.2330,52.1254,50.1064,139.4856,53.0253
2571,Blue|Dark Grey|Cold White|Red,#003776|#485259|#D9DFE5|#E72F1D,55.4621,53.7491,53.0617,52.3138,51.1669,97.0607,53.0314
2572,Blue|Polymaker Teal|Grey|Olive Green,#003776|#4CC0C7|#8C9099|#948902,55.6585,53.9036,53.2014,52.1713,50.5919,88.1595,53.0375
2573,Polymaker Teal|Tan|Lime Green|Pink,#4CC0C7|#A79E82|#D5D701|#F1A1AF,55.2320,53.9212,53.2134,52.1726,50.4172,98.6731,53.0469
2574,Brown|Cold White|Pink|Orange,#55331A|#D9DFE5|#F1A1AF|#F67405,55.5386,54.1070,53.2555,52.0036,49.9064,133.2523,53.0553
2575,Olive Green|Lime Green|White|Pink,#948902|#D5D701|#EBF7FF|#F1A1AF,55.5454,54.1623,53.3168,51.9910,49.8219,98.7346,53.0766
2576,Blue|Dark Olive Drab|Red|Magenta,#003776|#575B54|#E72F1D|#F24574,55.1148,53.6501,53.1081,52.5189,51.6986,97.8212,53.0845
2577,Black|Lime Green|White|Yellow,#080A0D|#D5D701|#EBF7FF|#FFE800,60.3597,54.4394,53.1920,51.7539,49.6684,113.8161,53.0967
2578,Blue|Brown|Cold White|Red,#003776|#55331A|#D9DFE5|#E72F1D,55.6918,53.8708,53.1392,52.3330,51.1320,97.0751,53.1019
2579,Blue|Brown|Dark Olive Drab|Red,#003776|#55331A|#575B54|#E72F1D,55.1556,53.6768,53.1360,52.5478,51.7083,97.5809,53.1123
2580,Dark Grey|Grey|Olive Green|Magenta,#485259|#8C9099|#948902|#F24574,58.7487,54.5111,53.1661,51.7190,49.7265,96.7273,53.1151
2581,Blue|Dark Grey|Dark Olive Drab|Red,#003776|#485259|#575B54|#E72F1D,55.1856,53.6964,53.1487,52.5517,51.7001,97.8202,53.1240
2582,Blue|Black|Dark Olive Drab|Red,#003776|#080A0D|#575B54|#E72F1D,55.1828,53.6987,53.1518,52.5548,51.7033,97.8212,53.1267
2583,Black|Dark Grey|White|Orange,#080A0D|#485259|#EBF7FF|#F67405,55.9571,54.2399,53.3680,52.0231,49.8110,138.9129,53.1315
2584,Dark Grey|Brown|Olive Green|Yellow,#485259|#55331A|#948902|#FFE800,57.8524,54.3387,53.2407,51.9366,50.0591,143.3701,53.1377
2585,Dark Grey|Brown|Dark Olive Drab|Yellow,#485259|#55331A|#575B54|#FFE800,57.9067,54.3477,53.2489,51.9460,50.0709,143.3715,53.1468
2586,Blue|Dark Olive Drab|Red|Pink,#003776|#575B54|#E72F1D|#F1A1AF,55.1871,53.7279,53.1807,52.5711,51.6898,97.8233,53.1495
2587,Dark Grey|Brown|Grey|Yellow,#485259|#55331A|#8C9099|#FFE800,57.9438,54.3744,53.2611,51.9366,50.0452,143.2964,53.1555
2588,Dark Grey|Brown|Cold White|Yellow,#485259|#55331A|#D9DFE5|#FFE800,57.9331,54.3647,53.2617,51.9541,50.0723,143.3684,53.1594
2589,Grey|Lime Green|White|Pink,#8C9099|#D5D701|#EBF7FF|#F1A1AF,55.6572,54.2223,53.3840,52.0978,49.9869,97.7284,53.1601
2590,Dark Grey|Dark Olive Drab|Olive Green|Magenta,#485259|#575B54|#948902|#F24574,58.9733,54.6091,53.2499,51.7759,49.7800,97.3093,53.1925
2591,Green|Brown|Cold White|Yellow,#06924D|#55331A|#D9DFE5|#FFE800,56.3639,53.9496,53.2438,52.4358,51.3499,152.7316,53.1927
2592,Lime Green|Cold White|Pink|Yellow,#D5D701|#D9DFE5|#F1A1AF|#FFE800,55.0610,54.0355,53.3878,52.3781,50.6406,110.0145,53.2068
2593,Black|Dark Grey|White|Yellow,#080A0D|#485259|#EBF7FF|#FFE800,60.4317,54.5881,53.3364,51.8681,49.7169,113.5772,53.2281
2594,Blue|Grey|Cold White|Red,#003776|#8C9099|#D9DFE5|#E72F1D,55.7010,53.9920,53.2934,52.4678,51.1739,97.0784,53.2299
2595,Green|Purple|White|Magenta,#06924D|#6C47B2|#EBF7FF|#F24574,56.2216,53.7234,53.1125,52.7428,52.4091,93.6798,53.2331
2596,Azure Blue|Cold White|White|Yellow,#0066D9|#D9DFE5|#EBF7FF|#FFE800,55.1548,54.0026,53.3719,52.4656,50.9178,101.8409,53.2341
2597,Black|Purple|Olive Green|Tan,#080A0D|#6C47B2|#948902|#A79E82,56.7089,54.3165,53.4079,52.1586,50.4006,93.1855,53.2375
2598,Blue|Black|Cold White|Red,#003776|#080A0D|#D9DFE5|#E72F1D,56.1334,54.0379,53.2451,52.4469,51.3016,97.0983,53.2424
2599,Azure Blue|Purple|Red|Magenta,#0066D9|#6C47B2|#E72F1D|#F24574,54.7818,53.7596,53.2901,52.7418,51.9559,119.2111,53.2507
2600,Black|Dark Grey|Olive Green|Magenta,#080A0D|#485259|#948902|#F24574,59.5726,54.5912,53.2988,51.9172,50.0622,98.0085,53.2542
2601,Green|Polymaker Teal|Brown|Yellow,#06924D|#4CC0C7|#55331A|#FFE800,56.3977,53.9906,53.3051,52.5251,51.4521,152.7320,53.2578
2602,Black|Polymaker Teal|White|Yellow,#080A0D|#4CC0C7|#EBF7FF|#FFE800,60.2346,54.5363,53.3630,51.9905,49.9054,113.7841,53.2634
2603,Dark Grey|Olive Green|Tan|Magenta,#485259|#948902|#A79E82|#F24574,58.6685,54.6328,53.3425,51.9056,49.8719,96.8956,53.2692
2604,Dark Grey|Polymaker Teal|Brown|Yellow,#485259|#4CC0C7|#55331A|#FFE800,57.8308,54.4141,53.3885,52.1544,50.2414,143.3173,53.2843
2605,Black|Grey|White|Yellow,#080A0D|#8C9099|#EBF7FF|#FFE800,60.4738,54.6511,53.4015,51.9338,49.7757,113.7138,53.2925
2606,Green|Dark Olive Drab|White|Yellow,#06924D|#575B54|#EBF7FF|#FFE800,56.8008,54.2334,53.3706,52.3613,50.8761,114.9875,53.2974
2607,Azure Blue|Polymaker Teal|Purple|Olive Green,#0066D9|#4CC0C7|#6C47B2|#948902,56.3864,54.3189,53.4774,52.2807,50.5490,91.7392,53.2998
2608,Azure Blue|Green|Pink|Magenta,#0066D9|#06924D|#F1A1AF|#F24574,56.5335,53.9488,53.2287,52.6727,52.0796,94.6552,53.3108
2609,Dark Grey|Olive Green|Pink|Magenta,#485259|#948902|#F1A1AF|#F24574,58.4400,54.6787,53.4151,51.9441,49.8597,95.2611,53.3114
2610,Black|Dark Olive Drab|White|Yellow,#080A0D|#575B54|#EBF7FF|#FFE800,60.5132,54.6706,53.4233,51.9609,49.8108,113.7966,53.3157
2611,Polymaker Teal|Purple|Olive Green|Tan,#4CC0C7|#6C47B2|#948902|#A79E82,56.2928,54.2805,53.4491,52.3533,50.7547,93.3178,53.3169
2612,Azure Blue|Black|Purple|Olive Green,#0066D9|#080A0D|#6C47B2|#948902,56.7473,54.5189,53.5155,52.1289,50.1810,91.6947,53.3239
2613,Blue|Cold White|Red|White,#003776|#D9DFE5|#E72F1D|#EBF7FF,55.9614,54.1160,53.3917,52.5420,51.1987,97.0394,53.3290
2614,Black|Cold White|White|Yellow,#080A0D|#D9DFE5|#EBF7FF|#FFE800,60.5452,54.6847,53.4364,51.9763,49.8288,113.7936,53.3305
2615,Black|Grey|Olive Green|Magenta,#080A0D|#8C9099|#948902|#F24574,59.7976,54.6914,53.3826,52.0119,50.1492,98.0056,53.3517
2616,Blue|Dark Grey|Grey|Olive Green,#003776|#485259|#8C9099|#948902,56.5128,54.4561,53.5336,52.2637,50.4439,88.5709,53.3599
2617,Blue|Green|Olive Green|Pink,#003776|#06924D|#948902|#F1A1AF,55.0458,54.0258,53.4633,52.7159,51.5531,85.2985,53.3709
2618,Blue|Dark Olive Drab|Grey|Olive Green,#003776|#575B54|#8C9099|#948902,56.5387,54.4548,53.5411,52.2912,50.4912,88.5709,53.3730
2619,Cold White|White|Pink|Orange,#D9DFE5|#EBF7FF|#F1A1AF|#F67405,55.4098,54.3923,53.6408,52.3587,49.9713,116.9543,53.3755
2620,Purple|Olive Green|Tan|Cold White,#6C47B2|#948902|#A79E82|#D9DFE5,56.2802,54.4560,53.5633,52.2958,50.4743,93.3178,53.3759
2621,Blue|Grey|Lime Green|White,#003776|#8C9099|#D5D701|#EBF7FF,56.7302,54.3882,53.5199,52.3637,50.5349,98.5530,53.3760
2622,Green|Brown|Lime Green|Yellow,#06924D|#55331A|#D5D701|#FFE800,56.4678,54.0962,53.4329,52.6723,51.6218,153.0384,53.3842
2623,Green|Brown|Olive Green|Magenta,#06924D|#55331A|#948902|#F24574,58.1034,54.4203,53.3530,52.3520,50.9278,107.1122,53.3862
2624,Blue|Azure Blue|Purple|Olive Green,#003776|#0066D9|#6C47B2|#948902,56.6800,54.5951,53.5968,52.2000,50.2230,91.7362,53.3976
2625,Azure Blue|Dark Grey|Purple|Olive Green,#0066D9|#485259|#6C47B2|#948902,56.6735,54.5871,53.5988,52.2085,50.2420,91.7362,53.3978
2626,Azure Blue|Dark Olive Drab|Purple|Olive Green,#0066D9|#575B54|#6C47B2|#948902,56.6699,54.5884,53.6004,52.2086,50.2422,91.7362,53.3985
2627,Azure Blue|Purple|Grey|Olive Green,#0066D9|#6C47B2|#8C9099|#948902,56.6620,54.5958,53.6033,52.2084,50.2309,91.7362,53.4021
2628,Dark Grey|Purple|Olive Green|Tan,#485259|#6C47B2|#948902|#A79E82,56.4514,54.4706,53.5695,52.3343,50.5767,93.3178,53.4024
2629,Blue|Grey|Olive Green|Cold White,#003776|#8C9099|#948902|#D9DFE5,56.5827,54.4799,53.5664,52.3253,50.5389,88.5709,53.4026
2630,Azure Blue|Purple|Olive Green|Cold White,#0066D9|#6C47B2|#948902|#D9DFE5,56.6628,54.5959,53.6036,52.2097,50.2315,91.7362,53.4028
2631,Blue|Lime Green|Cold White|White,#003776|#D5D701|#D9DFE5|#EBF7FF,56.7558,54.4128,53.5472,52.3938,50.5679,98.5575,53.4033
2632,Black|Dark Olive Drab|Olive Green|Magenta,#080A0D|#575B54|#948902|#F24574,59.7964,54.7499,53.4754,52.0649,50.1732,98.4076,53.4074
2633,Dark Olive Drab|Purple|Olive Green|Tan,#575B54|#6C47B2|#948902|#A79E82,56.3988,54.4818,53.5922,52.3517,50.5836,93.3178,53.4168
2634,Green|Brown|Olive Green|Yellow,#06924D|#55331A|#948902|#FFE800,56.4067,54.1322,53.4856,52.7228,51.6528,153.0384,53.4275
2635,Black|Olive Green|Cold White|Magenta,#080A0D|#948902|#D9DFE5|#F24574,59.8785,54.7832,53.5128,52.0760,50.1453,98.4003,53.4296
2636,Purple|Grey|Olive Green|Tan,#6C47B2|#8C9099|#948902|#A79E82,56.3547,54.5058,53.6222,52.3842,50.5963,93.3178,53.4450
2637,Blue|Dark Olive Drab|Grey|Red,#003776|#575B54|#8C9099|#E72F1D,55.3353,53.9964,53.4827,52.9026,52.0287,98.7412,53.4495
2638,Blue|Polymaker Teal|Lime Green|White,#003776|#4CC0C7|#D5D701|#EBF7FF,56.5081,54.3363,53.5776,52.5733,50.9175,98.5575,53.4548
2639,Black|Dark Grey|Polymaker Teal|Orange,#080A0D|#485259|#4CC0C7|#F67405,55.8775,54.4008,53.6990,52.5123,50.3207,141.8764,53.4566
2640,Blue|Purple|Olive Green|Tan,#003776|#6C47B2|#948902|#A79E82,56.6123,54.5427,53.6199,52.3737,50.6075,93.3639,53.4582
2641,Blue|Cold White|Red|Magenta,#003776|#D9DFE5|#E72F1D|#F24574,56.1100,54.2719,53.5318,52.6506,51.2978,97.0814,53.4613
2642,Brown|Dark Olive Drab|Grey|Yellow,#55331A|#575B54|#8C9099|#FFE800,58.4733,54.8435,53.5863,52.1230,50.1068,145.3106,53.4833
2643,Green|Tan|Red|Magenta,#06924D|#A79E82|#E72F1D|#F24574,56.7602,54.2801,53.4478,52.7051,51.6145,126.4939,53.4926
2644,Black|Brown|Olive Green|Magenta,#080A0D|#55331A|#948902|#F24574,59.8716,54.8313,53.5913,52.1740,50.2477,98.4424,53.5027
2645,Polymaker Teal|Brown|Grey|Yellow,#4CC0C7|#55331A|#8C9099|#FFE800,58.4802,54.7932,53.6045,52.2602,50.2919,145.0732,53.5267
2646,Blue|Red|White|Magenta,#003776|#E72F1D|#EBF7FF|#F24574,56.0139,54.2948,53.6068,52.7696,51.4663,97.5318,53.5322
2647,Black|Olive Green|Pink|Magenta,#080A0D|#948902|#F1A1AF|#F24574,59.5357,54.8556,53.6375,52.2493,50.2898,96.0216,53.5524
2648,Blue|Cold White|Red|Pink,#003776|#D9DFE5|#E72F1D|#F1A1AF,56.2194,54.3749,53.6306,52.7427,51.3568,97.0742,53.5588
2649,Blue|Red|White|Pink,#003776|#E72F1D|#EBF7FF|#F1A1AF,56.0819,54.3433,53.6505,52.8058,51.4707,97.5318,53.5746
2650,Green|Dark Olive Drab|Olive Green|Yellow,#06924D|#575B54|#948902|#FFE800,56.9560,54.4676,53.6130,52.6816,51.3860,144.7390,53.5746
2651,Azure Blue|Olive Green|White|Pink,#0066D9|#948902|#EBF7FF|#F1A1AF,56.7706,54.7999,53.8469,52.3756,50.1325,78.8505,53.5877
2652,Blue|Azure Blue|Olive Green|Pink,#003776|#0066D9|#948902|#F1A1AF,57.0448,54.8756,53.8391,52.3025,49.9897,79.0579,53.5891
2653,Black|Brown|Pink|Orange,#080A0D|#55331A|#F1A1AF|#F67405,56.0865,54.5385,53.7608,52.6403,50.8552,134.3533,53.5894
2654,Azure Blue|Green|White|Magenta,#0066D9|#06924D|#EBF7FF|#F24574,56.6756,54.1829,53.4979,53.0050,52.5068,93.6795,53.5939
2655,Black|Dark Grey|Brown|Yellow,#080A0D|#485259|#55331A|#FFE800,58.2769,54.8308,53.6970,52.3910,50.6668,146.3243,53.6109
2656,Brown|Grey|Lime Green|Yellow,#55331A|#8C9099|#D5D701|#FFE800,58.7204,54.9979,53.7068,52.2409,50.2453,145.1397,53.6194
2657,Black|Olive Green|Tan|Magenta,#080A0D|#948902|#A79E82|#F24574,59.8250,54.9210,53.6868,52.3428,50.4565,98.5747,53.6319
2658,Green|Olive Green|Cold White|Magenta,#06924D|#948902|#D9DFE5|#F24574,58.1332,54.7709,53.6399,52.4940,50.8594,103.4672,53.6324
2659,Black|Polymaker Teal|Grey|Orange,#080A0D|#4CC0C7|#8C9099|#F67405,56.0474,54.6182,53.9025,52.6731,50.4668,141.7878,53.6456
2660,Polymaker Teal|Lime Green|Cold White|Pink,#4CC0C7|#D5D701|#D9DFE5|#F1A1AF,55.7365,54.4876,53.8138,52.8218,51.1163,98.6731,53.6547
2661,Polymaker Teal|Dark Olive Drab|Olive Green|Magenta,#4CC0C7|#575B54|#948902|#F24574,59.4062,55.0815,53.7342,52.2682,50.1701,95.6901,53.6748
2662,Dark Grey|Brown|Tan|Yellow,#485259|#55331A|#A79E82|#FFE800,57.9742,54.8997,53.8360,52.4821,50.5012,143.3645,53.6909
2663,Blue|Grey|Red|White,#003776|#8C9099|#E72F1D|#EBF7FF,56.1528,54.4576,53.7777,52.9390,51.6042,98.3853,53.6983
2664,Black|Dark Grey|Tan|Orange,#080A0D|#485259|#A79E82|#F67405,56.0595,54.6071,53.9278,52.8175,50.8659,141.8860,53.7123
2665,Black|Brown|Grey|Yellow,#080A0D|#55331A|#8C9099|#FFE800,58.6503,55.1408,53.8297,52.3117,50.4550,146.4118,53.7263
2666,Azure Blue|Polymaker Teal|Olive Green|Pink,#0066D9|#4CC0C7|#948902|#F1A1AF,57.1188,54.8915,53.9484,52.5654,50.4574,79.1195,53.7285
2667,Green|Polymaker Teal|Dark Olive Drab|Yellow,#06924D|#4CC0C7|#575B54|#FFE800,57.6868,54.7071,53.7443,52.7581,51.4406,144.7110,53.7326
2668,Azure Blue|Olive Green|Tan|Pink,#0066D9|#948902|#A79E82|#F1A1AF,57.1656,55.0013,53.9931,52.4930,50.2260,79.1183,53.7472
2669,Black|Purple|Olive Green|White,#080A0D|#6C47B2|#948902|#EBF7FF,56.9494,54.7930,53.9486,52.7187,50.9699,96.0663,53.7559
2670,Azure Blue|Dark Olive Drab|Olive Green|Pink,#0066D9|#575B54|#948902|#F1A1AF,57.2699,55.0430,54.0056,52.4696,50.1487,79.0690,53.7563
2671,Green|Dark Olive Drab|Cold White|Yellow,#06924D|#575B54|#D9DFE5|#FFE800,57.6737,54.7274,53.7776,52.7988,51.4840,144.7390,53.7631
2672,Azure Blue|Olive Green|Cold White|Pink,#0066D9|#948902|#D9DFE5|#F1A1AF,57.2310,55.0722,54.0283,52.4663,50.1180,79.1183,53.7692
2673,Azure Blue|Dark Grey|Olive Green|Pink,#0066D9|#485259|#948902|#F1A1AF,57.2875,55.0551,54.0187,52.4859,50.1676,79.0670,53.7705
2674,Azure Blue|Grey|Olive Green|Pink,#0066D9|#8C9099|#948902|#F1A1AF,57.2366,55.0738,54.0316,52.4714,50.1229,79.1183,53.7726
2675,Green|Brown|Tan|Yellow,#06924D|#55331A|#A79E82|#FFE800,56.4234,54.4745,53.8522,53.0718,51.9554,152.9330,53.7732
2676,Green|Dark Olive Drab|Lime Green|Yellow,#06924D|#575B54|#D5D701|#FFE800,57.7139,54.7427,53.7899,52.8142,51.5052,144.7390,53.7784
2677,Green|Black|Dark Olive Drab|Red,#06924D|#080A0D|#575B54|#E72F1D,56.6882,54.3121,53.7261,53.2451,52.5070,128.7069,53.7786
2678,Azure Blue|Green|Black|Olive Green,#0066D9|#06924D|#080A0D|#948902,56.6303,54.5942,53.8602,52.9705,51.7323,90.0015,53.7824
2679,Green|Grey|Olive Green|Yellow,#06924D|#8C9099|#948902|#FFE800,56.0829,54.6600,53.9014,52.9198,51.4165,132.3396,53.7899
2680,Green|Black|Cold White|Red,#06924D|#080A0D|#D9DFE5|#E72F1D,56.7130,54.3463,53.7391,53.2341,52.4781,128.9847,53.7902
2681,Brown|Grey|Olive Green|Yellow,#55331A|#8C9099|#948902|#FFE800,58.7706,55.1603,53.8970,52.4237,50.3801,145.1399,53.7920
2682,Azure Blue|Purple|Olive Green|White,#0066D9|#6C47B2|#948902|#EBF7FF,56.5604,54.9060,54.0635,52.7619,50.8534,96.5746,53.8340
2683,Blue|Dark Grey|Brown|Red,#003776|#485259|#55331A|#E72F1D,55.8939,54.4210,53.8812,53.2838,52.4122,97.4640,53.8524
2684,Cold White|White|Pink|Yellow,#D9DFE5|#EBF7FF|#F1A1AF|#FFE800,55.6604,54.6729,54.0444,53.0694,51.3835,110.1735,53.8711
2685,Brown|Grey|Olive Green|Magenta,#55331A|#8C9099|#948902|#F24574,59.0900,55.3128,53.9769,52.4435,50.2704,96.3649,53.8781
2686,Green|Olive Green|White|Magenta,#06924D|#948902|#EBF7FF|#F24574,57.6526,54.8393,53.9020,52.9187,51.3915,104.4980,53.8790
2687,Brown|Grey|Cold White|Yellow,#55331A|#8C9099|#D9DFE5|#FFE800,58.9005,55.2468,53.9868,52.5172,50.4469,145.1397,53.8820
2688,Black|Grey|Tan|Orange,#080A0D|#8C9099|#A79E82|#F67405,56.2708,54.8152,54.1150,52.9494,50.9678,141.8253,53.8823
2689,Polymaker Teal|Purple|Olive Green|White,#4CC0C7|#6C47B2|#948902|#EBF7FF,56.4905,54.8253,54.0541,52.9427,51.3142,96.1976,53.8840
2690,Dark Grey|Tan|White|Yellow,#485259|#A79E82|#EBF7FF|#FFE800,57.9411,55.1635,54.0745,52.6402,50.3986,112.3125,53.9019
2691,Green|Black|Brown|Red,#06924D|#080A0D|#55331A|#E72F1D,56.7445,54.4479,53.8698,53.3886,52.6448,129.0435,53.9182
2692,Green|Black|Tan|Red,#06924D|#080A0D|#A79E82|#E72F1D,56.7669,54.4450,53.8701,53.3932,52.6531,129.0435,53.9191
2693,Purple|Olive Green|Tan|White,#6C47B2|#948902|#A79E82|#EBF7FF,56.4958,54.9651,54.1379,52.8790,51.0450,96.1976,53.9220
2694,Purple|Olive Green|Cold White|White,#6C47B2|#948902|#D9DFE5|#EBF7FF,56.5069,54.9711,54.1416,52.8834,51.0512,96.1976,53.9272
2695,Black|Polymaker Teal|Tan|Orange,#080A0D|#4CC0C7|#A79E82|#F67405,56.1960,54.8694,54.2144,53.0410,50.8639,142.1664,53.9552
2696,Purple|Grey|Olive Green|White,#6C47B2|#8C9099|#948902|#EBF7FF,56.5603,55.0048,54.1817,52.9439,51.1393,96.1976,53.9744
2697,Grey|Olive Green|Cold White|Magenta,#8C9099|#948902|#D9DFE5|#F24574,59.1010,55.4096,54.0814,52.5417,50.3531,95.9140,53.9756
2698,Dark Olive Drab|Grey|Olive Green|Magenta,#575B54|#8C9099|#948902|#F24574,59.7135,55.4256,54.0396,52.5314,50.4338,97.2054,53.9785
2699,Dark Grey|Purple|Olive Green|White,#485259|#6C47B2|#948902|#EBF7FF,56.6643,54.9963,54.1787,52.9700,51.2036,96.1976,53.9832
2700,Blue|Purple|Olive Green|White,#003776|#6C47B2|#948902|#EBF7FF,56.7672,55.0195,54.1807,52.9515,51.1748,96.1976,53.9855
2701,Black|Polymaker Teal|Dark Olive Drab|Orange,#080A0D|#4CC0C7|#575B54|#F67405,56.2048,54.9029,54.2510,53.0801,50.8995,142.1681,53.9915
2702,Black|Polymaker Teal|Brown|Orange,#080A0D|#4CC0C7|#55331A|#F67405,56.2296,54.9049,54.2519,53.0791,50.8969,142.1684,53.9920
2703,Black|Polymaker Teal|Cold White|Orange,#080A0D|#4CC0C7|#D9DFE5|#F67405,56.2327,54.9065,54.2528,53.0793,50.8956,142.1684,53.9929
2704,Dark Olive Drab|Purple|Olive Green|White,#575B54|#6C47B2|#948902|#EBF7FF,56.6346,55.0085,54.1995,52.9895,51.2219,96.1976,53.9990
2705,Black|Dark Grey|Dark Olive Drab|Orange,#080A0D|#485259|#575B54|#F67405,55.8699,54.8488,54.2340,53.1565,51.2248,141.8727,54.0026
2706,Azure Blue|Purple|Olive Green|Tan,#0066D9|#6C47B2|#948902|#A79E82,57.0057,55.1146,54.2075,52.8915,50.9737,94.8719,54.0031
2707,Dark Olive Drab|Olive Green|White|Magenta,#575B54|#948902|#EBF7FF|#F24574,58.9000,55.3294,54.1300,52.6870,50.5330,94.9641,54.0082
2708,Brown|Dark Olive Drab|Olive Green|Magenta,#55331A|#575B54|#948902|#F24574,59.8491,55.4914,54.1054,52.5655,50.4755,98.2948,54.0284
2709,Dark Olive Drab|Olive Green|Cold White|Magenta,#575B54|#948902|#D9DFE5|#F24574,59.8491,55.4914,54.1054,52.5655,50.4755,98.2948,54.0284
2710,Blue|Grey|Red|Magenta,#003776|#8C9099|#E72F1D|#F24574,56.2052,54.7122,54.1001,53.3455,52.1989,98.7483,54.0289
2711,Grey|Olive Green|Tan|Magenta,#8C9099|#948902|#A79E82|#F24574,58.9090,55.4247,54.1662,52.6459,50.4272,95.8798,54.0353
2712,Blue|Azure Blue|Green|Olive Green,#003776|#0066D9|#06924D|#948902,56.4391,54.8469,54.1512,53.2610,51.9998,90.1974,54.0540
2713,Blue|Brown|Grey|Red,#003776|#55331A|#8C9099|#E72F1D,56.2212,54.7232,54.1227,53.4108,52.3373,98.7498,54.0670
2714,Blue|Grey|Red|Pink,#003776|#8C9099|#E72F1D|#F1A1AF,56.2872,54.7836,54.1634,53.3912,52.1929,98.7469,54.0874
2715,Grey|Olive Green|White|Magenta,#8C9099|#948902|#EBF7FF|#F24574,58.3478,55.4117,54.2806,52.8144,50.5897,94.6290,54.1131
2716,Blue|Brown|Red|Pink,#003776|#55331A|#E72F1D|#F1A1AF,56.1685,54.7448,54.1579,53.4826,52.5249,97.4685,54.1137
2717,Brown|Olive Green|White|Magenta,#55331A|#948902|#EBF7FF|#F24574,59.1631,55.4739,54.2621,52.7661,50.5446,95.6010,54.1200
2718,Blue|Dark Grey|Grey|Red,#003776|#485259|#8C9099|#E72F1D,56.1675,54.7471,54.1825,53.5208,52.5096,98.7401,54.1339
2719,Polymaker Teal|Lime Green|White|Pink,#4CC0C7|#D5D701|#EBF7FF|#F1A1AF,56.1993,54.9933,54.3048,53.2774,51.5238,100.3102,54.1354
2720,Azure Blue|Green|Polymaker Teal|Olive Green,#0066D9|#06924D|#4CC0C7|#948902,56.6978,54.9755,54.2459,53.3448,52.1181,90.1713,54.1601
2721,Azure Blue|Green|Olive Green|Cold White,#0066D9|#06924D|#948902|#D9DFE5,56.6962,54.9825,54.2569,53.3566,52.1284,90.1713,54.1695
2722,Azure Blue|Green|Dark Olive Drab|Olive Green,#0066D9|#06924D|#575B54|#948902,56.7200,54.9926,54.2608,53.3475,52.0990,90.3175,54.1700
2723,Azure Blue|Green|Dark Grey|Olive Green,#0066D9|#06924D|#485259|#948902,56.7085,54.9853,54.2658,53.3598,52.1020,90.2350,54.1726
2724,Blue|Dark Grey|Red|Pink,#003776|#485259|#E72F1D|#F1A1AF,56.0226,54.7310,54.2207,53.6437,52.8023,97.8522,54.1874
2725,Black|Dark Olive Drab|Grey|Orange,#080A0D|#575B54|#8C9099|#F67405,56.0428,55.0682,54.4367,53.3076,51.3422,141.8073,54.1879
2726,Blue|Dark Grey|Red|Magenta,#003776|#485259|#E72F1D|#F24574,55.9745,54.7044,54.2146,53.6736,52.8929,97.7768,54.1890
2727,Dark Grey|Olive Green|Lime Green|Yellow,#485259|#948902|#D5D701|#FFE800,58.5573,55.4618,54.3189,52.9373,50.9687,136.0505,54.1995
2728,Grey|Olive Green|Pink|Magenta,#8C9099|#948902|#F1A1AF|#F24574,58.7781,55.5994,54.3555,52.8038,50.5389,95.2738,54.2016
2729,Azure Blue|Green|Grey|Olive Green,#0066D9|#06924D|#8C9099|#948902,56.7286,55.0343,54.3176,53.4190,52.1855,90.2048,54.2267
2730,Dark Grey|Olive Green|White|Yellow,#485259|#948902|#EBF7FF|#FFE800,58.1388,55.4872,54.4269,52.9921,50.7464,112.5152,54.2397
2731,Blue|Black|Grey|Red,#003776|#080A0D|#8C9099|#E72F1D,56.5788,54.9026,54.2821,53.5873,52.5471,98.7496,54.2449
2732,Green|Dark Olive Drab|Tan|Yellow,#06924D|#575B54|#A79E82|#FFE800,57.3175,55.0993,54.3097,53.3963,52.0774,144.7390,54.2478
2733,Brown|Grey|Tan|Yellow,#55331A|#8C9099|#A79E82|#FFE800,58.8391,55.6194,54.3878,52.8914,50.8078,145.1648,54.2554
2734,Olive Green|Lime Green|Cold White|Pink,#948902|#D5D701|#D9DFE5|#F1A1AF,56.5859,55.3146,54.5199,53.2734,51.1727,100.4313,54.2940
2735,Tan|Lime Green|Cold White|Pink,#A79E82|#D5D701|#D9DFE5|#F1A1AF,56.5115,55.3260,54.5389,53.2672,51.1351,100.3943,54.2966
2736,Polymaker Teal|Brown|Olive Green|Magenta,#4CC0C7|#55331A|#948902|#F24574,59.5893,55.6550,54.3839,52.9410,50.8188,93.8239,54.2980
2737,Dark Olive Drab|Olive Green|Pink|Magenta,#575B54|#948902|#F1A1AF|#F24574,59.5680,55.7079,54.4190,52.9129,50.7510,96.3822,54.3104
2738,Blue|Black|Dark Grey|Red,#003776|#080A0D|#485259|#E72F1D,56.1627,54.8405,54.3413,53.7936,52.9824,97.7768,54.3171
2739,Dark Olive Drab|Olive Green|Tan|Magenta,#575B54|#948902|#A79E82|#F24574,59.8339,55.7249,54.4099,52.9252,50.8084,98.9051,54.3251
2740,Black|Brown|Lime Green|White,#080A0D|#55331A|#D5D701|#EBF7FF,59.4913,55.5898,54.5114,53.0971,50.9391,101.4296,54.3434
2741,Polymaker Teal|Grey|Olive Green|Magenta,#4CC0C7|#8C9099|#948902|#F24574,59.5898,55.7002,54.4379,52.9989,50.8759,93.8957,54.3495
2742,Green|Olive Green|Pink|Magenta,#06924D|#948902|#F1A1AF|#F24574,58.4798,55.3736,54.3665,53.3349,51.7705,108.0136,54.3542
2743,Green|Black|Olive Green|Yellow,#06924D|#080A0D|#948902|#FFE800,58.4095,55.0307,54.4469,53.7251,52.6742,149.4852,54.3779
2744,Polymaker Teal|Olive Green|Cold White|Magenta,#4CC0C7|#948902|#D9DFE5|#F24574,59.6293,55.7356,54.4699,53.0265,50.8998,93.9432,54.3811
2745,Brown|Olive Green|Cold White|Magenta,#55331A|#948902|#D9DFE5|#F24574,60.1682,55.9641,54.4872,52.8082,50.5168,97.1937,54.3861
2746,Green|Black|Lime Green|White,#06924D|#080A0D|#D5D701|#EBF7FF,59.4621,55.2083,54.4153,53.5862,52.4048,102.9242,54.3973
2747,Blue|Brown|Red|Magenta,#003776|#55331A|#E72F1D|#F24574,56.4044,55.0351,54.4554,53.7751,52.8443,97.4865,54.4051
2748,Azure Blue|Green|Olive Green|White,#0066D9|#06924D|#948902|#EBF7FF,56.3978,55.1557,54.5120,53.6582,52.4383,93.8911,54.4069
2749,Green|Black|Cold White|Yellow,#06924D|#080A0D|#D9DFE5|#FFE800,59.2780,55.1492,54.4611,53.6656,52.5791,149.4874,54.4074
2750,Green|Grey|Tan|Yellow,#06924D|#8C9099|#A79E82|#FFE800,56.5589,55.2398,54.5314,53.5871,52.1076,132.3365,54.4135
2751,Green|Black|Polymaker Teal|Yellow,#06924D|#080A0D|#4CC0C7|#FFE800,59.3057,55.1469,54.4576,53.6815,52.6145,149.4685,54.4142
2752,Dark Grey|Olive Green|Cold White|Yellow,#485259|#948902|#D9DFE5|#FFE800,58.6998,55.6780,54.5497,53.1607,51.1165,135.9806,54.4194
2753,Dark Grey|Lime Green|Cold White|Yellow,#485259|#D5D701|#D9DFE5|#FFE800,59.2596,55.7483,54.5236,53.1002,51.1079,136.0505,54.4242
2754,Green|Black|Dark Olive Drab|Yellow,#06924D|#080A0D|#575B54|#FFE800,59.2907,55.1777,54.4898,53.7066,52.6261,149.6037,54.4421
2755,Dark Grey|Dark Olive Drab|Olive Green|Yellow,#485259|#575B54|#948902|#FFE800,58.8349,55.7198,54.5803,53.1865,51.1433,136.1404,54.4532
2756,Green|Black|Lime Green|Yellow,#06924D|#080A0D|#D5D701|#FFE800,59.3015,55.1684,54.5027,53.7459,52.6994,149.4874,54.4571
2757,Dark Grey|Dark Olive Drab|Lime Green|Yellow,#485259|#575B54|#D5D701|#FFE800,59.4222,55.7927,54.5539,53.1245,51.1323,136.2039,54.4586
2758,Azure Blue|Polymaker Teal|Lime Green|Cold White,#0066D9|#4CC0C7|#D5D701|#D9DFE5,56.2450,55.1378,54.5653,53.7796,52.4619,105.7771,54.4587
2759,Green|Polymaker Teal|Grey|Yellow,#06924D|#4CC0C7|#8C9099|#FFE800,56.8661,55.3510,54.5833,53.6028,52.1050,132.1245,54.4769
2760,Dark Grey|Grey|Olive Green|Yellow,#485259|#8C9099|#948902|#FFE800,58.7396,55.7691,54.6433,53.2497,51.1979,135.8612,54.5094
2761,Azure Blue|Polymaker Teal|Lime Green|White,#0066D9|#4CC0C7|#D5D701|#EBF7FF,56.6953,55.3441,54.6204,53.6748,52.1797,109.7116,54.5094
2762,Azure Blue|Green|Olive Green|Tan,#0066D9|#06924D|#948902|#A79E82,56.8712,55.2983,54.6052,53.7274,52.4821,91.9764,54.5128
2763,Green|Grey|Lime Green|Yellow,#06924D|#8C9099|#D5D701|#FFE800,56.9011,55.3979,54.6300,53.6485,52.1556,132.3393,54.5232
2764,Blue|Azure Blue|Brown|Olive Green,#003776|#0066D9|#55331A|#948902,58.2711,55.7647,54.7437,53.3141,51.1751,89.2945,54.5394
2765,Black|Dark Grey|Cold White|Orange,#080A0D|#485259|#D9DFE5|#F67405,56.7061,55.4970,54.7961,53.6036,51.4929,141.9197,54.5503
2766,Black|Dark Olive Drab|Tan|Orange,#080A0D|#575B54|#A79E82|#F67405,56.2305,55.3357,54.8095,53.7962,51.8539,142.8442,54.5659
2767,Dark Grey|Polymaker Teal|Olive Green|Yellow,#485259|#4CC0C7|#948902|#FFE800,58.5635,55.7627,54.7327,53.4440,51.4227,135.9531,54.6034
2768,Azure Blue|Brown|Olive Green|White,#0066D9|#55331A|#948902|#EBF7FF,57.5385,55.7392,54.8689,53.4794,51.3132,88.9568,54.6093
2769,Polymaker Teal|Olive Green|Tan|Magenta,#4CC0C7|#948902|#A79E82|#F24574,59.7147,55.9681,54.7133,53.2598,51.0902,93.9454,54.6140
2770,Black|Tan|Cold White|Orange,#080A0D|#A79E82|#D9DFE5|#F67405,56.6710,55.4339,54.8545,53.8015,51.8531,142.8314,54.6177
2771,Brown|Olive Green|Pink|Magenta,#55331A|#948902|#F1A1AF|#F24574,59.7677,56.0235,54.7607,53.2159,50.9888,97.3908,54.6197
2772,Green|Olive Green|Tan|Magenta,#06924D|#948902|#A79E82|#F24574,59.1623,55.7327,54.6463,53.5610,51.9642,110.3045,54.6469
2773,Black|Dark Grey|Grey|Orange,#080A0D|#485259|#8C9099|#F67405,56.7416,55.5623,54.8963,53.7519,51.7227,141.9106,54.6571
2774,Tan|Lime Green|White|Pink,#A79E82|#D5D701|#EBF7FF|#F1A1AF,56.8653,55.6781,54.8915,53.6412,51.5597,100.7011,54.6596
2775,Black|Dark Grey|Brown|Orange,#080A0D|#485259|#55331A|#F67405,56.7453,55.5703,54.9052,53.7631,51.7403,141.9212,54.6667
2776,Azure Blue|Polymaker Teal|Brown|Olive Green,#0066D9|#4CC0C7|#55331A|#948902,58.2114,55.7230,54.8557,53.6241,51.7296,89.3574,54.6735
2777,Black|Brown|Tan|Orange,#080A0D|#55331A|#A79E82|#F67405,56.6875,55.4693,54.9144,53.8988,51.9874,142.8474,54.6840
2778,Dark Grey|Dark Olive Drab|Cold White|Yellow,#485259|#575B54|#D9DFE5|#FFE800,59.5765,56.0391,54.8226,53.3850,51.3151,136.1389,54.7120
2779,Azure Blue|Brown|Olive Green|Cold White,#0066D9|#55331A|#948902|#D9DFE5,58.4683,55.9710,54.9525,53.5190,51.3625,89.3511,54.7450
2780,Azure Blue|Dark Grey|Brown|Olive Green,#0066D9|#485259|#55331A|#948902,58.4790,55.9683,54.9544,53.5250,51.3811,89.3520,54.7467
2781,Azure Blue|Brown|Dark Olive Drab|Olive Green,#0066D9|#55331A|#575B54|#948902,58.4758,55.9702,54.9567,53.5259,51.3819,89.3520,54.7481
2782,Azure Blue|Brown|Grey|Olive Green,#0066D9|#55331A|#8C9099|#948902,58.4687,55.9787,54.9607,53.5267,51.3711,89.3511,54.7527
2783,Blue|Black|Brown|Red,#003776|#080A0D|#55331A|#E72F1D,56.8349,55.4173,54.8100,54.0894,53.0782,97.5015,54.7533
2784,Dark Grey|Grey|Lime Green|Yellow,#485259|#8C9099|#D5D701|#FFE800,59.3327,56.0561,54.8769,53.4609,51.4462,135.9436,54.7585
2785,Azure Blue|Black|Brown|Olive Green,#0066D9|#080A0D|#55331A|#948902,58.5841,55.9874,54.9636,53.5349,51.3974,89.3520,54.7612
2786,Dark Grey|Polymaker Teal|Lime Green|Yellow,#485259|#4CC0C7|#D5D701|#FFE800,59.1615,55.9688,54.8665,53.5669,51.5758,135.9531,54.7678
2787,Green|Brown|Tan|Red,#06924D|#55331A|#A79E82|#E72F1D,57.8551,55.4698,54.7092,54.0845,53.1870,129.5109,54.7772
2788,Black|Grey|Cold White|Orange,#080A0D|#8C9099|#D9DFE5|#F67405,57.1773,55.7885,55.0364,53.7808,51.6297,141.8332,54.7847
2789,Polymaker Teal|Olive Green|Pink|Magenta,#4CC0C7|#948902|#F1A1AF|#F24574,59.5530,56.1145,54.9097,53.4668,51.3097,94.8228,54.7907
2790,Blue|Brown|Grey|Olive Green,#003776|#55331A|#8C9099|#948902,57.4887,55.8616,55.0145,53.7803,51.9486,86.5705,54.8209
2791,Green|Black|Tan|Yellow,#06924D|#080A0D|#A79E82|#FFE800,58.7622,55.5653,54.9457,54.1379,52.9589,149.4519,54.8516
2792,Polymaker Teal|Olive Green|White|Magenta,#4CC0C7|#948902|#EBF7FF|#F24574,59.2453,56.1136,55.0006,53.6161,51.5011,95.8856,54.8649
2793,Blue|Black|Red|Pink,#003776|#080A0D|#E72F1D|#F1A1AF,56.8849,55.4702,54.8923,54.2676,53.3740,97.9765,54.8689
2794,Dark Grey|Polymaker Teal|Cold White|Yellow,#485259|#4CC0C7|#D9DFE5|#FFE800,59.2910,56.1106,55.0036,53.6730,51.6276,135.9531,54.8918
2795,Dark Grey|Polymaker Teal|Dark Olive Drab|Yellow,#485259|#4CC0C7|#575B54|#FFE800,59.4388,56.1291,55.0051,53.6662,51.6190,136.1246,54.8976
2796,Dark Olive Drab|Tan|White|Yellow,#575B54|#A79E82|#EBF7FF|#FFE800,59.1644,56.1987,55.0902,53.6331,51.3619,114.7541,54.9159
2797,Black|Brown|Grey|Orange,#080A0D|#55331A|#8C9099|#F67405,57.2275,55.8907,55.1659,53.9441,51.8545,141.8418,54.9174
2798,Dark Grey|Lime Green|White|Yellow,#485259|#D5D701|#EBF7FF|#FFE800,58.9728,56.1564,55.0906,53.6879,51.5111,112.5369,54.9221
2799,Black|Dark Olive Drab|Cold White|Orange,#080A0D|#575B54|#D9DFE5|#F67405,56.4441,55.6833,55.1813,54.1879,52.2804,142.8005,54.9356
2800,Black|Dark Grey|Lime Green|Yellow,#080A0D|#485259|#D5D701|#FFE800,61.9020,56.2359,54.9752,53.6374,51.9841,146.4243,54.9366
2801,Brown|Olive Green|Tan|Magenta,#55331A|#948902|#A79E82|#F24574,60.3117,56.3177,55.0481,53.5684,51.4276,100.7411,54.9430
2802,Black|Brown|Dark Olive Drab|Orange,#080A0D|#55331A|#575B54|#F67405,56.4549,55.7073,55.2180,54.2391,52.3478,142.8353,54.9732
2803,Azure Blue|Brown|Olive Green|Tan,#0066D9|#55331A|#948902|#A79E82,58.3321,56.1439,55.2033,53.8138,51.6627,89.4087,54.9788
2804,Green|Tan|White|Yellow,#06924D|#A79E82|#EBF7FF|#FFE800,56.8173,55.7579,55.1266,54.2171,52.7730,121.4012,54.9875
2805,Dark Grey|Dark Olive Drab|White|Yellow,#485259|#575B54|#EBF7FF|#FFE800,59.1211,56.2453,55.1681,53.7393,51.5131,112.6063,54.9923
2806,Dark Olive Drab|Grey|Olive Green|Yellow,#575B54|#8C9099|#948902|#FFE800,59.4415,56.3678,55.1577,53.6485,51.4482,135.1409,55.0081
2807,Azure Blue|Lime Green|Cold White|White,#0066D9|#D5D701|#D9DFE5|#EBF7FF,57.1704,55.9190,55.1633,54.1092,52.3866,109.7893,55.0141
2808,Dark Grey|Grey|Cold White|Yellow,#485259|#8C9099|#D9DFE5|#FFE800,59.5115,56.3184,55.1502,53.7114,51.6111,135.8612,55.0149
2809,Dark Grey|Dark Olive Drab|Grey|Yellow,#485259|#575B54|#8C9099|#FFE800,59.6460,56.3398,55.1577,53.7135,51.6164,136.0287,55.0266
2810,Black|Dark Grey|Olive Green|Yellow,#080A0D|#485259|#948902|#FFE800,61.1526,56.2512,55.1082,53.8282,52.1272,146.3310,55.0397
2811,Dark Grey|Olive Green|Tan|Yellow,#485259|#948902|#A79E82|#FFE800,58.9991,56.2982,55.2169,53.8077,51.6978,135.9787,55.0530
2812,Brown|Olive Green|Lime Green|White,#55331A|#948902|#D5D701|#EBF7FF,59.6557,56.3204,55.2667,53.7946,51.4909,105.1932,55.0575
2813,Black|Dark Grey|Polymaker Teal|Yellow,#080A0D|#485259|#4CC0C7|#FFE800,61.7688,56.3619,55.1499,53.7705,51.7750,146.2748,55.0662
2814,Dark Grey|Tan|Lime Green|Yellow,#485259|#A79E82|#D5D701|#FFE800,59.1104,56.3062,55.2251,53.8377,51.7731,135.9787,55.0719
2815,Blue|Black|Grey|Olive Green,#003776|#080A0D|#8C9099|#948902,58.1425,56.1877,55.3204,54.0693,52.2259,89.5522,55.1285
2816,Dark Grey|Cold White|White|Yellow,#485259|#D9DFE5|#EBF7FF|#FFE800,59.1573,56.3845,55.3173,53.8954,51.6713,112.5356,55.1399
2817,Dark Grey|Grey|White|Yellow,#485259|#8C9099|#EBF7FF|#FFE800,59.1371,56.3959,55.3336,53.9112,51.6853,112.5356,55.1536
2818,Dark Grey|Brown|Lime Green|White,#485259|#55331A|#D5D701|#EBF7FF,59.2400,56.3564,55.3656,53.9727,51.7401,103.7655,55.1646
2819,Black|Dark Grey|Dark Olive Drab|Yellow,#080A0D|#485259|#575B54|#FFE800,62.0103,56.4861,55.2290,53.8599,52.0907,146.3310,55.1730
2820,Black|Dark Grey|Cold White|Yellow,#080A0D|#485259|#D9DFE5|#FFE800,62.0103,56.4861,55.2290,53.8599,52.0907,146.3310,55.1730
2821,Black|Grey|Olive Green|Yellow,#080A0D|#8C9099|#948902|#FFE800,61.5400,56.6091,55.2653,53.7503,51.9163,146.4116,55.1797
2822,Dark Grey|Polymaker Teal|White|Yellow,#485259|#4CC0C7|#EBF7FF|#FFE800,58.9549,56.3176,55.3403,54.0435,51.9581,112.5459,55.1806
2823,Green|Grey|Cold White|Yellow,#06924D|#8C9099|#D9DFE5|#FFE800,57.3422,55.9988,55.2961,54.3712,52.8981,129.2241,55.1850
2824,Green|Brown|Grey|Lime Green,#06924D|#55331A|#8C9099|#D5D701,58.9981,56.1099,55.1908,54.2752,53.1493,139.7310,55.1925
2825,Green|Grey|White|Yellow,#06924D|#8C9099|#EBF7FF|#FFE800,57.0944,55.9668,55.3363,54.4511,53.0236,114.6988,55.2090
2826,Dark Grey|Polymaker Teal|Grey|Yellow,#485259|#4CC0C7|#8C9099|#FFE800,59.3602,56.4046,55.3406,54.0190,51.9587,135.8334,55.2118
2827,Black|Olive Green|Lime Green|White,#080A0D|#948902|#D5D701|#EBF7FF,60.9979,56.4903,55.3964,53.9632,51.7972,102.8555,55.2268
2828,Dark Grey|Grey|Tan|Yellow,#485259|#8C9099|#A79E82|#FFE800,59.2499,56.4922,55.4071,53.9928,51.8753,135.8586,55.2425
2829,Dark Grey|Tan|Cold White|Yellow,#485259|#A79E82|#D9DFE5|#FFE800,59.2533,56.4930,55.4082,53.9951,51.8777,135.9787,55.2440
2830,Brown|Tan|Lime Green|White,#55331A|#A79E82|#D5D701|#EBF7FF,60.0446,56.5222,55.4525,53.9789,51.6714,105.1932,55.2506
2831,Brown|Dark Olive Drab|Lime Green|Yellow,#55331A|#575B54|#D5D701|#FFE800,59.4232,56.3788,55.3779,54.1285,52.3534,152.1140,55.2536
2832,Dark Grey|Dark Olive Drab|Tan|Yellow,#485259|#575B54|#A79E82|#FFE800,59.3487,56.5106,55.4189,54.0040,51.8899,136.1437,55.2573
2833,Black|Grey|Lime Green|Yellow,#080A0D|#8C9099|#D5D701|#FFE800,62.2702,56.7893,55.3498,53.7674,51.8930,146.4106,55.2783
2834,Dark Olive Drab|Olive Green|White|Yellow,#575B54|#948902|#EBF7FF|#FFE800,59.4412,56.5891,55.5034,54.0438,51.7711,114.9405,55.3164
2835,Blue|Green|Black|Magenta,#003776|#06924D|#080A0D|#F24574,59.3635,55.9326,55.1625,54.7044,54.1898,95.3495,55.3185
2836,Black|Polymaker Teal|Grey|Yellow,#080A0D|#4CC0C7|#8C9099|#FFE800,61.9698,56.7832,55.4205,53.8552,51.7672,146.1576,55.3192
2837,Dark Grey|Polymaker Teal|Tan|Yellow,#485259|#4CC0C7|#A79E82|#FFE800,59.0910,56.4861,55.5003,54.2221,52.1824,135.9558,55.3541
2838,Blue|Green|Brown|Magenta,#003776|#06924D|#55331A|#F24574,59.4780,55.9933,55.1960,54.7172,54.1999,95.3493,55.3552
2839,Dark Olive Drab|Grey|Lime Green|Yellow,#575B54|#8C9099|#D5D701|#FFE800,60.1062,56.7441,55.4896,53.9749,51.8025,135.1360,55.3595
2840,Brown|Tan|Cold White|Orange,#55331A|#A79E82|#D9DFE5|#F67405,57.4032,56.3984,55.6604,54.3674,52.1064,146.1120,55.3829
2841,Brown|Dark Olive Drab|Lime Green|White,#55331A|#575B54|#D5D701|#EBF7FF,59.8755,56.6044,55.5809,54.1670,51.9192,105.3135,55.3857
2842,Black|Dark Grey|Grey|Yellow,#080A0D|#485259|#8C9099|#FFE800,62.0375,56.7296,55.4686,54.0451,52.1993,146.2602,55.3873
2843,Black|Polymaker Teal|Brown|Yellow,#080A0D|#4CC0C7|#55331A|#FFE800,58.9274,56.4101,55.5859,54.3662,52.3774,149.3743,55.3881
2844,Blue|Green|Cold White|Magenta,#003776|#06924D|#D9DFE5|#F24574,59.2215,56.0694,55.2758,54.7457,54.1569,95.3495,55.4076
2845,Blue|Green|Dark Olive Drab|Magenta,#003776|#06924D|#575B54|#F24574,59.2355,56.0619,55.2781,54.7711,54.1975,95.3495,55.4165
2846,Blue|Green|Polymaker Teal|Magenta,#003776|#06924D|#4CC0C7|#F24574,59.2364,56.0827,55.2854,54.7536,54.1634,95.3495,55.4182
2847,Blue|Green|Dark Grey|Magenta,#003776|#06924D|#485259|#F24574,59.2321,56.0730,55.2854,54.7642,54.1788,95.3495,55.4186
2848,Blue|Green|Grey|Magenta,#003776|#06924D|#8C9099|#F24574,59.2327,56.0880,55.2946,54.7648,54.1746,95.3495,55.4264
2849,Brown|Lime Green|Cold White|White,#55331A|#D5D701|#D9DFE5|#EBF7FF,60.2497,56.7082,55.6388,54.1636,51.8522,105.1932,55.4359
2850,Polymaker Teal|Brown|Lime Green|White,#4CC0C7|#55331A|#D5D701|#EBF7FF,59.9464,56.5446,55.5913,54.3292,52.2769,105.1676,55.4369
2851,Brown|Grey|Lime Green|White,#55331A|#8C9099|#D5D701|#EBF7FF,60.2168,56.7180,55.6443,54.1591,51.8288,105.0339,55.4386
2852,Blue|Green|Tan|Magenta,#003776|#06924D|#A79E82|#F24574,59.1994,56.0911,55.3105,54.7865,54.1930,95.3517,55.4388
2853,Black|Brown|Cold White|Orange,#080A0D|#55331A|#D9DFE5|#F67405,57.6394,56.3568,55.6970,54.5622,52.4520,142.8114,55.4595
2854,Brown|Dark Olive Drab|Cold White|Yellow,#55331A|#575B54|#D9DFE5|#FFE800,59.5738,56.6055,55.6130,54.3350,52.4779,152.1140,55.4702
2855,Brown|Dark Olive Drab|Olive Green|Yellow,#55331A|#575B54|#948902|#FFE800,59.4780,56.5944,55.6200,54.3533,52.5131,152.1186,55.4739
2856,Black|Brown|Lime Green|Yellow,#080A0D|#55331A|#D5D701|#FFE800,59.3499,56.4138,55.6273,54.5727,53.0917,149.6691,55.4933
2857,Lime Green|Cold White|White|Pink,#D5D701|#D9DFE5|#EBF7FF|#F1A1AF,57.5594,56.4611,55.7374,54.5788,52.6061,100.6387,55.5200
2858,Black|Dark Olive Drab|Grey|Yellow,#080A0D|#575B54|#8C9099|#FFE800,62.3945,57.0331,55.6142,54.0078,52.0571,146.6015,55.5205
2859,Black|Brown|Dark Olive Drab|Yellow,#080A0D|#55331A|#575B54|#FFE800,59.2688,56.5490,55.6947,54.5274,52.8703,149.6213,55.5382
2860,Olive Green|Tan|White|Magenta,#948902|#A79E82|#EBF7FF|#F24574,59.6505,56.8719,55.7465,54.2215,51.8725,97.6397,55.5467
2861,Black|Grey|Cold White|Yellow,#080A0D|#8C9099|#D9DFE5|#FFE800,62.4218,57.0717,55.6466,54.0256,52.0542,146.4064,55.5487
2862,Blue|Black|Red|Magenta,#003776|#080A0D|#E72F1D|#F24574,57.3508,56.2094,55.6283,54.9251,53.9368,97.9471,55.5673
2863,Black|Dark Grey|Tan|Yellow,#080A0D|#485259|#A79E82|#FFE800,61.6131,56.8621,55.6877,54.2831,52.3867,146.3231,55.5726
2864,Dark Olive Drab|Grey|Cold White|Yellow,#575B54|#8C9099|#D9DFE5|#FFE800,60.2543,56.9717,55.7267,54.1843,51.9323,135.1402,55.5780
2865,Black|Grey|Tan|Yellow,#080A0D|#8C9099|#A79E82|#FFE800,61.8371,57.0440,55.7097,54.1521,52.2194,146.3022,55.5981
2866,Olive Green|White|Pink|Magenta,#948902|#EBF7FF|#F1A1AF|#F24574,59.6314,56.9021,55.8008,54.3045,52.0076,96.6164,55.6033
2867,Polymaker Teal|Brown|Dark Olive Drab|Yellow,#4CC0C7|#55331A|#575B54|#FFE800,59.4886,56.6903,55.7791,54.5654,52.6162,152.0082,55.6278
2868,Blue|Red|Pink|Magenta,#003776|#E72F1D|#F1A1AF|#F24574,57.9409,56.3300,55.6834,54.9309,53.8496,98.2347,55.6304
2869,Dark Olive Drab|Grey|Tan|Yellow,#575B54|#8C9099|#A79E82|#FFE800,59.8401,56.9663,55.8048,54.2985,52.0815,135.1283,55.6324
2870,Blue|Olive Green|White|Pink,#003776|#948902|#EBF7FF|#F1A1AF,58.0811,56.6898,55.8917,54.6183,52.6262,85.0553,55.6541
2871,Black|Tan|Lime Green|White,#080A0D|#A79E82|#D5D701|#EBF7FF,61.8631,56.9449,55.8166,54.3755,52.2003,102.8051,55.6602
2872,Polymaker Teal|Dark Olive Drab|Grey|Yellow,#4CC0C7|#575B54|#8C9099|#FFE800,60.0819,56.9598,55.8111,54.4108,52.2724,135.0590,55.6853
2873,Blue|Polymaker Teal|Olive Green|Pink,#003776|#4CC0C7|#948902|#F1A1AF,58.2256,56.7006,55.8993,54.6782,52.7459,85.2755,55.6894
2874,Black|Brown|Cold White|Yellow,#080A0D|#55331A|#D9DFE5|#FFE800,59.5386,56.6663,55.8564,54.7385,53.1501,149.6725,55.7024
2875,Blue|Green|Pink|Magenta,#003776|#06924D|#F1A1AF|#F24574,59.2783,56.3682,55.6467,55.1784,54.6439,94.6554,55.7733
2876,Blue|Olive Green|Tan|Pink,#003776|#948902|#A79E82|#F1A1AF,58.3706,56.8706,56.0254,54.7120,52.6830,85.2120,55.7913
2877,Black|Brown|Olive Green|Yellow,#080A0D|#55331A|#948902|#FFE800,59.3617,56.7152,55.9530,54.8711,53.3113,149.6677,55.7931
2878,Dark Olive Drab|Olive Green|Lime Green|Yellow,#575B54|#948902|#D5D701|#FFE800,60.2042,57.0592,55.9186,54.5327,52.5634,144.8991,55.7960
2879,Green|Olive Green|White|Yellow,#06924D|#948902|#EBF7FF|#FFE800,58.0713,56.6100,55.9382,55.0228,53.5986,122.3333,55.8164
2880,Blue|Dark Grey|Olive Green|Pink,#003776|#485259|#948902|#F1A1AF,58.4547,56.9431,56.0667,54.6926,52.5899,85.2081,55.8179
2881,Blue|Black|Olive Green|Pink,#003776|#080A0D|#948902|#F1A1AF,58.7268,56.9717,56.0789,54.6996,52.5928,85.2278,55.8357
2882,Blue|Olive Green|Cold White|Pink,#003776|#948902|#D9DFE5|#F1A1AF,58.5453,56.9871,56.0797,54.6917,52.5803,85.2458,55.8394
2883,Blue|Grey|Olive Green|Pink,#003776|#8C9099|#948902|#F1A1AF,58.5455,56.9889,56.0810,54.6984,52.5951,85.2710,55.8437
2884,Blue|Dark Olive Drab|Olive Green|Pink,#003776|#575B54|#948902|#F1A1AF,58.4903,56.9648,56.0850,54.7230,52.6306,85.2221,55.8439
2885,Polymaker Teal|Brown|Cold White|Yellow,#4CC0C7|#55331A|#D9DFE5|#FFE800,59.7550,56.9015,56.0055,54.8001,52.8467,152.4403,55.8508
2886,Blue|Brown|Olive Green|Pink,#003776|#55331A|#948902|#F1A1AF,58.5690,57.0060,56.0896,54.6973,52.5917,85.3437,55.8517
2887,Polymaker Teal|Brown|Lime Green|Yellow,#4CC0C7|#55331A|#D5D701|#FFE800,59.7121,56.9019,56.0429,54.8979,53.0052,152.7435,55.8999
2888,Green|Dark Grey|Brown|Lime Green,#06924D|#485259|#55331A|#D5D701,59.0199,56.6366,55.9518,55.1907,54.1616,143.9197,55.9137
2889,Olive Green|Tan|Pink|Magenta,#948902|#A79E82|#F1A1AF|#F24574,60.2140,57.2820,56.1283,54.6069,52.2824,99.9581,55.9445
2890,Dark Olive Drab|Olive Green|Cold White|Yellow,#575B54|#948902|#D9DFE5|#FFE800,60.3198,57.2426,56.1154,54.7233,52.6962,144.8991,55.9830
2891,Dark Olive Drab|Lime Green|Cold White|Yellow,#575B54|#D5D701|#D9DFE5|#FFE800,60.9550,57.3236,56.0841,54.6605,52.6742,144.8991,55.9921
2892,Polymaker Teal|Brown|Olive Green|Yellow,#4CC0C7|#55331A|#948902|#FFE800,59.7485,57.0113,56.1544,54.9756,53.0302,152.7435,55.9935
2893,Brown|Dark Olive Drab|Tan|Yellow,#55331A|#575B54|#A79E82|#FFE800,59.5974,57.1651,56.2188,54.8854,52.9000,152.1008,56.0253
2894,Black|Brown|Tan|Yellow,#080A0D|#55331A|#A79E82|#FFE800,59.3082,57.0606,56.2385,54.9916,53.1506,149.6540,56.0261
2895,Dark Olive Drab|Lime Green|White|Yellow,#575B54|#D5D701|#EBF7FF|#FFE800,60.3034,57.3047,56.2170,54.7934,52.5877,114.9595,56.0490
2896,Dark Olive Drab|Grey|White|Yellow,#575B54|#8C9099|#EBF7FF|#FFE800,60.2044,57.3114,56.2365,54.8002,52.5513,113.9947,56.0558
2897,Azure Blue|Black|Polymaker Teal|Olive Green,#0066D9|#080A0D|#4CC0C7|#948902,59.7951,57.1910,56.2531,54.9351,52.9472,90.0655,56.0631
2898,Blue|Azure Blue|Black|Olive Green,#003776|#0066D9|#080A0D|#948902,59.7667,57.3594,56.2925,54.7771,52.5329,90.0145,56.0683
2899,Green|Dark Grey|Lime Green|White,#06924D|#485259|#D5D701|#EBF7FF,58.7957,56.8588,56.1548,55.2821,53.9313,105.7135,56.0705
2900,Olive Green|Tan|Cold White|Magenta,#948902|#A79E82|#D9DFE5|#F24574,60.8140,57.5182,56.2588,54.6621,52.2921,99.2630,56.0901
2901,Brown|Lime Green|Cold White|Yellow,#55331A|#D5D701|#D9DFE5|#FFE800,60.2960,57.2603,56.2534,54.9499,53.0248,152.5164,56.1051
2902,Azure Blue|Black|Dark Grey|Olive Green,#0066D9|#080A0D|#485259|#948902,59.9562,57.4483,56.3748,54.8618,52.6231,90.0619,56.1551
2903,Azure Blue|Black|Dark Olive Drab|Olive Green,#0066D9|#080A0D|#575B54|#948902,59.9547,57.4511,56.3779,54.8635,52.6241,90.0619,56.1573
2904,Azure Blue|Black|Olive Green|Cold White,#0066D9|#080A0D|#948902|#D9DFE5,59.9662,57.4546,56.3791,54.8658,52.6256,90.0619,56.1602
2905,Polymaker Teal|Dark Olive Drab|Olive Green|Yellow,#4CC0C7|#575B54|#948902|#FFE800,60.2032,57.3343,56.3009,55.0036,52.9609,144.6362,56.1690
2906,Azure Blue|Black|Grey|Olive Green,#0066D9|#080A0D|#8C9099|#948902,59.9677,57.4633,56.3894,54.8750,52.6353,90.0619,56.1691
2907,Brown|Olive Green|Cold White|Yellow,#55331A|#948902|#D9DFE5|#FFE800,60.2141,57.3756,56.3847,55.0505,53.0755,152.5125,56.2130
2908,Olive Green|Cold White|White|Magenta,#948902|#D9DFE5|#EBF7FF|#F24574,60.2591,57.5334,56.4294,54.9247,52.6020,99.0799,56.2291
2909,Blue|Azure Blue|Polymaker Teal|Olive Green,#003776|#0066D9|#4CC0C7|#948902,59.4505,57.3317,56.4405,55.1297,53.1302,90.2630,56.2307
2910,Dark Olive Drab|Cold White|White|Yellow,#575B54|#D9DFE5|#EBF7FF|#FFE800,60.4677,57.5040,56.4149,54.9697,52.7170,114.9595,56.2368
2911,Polymaker Teal|Dark Olive Drab|White|Yellow,#4CC0C7|#575B54|#EBF7FF|#FFE800,60.2859,57.4324,56.4257,55.1093,53.0010,114.9588,56.2709
2912,Polymaker Teal|Dark Olive Drab|Lime Green|Yellow,#4CC0C7|#575B54|#D5D701|#FFE800,60.8350,57.5070,56.3814,55.0625,53.0532,144.6368,56.2848
2913,Blue|Azure Blue|Grey|Olive Green,#003776|#0066D9|#8C9099|#948902,59.7354,57.5890,56.5424,55.0279,52.7704,90.2623,56.3085
2914,Blue|Azure Blue|Olive Green|Cold White,#003776|#0066D9|#948902|#D9DFE5,59.7378,57.5913,56.5447,55.0317,52.7738,90.2623,56.3115
2915,Blue|Azure Blue|Dark Grey|Olive Green,#003776|#0066D9|#485259|#948902,59.7562,57.6019,56.5599,55.0453,52.7907,90.2490,56.3236
2916,Blue|Azure Blue|Dark Olive Drab|Olive Green,#003776|#0066D9|#575B54|#948902,59.7617,57.6076,56.5663,55.0504,52.7967,90.2286,56.3290
2917,Blue|Green|White|Magenta,#003776|#06924D|#EBF7FF|#F24574,59.6998,56.9379,56.2511,55.8324,55.3643,93.6967,56.3851
2918,Azure Blue|Black|Olive Green|White,#0066D9|#080A0D|#948902|#EBF7FF,59.9806,57.5716,56.6368,55.2020,53.0141,94.1787,56.3868
2919,Brown|Olive Green|Lime Green|Yellow,#55331A|#948902|#D5D701|#FFE800,60.2338,57.3821,56.5206,55.3983,53.8159,153.1219,56.3902
2920,Azure Blue|Polymaker Teal|Olive Green|Cold White,#0066D9|#4CC0C7|#948902|#D9DFE5,59.8520,57.5404,56.6051,55.2717,53.2820,90.2540,56.4060
2921,Azure Blue|Polymaker Teal|Dark Olive Drab|Olive Green,#0066D9|#4CC0C7|#575B54|#948902,59.8431,57.5514,56.6180,55.2824,53.2818,90.3864,56.4169
2922,Polymaker Teal|Dark Olive Drab|Cold White|Yellow,#4CC0C7|#575B54|#D9DFE5|#FFE800,60.9691,57.6574,56.5272,55.1782,53.1125,144.6368,56.4178
2923,Azure Blue|Dark Grey|Polymaker Teal|Olive Green,#0066D9|#485259|#4CC0C7|#948902,59.8264,57.5481,56.6232,55.2892,53.2822,90.3082,56.4187
2924,Olive Green|Cold White|Pink|Magenta,#948902|#D9DFE5|#F1A1AF|#F24574,60.7866,57.8508,56.6234,55.0067,52.6153,98.6612,56.4287
2925,Polymaker Teal|Brown|Tan|Yellow,#4CC0C7|#55331A|#A79E82|#FFE800,59.8419,57.4615,56.6404,55.4482,53.4489,152.7464,56.4548
2926,Azure Blue|Polymaker Teal|Grey|Olive Green,#0066D9|#4CC0C7|#8C9099|#948902,59.8843,57.5918,56.6654,55.3339,53.3391,90.2825,56.4629
2927,Azure Blue|Dark Grey|Olive Green|Cold White,#0066D9|#485259|#948902|#D9DFE5,60.0943,57.7940,56.7227,55.1907,52.9359,90.3048,56.4924
2928,Azure Blue|Dark Olive Drab|Olive Green|Cold White,#0066D9|#575B54|#948902|#D9DFE5,60.1113,57.8017,56.7219,55.1865,52.9378,90.3847,56.4941
2929,Azure Blue|Dark Olive Drab|Grey|Olive Green,#0066D9|#575B54|#8C9099|#948902,60.1113,57.8017,56.7219,55.1865,52.9378,90.3847,56.4941
2930,Azure Blue|Dark Grey|Grey|Olive Green,#0066D9|#485259|#8C9099|#948902,60.0970,57.7979,56.7264,55.1943,52.9391,90.3048,56.4961
2931,Brown|Tan|Cold White|Yellow,#55331A|#A79E82|#D9DFE5|#FFE800,60.0933,57.6358,56.6968,55.3588,53.3812,152.5572,56.4973
2932,Azure Blue|Dark Grey|Dark Olive Drab|Olive Green,#0066D9|#485259|#575B54|#948902,60.1042,57.8019,56.7307,55.1990,52.9456,90.3288,56.5005
2933,Blue|Green|Olive Green|White,#003776|#06924D|#948902|#EBF7FF,57.0061,56.9874,56.6536,56.0272,55.0057,92.3570,56.5073
2934,Azure Blue|Black|Olive Green|Tan,#0066D9|#080A0D|#948902|#A79E82,60.2082,57.7485,56.7560,55.3150,53.1117,91.6769,56.5317
2935,Azure Blue|Grey|Olive Green|Cold White,#0066D9|#8C9099|#948902|#D9DFE5,60.1496,57.8516,56.7724,55.2377,52.9836,90.2766,56.5446
2936,Black|Dark Grey|Lime Green|White,#080A0D|#485259|#D5D701|#EBF7FF,62.8867,57.8234,56.7031,55.2731,53.0985,102.8104,56.5482
2937,Brown|Tan|Lime Green|Yellow,#55331A|#A79E82|#D5D701|#FFE800,60.0493,57.6124,56.7322,55.4861,53.6270,152.9325,56.5493
2938,Black|Dark Olive Drab|Lime Green|White,#080A0D|#575B54|#D5D701|#EBF7FF,62.9004,57.8380,56.7160,55.2835,53.1053,102.9155,56.5608
2939,Polymaker Teal|Grey|Olive Green|Yellow,#4CC0C7|#8C9099|#948902|#FFE800,59.3534,57.6072,56.7361,55.5332,53.5681,132.2877,56.5702
2940,Black|Grey|Lime Green|White,#080A0D|#8C9099|#D5D701|#EBF7FF,62.8847,57.8490,56.7283,55.2940,53.1120,102.9067,56.5715
2941,Black|Lime Green|Cold White|White,#080A0D|#D5D701|#D9DFE5|#EBF7FF,62.9086,57.8631,56.7499,55.3231,53.1491,102.9058,56.5931
2942,Black|Polymaker Teal|Lime Green|White,#080A0D|#4CC0C7|#D5D701|#EBF7FF,62.6930,57.8037,56.7709,55.4673,53.4171,102.8942,56.6355
2943,Dark Olive Drab|Olive Green|Tan|Yellow,#575B54|#948902|#A79E82|#FFE800,60.5011,57.8741,56.8166,55.4076,53.2908,144.7339,56.6409
2944,Brown|Olive Green|Tan|Yellow,#55331A|#948902|#A79E82|#FFE800,60.0782,57.7165,56.8484,55.5960,53.6962,152.9325,56.6562
2945,Blue|Azure Blue|Olive Green|White,#003776|#0066D9|#948902|#EBF7FF,59.5326,57.8498,56.9443,55.5044,53.2848,94.4796,56.6771
2946,Dark Olive Drab|Tan|Lime Green|Yellow,#575B54|#A79E82|#D5D701|#FFE800,60.6349,57.9027,56.8448,55.4577,53.3938,144.7366,56.6802
2947,Blue|Azure Blue|Olive Green|Tan,#003776|#0066D9|#948902|#A79E82,59.8959,57.9219,56.9420,55.4743,53.2347,92.1223,56.6981
2948,Azure Blue|Polymaker Teal|Olive Green|White,#0066D9|#4CC0C7|#948902|#EBF7FF,59.5629,57.8225,56.9528,55.6114,53.5695,93.8911,56.7169
2949,Grey|Olive Green|Lime Green|Yellow,#8C9099|#948902|#D5D701|#FFE800,59.7386,57.9212,56.9303,55.5438,53.3608,132.3239,56.7325
2950,Azure Blue|Olive Green|Cold White|White,#0066D9|#948902|#D9DFE5|#EBF7FF,59.6503,57.9692,57.0251,55.5420,53.2988,93.8911,56.7556
2951,Black|Polymaker Teal|Lime Green|Yellow,#080A0D|#4CC0C7|#D5D701|#FFE800,62.5732,57.8210,56.9204,55.7194,53.7981,149.3758,56.7702
2952,Black|Polymaker Teal|Olive Green|Yellow,#080A0D|#4CC0C7|#948902|#FFE800,61.8048,57.8002,56.9660,55.7590,53.7723,149.3735,56.7796
2953,Azure Blue|Dark Grey|Olive Green|White,#0066D9|#485259|#948902|#EBF7FF,59.7556,57.9761,57.0590,55.6146,53.4002,93.9820,56.7954
2954,Azure Blue|Dark Olive Drab|Olive Green|White,#0066D9|#575B54|#948902|#EBF7FF,59.7476,57.9823,57.0608,55.6128,53.4070,94.0370,56.7976
2955,Azure Blue|Olive Green|Tan|White,#0066D9|#948902|#A79E82|#EBF7FF,59.6369,58.0070,57.0781,55.5952,53.3363,93.8507,56.8011
2956,Azure Blue|Grey|Olive Green|White,#0066D9|#8C9099|#948902|#EBF7FF,59.6634,58.0124,57.0851,55.6082,53.3610,93.7920,56.8103
2957,Black|Dark Olive Drab|Lime Green|Yellow,#080A0D|#575B54|#D5D701|#FFE800,62.9372,57.8882,56.9314,55.7689,54.1886,149.6228,56.8285
2958,Green|Dark Grey|Olive Green|Lime Green,#06924D|#485259|#948902|#D5D701,59.0721,57.5291,56.9058,56.1293,54.9817,136.5652,56.8292
2959,Dark Olive Drab|Tan|Cold White|Yellow,#575B54|#A79E82|#D9DFE5|#FFE800,60.7518,58.0686,57.0089,55.5935,53.4657,144.7339,56.8310
2960,Azure Blue|Dark Grey|Olive Green|Tan,#0066D9|#485259|#948902|#A79E82,60.1675,58.0800,57.0829,55.6002,53.3569,91.6687,56.8401
2961,Black|Polymaker Teal|Cold White|Yellow,#080A0D|#4CC0C7|#D9DFE5|#FFE800,62.7120,57.9598,57.0178,55.7312,53.7012,149.3757,56.8455
2962,Azure Blue|Dark Olive Drab|Olive Green|Tan,#0066D9|#575B54|#948902|#A79E82,60.1677,58.0931,57.0931,55.6096,53.3711,91.8122,56.8513
2963,Black|Polymaker Teal|Dark Olive Drab|Yellow,#080A0D|#4CC0C7|#575B54|#FFE800,62.7111,57.9877,57.0494,55.7758,53.7519,149.3757,56.8817
2964,Azure Blue|Polymaker Teal|Olive Green|Tan,#0066D9|#4CC0C7|#948902|#A79E82,60.0668,58.0058,57.0989,55.7732,53.7331,91.9764,56.8895
2965,Dark Grey|Olive Green|Lime Green|White,#485259|#948902|#D5D701|#EBF7FF,60.1305,58.0621,57.1227,55.7390,53.5119,105.6276,56.9006
2966,Polymaker Teal|Dark Olive Drab|Tan|Yellow,#4CC0C7|#575B54|#A79E82|#FFE800,60.6253,58.0514,57.0838,55.8017,53.7340,144.6368,56.9266
2967,Azure Blue|Olive Green|Tan|Cold White,#0066D9|#948902|#A79E82|#D9DFE5,60.2142,58.1786,57.1766,55.6877,53.4368,91.9764,56.9332
2968,Azure Blue|Grey|Olive Green|Tan,#0066D9|#8C9099|#948902|#A79E82,60.2122,58.1786,57.1778,55.6897,53.4389,91.9764,56.9342
2969,Green|Dark Olive Drab|Lime Green|White,#06924D|#575B54|#D5D701|#EBF7FF,59.9140,57.7689,57.0325,56.1112,54.6847,107.7786,56.9400
2970,Black|Lime Green|Cold White|Yellow,#080A0D|#D5D701|#D9DFE5|#FFE800,63.1346,57.9635,57.0588,55.9363,54.4129,149.6706,56.9499
2971,Black|Olive Green|Lime Green|Yellow,#080A0D|#948902|#D5D701|#FFE800,62.1571,57.8728,57.0860,56.0354,54.5438,149.6666,56.9541
2972,Black|Dark Olive Drab|Olive Green|Yellow,#080A0D|#575B54|#948902|#FFE800,62.1459,57.9694,57.1171,55.9731,54.3417,149.6207,56.9713
2973,Black|Dark Olive Drab|Cold White|Yellow,#080A0D|#575B54|#D9DFE5|#FFE800,63.0577,58.1442,57.1856,55.9721,54.2807,149.6228,57.0582
2974,Black|Olive Green|Cold White|Yellow,#080A0D|#948902|#D9DFE5|#FFE800,62.3074,58.0759,57.2636,56.1537,54.5692,149.6669,57.1148
2975,Blue|Polymaker Teal|Olive Green|Tan,#003776|#4CC0C7|#948902|#A79E82,59.0865,58.0231,57.3739,56.2803,54.5248,88.8116,57.1517
2976,Brown|Dark Olive Drab|Grey|Lime Green,#55331A|#575B54|#8C9099|#D5D701,61.9510,58.5258,57.2880,55.7898,53.7126,139.7577,57.1578
2977,Dark Grey|Brown|Grey|Lime Green,#485259|#55331A|#8C9099|#D5D701,61.6029,58.4050,57.3144,55.9308,53.9532,139.7153,57.1679
2978,Green|Grey|Olive Green|Lime Green,#06924D|#8C9099|#948902|#D5D701,59.1205,57.9839,57.3327,56.4262,55.0252,128.7693,57.2051
2979,Green|Black|Olive Green|Pink,#06924D|#080A0D|#948902|#F1A1AF,60.2465,58.0368,57.3523,56.4546,54.9787,95.9004,57.2457
2980,Green|Polymaker Teal|Tan|Yellow,#06924D|#4CC0C7|#A79E82|#FFE800,59.4351,58.1165,57.4019,56.4342,54.9113,145.5854,57.2753
2981,Grey|Olive Green|Tan|Yellow,#8C9099|#948902|#A79E82|#FFE800,60.0897,58.4471,57.5118,56.1390,53.9285,132.3210,57.2931
2982,Black|Polymaker Teal|Tan|Yellow,#080A0D|#4CC0C7|#A79E82|#FFE800,62.2030,58.3948,57.5234,56.2206,54.0951,149.3735,57.3077
2983,Black|Tan|Lime Green|Yellow,#080A0D|#A79E82|#D5D701|#FFE800,62.4607,58.4242,57.5212,56.2503,54.4072,149.6566,57.3372
2984,Grey|Tan|Red|Magenta,#8C9099|#A79E82|#E72F1D|#F24574,59.6147,58.2546,57.5047,56.4336,54.7018,113.2101,57.3441
2985,Green|Dark Grey|Grey|Lime Green,#06924D|#485259|#8C9099|#D5D701,60.2972,58.2097,57.4448,56.5761,55.3630,132.7469,57.3929
2986,Dark Grey|Tan|Red|Magenta,#485259|#A79E82|#E72F1D|#F24574,59.9657,58.2303,57.4969,56.5579,55.0699,119.2563,57.3941
2987,Black|Olive Green|Tan|Yellow,#080A0D|#948902|#A79E82|#FFE800,62.3772,58.5069,57.6154,56.3353,54.4609,149.6540,57.4211
2988,Brown|Grey|Olive Green|Lime Green,#55331A|#8C9099|#948902|#D5D701,62.0254,58.8138,57.5822,56.0438,53.8725,139.6900,57.4288
2989,Polymaker Teal|Brown|Grey|Lime Green,#4CC0C7|#55331A|#8C9099|#D5D701,61.9977,58.6639,57.5481,56.2187,54.2494,139.6626,57.4413
2990,Black|Tan|Cold White|Yellow,#080A0D|#A79E82|#D9DFE5|#FFE800,62.5682,58.5955,57.6639,56.3264,54.3884,149.6535,57.4609
2991,Black|Dark Olive Drab|Tan|Yellow,#080A0D|#575B54|#A79E82|#FFE800,62.5315,58.5797,57.6682,56.3530,54.4329,149.6052,57.4664
2992,Grey|Olive Green|Cold White|Yellow,#8C9099|#948902|#D9DFE5|#FFE800,60.2681,58.6138,57.6922,56.3524,54.1636,129.1920,57.4831
2993,Grey|Tan|Lime Green|Yellow,#8C9099|#A79E82|#D5D701|#FFE800,60.3015,58.6328,57.6992,56.3467,54.1761,132.3213,57.4897
2994,Green|Dark Grey|Tan|Lime Green,#06924D|#485259|#A79E82|#D5D701,59.8286,58.2056,57.5715,56.7793,55.6138,136.4771,57.4925
2995,Green|Dark Olive Drab|Grey|Lime Green,#06924D|#575B54|#8C9099|#D5D701,60.7244,58.4133,57.5535,56.5806,55.2194,131.1681,57.4970
2996,Dark Grey|Tan|Lime Green|White,#485259|#A79E82|#D5D701|#EBF7FF,61.0188,58.7037,57.7349,56.3471,54.1131,105.5933,57.5254
2997,Brown|Grey|Lime Green|Cold White,#55331A|#8C9099|#D5D701|#D9DFE5,62.3156,58.9250,57.6746,56.1305,53.9485,139.6900,57.5277
2998,Green|Dark Grey|Dark Olive Drab|Lime Green,#06924D|#485259|#575B54|#D5D701,60.5919,58.3492,57.5918,56.7488,55.5666,136.7746,57.5490
2999,Polymaker Teal|Grey|Lime Green|Yellow,#4CC0C7|#8C9099|#D5D701|#FFE800,60.2880,58.5911,57.7347,56.5619,54.6299,132.2877,57.5765
3000,Green|Dark Grey|Polymaker Teal|Lime Green,#06924D|#485259|#4CC0C7|#D5D701,60.5856,58.3878,57.6256,56.7757,55.5914,136.5012,57.5818
3001,Grey|Tan|White|Yellow,#8C9099|#A79E82|#EBF7FF|#FFE800,60.0675,58.6304,57.8055,56.5723,54.5075,114.4805,57.6013
3002,Grey|Olive Green|White|Yellow,#8C9099|#948902|#EBF7FF|#FFE800,60.0599,58.6466,57.8297,56.5730,54.4893,114.6065,57.6098
3003,Green|Dark Grey|Lime Green|Cold White,#06924D|#485259|#D5D701|#D9DFE5,60.5727,58.4084,57.6562,56.8125,55.6317,136.5662,57.6105
3004,Polymaker Teal|Grey|Tan|Yellow,#4CC0C7|#8C9099|#A79E82|#FFE800,60.1215,58.6030,57.7932,56.6244,54.6653,132.2847,57.6137
3005,Dark Grey|Brown|Olive Green|Lime Green,#485259|#55331A|#948902|#D5D701,61.6531,58.8414,57.8411,56.5019,54.5597,143.9034,57.6716
3006,Dark Grey|Tan|Red|Pink,#485259|#A79E82|#E72F1D|#F1A1AF,60.1854,58.5434,57.8116,56.8340,55.2662,114.8826,57.6887
3007,Polymaker Teal|Tan|Red|Magenta,#4CC0C7|#A79E82|#E72F1D|#F24574,60.1412,58.6629,57.8694,56.7347,54.8024,108.1839,57.6988
3008,Dark Grey|Tan|Red|White,#485259|#A79E82|#E72F1D|#EBF7FF,60.2130,58.6274,57.8585,56.7962,55.0703,108.2832,57.7118
3009,Brown|Grey|Tan|Lime Green,#55331A|#8C9099|#A79E82|#D5D701,62.2202,59.0909,57.8901,56.3707,54.1760,139.6924,57.7308
3010,Green|Dark Grey|Olive Green|Pink,#06924D|#485259|#948902|#F1A1AF,59.8374,58.5452,57.8807,56.9225,55.3351,96.5014,57.7339
3011,Dark Grey|Polymaker Teal|Tan|Red,#485259|#4CC0C7|#A79E82|#E72F1D,60.4990,58.6387,57.8299,56.8314,55.2013,114.0171,57.7350
3012,Black|Brown|Grey|Lime Green,#080A0D|#55331A|#8C9099|#D5D701,62.4829,59.1351,57.8546,56.3389,54.4478,144.0256,57.7370
3013,Grey|Tan|Red|Pink,#8C9099|#A79E82|#E72F1D|#F1A1AF,59.9618,58.6602,57.9186,56.8252,55.0153,110.9934,57.7427
3014,Olive Green|Tan|White|Yellow,#948902|#A79E82|#EBF7FF|#FFE800,60.3039,58.8377,57.9737,56.6540,54.5092,121.4657,57.7459
3015,Dark Grey|Brown|Lime Green|Cold White,#485259|#55331A|#D5D701|#D9DFE5,61.9427,58.9521,57.9351,56.5974,54.6474,143.9034,57.7747
3016,Dark Grey|Brown|Dark Olive Drab|Lime Green,#485259|#55331A|#575B54|#D5D701,61.9506,58.9595,57.9414,56.6015,54.6490,143.9026,57.7805
3017,Green|Black|Grey|Lime Green,#06924D|#080A0D|#8C9099|#D5D701,62.5013,58.8279,57.8183,56.8322,55.7363,144.1765,57.8300
3018,Dark Olive Drab|Olive Green|Lime Green|White,#575B54|#948902|#D5D701|#EBF7FF,61.2961,59.0340,58.0618,56.6284,54.3370,107.7349,57.8312
3019,Green|Brown|Tan|Lime Green,#06924D|#55331A|#A79E82|#D5D701,60.3958,58.5565,57.8956,57.1064,56.0554,147.7939,57.8314
3020,Grey|Tan|Cold White|Yellow,#8C9099|#A79E82|#D9DFE5|#FFE800,60.5779,58.9907,58.0842,56.7438,54.5642,129.1085,57.8673
3021,Brown|Grey|Tan|Red,#55331A|#8C9099|#A79E82|#E72F1D,60.3782,58.8351,58.0318,56.9377,55.2018,114.3969,57.8864
3022,Green|Dark Grey|Brown|Olive Green,#06924D|#485259|#55331A|#948902,60.1019,58.6279,58.0323,57.2945,56.2128,97.0491,57.9612
3023,Polymaker Teal|Grey|Tan|Red,#4CC0C7|#8C9099|#A79E82|#E72F1D,60.4694,58.9789,58.1788,57.0316,55.0574,108.2419,58.0053
3024,Green|Grey|Tan|Lime Green,#06924D|#8C9099|#A79E82|#D5D701,59.9453,58.7746,58.1318,57.2425,55.8579,128.7056,58.0085
3025,Dark Grey|Brown|Tan|Lime Green,#485259|#55331A|#A79E82|#D5D701,61.9173,59.2344,58.2512,56.8828,54.8470,143.9026,58.0586
3026,Green|Brown|Olive Green|Pink,#06924D|#55331A|#948902|#F1A1AF,60.7145,58.9472,58.2513,57.2710,55.6404,97.2937,58.1091
3027,Dark Grey|Polymaker Teal|Brown|Lime Green,#485259|#4CC0C7|#55331A|#D5D701,61.9121,59.1622,58.2749,57.0831,55.1886,143.8441,58.1226
3028,Green|Brown|Grey|Olive Green,#06924D|#55331A|#8C9099|#948902,60.8710,58.9255,58.2305,57.3393,55.9890,97.6207,58.1324
3029,Polymaker Teal|Brown|Tan|Red,#4CC0C7|#55331A|#A79E82|#E72F1D,60.8670,59.1552,58.3241,57.1848,55.2652,108.1168,58.1700
3030,Dark Grey|Grey|Olive Green|Lime Green,#485259|#8C9099|#948902|#D5D701,61.7248,59.3954,58.3726,56.9634,54.8897,132.7490,58.1794
3031,Dark Grey|Grey|Tan|Red,#485259|#8C9099|#A79E82|#E72F1D,60.8588,59.0716,58.3056,57.3313,55.7887,119.5180,58.2014
3032,Blue|Brown|Olive Green|White,#003776|#55331A|#948902|#EBF7FF,59.4674,59.1609,58.5327,57.2626,55.2145,87.8465,58.2117
3033,Green|Polymaker Teal|Olive Green|Yellow,#06924D|#4CC0C7|#948902|#FFE800,60.6135,59.1290,58.3407,57.3027,55.7213,147.6820,58.2159
3034,Polymaker Teal|Tan|Red|Pink,#4CC0C7|#A79E82|#E72F1D|#F1A1AF,60.6360,59.2092,58.4278,57.2806,55.2849,107.1355,58.2449
3035,Grey|Lime Green|Cold White|Yellow,#8C9099|#D5D701|#D9DFE5|#FFE800,61.0888,59.3721,58.4456,57.1350,55.0088,129.1994,58.2535
3036,Grey|Tan|Cold White|Red,#8C9099|#A79E82|#D9DFE5|#E72F1D,60.5874,59.1607,58.4006,57.3566,55.6291,111.1570,58.2587
3037,Green|Tan|Cold White|Yellow,#06924D|#A79E82|#D9DFE5|#FFE800,60.0041,58.9962,58.3948,57.5247,56.1107,133.5047,58.2604
3038,Polymaker Teal|Dark Olive Drab|Tan|Red,#4CC0C7|#575B54|#A79E82|#E72F1D,61.1751,59.3022,58.3941,57.2362,55.4101,114.0670,58.2692
3039,Black|Tan|Red|White,#080A0D|#A79E82|#E72F1D|#EBF7FF,61.5930,59.2839,58.4095,57.3207,55.7304,110.8091,58.3023
3040,Dark Grey|Brown|Tan|Red,#485259|#55331A|#A79E82|#E72F1D,60.9430,59.1638,58.4100,57.4448,55.8951,119.9743,58.3043
3041,Green|Olive Green|Tan|Yellow,#06924D|#948902|#A79E82|#FFE800,60.3048,59.1226,58.4342,57.4928,56.0590,156.6271,58.3077
3042,Green|Olive Green|Lime Green|White,#06924D|#948902|#D5D701|#EBF7FF,60.4270,59.0923,58.4506,57.5265,56.0834,111.7828,58.3094
3043,Dark Grey|Dark Olive Drab|Lime Green|White,#485259|#575B54|#D5D701|#EBF7FF,61.9472,59.5042,58.5351,57.1532,54.9187,105.4982,58.3287
3044,Green|Dark Olive Drab|Olive Green|Pink,#06924D|#575B54|#948902|#F1A1AF,60.6319,59.1730,58.4778,57.4857,55.8351,97.0683,58.3293
3045,Grey|Tan|Red|White,#8C9099|#A79E82|#E72F1D|#EBF7FF,60.5010,59.2922,58.5451,57.3857,55.3928,106.9586,58.3390
3046,Dark Grey|Dark Olive Drab|Tan|Red,#485259|#575B54|#A79E82|#E72F1D,60.9768,59.2146,58.4676,57.5093,55.9665,120.4032,58.3619
3047,Dark Olive Drab|Grey|Olive Green|Lime Green,#575B54|#8C9099|#948902|#D5D701,62.2278,59.6945,58.5766,57.0515,54.8087,131.1761,58.3730
3048,Dark Olive Drab|Tan|Lime Green|White,#575B54|#A79E82|#D5D701|#EBF7FF,62.1310,59.6136,58.6087,57.1681,54.8683,107.7151,58.3908
3049,Polymaker Teal|Grey|Cold White|Yellow,#4CC0C7|#8C9099|#D9DFE5|#FFE800,60.8995,59.3552,58.5587,57.4367,55.5405,129.1951,58.3960
3050,Black|Dark Grey|Brown|Lime Green,#080A0D|#485259|#55331A|#D5D701,62.5620,59.6020,58.5627,57.2008,55.3769,147.0024,58.4014
3051,Dark Olive Drab|Tan|Red|White,#575B54|#A79E82|#E72F1D|#EBF7FF,60.9073,59.3417,58.5654,57.4750,55.6603,108.9721,58.4084
3052,Green|Black|Dark Grey|Lime Green,#06924D|#080A0D|#485259|#D5D701,62.7353,59.2122,58.4250,57.6064,56.5829,147.0099,58.4093
3053,Green|Polymaker Teal|Grey|Lime Green,#06924D|#4CC0C7|#8C9099|#D5D701,60.6518,59.2756,58.5628,57.6324,56.2206,128.7378,58.4540
3054,Dark Olive Drab|Tan|Red|Pink,#575B54|#A79E82|#E72F1D|#F1A1AF,60.9993,59.3402,58.5935,57.5841,55.9473,115.4193,58.4621
3055,Dark Olive Drab|Tan|Red|Magenta,#575B54|#A79E82|#E72F1D|#F24574,61.1296,59.3379,58.5826,57.6112,56.0703,121.3650,58.4745
3056,Dark Grey|Lime Green|Cold White|White,#485259|#D5D701|#D9DFE5|#EBF7FF,62.0594,59.6714,58.7073,57.3322,55.1053,105.6820,58.5018
3057,Dark Olive Drab|Grey|Tan|Red,#575B54|#8C9099|#A79E82|#E72F1D,61.2444,59.4646,58.6314,57.5564,55.8850,118.5020,58.5105
3058,Dark Grey|Grey|Lime Green|White,#485259|#8C9099|#D5D701|#EBF7FF,62.0366,59.6827,58.7204,57.3437,55.1123,105.6820,58.5132
3059,Green|Olive Green|Cold White|Yellow,#06924D|#948902|#D9DFE5|#FFE800,60.2502,59.2536,58.6481,57.7899,56.4142,134.4272,58.5217
3060,Dark Grey|Olive Green|Lime Green|Cold White,#485259|#948902|#D5D701|#D9DFE5,62.0041,59.7295,58.7503,57.3774,55.3279,136.5518,58.5534
3061,Blue|Black|Olive Green|White,#003776|#080A0D|#948902|#EBF7FF,60.5359,59.5058,58.8577,57.6034,55.5932,91.1485,58.5546
3062,Dark Grey|Dark Olive Drab|Olive Green|Lime Green,#485259|#575B54|#948902|#D5D701,62.0618,59.7369,58.7518,57.3752,55.3234,136.7629,58.5560
3063,Green|Grey|Lime Green|White,#06924D|#8C9099|#D5D701|#EBF7FF,60.3040,59.3033,58.7191,57.8628,56.4534,108.5158,58.5831
3064,Green|Grey|Olive Green|Pink,#06924D|#8C9099|#948902|#F1A1AF,60.4257,59.3922,58.7506,57.7779,56.1248,96.9806,58.5850
3065,Green|Black|Grey|Olive Green,#06924D|#080A0D|#8C9099|#948902,61.8146,59.3767,58.6470,57.8060,56.5581,98.0267,58.5914
3066,Dark Grey|Polymaker Teal|Lime Green|White,#485259|#4CC0C7|#D5D701|#EBF7FF,61.9165,59.6592,58.7942,57.5745,55.5308,105.6836,58.6168
3067,Green|Dark Olive Drab|Olive Green|Lime Green,#06924D|#575B54|#948902|#D5D701,60.8694,59.3530,58.7248,57.9159,56.7121,145.3793,58.6344
3068,Polymaker Teal|Tan|White|Yellow,#4CC0C7|#A79E82|#EBF7FF|#FFE800,60.5888,59.4666,58.8102,57.8081,56.0530,119.5443,58.6373
3069,Blue|Polymaker Teal|Olive Green|White,#003776|#4CC0C7|#948902|#EBF7FF,60.0432,59.5498,58.9727,57.8229,55.9389,92.3570,58.6864
3070,Green|Black|Dark Grey|Olive Green,#06924D|#080A0D|#485259|#948902,61.4276,59.4096,58.7522,57.9825,56.8723,98.6045,58.6961
3071,Green|Tan|Lime Green|White,#06924D|#A79E82|#D5D701|#EBF7FF,60.4333,59.4602,58.8581,57.9532,56.5058,110.7708,58.7067
3072,Dark Grey|Polymaker Teal|Red|Magenta,#485259|#4CC0C7|#E72F1D|#F24574,61.2041,59.5316,58.8169,57.8957,56.3170,114.7218,58.7136
3073,Tan|Lime Green|White|Yellow,#A79E82|#D5D701|#EBF7FF|#FFE800,60.9634,59.7269,58.9375,57.7154,55.6957,121.3182,58.7211
3074,Polymaker Teal|Grey|White|Yellow,#4CC0C7|#8C9099|#EBF7FF|#FFE800,60.8925,59.6235,58.9273,57.8836,56.0783,114.6650,58.7536
3075,Blue|Dark Olive Drab|Olive Green|White,#003776|#575B54|#948902|#EBF7FF,60.2033,59.7039,59.0785,57.8322,55.8144,92.2123,58.7681
3076,Green|Dark Grey|Olive Green|Cold White,#06924D|#485259|#948902|#D9DFE5,61.0873,59.5122,58.8537,58.0302,56.8147,99.9782,58.7712
3077,Polymaker Teal|Tan|Cold White|Red,#4CC0C7|#A79E82|#D9DFE5|#E72F1D,61.2547,59.7235,58.9334,57.8222,55.8989,108.4453,58.7728
3078,Blue|Dark Grey|Olive Green|White,#003776|#485259|#948902|#EBF7FF,60.2157,59.7140,59.0873,57.8408,55.8212,92.3570,58.7774
3079,Green|Tan|Lime Green|Yellow,#06924D|#A79E82|#D5D701|#FFE800,60.6385,59.5552,58.9178,58.0117,56.6002,154.9535,58.7835
3080,Green|Dark Grey|Dark Olive Drab|Olive Green,#06924D|#485259|#575B54|#948902,61.0199,59.4920,58.8620,58.0797,56.9339,98.6136,58.7859
3081,Blue|Grey|Olive Green|White,#003776|#8C9099|#948902|#EBF7FF,60.3024,59.7477,59.1055,57.8412,55.8108,92.3570,58.7945
3082,Blue|Olive Green|Cold White|White,#003776|#948902|#D9DFE5|#EBF7FF,60.3024,59.7477,59.1055,57.8412,55.8108,92.3570,58.7945
3083,Blue|Olive Green|Tan|White,#003776|#948902|#A79E82|#EBF7FF,60.3021,59.7477,59.1055,57.8414,55.8110,92.3570,58.7945
3084,Brown|Tan|Red|White,#55331A|#A79E82|#E72F1D|#EBF7FF,61.5847,59.7789,58.9494,57.8149,55.9958,110.8303,58.7969
3085,Grey|Lime Green|White|Yellow,#8C9099|#D5D701|#EBF7FF|#FFE800,61.1711,59.7878,58.9986,57.8075,55.8174,114.6795,58.7976
3086,Green|Dark Olive Drab|Tan|Lime Green,#06924D|#575B54|#A79E82|#D5D701,61.2163,59.5589,58.8888,58.0402,56.7764,140.2109,58.7996
3087,Dark Grey|Tan|Cold White|Red,#485259|#A79E82|#D9DFE5|#E72F1D,61.4218,59.6277,58.8933,57.9792,56.4804,120.3076,58.8035
3088,Green|Black|Brown|Lime Green,#06924D|#080A0D|#55331A|#D5D701,60.2559,59.3357,58.9683,58.3245,57.3348,150.9025,58.8301
3089,Polymaker Teal|Olive Green|White|Yellow,#4CC0C7|#948902|#EBF7FF|#FFE800,61.5537,59.7775,59.0169,57.9032,56.0329,120.4975,58.8404
3090,Dark Grey|Olive Green|Tan|Lime Green,#485259|#948902|#A79E82|#D5D701,62.0844,60.0068,59.0646,57.6770,55.5596,136.4727,58.8419
3091,Green|Brown|Dark Olive Drab|Lime Green,#06924D|#55331A|#575B54|#D5D701,61.1162,59.4755,58.9417,58.2189,57.1755,153.1518,58.8472
3092,Dark Grey|Red|White|Magenta,#485259|#E72F1D|#EBF7FF|#F24574,60.9736,59.5884,58.9705,58.1241,56.6334,108.3207,58.8562
3093,Green|Polymaker Teal|Brown|Lime Green,#06924D|#4CC0C7|#55331A|#D5D701,61.1797,59.5052,58.9543,58.2218,57.1776,153.1258,58.8635
3094,Green|Brown|Lime Green|Cold White,#06924D|#55331A|#D5D701|#D9DFE5,61.1600,59.5300,58.9780,58.2329,57.1835,153.2046,58.8815
3095,Green|Dark Grey|Grey|Olive Green,#06924D|#485259|#8C9099|#948902,61.0983,59.6707,58.9984,58.1157,56.7782,98.0763,58.8932
3096,Azure Blue|Black|Tan|Magenta,#0066D9|#080A0D|#A79E82|#F24574,62.6022,59.7797,58.9354,58.0288,56.8357,105.9276,58.9043
3097,Black|Purple|Tan|Magenta,#080A0D|#6C47B2|#A79E82|#F24574,62.5920,59.6609,58.8974,58.1859,57.3141,105.9247,58.9234
3098,Blue|Green|Olive Green|Tan,#003776|#06924D|#948902|#A79E82,59.9587,59.5070,59.0047,58.3502,57.3603,92.6189,58.9286
3099,Polymaker Teal|Tan|Red|White,#4CC0C7|#A79E82|#E72F1D|#EBF7FF,61.2211,59.9280,59.1623,57.9770,55.8833,105.5120,58.9525
3100,Polymaker Teal|Brown|Grey|Olive Green,#4CC0C7|#55331A|#8C9099|#948902,62.3136,60.0509,59.1998,57.8700,55.6917,97.6039,58.9604
3101,Black|Grey|Olive Green|Lime Green,#080A0D|#8C9099|#948902|#D5D701,64.2561,60.3631,59.0990,57.5714,55.6606,144.0256,58.9673
3102,Dark Grey|Grey|Tan|Lime Green,#485259|#8C9099|#A79E82|#D5D701,62.5568,60.2043,59.1911,57.7614,55.6121,132.6603,58.9828
3103,Green|Brown|Olive Green|Lime Green,#06924D|#55331A|#948902|#D5D701,60.9511,59.5817,59.1055,58.4193,57.4033,153.5343,59.0005
3104,Black|Tan|Red|Pink,#080A0D|#A79E82|#E72F1D|#F1A1AF,61.9026,59.8715,59.1013,58.1508,56.7374,119.5425,59.0111
3105,Dark Grey|Polymaker Teal|Olive Green|Lime Green,#485259|#4CC0C7|#948902|#D5D701,61.9321,60.0179,59.2116,58.0387,56.0868,136.5037,59.0283
3106,Dark Grey|Polymaker Teal|Brown|Olive Green,#485259|#4CC0C7|#55331A|#948902,62.0668,60.1008,59.3083,58.0461,55.9640,102.4453,59.0735
3107,Blue|Azure Blue|Tan|Magenta,#003776|#0066D9|#A79E82|#F24574,61.5469,59.8871,59.1555,58.2703,57.0278,105.9195,59.0787
3108,Green|Grey|Lime Green|Cold White,#06924D|#8C9099|#D5D701|#D9DFE5,61.0617,59.8626,59.2070,58.3271,56.9336,126.6340,59.0949
3109,Dark Olive Drab|Grey|Tan|Lime Green,#575B54|#8C9099|#A79E82|#D5D701,62.9682,60.4144,59.3150,57.7970,55.5268,131.1187,59.1057
3110,Dark Grey|Dark Olive Drab|Grey|Lime Green,#485259|#575B54|#8C9099|#D5D701,63.2805,60.3952,59.2763,57.8250,55.7063,132.9264,59.1101
3111,Grey|Cold White|White|Yellow,#8C9099|#D9DFE5|#EBF7FF|#FFE800,61.4813,60.1335,59.3527,58.1549,56.1276,114.8472,59.1442
3112,Tan|Red|White|Magenta,#A79E82|#E72F1D|#EBF7FF|#F24574,61.1631,60.0967,59.3729,58.2119,56.2168,109.5259,59.1543
3113,Dark Grey|Brown|Dark Olive Drab|Olive Green,#485259|#55331A|#575B54|#948902,63.0467,60.4702,59.3530,57.8426,55.6405,97.5072,59.1564
3114,Dark Grey|Grey|Lime Green|Cold White,#485259|#8C9099|#D5D701|#D9DFE5,63.2446,60.4448,59.3355,57.8892,55.7743,132.7454,59.1670
3115,Black|Dark Grey|Brown|Olive Green,#080A0D|#485259|#55331A|#948902,62.9641,60.4815,59.3811,57.8743,55.6684,97.5063,59.1779
3116,Green|Dark Grey|Polymaker Teal|Olive Green,#06924D|#485259|#4CC0C7|#948902,61.4232,59.9296,59.2743,58.4409,57.2068,103.9139,59.1852
3117,Polymaker Teal|Cold White|Red|Magenta,#4CC0C7|#D9DFE5|#E72F1D|#F24574,61.4503,60.0819,59.3624,58.3256,56.4644,108.6605,59.2037
3118,Dark Grey|Polymaker Teal|Red|Pink,#485259|#4CC0C7|#E72F1D|#F1A1AF,61.6151,60.0317,59.3380,58.3945,56.7292,112.8224,59.2131
3119,Dark Grey|Polymaker Teal|Cold White|Red,#485259|#4CC0C7|#D9DFE5|#E72F1D,61.7958,60.0499,59.3083,58.3911,56.7883,114.4661,59.2205
3120,Dark Grey|Polymaker Teal|Red|White,#485259|#4CC0C7|#E72F1D|#EBF7FF,61.5414,60.0838,59.3946,58.4069,56.6811,108.8166,59.2454
3121,Blue|Purple|Tan|Magenta,#003776|#6C47B2|#A79E82|#F24574,61.6570,59.9566,59.2977,58.5537,57.5450,105.9187,59.2552
3122,Dark Olive Drab|Grey|Lime Green|White,#575B54|#8C9099|#D5D701|#EBF7FF,62.9763,60.4600,59.4741,58.0563,55.7739,107.3284,59.2581
3123,Azure Blue|Purple|Tan|Magenta,#0066D9|#6C47B2|#A79E82|#F24574,61.4389,60.0136,59.3650,58.5103,57.2561,105.9195,59.2620
3124,Olive Green|Lime Green|White|Yellow,#948902|#D5D701|#EBF7FF|#FFE800,62.1359,60.3126,59.4676,58.2205,56.1988,122.1457,59.2665
3125,Black|Tan|Red|Magenta,#080A0D|#A79E82|#E72F1D|#F24574,62.0401,60.0362,59.3748,58.5274,57.1954,127.4575,59.2818
3126,Green|Polymaker Teal|Dark Olive Drab|Lime Green,#06924D|#4CC0C7|#575B54|#D5D701,62.3358,60.1145,59.3374,58.4524,57.2112,145.2876,59.2835
3127,Green|Grey|Olive Green|Cold White,#06924D|#8C9099|#948902|#D9DFE5,61.3453,60.0778,59.4030,58.4964,57.1147,98.1665,59.2871
3128,Green|Polymaker Teal|Grey|Olive Green,#06924D|#4CC0C7|#8C9099|#948902,61.3758,60.0866,59.4030,58.4910,57.1067,98.1665,59.2888
3129,Dark Grey|Dark Olive Drab|Red|White,#485259|#575B54|#E72F1D|#EBF7FF,61.3556,60.0729,59.4418,58.5120,56.8805,109.0221,59.2925
3130,Green|Dark Olive Drab|Grey|Olive Green,#06924D|#575B54|#8C9099|#948902,61.5263,60.1049,59.4101,58.4859,57.0806,98.1383,59.2954
3131,Dark Grey|Cold White|Red|White,#485259|#D9DFE5|#E72F1D|#EBF7FF,61.5551,60.1307,59.4386,58.4634,56.7537,108.6710,59.2971
3132,Polymaker Teal|Dark Olive Drab|Red|Magenta,#4CC0C7|#575B54|#E72F1D|#F24574,61.9358,60.2299,59.4281,58.3825,56.6693,114.6781,59.3062
3133,Brown|Tan|Red|Pink,#55331A|#A79E82|#E72F1D|#F1A1AF,61.8412,60.2266,59.4414,58.3877,56.7574,119.5521,59.3072
3134,Dark Grey|Dark Olive Drab|Lime Green|Cold White,#485259|#575B54|#D5D701|#D9DFE5,63.5510,60.5758,59.4690,58.0415,55.9572,136.7629,59.3086
3135,Tan|Cold White|Red|Magenta,#A79E82|#D9DFE5|#E72F1D|#F24574,61.4632,60.2200,59.4791,58.4044,56.5847,110.2633,59.3122
3136,Dark Olive Drab|Grey|Lime Green|Cold White,#575B54|#8C9099|#D5D701|#D9DFE5,63.7155,60.7048,59.4989,57.9385,55.6697,131.1761,59.3216
3137,Green|Dark Olive Drab|Lime Green|Cold White,#06924D|#575B54|#D5D701|#D9DFE5,62.3278,60.1557,59.3937,58.5169,57.2808,145.3774,59.3363
3138,Purple|Tan|Pink|Magenta,#6C47B2|#A79E82|#F1A1AF|#F24574,61.3799,60.0151,59.4387,58.6978,57.6395,102.7857,59.3565
3139,Dark Olive Drab|Lime Green|Cold White|White,#575B54|#D5D701|#D9DFE5|#EBF7FF,63.1526,60.5722,59.5830,58.1625,55.8770,107.7853,59.3673
3140,Dark Grey|Dark Olive Drab|Tan|Lime Green,#485259|#575B54|#A79E82|#D5D701,62.8646,60.5711,59.5990,58.1952,56.0590,136.7244,59.3832
3141,Dark Grey|Purple|Tan|Magenta,#485259|#6C47B2|#A79E82|#F24574,61.9977,60.1187,59.4139,58.6484,57.6454,105.9224,59.3836
3142,Green|Brown|Olive Green|Cold White,#06924D|#55331A|#948902|#D9DFE5,63.0323,60.4619,59.3782,58.3325,56.9938,111.7999,59.3972
3143,Dark Grey|Tan|Lime Green|Cold White,#485259|#A79E82|#D5D701|#D9DFE5,62.8405,60.5969,59.6285,58.2271,56.0923,136.4705,59.4120
3144,Dark Grey|Brown|Red|White,#485259|#55331A|#E72F1D|#EBF7FF,61.6035,60.2069,59.5621,58.6389,57.0410,108.8491,59.4229
3145,Dark Grey|Red|White|Pink,#485259|#E72F1D|#EBF7FF|#F1A1AF,61.5472,60.2084,59.5743,58.6696,57.0588,108.8186,59.4390
3146,Dark Olive Drab|Red|White|Magenta,#575B54|#E72F1D|#EBF7FF|#F24574,61.6336,60.2177,59.5829,58.6844,57.0945,109.1283,59.4510
3147,Polymaker Teal|Grey|Red|Magenta,#4CC0C7|#8C9099|#E72F1D|#F24574,61.6898,60.3518,59.6340,58.5584,56.6266,109.0982,59.4551
3148,Black|Polymaker Teal|Grey|Olive Green,#080A0D|#4CC0C7|#8C9099|#948902,63.4283,60.5744,59.6613,58.3468,56.2389,98.0538,59.4606
3149,Polymaker Teal|Brown|Red|Magenta,#4CC0C7|#55331A|#E72F1D|#F24574,61.8579,60.3520,59.6169,58.5700,56.7261,109.1422,59.4610
3150,Polymaker Teal|Dark Olive Drab|Lime Green|White,#4CC0C7|#575B54|#D5D701|#EBF7FF,63.0120,60.5436,59.6501,58.3954,56.3108,107.7847,59.4695
3151,Green|Polymaker Teal|Olive Green|Pink,#06924D|#4CC0C7|#948902|#F1A1AF,61.4261,60.3051,59.6321,58.6388,56.9755,98.6300,59.4720
3152,Black|Grey|Tan|Lime Green,#080A0D|#8C9099|#A79E82|#D5D701,64.9470,60.9256,59.6188,58.0363,56.0312,144.1380,59.4809
3153,Dark Olive Drab|Purple|Tan|Magenta,#575B54|#6C47B2|#A79E82|#F24574,62.1216,60.2339,59.5290,58.7575,57.7371,105.9211,59.4957
3154,Polymaker Teal|Grey|Cold White|Red,#4CC0C7|#8C9099|#D9DFE5|#E72F1D,61.7844,60.4014,59.6744,58.6260,56.7263,108.7851,59.5137
3155,Polymaker Teal|Olive Green|Tan|Yellow,#4CC0C7|#948902|#A79E82|#FFE800,62.2804,60.5695,59.6978,58.4629,56.4138,145.4113,59.5162
3156,Dark Grey|Polymaker Teal|Brown|Red,#485259|#4CC0C7|#55331A|#E72F1D,62.1671,60.3455,59.6051,58.6870,57.1177,114.9558,59.5163
3157,Green|Olive Green|Tan|Pink,#06924D|#948902|#A79E82|#F1A1AF,61.5481,60.3747,59.6863,58.6587,56.9189,100.9586,59.5167
3158,Green|Olive Green|Cold White|Pink,#06924D|#948902|#D9DFE5|#F1A1AF,61.5661,60.3884,59.6898,58.6485,56.8882,101.2405,59.5184
3159,Polymaker Teal|Red|Pink|Magenta,#4CC0C7|#E72F1D|#F1A1AF|#F24574,61.7488,60.4271,59.7166,58.6433,56.7044,108.1139,59.5352
3160,Tan|Cold White|Red|Pink,#A79E82|#D9DFE5|#E72F1D|#F1A1AF,61.6179,60.4425,59.7180,58.6332,56.7815,108.9768,59.5378
3161,Brown|Tan|Cold White|Red,#55331A|#A79E82|#D9DFE5|#E72F1D,62.4912,60.6798,59.6975,58.4370,56.6380,112.2844,59.5584
3162,Black|Olive Green|White|Pink,#080A0D|#948902|#EBF7FF|#F1A1AF,63.4242,60.7378,59.8102,58.3889,56.1155,95.7628,59.5634
3163,Green|Polymaker Teal|Brown|Olive Green,#06924D|#4CC0C7|#55331A|#948902,62.8526,60.4438,59.5978,58.6884,57.3818,105.8829,59.5661
3164,Dark Grey|Polymaker Teal|Grey|Red,#485259|#4CC0C7|#8C9099|#E72F1D,62.1351,60.4083,59.6706,58.7281,57.0918,114.9491,59.5682
3165,Black|Dark Grey|Dark Olive Drab|Olive Green,#080A0D|#485259|#575B54|#948902,63.6209,60.9064,59.7644,58.2413,56.0326,98.2066,59.5738
3166,Purple|Tan|White|Magenta,#6C47B2|#A79E82|#EBF7FF|#F24574,61.6669,60.2643,59.6625,58.8916,57.7509,100.3030,59.5780
3167,Azure Blue|Dark Grey|Tan|Magenta,#0066D9|#485259|#A79E82|#F24574,62.2913,60.4610,59.6761,58.7250,57.4136,105.9233,59.5930
3168,Dark Grey|Polymaker Teal|Dark Olive Drab|Red,#485259|#4CC0C7|#575B54|#E72F1D,62.1617,60.4338,59.6980,58.7730,57.1783,115.3758,59.6034
3169,Dark Grey|Polymaker Teal|Grey|Lime Green,#485259|#4CC0C7|#8C9099|#D5D701,63.1577,60.7134,59.7673,58.5174,56.5353,132.7007,59.6154
3170,Tan|Red|White|Pink,#A79E82|#E72F1D|#EBF7FF|#F1A1AF,61.6783,60.5863,59.8445,58.6529,56.5851,109.9363,59.6196
3171,Purple|Grey|Tan|Magenta,#6C47B2|#8C9099|#A79E82|#F24574,61.7509,60.3111,59.7066,58.9306,57.8316,105.9187,59.6209
3172,Purple|Tan|Cold White|Magenta,#6C47B2|#A79E82|#D9DFE5|#F24574,61.7903,60.3273,59.7137,58.9341,57.8390,105.5151,59.6307
3173,Black|Dark Grey|Olive Green|Lime Green,#080A0D|#485259|#948902|#D5D701,64.3364,60.8167,59.8070,58.4472,56.6090,147.0024,59.6320
3174,Black|Polymaker Teal|Red|Magenta,#080A0D|#4CC0C7|#E72F1D|#F24574,62.6035,60.4230,59.7095,58.8585,57.4396,118.5404,59.6407
3175,Polymaker Teal|Brown|Cold White|Red,#4CC0C7|#55331A|#D9DFE5|#E72F1D,62.1347,60.5510,59.7925,58.7511,56.8988,108.5926,59.6510
3176,Polymaker Teal|Grey|Olive Green|Lime Green,#4CC0C7|#8C9099|#948902|#D5D701,62.0848,60.6358,59.8554,58.6787,56.7102,128.7265,59.6573
3177,Black|Brown|Dark Olive Drab|Olive Green,#080A0D|#55331A|#575B54|#948902,62.9795,60.8505,59.8970,58.4791,56.4082,103.2084,59.6648
3178,Tan|Red|Pink|Magenta,#A79E82|#E72F1D|#F1A1AF|#F24574,61.6074,60.5366,59.8562,58.7961,57.0096,117.1379,59.6664
3179,Dark Grey|Polymaker Teal|Tan|Lime Green,#485259|#4CC0C7|#A79E82|#D5D701,62.6893,60.6884,59.8580,58.6554,56.6890,136.4156,59.6719
3180,Black|Red|White|Magenta,#080A0D|#E72F1D|#EBF7FF|#F24574,62.5005,60.3798,59.7603,58.9753,57.6332,111.0298,59.6775
3181,Black|Dark Grey|Grey|Lime Green,#080A0D|#485259|#8C9099|#D5D701,65.7386,61.0764,59.8145,58.2800,56.3077,143.6969,59.6782
3182,Black|Polymaker Teal|Olive Green|Pink,#080A0D|#4CC0C7|#948902|#F1A1AF,63.6125,60.8516,59.9133,58.5263,56.2818,95.8744,59.6890
3183,Dark Grey|Cold White|Red|Magenta,#485259|#D9DFE5|#E72F1D|#F24574,62.1410,60.5034,59.7917,58.8893,57.3370,119.6521,59.6963
3184,Polymaker Teal|Dark Olive Drab|Grey|Lime Green,#4CC0C7|#575B54|#8C9099|#D5D701,63.5769,60.8891,59.8471,58.5076,56.4262,131.1275,59.6984
3185,Black|Dark Olive Drab|Grey|Lime Green,#080A0D|#575B54|#8C9099|#D5D701,65.9373,61.2046,59.8217,58.2093,56.2210,143.9482,59.7070
3186,Black|Olive Green|Tan|Pink,#080A0D|#948902|#A79E82|#F1A1AF,63.6539,60.9317,59.9682,58.5002,56.1706,95.8891,59.7160
3187,Grey|Olive Green|Lime Green|White,#8C9099|#948902|#D5D701|#EBF7FF,61.9602,60.7563,59.9650,58.6847,56.5468,108.3465,59.7205
3188,Black|Grey|Lime Green|Cold White,#080A0D|#8C9099|#D5D701|#D9DFE5,65.9740,61.2184,59.8407,58.2311,56.2322,144.0269,59.7247
3189,Green|Black|Tan|Lime Green,#06924D|#080A0D|#A79E82|#D5D701,62.5175,60.4344,59.8325,59.0180,57.9388,149.3008,59.7262
3190,Green|Olive Green|White|Pink,#06924D|#948902|#EBF7FF|#F1A1AF,61.5179,60.5349,59.9034,58.9325,57.2562,100.9578,59.7337
3191,Dark Grey|Polymaker Teal|Grey|Olive Green,#485259|#4CC0C7|#8C9099|#948902,62.6085,60.8217,59.9787,58.6513,56.4825,98.1072,59.7365
3192,Dark Grey|Polymaker Teal|Dark Olive Drab|Lime Green,#485259|#4CC0C7|#575B54|#D5D701,63.4504,60.8306,59.8845,58.6435,56.6662,136.7224,59.7370
3193,Polymaker Teal|Dark Olive Drab|Cold White|Red,#4CC0C7|#575B54|#D9DFE5|#E72F1D,62.4498,60.6968,59.8526,58.7883,57.0258,114.5896,59.7426
3194,Brown|Dark Olive Drab|Tan|Red,#55331A|#575B54|#A79E82|#E72F1D,62.4709,60.6364,59.8603,58.8525,57.2190,124.1145,59.7445
3195,Polymaker Teal|Cold White|Red|Pink,#4CC0C7|#D9DFE5|#E72F1D|#F1A1AF,61.9437,60.6270,59.9204,58.8724,56.9496,107.6230,59.7497
3196,Black|Polymaker Teal|Grey|Lime Green,#080A0D|#4CC0C7|#8C9099|#D5D701,65.4691,61.1141,59.8584,58.3932,56.4015,144.0644,59.7536
3197,Azure Blue|Dark Olive Drab|Tan|Magenta,#0066D9|#575B54|#A79E82|#F24574,62.4578,60.6253,59.8396,58.8896,57.5781,105.9219,59.7575
3198,Black|Polymaker Teal|Red|White,#080A0D|#4CC0C7|#E72F1D|#EBF7FF,62.8896,60.6704,59.8695,58.8560,57.2697,111.1982,59.7632
3199,Green|Lime Green|White|Yellow,#06924D|#D5D701|#EBF7FF|#FFE800,61.3192,60.4100,59.8882,59.1258,57.8692,122.4186,59.7679
3200,Polymaker Teal|Purple|Tan|Magenta,#4CC0C7|#6C47B2|#A79E82|#F24574,61.8454,60.4334,59.8624,59.1233,58.0124,105.9200,59.7784
3201,Grey|Cold White|Red|Magenta,#8C9099|#D9DFE5|#E72F1D|#F24574,61.9860,60.6759,59.9480,58.8926,57.0553,110.5780,59.7843
3202,Polymaker Teal|Brown|Grey|Red,#4CC0C7|#55331A|#8C9099|#E72F1D,62.1982,60.6865,59.9464,58.8881,57.0037,109.2593,59.7873
3203,Black|Dark Grey|Olive Green|Pink,#080A0D|#485259|#948902|#F1A1AF,63.8339,61.0697,60.0604,58.5175,56.1088,95.8756,59.7936
3204,Black|Dark Olive Drab|Olive Green|Pink,#080A0D|#575B54|#948902|#F1A1AF,63.8446,61.0739,60.0694,58.5251,56.1082,95.8790,59.7995
3205,Polymaker Teal|Dark Olive Drab|Red|Pink,#4CC0C7|#575B54|#E72F1D|#F1A1AF,62.3034,60.6952,59.9396,58.9046,57.1245,112.7976,59.7999
3206,Dark Grey|Grey|Red|White,#485259|#8C9099|#E72F1D|#EBF7FF,61.9518,60.6246,59.9594,58.9789,57.2665,109.0737,59.8018
3207,Black|Grey|Olive Green|Pink,#080A0D|#8C9099|#948902|#F1A1AF,63.8805,61.0831,60.0656,58.5234,56.1135,95.8759,59.8033
3208,Dark Olive Drab|Cold White|Red|White,#575B54|#D9DFE5|#E72F1D|#EBF7FF,61.9660,60.6264,59.9537,58.9838,57.2497,109.4054,59.8051
3209,Grey|Olive Green|Tan|Lime Green,#8C9099|#948902|#A79E82|#D5D701,62.4567,60.9601,60.0600,58.6641,56.3827,128.6741,59.8121
3210,Dark Grey|Polymaker Teal|Lime Green|Cold White,#485259|#4CC0C7|#D5D701|#D9DFE5,63.4328,60.9022,59.9664,58.7315,56.7575,136.5047,59.8169
3211,Black|Olive Green|Cold White|Pink,#080A0D|#948902|#D9DFE5|#F1A1AF,63.8875,61.0947,60.0859,58.5393,56.1188,95.8776,59.8170
3212,Brown|Dark Olive Drab|Tan|Lime Green,#55331A|#575B54|#A79E82|#D5D701,63.3411,61.0109,60.0299,58.6358,56.5797,147.8675,59.8233
3213,Black|Brown|Olive Green|Pink,#080A0D|#55331A|#948902|#F1A1AF,63.9035,61.1117,60.0928,58.5409,56.1243,95.9884,59.8263
3214,Polymaker Teal|Dark Olive Drab|Red|White,#4CC0C7|#575B54|#E72F1D|#EBF7FF,62.1369,60.7123,60.0047,58.9712,57.1409,109.3807,59.8418
3215,Dark Grey|Polymaker Teal|Olive Green|Cold White,#485259|#4CC0C7|#948902|#D9DFE5,62.7332,60.9137,60.0954,58.7950,56.6600,103.3092,59.8543
3216,Dark Grey|Polymaker Teal|Dark Olive Drab|Olive Green,#485259|#4CC0C7|#575B54|#948902,62.7369,60.9176,60.0994,58.7992,56.6660,103.3030,59.8584
3217,Polymaker Teal|Grey|Red|Pink,#4CC0C7|#8C9099|#E72F1D|#F1A1AF,62.0529,60.7592,60.0544,58.9719,56.9908,108.1412,59.8656
3218,Polymaker Teal|Red|White|Magenta,#4CC0C7|#E72F1D|#EBF7FF|#F24574,61.9476,60.7724,60.0762,58.9722,56.9502,106.0317,59.8723
3219,Green|Black|Olive Green|Cold White,#06924D|#080A0D|#948902|#D9DFE5,63.7944,60.8931,59.8484,58.8711,57.5849,114.1054,59.8821
3220,Black|Dark Grey|Polymaker Teal|Olive Green,#080A0D|#485259|#4CC0C7|#948902,63.4576,60.9613,60.1077,58.8083,56.7057,103.7829,59.8848
3221,Polymaker Teal|Dark Olive Drab|Grey|Red,#4CC0C7|#575B54|#8C9099|#E72F1D,62.5224,60.8295,60.0134,58.9423,57.1505,114.7224,59.8859
3222,Black|Cold White|Red|White,#080A0D|#D9DFE5|#E72F1D|#EBF7FF,63.0087,60.8347,60.0149,58.9840,57.3636,111.2643,59.9093
3223,Azure Blue|Green|Purple|Pink,#0066D9|#06924D|#6C47B2|#F1A1AF,61.8375,60.4643,59.9654,59.3610,58.4662,90.4585,59.9126
3224,Azure Blue|Tan|Pink|Magenta,#0066D9|#A79E82|#F1A1AF|#F24574,61.9904,60.6996,60.0499,59.1537,57.8164,102.7857,59.9267
3225,Brown|Red|White|Magenta,#55331A|#E72F1D|#EBF7FF|#F24574,62.3331,60.7668,60.0879,59.1427,57.5623,110.9024,59.9548
3226,Brown|Olive Green|Tan|Lime Green,#55331A|#948902|#A79E82|#D5D701,63.4695,61.1715,60.1904,58.7576,56.6539,147.9359,59.9645
3227,Polymaker Teal|Brown|Red|Pink,#4CC0C7|#55331A|#E72F1D|#F1A1AF,62.3309,60.8598,60.1338,59.0723,57.1598,108.1021,59.9661
3228,Green|Lime Green|Cold White|Yellow,#06924D|#D5D701|#D9DFE5|#FFE800,61.7071,60.7009,60.0885,59.2590,57.9399,134.4285,59.9800
3229,Dark Grey|Dark Olive Drab|Red|Magenta,#485259|#575B54|#E72F1D|#F24574,62.0699,60.6318,60.0709,59.3433,58.1226,120.7756,59.9876
3230,Dark Olive Drab|Red|White|Pink,#575B54|#E72F1D|#EBF7FF|#F1A1AF,62.1246,60.7846,60.1426,59.1932,57.4885,109.6218,59.9889
3231,Polymaker Teal|Brown|Tan|Lime Green,#4CC0C7|#55331A|#A79E82|#D5D701,63.3865,61.0623,60.1728,58.9157,56.9451,147.6929,59.9890
3232,Brown|Tan|Lime Green|Cold White,#55331A|#A79E82|#D5D701|#D9DFE5,63.7026,61.2636,60.2377,58.7642,56.6283,147.6626,60.0139
3233,Black|Polymaker Teal|Tan|Red,#080A0D|#4CC0C7|#A79E82|#E72F1D,62.8236,60.8865,60.1551,59.1477,57.4430,117.9897,60.0171
3234,Grey|Olive Green|Lime Green|Cold White,#8C9099|#948902|#D5D701|#D9DFE5,62.6612,61.1833,60.2737,58.8706,56.6182,126.5664,60.0270
3235,Green|Polymaker Teal|Cold White|Yellow,#06924D|#4CC0C7|#D9DFE5|#FFE800,61.8349,60.7713,60.1319,59.2861,57.9388,134.2400,60.0287
3236,Brown|Tan|Red|Magenta,#55331A|#A79E82|#E72F1D|#F24574,62.4260,60.8921,60.1632,59.1819,57.6323,126.7464,60.0370
3237,Dark Grey|Cold White|Red|Pink,#485259|#D9DFE5|#E72F1D|#F1A1AF,62.3957,60.8802,60.1775,59.2245,57.5704,115.3307,60.0524
3238,Green|Black|Olive Green|Lime Green,#06924D|#080A0D|#948902|#D5D701,62.0304,60.5396,60.2046,59.5690,58.5704,150.9025,60.0543
3239,Brown|Cold White|Red|White,#55331A|#D9DFE5|#E72F1D|#EBF7FF,62.5057,60.9163,60.1982,59.1940,57.4374,107.7888,60.0552
3240,Black|Dark Olive Drab|Red|White,#080A0D|#575B54|#E72F1D|#EBF7FF,62.8542,60.9223,60.1799,59.1997,57.6496,111.5197,60.0610
3241,Azure Blue|Tan|White|Magenta,#0066D9|#A79E82|#EBF7FF|#F24574,62.1662,60.8579,60.1976,59.2915,57.9158,100.3030,60.0747
3242,Polymaker Teal|Brown|Dark Olive Drab|Red,#4CC0C7|#55331A|#575B54|#E72F1D,62.8867,61.0587,60.2107,59.1239,57.3376,115.0510,60.0913
3243,Grey|Red|White|Magenta,#8C9099|#E72F1D|#EBF7FF|#F24574,61.9932,60.9741,60.3115,59.2214,57.2542,107.3107,60.0977
3244,Black|Brown|Tan|Lime Green,#080A0D|#55331A|#A79E82|#D5D701,63.2910,61.2513,60.3424,58.9450,57.0115,149.4434,60.0982
3245,Black|Brown|Red|White,#080A0D|#55331A|#E72F1D|#EBF7FF,62.9726,60.9708,60.2196,59.2399,57.7039,111.4314,60.1054
3246,Dark Grey|Olive Green|White|Pink,#485259|#948902|#EBF7FF|#F1A1AF,62.8964,61.2818,60.3987,58.9374,56.5503,96.4975,60.1096
3247,Dark Grey|Polymaker Teal|Olive Green|Pink,#485259|#4CC0C7|#948902|#F1A1AF,63.1149,61.2960,60.3903,58.9618,56.6270,96.4824,60.1289
3248,Brown|Dark Olive Drab|Red|White,#55331A|#575B54|#E72F1D|#EBF7FF,62.3513,60.9516,60.2902,59.3133,57.5680,109.6112,60.1324
3249,Black|Dark Grey|Red|White,#080A0D|#485259|#E72F1D|#EBF7FF,63.0315,61.0012,60.2466,59.2776,57.7414,111.3201,60.1394
3250,Polymaker Teal|Dark Olive Drab|Grey|Olive Green,#4CC0C7|#575B54|#8C9099|#948902,63.0309,61.2428,60.3892,59.0365,56.8218,98.1700,60.1396
3251,Azure Blue|Grey|Tan|Magenta,#0066D9|#8C9099|#A79E82|#F24574,62.3303,60.9539,60.2685,59.3282,57.9483,105.9195,60.1411
3252,Brown|Grey|Cold White|Red,#55331A|#8C9099|#D9DFE5|#E72F1D,62.5048,61.0785,60.3066,59.2562,57.4686,111.0795,60.1673
3253,Polymaker Teal|Brown|Dark Olive Drab|Olive Green,#4CC0C7|#55331A|#575B54|#948902,63.9308,61.3321,60.3758,59.0099,56.8136,105.7670,60.1710
3254,Polymaker Teal|Brown|Red|White,#4CC0C7|#55331A|#E72F1D|#EBF7FF,62.5031,61.0458,60.3520,59.3099,57.4126,106.4709,60.1778
3255,Green|Polymaker Teal|White|Yellow,#06924D|#4CC0C7|#EBF7FF|#FFE800,61.7810,60.8388,60.3042,59.5233,58.2142,121.4267,60.1811
3256,Dark Olive Drab|Olive Green|Tan|Lime Green,#575B54|#948902|#A79E82|#D5D701,63.5038,61.4013,60.4192,58.9810,56.7816,140.1783,60.1911
3257,Dark Olive Drab|Tan|Cold White|Red,#575B54|#A79E82|#D9DFE5|#E72F1D,62.9213,61.0655,60.2974,59.3295,57.7446,124.4224,60.1975
3258,Black|Polymaker Teal|Red|Pink,#080A0D|#4CC0C7|#E72F1D|#F1A1AF,63.0933,61.0565,60.2882,59.3406,57.7913,115.9768,60.1986
3259,Black|Dark Grey|Tan|Lime Green,#080A0D|#485259|#A79E82|#D5D701,65.0943,61.4631,60.3919,58.9437,56.9515,147.0085,60.2034
3260,Grey|Cold White|Red|Pink,#8C9099|#D9DFE5|#E72F1D|#F1A1AF,62.3357,61.0949,60.3822,59.3147,57.4123,109.2388,60.2048
3261,Dark Grey|Olive Green|Tan|Pink,#485259|#948902|#A79E82|#F1A1AF,63.1585,61.4277,60.4970,58.9938,56.5797,96.4814,60.2107
3262,Polymaker Teal|Grey|Olive Green|Cold White,#4CC0C7|#8C9099|#948902|#D9DFE5,62.9762,61.3092,60.4681,59.1175,56.9041,98.1923,60.2133
3263,Azure Blue|Tan|Cold White|Magenta,#0066D9|#A79E82|#D9DFE5|#F24574,62.4018,61.0251,60.3403,59.4017,58.0203,105.5151,60.2134
3264,Dark Olive Drab|Grey|Red|White,#575B54|#8C9099|#E72F1D|#EBF7FF,62.2721,61.0351,60.3926,59.4210,57.6810,109.7155,60.2280
3265,Black|Dark Grey|Tan|Red,#080A0D|#485259|#A79E82|#E72F1D,62.9701,61.0823,60.3640,59.3973,57.9032,124.6299,60.2398
3266,Brown|Grey|Red|White,#55331A|#8C9099|#E72F1D|#EBF7FF,62.2050,61.0508,60.4240,59.4366,57.6518,107.9737,60.2437
3267,Brown|Cold White|Red|Magenta,#55331A|#D9DFE5|#E72F1D|#F24574,63.1040,61.2699,60.3649,59.2342,57.5088,111.3659,60.2521
3268,Dark Grey|Olive Green|Cold White|Pink,#485259|#948902|#D9DFE5|#F1A1AF,63.3345,61.5335,60.5542,58.9732,56.4780,96.4852,60.2534
3269,Dark Grey|Grey|Olive Green|Pink,#485259|#8C9099|#948902|#F1A1AF,63.3345,61.5344,60.5551,58.9742,56.4787,96.4852,60.2543
3270,Black|Dark Grey|Lime Green|Cold White,#080A0D|#485259|#D5D701|#D9DFE5,66.0817,61.5384,60.4009,58.9716,57.0860,147.0024,60.2550
3271,Black|Dark Grey|Dark Olive Drab|Lime Green,#080A0D|#485259|#575B54|#D5D701,66.0380,61.5471,60.4013,58.9671,57.0796,147.0024,60.2571
3272,Dark Grey|Dark Olive Drab|Red|Pink,#485259|#575B54|#E72F1D|#F1A1AF,62.2527,60.9354,60.3717,59.5801,58.2286,116.5522,60.2578
3273,Dark Grey|Brown|Olive Green|Pink,#485259|#55331A|#948902|#F1A1AF,63.3583,61.5512,60.5616,58.9756,56.4838,96.5988,60.2634
3274,Dark Grey|Dark Olive Drab|Olive Green|Pink,#485259|#575B54|#948902|#F1A1AF,63.3374,61.5353,60.5628,58.9925,56.5079,96.4836,60.2639
3275,Polymaker Teal|Brown|Olive Green|Cold White,#4CC0C7|#55331A|#948902|#D9DFE5,64.1558,61.4705,60.4667,59.0961,56.8928,105.8439,60.2833
3276,Black|Red|White|Pink,#080A0D|#E72F1D|#EBF7FF|#F1A1AF,63.1376,61.1213,60.4075,59.4963,58.0075,111.4298,60.3088
3277,Green|Black|Lime Green|Cold White,#06924D|#080A0D|#D5D701|#D9DFE5,63.7000,61.0644,60.4590,59.5631,58.4368,150.8970,60.3137
3278,Tan|Cold White|Red|White,#A79E82|#D9DFE5|#E72F1D|#EBF7FF,62.3260,61.2346,60.5270,59.3999,57.4049,106.4393,60.3173
3279,Black|Dark Grey|Polymaker Teal|Lime Green,#080A0D|#485259|#4CC0C7|#D5D701,65.6979,61.5098,60.4741,59.1577,57.2053,146.9556,60.3338
3280,Grey|Cold White|Red|White,#8C9099|#D9DFE5|#E72F1D|#EBF7FF,62.3344,61.2451,60.5558,59.4510,57.4342,107.2965,60.3481
3281,Polymaker Teal|Grey|Red|White,#4CC0C7|#8C9099|#E72F1D|#EBF7FF,62.4248,61.2905,60.5988,59.4730,57.3886,106.6047,60.3817
3282,Dark Olive Drab|Olive Green|Lime Green|Cold White,#575B54|#948902|#D5D701|#D9DFE5,63.8475,61.5810,60.5932,59.1854,57.0744,145.5085,60.3832
3283,Polymaker Teal|Cold White|Red|White,#4CC0C7|#D9DFE5|#E72F1D|#EBF7FF,62.4392,61.2908,60.6028,59.5168,57.4976,105.9477,60.4038
3284,Dark Grey|Dark Olive Drab|Cold White|Red,#485259|#575B54|#D9DFE5|#E72F1D,62.5763,61.1193,60.5169,59.7464,58.3634,120.8752,60.4329
3285,Black|Grey|Red|White,#080A0D|#8C9099|#E72F1D|#EBF7FF,63.4057,61.3393,60.5587,59.5441,57.9603,111.6417,60.4417
3286,Azure Blue|Polymaker Teal|Tan|Magenta,#0066D9|#4CC0C7|#A79E82|#F24574,62.5475,61.2146,60.5743,59.6958,58.3551,105.9200,60.4552
3287,Black|Polymaker Teal|Brown|Olive Green,#080A0D|#4CC0C7|#55331A|#948902,63.5693,61.5464,60.6982,59.3760,57.2278,105.8497,60.4612
3288,Brown|Red|White|Pink,#55331A|#E72F1D|#EBF7FF|#F1A1AF,62.8448,61.3199,60.6259,59.6414,57.9592,111.3823,60.4807
3289,Black|Grey|Tan|Red,#080A0D|#8C9099|#A79E82|#E72F1D,63.2060,61.3730,60.6266,59.5985,58.0454,124.8272,60.4857
3290,Polymaker Teal|Tan|Lime Green|Yellow,#4CC0C7|#A79E82|#D5D701|#FFE800,62.8699,61.4415,60.6683,59.5426,57.6117,145.4097,60.4921
3291,Polymaker Teal|Red|White|Pink,#4CC0C7|#E72F1D|#EBF7FF|#F1A1AF,62.5658,61.4101,60.7124,59.5854,57.4908,106.4431,60.4977
3292,Black|Brown|Lime Green|Cold White,#080A0D|#55331A|#D5D701|#D9DFE5,63.7823,61.6509,60.7828,59.3491,57.4336,151.0528,60.5000
3293,Dark Grey|Grey|Cold White|Red,#485259|#8C9099|#D9DFE5|#E72F1D,63.0474,61.3565,60.6089,59.6525,58.0134,119.6554,60.5045
3294,Dark Olive Drab|Red|Pink|Magenta,#575B54|#E72F1D|#F1A1AF|#F24574,62.6093,61.1917,60.6146,59.8343,58.5120,116.4108,60.5130
3295,Dark Olive Drab|Cold White|Red|Pink,#575B54|#D9DFE5|#E72F1D|#F1A1AF,62.5957,61.2675,60.6630,59.8187,58.3008,115.7962,60.5431
3296,Green|Black|Polymaker Teal|Magenta,#06924D|#080A0D|#4CC0C7|#F24574,65.4237,61.2803,60.4437,59.8074,58.8879,99.6016,60.5438
3297,Green|Dark Grey|Polymaker Teal|Magenta,#06924D|#485259|#4CC0C7|#F24574,64.5916,61.3853,60.4862,59.7173,58.6272,98.4216,60.5513
3298,Dark Grey|Brown|Red|Magenta,#485259|#55331A|#E72F1D|#F24574,62.5807,61.1877,60.6408,59.9202,58.6967,119.9030,60.5539
3299,Dark Olive Drab|Cold White|Red|Magenta,#575B54|#D9DFE5|#E72F1D|#F24574,62.7551,61.2597,60.6456,59.8576,58.4824,122.1823,60.5587
3300,Dark Olive Drab|Grey|Cold White|Red,#575B54|#8C9099|#D9DFE5|#E72F1D,62.8414,61.3568,60.6621,59.7673,58.2447,118.7407,60.5621
3301,Brown|Purple|Tan|Magenta,#55331A|#6C47B2|#A79E82|#F24574,64.1306,61.3709,60.5609,59.7710,58.7884,108.6722,60.5709
3302,Brown|Olive Green|Tan|Pink,#55331A|#948902|#A79E82|#F1A1AF,63.8715,61.8446,60.8844,59.3187,56.7964,97.2832,60.5816
3303,Green|Black|Polymaker Teal|Lime Green,#06924D|#080A0D|#4CC0C7|#D5D701,63.7220,61.1547,60.7042,60.0121,58.9948,150.7868,60.5834
3304,Brown|Olive Green|White|Pink,#55331A|#948902|#EBF7FF|#F1A1AF,63.8314,61.8379,60.9071,59.3714,56.8829,97.2583,60.6047
3305,Green|Black|Dark Olive Drab|Lime Green,#06924D|#080A0D|#575B54|#D5D701,63.7131,61.2264,60.7266,59.9925,58.9401,150.9698,60.6095
3306,Olive Green|Tan|Lime Green|White,#948902|#A79E82|#D5D701|#EBF7FF,62.9809,61.7278,60.8820,59.4924,57.2069,110.5887,60.6101
3307,Brown|Dark Olive Drab|Olive Green|Lime Green,#55331A|#575B54|#948902|#D5D701,63.7729,61.7039,60.8518,59.5456,57.5784,153.1301,60.6247
3308,Grey|Red|White|Pink,#8C9099|#E72F1D|#EBF7FF|#F1A1AF,62.5384,61.5259,60.8545,59.7325,57.6813,107.8072,60.6292
3309,Dark Grey|Brown|Cold White|Red,#485259|#55331A|#D9DFE5|#E72F1D,63.1311,61.4695,60.7389,59.8102,58.2013,120.3750,60.6398
3310,Grey|Red|Pink|Magenta,#8C9099|#E72F1D|#F1A1AF|#F24574,62.5397,61.4695,60.8351,59.8294,58.0617,112.1287,60.6495
3311,Grey|Tan|Lime Green|White,#8C9099|#A79E82|#D5D701|#EBF7FF,63.0030,61.6947,60.8914,59.6159,57.4801,108.3777,60.6553
3312,Dark Grey|Red|Pink|Magenta,#485259|#E72F1D|#F1A1AF|#F24574,62.4118,61.2531,60.7473,60.0592,58.8991,115.5148,60.6561
3313,Azure Blue|Brown|Tan|Magenta,#0066D9|#55331A|#A79E82|#F24574,64.2410,61.6177,60.7313,59.7361,58.4197,108.6724,60.6769
3314,Dark Olive Drab|Grey|Red|Magenta,#575B54|#8C9099|#E72F1D|#F24574,62.7215,61.3705,60.7803,59.9893,58.6406,118.6525,60.6799
3315,Polymaker Teal|Grey|Tan|Lime Green,#4CC0C7|#8C9099|#A79E82|#D5D701,63.0447,61.6462,60.8765,59.7145,57.7535,128.6627,60.6803
3316,Green|Cold White|White|Yellow,#06924D|#D9DFE5|#EBF7FF|#FFE800,62.0898,61.2848,60.8108,60.0905,58.8350,119.3285,60.6876
3317,Brown|Grey|Red|Magenta,#55331A|#8C9099|#E72F1D|#F24574,62.6871,61.5052,60.8564,59.8933,58.2578,114.5459,60.6993
3318,Brown|Cold White|Red|Pink,#55331A|#D9DFE5|#E72F1D|#F1A1AF,63.2199,61.6278,60.8263,59.7713,58.0278,109.0056,60.6995
3319,Black|Polymaker Teal|Brown|Lime Green,#080A0D|#4CC0C7|#55331A|#D5D701,63.1885,61.5986,60.9766,59.8238,57.8774,150.7961,60.7112
3320,Brown|Dark Olive Drab|Lime Green|Cold White,#55331A|#575B54|#D5D701|#D9DFE5,64.0614,61.8086,60.9360,59.6271,57.6495,153.1301,60.7178
3321,Polymaker Teal|Brown|Olive Green|Pink,#4CC0C7|#55331A|#948902|#F1A1AF,64.0379,61.9372,60.9864,59.5101,57.0977,97.3598,60.7237
3322,Azure Blue|Green|Brown|Pink,#0066D9|#06924D|#55331A|#F1A1AF,63.8449,61.3643,60.6969,60.0850,59.2029,92.5432,60.7246
3323,Black|Brown|Dark Olive Drab|Lime Green,#080A0D|#55331A|#575B54|#D5D701,63.7245,61.6987,60.9819,59.7527,57.9506,151.0071,60.7257
3324,Dark Olive Drab|Tan|Lime Green|Cold White,#575B54|#A79E82|#D5D701|#D9DFE5,64.2289,61.9561,60.9488,59.4983,57.2848,140.1783,60.7272
3325,Brown|Grey|Olive Green|Pink,#55331A|#8C9099|#948902|#F1A1AF,63.8834,62.0523,61.0373,59.4039,56.8054,97.0714,60.7281
3326,Dark Grey|Grey|Red|Magenta,#485259|#8C9099|#E72F1D|#F24574,62.7692,61.4206,60.8346,60.0378,58.6704,119.6836,60.7292
3327,Azure Blue|Green|Black|Pink,#0066D9|#06924D|#080A0D|#F1A1AF,64.2416,61.3609,60.7344,60.1338,59.2274,90.4143,60.7473
3328,Polymaker Teal|Dark Olive Drab|Olive Green|Pink,#4CC0C7|#575B54|#948902|#F1A1AF,63.9416,61.9517,61.0146,59.5534,57.1577,97.1439,60.7525
3329,Green|Dark Olive Drab|Olive Green|Cold White,#06924D|#575B54|#948902|#D9DFE5,63.3674,61.6302,60.8561,59.8878,58.4477,111.2779,60.7590
3330,Polymaker Teal|Dark Olive Drab|Olive Green|Lime Green,#4CC0C7|#575B54|#948902|#D5D701,63.7035,61.7914,60.9685,59.7606,57.7579,145.2324,60.7760
3331,Black|Brown|Olive Green|Lime Green,#080A0D|#55331A|#948902|#D5D701,63.4706,61.7012,61.0497,59.8554,58.0679,151.0583,60.7783
3332,Grey|Tan|Lime Green|Cold White,#8C9099|#A79E82|#D5D701|#D9DFE5,63.4352,61.9114,61.0187,59.6489,57.4017,126.6737,60.7802
3333,Dark Olive Drab|Olive Green|White|Pink,#575B54|#948902|#EBF7FF|#F1A1AF,63.7376,61.9878,61.0816,59.5853,57.1339,97.0540,60.7865
3334,Brown|Olive Green|Cold White|Pink,#55331A|#948902|#D9DFE5|#F1A1AF,64.1794,62.1346,61.1100,59.4607,56.8704,97.2765,60.7977
3335,Dark Grey|Brown|Red|Pink,#485259|#55331A|#E72F1D|#F1A1AF,62.7896,61.4878,60.9200,60.1165,58.7608,115.5367,60.8021
3336,Green|Dark Grey|Brown|Magenta,#06924D|#485259|#55331A|#F24574,65.0678,61.5825,60.7117,60.0225,59.0318,102.2733,60.8025
3337,Dark Olive Drab|Olive Green|Tan|Pink,#575B54|#948902|#A79E82|#F1A1AF,63.9097,62.0601,61.1088,59.5710,57.0896,97.0584,60.8156
3338,Green|Black|Polymaker Teal|Olive Green,#06924D|#080A0D|#4CC0C7|#948902,63.5819,61.5956,60.9551,60.0936,58.8114,106.5822,60.8446
3339,Green|Dark Grey|Grey|Magenta,#06924D|#485259|#8C9099|#F24574,64.8312,61.6556,60.7870,60.0473,58.9874,102.1461,60.8514
3340,Dark Grey|Brown|Dark Olive Drab|Red,#485259|#55331A|#575B54|#E72F1D,62.9799,61.5112,60.9394,60.2016,58.9462,121.2755,60.8564
3341,Green|Dark Grey|Cold White|Magenta,#06924D|#485259|#D9DFE5|#F24574,64.8423,61.6677,60.7990,60.0592,58.9997,102.2733,60.8635
3342,Green|Dark Grey|Tan|Magenta,#06924D|#485259|#A79E82|#F24574,64.8051,61.6667,60.8113,60.0776,59.0157,102.2314,60.8722
3343,Dark Olive Drab|Olive Green|Cold White|Pink,#575B54|#948902|#D9DFE5|#F1A1AF,64.1324,62.1815,61.1798,59.5797,57.0297,97.0566,60.8806
3344,Dark Olive Drab|Grey|Olive Green|Pink,#575B54|#8C9099|#948902|#F1A1AF,64.1293,62.1822,61.1796,59.5841,57.0421,97.0257,60.8832
3345,Brown|Dark Olive Drab|Olive Green|Pink,#55331A|#575B54|#948902|#F1A1AF,64.1562,62.1993,61.1873,59.5817,57.0339,97.1751,60.8905
3346,Green|Black|Grey|Magenta,#06924D|#080A0D|#8C9099|#F24574,65.7128,61.6382,60.8417,60.2445,59.3715,102.8919,60.9414
3347,Polymaker Teal|Dark Olive Drab|Tan|Lime Green,#4CC0C7|#575B54|#A79E82|#D5D701,64.0598,62.0075,61.1345,59.8794,57.8388,139.9734,60.9434
3348,Green|Black|Dark Grey|Magenta,#06924D|#080A0D|#485259|#F24574,65.6880,61.6349,60.8467,60.2550,59.3841,102.8674,60.9449
3349,Brown|Dark Olive Drab|Red|Pink,#55331A|#575B54|#E72F1D|#F1A1AF,63.0042,61.6536,61.0692,60.2396,58.8084,116.2053,60.9466
3350,Polymaker Teal|Olive Green|Lime Green|Yellow,#4CC0C7|#948902|#D5D701|#FFE800,63.8087,62.0352,61.1454,59.8960,57.8384,147.6090,60.9656
3351,Green|Olive Green|Tan|Lime Green,#06924D|#948902|#A79E82|#D5D701,62.7153,61.7342,61.1224,60.2274,58.8472,148.8595,60.9808
3352,Brown|Dark Olive Drab|Red|Magenta,#55331A|#575B54|#E72F1D|#F24574,63.1724,61.6642,61.0824,60.3288,59.0737,122.6170,60.9965
3353,Polymaker Teal|Brown|Dark Olive Drab|Lime Green,#4CC0C7|#55331A|#575B54|#D5D701,63.9816,61.9605,61.2095,60.0373,58.0855,152.9542,60.9989
3354,Green|Polymaker Teal|Tan|Lime Green,#06924D|#4CC0C7|#A79E82|#D5D701,62.9895,61.7818,61.1250,60.2202,58.7933,141.9400,61.0010
3355,Polymaker Teal|Brown|Lime Green|Cold White,#4CC0C7|#55331A|#D5D701|#D9DFE5,64.1062,61.9896,61.2231,60.0300,58.0565,152.8986,61.0098
3356,Dark Olive Drab|Grey|Red|Pink,#575B54|#8C9099|#E72F1D|#F1A1AF,62.9271,61.7215,61.1439,60.3005,58.8126,115.4195,61.0110
3357,Polymaker Teal|Olive Green|Lime Green|White,#4CC0C7|#948902|#D5D701|#EBF7FF,63.5765,61.9597,61.2169,60.0740,58.1548,111.1669,61.0169
3358,Green|Dark Grey|Dark Olive Drab|Magenta,#06924D|#485259|#575B54|#F24574,65.0782,61.8394,60.9677,60.2382,59.1782,102.5257,61.0388
3359,Green|Black|Dark Olive Drab|Magenta,#06924D|#080A0D|#575B54|#F24574,65.7846,61.7297,60.9452,60.3559,59.4885,103.1825,61.0428
3360,Green|Black|Cold White|Magenta,#06924D|#080A0D|#D9DFE5|#F24574,65.7931,61.7360,60.9504,60.3595,59.4912,103.1827,61.0478
3361,Polymaker Teal|Brown|Olive Green|Lime Green,#4CC0C7|#55331A|#948902|#D5D701,63.8822,61.9901,61.2787,60.1218,58.1536,153.1280,61.0560
3362,Green|Black|Tan|Magenta,#06924D|#080A0D|#A79E82|#F24574,65.7546,61.7364,60.9645,60.3809,59.5103,103.2339,61.0586
3363,Green|Tan|Lime Green|Cold White,#06924D|#A79E82|#D5D701|#D9DFE5,62.9463,61.8435,61.1948,60.2794,58.8492,131.7326,61.0614
3364,Dark Grey|Dark Olive Drab|Grey|Red,#485259|#575B54|#8C9099|#E72F1D,63.0546,61.7217,61.1639,60.4232,59.1313,120.8600,61.0725
3365,Green|Olive Green|Lime Green|Cold White,#06924D|#948902|#D5D701|#D9DFE5,62.9183,61.8613,61.2222,60.2900,58.8169,133.8687,61.0756
3366,Brown|Grey|Red|Pink,#55331A|#8C9099|#E72F1D|#F1A1AF,62.9545,61.8907,61.2586,60.2694,58.5256,112.1753,61.0801
3367,Green|Black|Brown|Magenta,#06924D|#080A0D|#55331A|#F24574,65.9197,61.7950,60.9827,60.3719,59.5016,103.1822,61.0835
3368,Green|Dark Grey|Pink|Magenta,#06924D|#485259|#F1A1AF|#F24574,64.7237,61.8240,61.0362,60.3617,59.3565,99.8079,61.0928
3369,Green|Black|Pink|Magenta,#06924D|#080A0D|#F1A1AF|#F24574,65.5912,61.7551,61.0401,60.5049,59.6734,100.3416,61.1300
3370,Dark Grey|Grey|Red|Pink,#485259|#8C9099|#E72F1D|#F1A1AF,63.0688,61.8489,61.2737,60.4240,58.9387,115.9606,61.1364
3371,Grey|Olive Green|White|Pink,#8C9099|#948902|#EBF7FF|#F1A1AF,63.6167,62.3402,61.4636,59.9362,57.4288,97.0912,61.1382
3372,Black|Polymaker Teal|Olive Green|Cold White,#080A0D|#4CC0C7|#948902|#D9DFE5,65.0525,62.3782,61.3641,59.9014,57.6690,106.4893,61.1398
3373,Blue|Brown|Olive Green|Tan,#003776|#55331A|#948902|#A79E82,62.5836,62.0853,61.4382,60.2113,58.1887,91.6258,61.1483
3374,Grey|Olive Green|Tan|Pink,#8C9099|#948902|#A79E82|#F1A1AF,63.7939,62.3999,61.4933,59.9498,57.4247,96.9730,61.1749
3375,Green|Black|Purple|Pink,#06924D|#080A0D|#6C47B2|#F1A1AF,64.6399,61.7869,61.1463,60.5683,59.7655,93.4074,61.1776
3376,Polymaker Teal|Grey|Olive Green|Pink,#4CC0C7|#8C9099|#948902|#F1A1AF,63.9698,62.3641,61.4706,60.0173,57.6159,97.3158,61.1907
3377,Brown|Olive Green|Lime Green|Cold White,#55331A|#948902|#D5D701|#D9DFE5,64.4935,62.3882,61.4451,60.0006,57.8530,153.0601,61.1944
3378,Green|Black|White|Magenta,#06924D|#080A0D|#EBF7FF|#F24574,65.6170,61.8100,61.1029,60.5927,59.7913,98.4035,61.2013
3379,Grey|Olive Green|Cold White|Pink,#8C9099|#948902|#D9DFE5|#F1A1AF,63.9563,62.5124,61.5365,59.9114,57.3056,96.9683,61.2119
3380,Black|Olive Green|Tan|Lime Green,#080A0D|#948902|#A79E82|#D5D701,65.1271,62.4125,61.4903,60.0679,58.1022,149.4432,61.2402
3381,Green|Polymaker Teal|Dark Olive Drab|Olive Green,#06924D|#4CC0C7|#575B54|#948902,63.4915,62.0829,61.3988,60.4793,59.0905,108.5664,61.2811
3382,Azure Blue|Green|Brown|Tan,#0066D9|#06924D|#55331A|#A79E82,63.9064,61.8144,61.2564,60.7556,60.0208,88.6018,61.2850
3383,Black|Dark Grey|Polymaker Teal|Red,#080A0D|#485259|#4CC0C7|#E72F1D,64.0650,62.1752,61.4249,60.4439,58.8119,119.4759,61.3095
3384,Brown|Dark Olive Drab|Grey|Red,#55331A|#575B54|#8C9099|#E72F1D,63.4173,62.0642,61.4253,60.5641,59.1127,119.3925,61.3141
3385,Green|Brown|Purple|Tan,#06924D|#55331A|#6C47B2|#A79E82,64.1432,61.9120,61.2792,60.7308,59.9699,90.7151,61.3214
3386,Green|Dark Grey|White|Magenta,#06924D|#485259|#EBF7FF|#F24574,64.8271,62.0296,61.2678,60.6362,59.6827,98.2879,61.3329
3387,Olive Green|Tan|Lime Green|Yellow,#948902|#A79E82|#D5D701|#FFE800,63.9780,62.5097,61.5889,60.1991,58.0098,156.5097,61.3544
3388,Blue|Black|Olive Green|Tan,#003776|#080A0D|#948902|#A79E82,63.3000,62.3565,61.6840,60.4550,58.4340,92.1006,61.4057
3389,Green|Brown|Dark Olive Drab|Olive Green,#06924D|#55331A|#575B54|#948902,63.6597,62.1259,61.4643,60.7084,59.6050,128.3217,61.4171
3390,Polymaker Teal|Olive Green|Cold White|Yellow,#4CC0C7|#948902|#D9DFE5|#FFE800,63.6652,62.3179,61.6030,60.5482,58.7259,134.1629,61.4331
3391,Black|Polymaker Teal|Dark Olive Drab|Olive Green,#080A0D|#4CC0C7|#575B54|#948902,64.9788,62.5641,61.7077,60.3436,58.1376,106.4807,61.4538
3392,Azure Blue|Green|Dark Grey|Pink,#0066D9|#06924D|#485259|#F1A1AF,63.7596,62.0640,61.4955,60.8500,59.8345,90.4143,61.4570
3393,Polymaker Teal|Dark Olive Drab|Lime Green|Cold White,#4CC0C7|#575B54|#D5D701|#D9DFE5,65.1646,62.5986,61.6397,60.3672,58.3434,145.2304,61.4829
3394,Black|Dark Olive Drab|Red|Pink,#080A0D|#575B54|#E72F1D|#F1A1AF,63.5626,62.1707,61.5834,60.8052,59.5848,120.4906,61.4879
3395,Black|Polymaker Teal|Cold White|Red,#080A0D|#4CC0C7|#D9DFE5|#E72F1D,64.0907,62.3170,61.6404,60.6920,58.9722,118.4515,61.5045
3396,Green|Polymaker Teal|Dark Olive Drab|Magenta,#06924D|#4CC0C7|#575B54|#F24574,65.6664,62.4083,61.4595,60.6082,59.3896,99.2091,61.5083
3397,Blue|Dark Olive Drab|Olive Green|Tan,#003776|#575B54|#948902|#A79E82,63.2012,62.4718,61.7908,60.5554,58.5423,92.6177,61.5136
3398,Blue|Grey|Olive Green|Tan,#003776|#8C9099|#948902|#A79E82,63.2177,62.4710,61.7964,60.5650,58.5531,92.6177,61.5180
3399,Blue|Dark Grey|Olive Green|Tan,#003776|#485259|#948902|#A79E82,63.2139,62.4813,61.7993,60.5619,58.5481,92.6177,61.5216
3400,Blue|Olive Green|Tan|Cold White,#003776|#948902|#A79E82|#D9DFE5,63.2101,62.4707,61.8036,60.5756,58.5641,92.6177,61.5232
3401,Black|Polymaker Teal|Tan|Lime Green,#080A0D|#4CC0C7|#A79E82|#D5D701,65.4745,62.6945,61.8239,60.4910,58.4660,149.1898,61.5927
3402,Black|Polymaker Teal|Grey|Red,#080A0D|#4CC0C7|#8C9099|#E72F1D,64.3156,62.4957,61.7586,60.7329,59.0298,118.9308,61.6143
3403,Blue|Azure Blue|Green|Pink,#003776|#0066D9|#06924D|#F1A1AF,63.6795,62.2067,61.6745,61.0238,59.9941,90.4151,61.6152
3404,Black|Tan|Lime Green|Cold White,#080A0D|#A79E82|#D5D701|#D9DFE5,65.9234,62.8604,61.8635,60.3769,58.3526,149.4403,61.6186
3405,Dark Grey|Brown|Grey|Red,#485259|#55331A|#8C9099|#E72F1D,63.7433,62.3534,61.7491,60.9283,59.5058,120.4032,61.6408
3406,Azure Blue|Green|Dark Olive Drab|Pink,#0066D9|#06924D|#575B54|#F1A1AF,64.1407,62.3081,61.6975,61.0185,59.9623,90.4143,61.6633
3407,Polymaker Teal|Grey|Lime Green|White,#4CC0C7|#8C9099|#D5D701|#EBF7FF,63.7182,62.5402,61.8619,60.8002,58.9461,108.5023,61.6702
3408,Black|Dark Olive Drab|Red|Magenta,#080A0D|#575B54|#E72F1D|#F24574,63.6497,62.2163,61.7529,61.1333,60.1003,128.2142,61.6748
3409,Cold White|Red|Pink|Magenta,#D9DFE5|#E72F1D|#F1A1AF|#F24574,63.7570,62.6363,61.9005,60.7243,58.6095,108.5873,61.6803
3410,Black|Dark Olive Drab|Tan|Lime Green,#080A0D|#575B54|#A79E82|#D5D701,65.9014,62.8907,61.9233,60.4715,58.4661,149.3932,61.6811
3411,Black|Cold White|Red|Pink,#080A0D|#D9DFE5|#E72F1D|#F1A1AF,64.5093,62.5895,61.7770,60.7821,59.2046,119.9412,61.6858
3412,Green|Black|Olive Green|White,#06924D|#080A0D|#948902|#EBF7FF,63.8450,62.4195,61.8642,61.0034,59.5497,101.2791,61.7114
3413,Brown|Dark Olive Drab|Grey|Olive Green,#55331A|#575B54|#8C9099|#948902,64.7042,62.9373,62.0072,60.4953,58.0654,98.8635,61.7163
3414,Brown|Grey|Olive Green|Cold White,#55331A|#8C9099|#948902|#D9DFE5,64.6832,62.9489,62.0215,60.4947,58.0488,98.8629,61.7218
3415,Black|Cold White|Red|Magenta,#080A0D|#D9DFE5|#E72F1D|#F24574,64.6259,62.5827,61.8051,60.8662,59.3585,128.1916,61.7244
3416,Black|Olive Green|Lime Green|Cold White,#080A0D|#948902|#D5D701|#D9DFE5,65.5398,62.8542,62.0209,60.5996,58.6716,151.0528,61.7269
3417,Dark Grey|Brown|Olive Green|Cold White,#485259|#55331A|#948902|#D9DFE5,63.8465,62.6413,62.0737,60.8501,58.6311,99.1586,61.7457
3418,Blue|Green|Purple|Pink,#003776|#06924D|#6C47B2|#F1A1AF,63.6981,62.3444,61.8081,61.1825,60.2106,93.4301,61.7634
3419,Olive Green|Tan|Cold White|Yellow,#948902|#A79E82|#D9DFE5|#FFE800,64.0037,62.7763,61.9990,60.7702,58.6651,133.4050,61.7732
3420,Black|Dark Olive Drab|Tan|Red,#080A0D|#575B54|#A79E82|#E72F1D,64.0056,62.5044,61.9393,61.0595,59.5391,129.5213,61.7819
3421,Black|Dark Grey|Grey|Olive Green,#080A0D|#485259|#8C9099|#948902,65.3538,63.0213,62.0468,60.5501,58.1818,98.6247,61.7857
3422,Polymaker Teal|Tan|Cold White|Yellow,#4CC0C7|#A79E82|#D9DFE5|#FFE800,63.7178,62.6015,61.9574,60.9733,59.2174,133.3058,61.7874
3423,Azure Blue|Green|Purple|Tan,#0066D9|#06924D|#6C47B2|#A79E82,63.2259,62.2206,61.8408,61.3573,60.6417,98.7114,61.7890
3424,Brown|Dark Olive Drab|Cold White|Red,#55331A|#575B54|#D9DFE5|#E72F1D,64.0738,62.5308,61.8874,61.0573,59.5883,124.9337,61.7940
3425,Polymaker Teal|Grey|Lime Green|Cold White,#4CC0C7|#8C9099|#D5D701|#D9DFE5,64.1631,62.7476,61.9797,60.8518,58.9204,126.5945,61.7997
3426,Black|Grey|Olive Green|Cold White,#080A0D|#8C9099|#948902|#D9DFE5,65.4060,63.0336,62.0668,60.5769,58.2102,98.6247,61.8053
3427,Green|Dark Olive Drab|Grey|Magenta,#06924D|#575B54|#8C9099|#F24574,65.9347,62.6535,61.7481,60.9595,59.8042,103.5540,61.8065
3428,Black|Dark Olive Drab|Grey|Olive Green,#080A0D|#575B54|#8C9099|#948902,65.4105,63.0357,62.0676,60.5775,58.2128,98.6247,61.8066
3429,Black|Polymaker Teal|Brown|Red,#080A0D|#4CC0C7|#55331A|#E72F1D,64.3712,62.6632,62.0047,61.0535,59.3455,118.9170,61.8583
3430,Black|Polymaker Teal|Dark Olive Drab|Red,#080A0D|#4CC0C7|#575B54|#E72F1D,64.3874,62.6782,62.0224,61.0760,59.3721,118.6948,61.8771
3431,Cold White|Red|White|Magenta,#D9DFE5|#E72F1D|#EBF7FF|#F24574,63.7958,62.8172,62.1199,60.9436,58.7816,106.1391,61.8804
3432,Green|Black|Brown|Olive Green,#06924D|#080A0D|#55331A|#948902,62.9926,62.3956,61.9368,61.3684,60.5441,128.8963,61.8820
3433,Olive Green|Tan|White|Pink,#948902|#A79E82|#EBF7FF|#F1A1AF,64.2970,63.1068,62.2323,60.6681,58.0850,98.6639,61.8875
3434,Green|Brown|Olive Green|White,#06924D|#55331A|#948902|#EBF7FF,63.6882,62.6512,62.0773,61.1290,59.5013,104.4571,61.8901
3435,Green|Dark Grey|Purple|Pink,#06924D|#485259|#6C47B2|#F1A1AF,64.0234,62.5291,61.9479,61.2971,60.3145,93.4072,61.9131
3436,Polymaker Teal|Olive Green|White|Pink,#4CC0C7|#948902|#EBF7FF|#F1A1AF,64.5303,63.0556,62.2006,60.7757,58.4121,99.0204,61.9157
3437,Green|Brown|Dark Olive Drab|Magenta,#06924D|#55331A|#575B54|#F24574,66.3440,62.7455,61.8439,61.1044,60.0162,104.3121,61.9250
3438,Grey|Lime Green|Cold White|White,#8C9099|#D5D701|#D9DFE5|#EBF7FF,64.1876,62.9385,62.1635,60.9194,58.8090,108.6168,61.9289
3439,Polymaker Teal|Olive Green|Tan|Pink,#4CC0C7|#948902|#A79E82|#F1A1AF,64.7312,63.0954,62.2072,60.7729,58.3865,98.6139,61.9341
3440,Black|Polymaker Teal|Olive Green|Lime Green,#080A0D|#4CC0C7|#948902|#D5D701,64.9898,62.8070,62.2131,61.0620,59.0957,150.7961,61.9345
3441,Green|Brown|Purple|Pink,#06924D|#55331A|#6C47B2|#F1A1AF,64.7975,62.5854,61.8994,61.2940,60.4978,98.1070,61.9397
3442,Green|Grey|Cold White|Magenta,#06924D|#8C9099|#D9DFE5|#F24574,65.5993,62.7971,61.9307,61.1025,59.8669,102.6424,61.9498
3443,Black|Dark Olive Drab|Olive Green|Lime Green,#080A0D|#575B54|#948902|#D5D701,65.5076,62.9042,62.2198,60.9958,59.1836,151.0071,61.9500
3444,Green|Brown|Grey|Magenta,#06924D|#55331A|#8C9099|#F24574,65.9631,62.7742,61.9051,61.1345,59.9789,104.5709,61.9543
3445,Black|Grey|Red|Magenta,#080A0D|#8C9099|#E72F1D|#F24574,64.4817,62.6852,62.0480,61.2506,59.9670,124.6829,61.9679
3446,Polymaker Teal|Olive Green|Cold White|Pink,#4CC0C7|#948902|#D9DFE5|#F1A1AF,64.8312,63.1654,62.2495,60.7795,58.3657,98.6152,61.9724
3447,Green|Dark Olive Drab|Cold White|Magenta,#06924D|#575B54|#D9DFE5|#F24574,66.1212,62.8172,61.9215,61.1462,60.0006,104.3121,61.9817
3448,Green|Dark Olive Drab|Purple|Pink,#06924D|#575B54|#6C47B2|#F1A1AF,64.1362,62.6007,62.0189,61.3645,60.3720,93.4093,61.9826
3449,Polymaker Teal|Tan|Lime Green|White,#4CC0C7|#A79E82|#D5D701|#EBF7FF,63.8779,62.8212,62.1790,61.1557,59.3507,110.5102,61.9885
3450,Green|Dark Olive Drab|Tan|Magenta,#06924D|#575B54|#A79E82|#F24574,66.0845,62.8165,61.9341,61.1646,60.0166,104.2624,61.9906
3451,Polymaker Teal|Dark Olive Drab|Olive Green|Cold White,#4CC0C7|#575B54|#948902|#D9DFE5,64.8265,63.1111,62.2691,60.8988,58.6289,108.5982,62.0049
3452,Black|Brown|Tan|Red,#080A0D|#55331A|#A79E82|#E72F1D,64.2056,62.7416,62.1927,61.3114,59.7729,130.2241,62.0265
3453,Green|Purple|White|Pink,#06924D|#6C47B2|#EBF7FF|#F1A1AF,63.7885,62.5744,62.0988,61.4983,60.4824,92.5283,62.0364
3454,Green|Polymaker Teal|Brown|Magenta,#06924D|#4CC0C7|#55331A|#F24574,66.0676,62.8877,62.0020,61.2050,60.0008,97.3588,62.0463
3455,Green|Grey|Tan|Magenta,#06924D|#8C9099|#A79E82|#F24574,65.6679,62.8935,62.0446,61.2218,59.9856,104.5233,62.0577
3456,Azure Blue|Green|Polymaker Teal|Pink,#0066D9|#06924D|#4CC0C7|#F1A1AF,64.1561,62.7026,62.1425,61.4367,60.3405,90.4166,62.0696
3457,Olive Green|Tan|Cold White|Pink,#948902|#A79E82|#D9DFE5|#F1A1AF,64.6403,63.3238,62.4056,60.8158,58.2194,100.2747,62.0698
3458,Green|Black|Dark Olive Drab|Olive Green,#06924D|#080A0D|#575B54|#948902,64.3661,62.7951,62.1611,61.4031,60.3164,128.8941,62.0991
3459,Dark Grey|Grey|Olive Green|Cold White,#485259|#8C9099|#948902|#D9DFE5,64.7490,63.3092,62.3925,60.8897,58.4833,98.7039,62.0995
3460,Dark Grey|Dark Olive Drab|Grey|Olive Green,#485259|#575B54|#8C9099|#948902,64.7393,63.3070,62.3939,60.8927,58.4873,98.6993,62.0999
3461,Azure Blue|Green|Cold White|Pink,#0066D9|#06924D|#D9DFE5|#F1A1AF,64.1740,62.7306,62.1745,61.4707,60.3708,90.4166,62.1006
3462,Azure Blue|Green|Grey|Pink,#0066D9|#06924D|#8C9099|#F1A1AF,64.1926,62.7495,62.1926,61.4869,60.3879,90.4166,62.1182
3463,Black|Dark Grey|Red|Magenta,#080A0D|#485259|#E72F1D|#F24574,64.0461,62.6498,62.2151,61.6408,60.6671,124.4524,62.1453
3464,Green|Polymaker Teal|Grey|Magenta,#06924D|#4CC0C7|#8C9099|#F24574,65.8303,63.0241,62.1494,61.2974,60.0124,97.3584,62.1608
3465,Black|Dark Grey|Olive Green|Cold White,#080A0D|#485259|#948902|#D9DFE5,64.4282,63.0820,62.4850,61.2424,59.0124,99.4106,62.1622
3466,Olive Green|Lime Green|Cold White|Yellow,#948902|#D5D701|#D9DFE5|#FFE800,64.4475,63.1506,62.3710,61.1828,59.1917,134.1445,62.1667
3467,Olive Green|Cold White|White|Pink,#948902|#D9DFE5|#EBF7FF|#F1A1AF,64.5888,63.3990,62.5196,60.9511,58.3715,100.5817,62.1751
3468,Azure Blue|Green|Tan|Pink,#0066D9|#06924D|#A79E82|#F1A1AF,64.2197,62.8010,62.2535,61.5553,60.4521,90.4158,62.1782
3469,Green|Polymaker Teal|Cold White|Magenta,#06924D|#4CC0C7|#D9DFE5|#F24574,65.8697,63.0583,62.1798,61.3239,60.0359,97.3590,62.1911
3470,Black|Polymaker Teal|Lime Green|Cold White,#080A0D|#4CC0C7|#D5D701|#D9DFE5,66.6594,63.3329,62.4679,61.0615,58.9760,150.7906,62.1972
3471,Green|Dark Olive Drab|Pink|Magenta,#06924D|#575B54|#F1A1AF|#F24574,65.9923,62.9668,62.1514,61.4353,60.3318,102.4674,62.2010
3472,Green|Polymaker Teal|Tan|Magenta,#06924D|#4CC0C7|#A79E82|#F24574,65.8364,63.0608,62.1951,61.3455,60.0553,97.3597,62.2032
3473,Tan|Cold White|White|Yellow,#A79E82|#D9DFE5|#EBF7FF|#FFE800,63.9932,63.0608,62.4174,61.3522,59.4567,118.8077,62.2065
3474,Dark Grey|Dark Olive Drab|Olive Green|Cold White,#485259|#575B54|#948902|#D9DFE5,64.3431,63.1260,62.5356,61.2947,59.0683,99.4778,62.2104
3475,Black|Brown|Olive Green|Cold White,#080A0D|#55331A|#948902|#D9DFE5,65.2572,63.3757,62.5145,61.0780,58.7531,101.0930,62.2268
3476,Cold White|Red|White|Pink,#D9DFE5|#E72F1D|#EBF7FF|#F1A1AF,64.1859,63.1881,62.4801,61.2855,59.0803,106.5102,62.2368
3477,Green|Purple|Tan|Pink,#06924D|#6C47B2|#A79E82|#F1A1AF,63.9660,62.8312,62.3232,61.6571,60.6128,93.4378,62.2442
3478,Green|Grey|Pink|Magenta,#06924D|#8C9099|#F1A1AF|#F24574,65.5295,63.0338,62.2650,61.5120,60.3448,101.5344,62.2729
3479,Green|Polymaker Teal|Purple|Pink,#06924D|#4CC0C7|#6C47B2|#F1A1AF,64.0128,62.8574,62.3554,61.7038,60.6545,93.4378,62.2806
3480,Green|Purple|Grey|Pink,#06924D|#6C47B2|#8C9099|#F1A1AF,63.9983,62.8648,62.3636,61.7076,60.6559,93.4378,62.2862
3481,Green|Purple|Cold White|Pink,#06924D|#6C47B2|#D9DFE5|#F1A1AF,64.0160,62.8806,62.3723,61.7052,60.6500,93.4378,62.2929
3482,Black|Dark Olive Drab|Lime Green|Cold White,#080A0D|#575B54|#D5D701|#D9DFE5,67.2018,63.5220,62.5625,61.0823,59.1039,151.0054,62.3022
3483,Tan|Lime Green|Cold White|Yellow,#A79E82|#D5D701|#D9DFE5|#FFE800,64.4977,63.3298,62.5756,61.3933,59.3595,133.4041,62.3616
3484,Black|Tan|Cold White|Red,#080A0D|#A79E82|#D9DFE5|#E72F1D,64.6302,63.0916,62.5153,61.6396,60.1078,130.4876,62.3656
3485,Green|Dark Olive Drab|White|Magenta,#06924D|#575B54|#EBF7FF|#F24574,65.9852,63.1020,62.3148,61.6295,60.5630,99.4196,62.3658
3486,Green|Polymaker Teal|Lime Green|White,#06924D|#4CC0C7|#D5D701|#EBF7FF,63.8862,63.0132,62.4956,61.7257,60.3905,112.3357,62.3694
3487,Brown|Red|Pink|Magenta,#55331A|#E72F1D|#F1A1AF|#F24574,64.2943,63.0779,62.4897,61.6826,60.3996,119.7321,62.3802
3488,Black|Grey|Red|Pink,#080A0D|#8C9099|#E72F1D|#F1A1AF,64.8462,63.1940,62.5098,61.6215,60.2026,119.5560,62.4077
3489,Black|Dark Grey|Red|Pink,#080A0D|#485259|#E72F1D|#F1A1AF,64.3873,63.0752,62.5365,61.8224,60.6871,119.2359,62.4488
3490,Dark Olive Drab|Grey|Olive Green|Cold White,#575B54|#8C9099|#948902|#D9DFE5,65.0718,63.6788,62.7646,61.2569,58.8178,98.7909,62.4678
3491,Green|Dark Grey|Olive Green|White,#06924D|#485259|#948902|#EBF7FF,63.4331,63.1677,62.6747,61.7777,60.2185,103.6410,62.4727
3492,Green|Polymaker Teal|Lime Green|Yellow,#06924D|#4CC0C7|#D5D701|#FFE800,64.8052,63.3825,62.5908,61.5663,60.0221,147.6910,62.4744
3493,Black|Polymaker Teal|Dark Olive Drab|Lime Green,#080A0D|#4CC0C7|#575B54|#D5D701,66.6649,63.4987,62.7415,61.4973,59.4857,150.7899,62.4980
3494,Azure Blue|Green|White|Pink,#0066D9|#06924D|#EBF7FF|#F1A1AF,64.5138,63.1117,62.5680,61.9015,60.8475,90.7736,62.5066
3495,Green|Polymaker Teal|Olive Green|Lime Green,#06924D|#4CC0C7|#948902|#D5D701,64.5604,63.3567,62.6795,61.7393,60.2684,146.8264,62.5480
3496,Red|White|Pink|Magenta,#E72F1D|#EBF7FF|#F1A1AF|#F24574,64.3887,63.5114,62.8218,61.5895,59.3277,108.4046,62.5504
3497,Blue|Tan|Pink|Magenta,#003776|#A79E82|#F1A1AF|#F24574,65.2949,63.3844,62.6280,61.7221,60.3864,102.7857,62.5533
3498,Polymaker Teal|Olive Green|Tan|Lime Green,#4CC0C7|#948902|#A79E82|#D5D701,65.0486,63.5696,62.7660,61.5520,59.5243,141.9523,62.5608
3499,Black|Dark Grey|Cold White|Red,#080A0D|#485259|#D9DFE5|#E72F1D,64.9549,63.4252,62.7116,61.7218,60.0545,124.9349,62.5735
3500,Olive Green|Cold White|White|Yellow,#948902|#D9DFE5|#EBF7FF|#FFE800,64.9704,63.5245,62.8519,61.7775,59.8797,119.1697,62.6510
3501,Black|Red|Pink|Magenta,#080A0D|#E72F1D|#F1A1AF|#F24574,64.6504,63.2239,62.7174,62.0811,61.0610,120.1505,62.6525
3502,Green|Grey|White|Magenta,#06924D|#8C9099|#EBF7FF|#F24574,65.7217,63.3785,62.6557,61.9579,60.8492,98.9695,62.6682
3503,Green|Polymaker Teal|Pink|Magenta,#06924D|#4CC0C7|#F1A1AF|#F24574,66.0095,63.4747,62.6824,61.8981,60.6773,98.3889,62.6864
3504,Black|Dark Grey|Dark Olive Drab|Red,#080A0D|#485259|#575B54|#E72F1D,64.6059,63.3283,62.8090,62.0576,60.8304,125.1699,62.6930
3505,Azure Blue|Brown|White|Magenta,#0066D9|#55331A|#EBF7FF|#F24574,66.0919,63.5712,62.7516,61.8428,60.5724,105.8866,62.7070
3506,Brown|Purple|White|Magenta,#55331A|#6C47B2|#EBF7FF|#F24574,66.1098,63.4520,62.7056,61.9965,61.0389,105.8893,62.7242
3507,Blue|Dark Olive Drab|Tan|Magenta,#003776|#575B54|#A79E82|#F24574,65.5152,63.5660,62.8043,61.8991,60.5856,105.9211,62.7325
3508,Blue|Black|Tan|Magenta,#003776|#080A0D|#A79E82|#F24574,65.8731,63.5597,62.7961,61.9251,60.6785,105.9247,62.7424
3509,Black|Brown|Red|Pink,#080A0D|#55331A|#E72F1D|#F1A1AF,64.9501,63.4687,62.8335,62.0181,60.7743,120.1569,62.7434
3510,Green|Black|Purple|Tan,#06924D|#080A0D|#6C47B2|#A79E82,65.6069,63.2888,62.7311,62.2030,61.4308,94.7758,62.7459
3511,Black|Dark Olive Drab|Olive Green|Cold White,#080A0D|#575B54|#948902|#D9DFE5,66.5558,63.9370,63.0366,61.5696,59.2142,101.7453,62.7533
3512,Blue|Polymaker Teal|Tan|Magenta,#003776|#4CC0C7|#A79E82|#F24574,65.5329,63.6088,62.8410,61.9143,60.4972,105.9200,62.7615
3513,Blue|Dark Grey|Tan|Magenta,#003776|#485259|#A79E82|#F24574,65.5837,63.6113,62.8423,61.9306,60.6065,105.9224,62.7709
3514,Green|Brown|Cold White|Magenta,#06924D|#55331A|#D9DFE5|#F24574,67.2320,63.6910,62.7449,61.9202,60.6880,104.9454,62.8056
3515,Blue|Grey|Tan|Magenta,#003776|#8C9099|#A79E82|#F24574,65.6559,63.6785,62.8941,61.9561,60.5868,105.9187,62.8173
3516,Brown|Dark Olive Drab|Olive Green|Cold White,#55331A|#575B54|#948902|#D9DFE5,65.6907,63.9865,63.1437,61.6517,59.1232,103.8766,62.8191
3517,Blue|Tan|Cold White|Magenta,#003776|#A79E82|#D9DFE5|#F24574,65.6886,63.6879,62.8977,61.9567,60.5873,105.5151,62.8223
3518,Azure Blue|Green|Black|Tan,#0066D9|#06924D|#080A0D|#A79E82,66.0144,63.3957,62.8718,62.3759,61.6320,95.0339,62.8858
3519,Azure Blue|Brown|Purple|Tan,#0066D9|#55331A|#6C47B2|#A79E82,66.1811,63.9638,63.0745,61.8886,60.0930,89.1426,62.9262
3520,Blue|Green|Purple|Tan,#003776|#06924D|#6C47B2|#A79E82,65.0335,63.4854,62.9427,62.3750,61.5507,95.3067,62.9302
3521,Green|Lime Green|Cold White|White,#06924D|#D5D701|#D9DFE5|#EBF7FF,64.3794,63.5823,63.0981,62.3388,60.9913,112.3793,62.9606
3522,Black|Grey|Cold White|Red,#080A0D|#8C9099|#D9DFE5|#E72F1D,65.5716,63.9379,63.1940,62.1441,60.4398,125.0186,63.0410
3523,Green|Polymaker Teal|Lime Green|Cold White,#06924D|#4CC0C7|#D5D701|#D9DFE5,65.0027,63.8704,63.2102,62.3413,60.9550,133.6038,63.1059
3524,Blue|Tan|White|Magenta,#003776|#A79E82|#EBF7FF|#F24574,65.9631,64.0030,63.2127,62.2476,60.7796,100.3039,63.1253
3525,Azure Blue|Black|White|Magenta,#0066D9|#080A0D|#EBF7FF|#F24574,66.6271,63.9563,63.1981,62.3833,61.2216,107.2014,63.1698
3526,Black|Dark Olive Drab|Grey|Red,#080A0D|#575B54|#8C9099|#E72F1D,64.9688,63.8800,63.3569,62.5491,61.2124,125.0303,63.2146
3527,Black|Brown|Grey|Olive Green,#080A0D|#55331A|#8C9099|#948902,66.0180,64.3692,63.5115,62.0695,59.6707,98.5881,63.2194
3528,Olive Green|Lime Green|Cold White|White,#948902|#D5D701|#D9DFE5|#EBF7FF,65.7076,64.2323,63.4638,62.2156,60.1142,111.8087,63.2239
3529,Green|Brown|Pink|Magenta,#06924D|#55331A|#F1A1AF|#F24574,67.3334,64.0288,63.2073,62.4902,61.3594,105.7071,63.2595
3530,Black|Purple|White|Magenta,#080A0D|#6C47B2|#EBF7FF|#F24574,66.6731,63.9262,63.2413,62.6011,61.7164,107.2014,63.2636
3531,Green|Polymaker Teal|White|Magenta,#06924D|#4CC0C7|#EBF7FF|#F24574,66.4136,64.0280,63.2888,62.5739,61.4421,98.7849,63.3010
3532,Polymaker Teal|Lime Green|Cold White|Yellow,#4CC0C7|#D5D701|#D9DFE5|#FFE800,65.2929,64.1260,63.4443,62.4875,60.8459,134.1629,63.3068
3533,Green|Brown|Tan|Magenta,#06924D|#55331A|#A79E82|#F24574,67.6504,64.1506,63.2696,62.5155,61.3633,108.4391,63.3331
3534,Azure Blue|Black|Purple|Tan,#0066D9|#080A0D|#6C47B2|#A79E82,67.1038,64.3900,63.5460,62.4125,60.7029,98.5512,63.4012
3535,Dark Olive Drab|Purple|White|Magenta,#575B54|#6C47B2|#EBF7FF|#F24574,65.5458,64.0388,63.4469,62.7667,61.7711,106.4272,63.4028
3536,Green|Dark Olive Drab|Olive Green|White,#06924D|#575B54|#948902|#EBF7FF,64.6413,64.1771,63.6419,62.6902,61.0444,105.9790,63.4336
3537,Olive Green|Tan|Lime Green|Cold White,#948902|#A79E82|#D5D701|#D9DFE5,65.8951,64.5701,63.6965,62.3117,60.0079,131.7327,63.4409
3538,Green|Dark Olive Drab|Purple|Tan,#06924D|#575B54|#6C47B2|#A79E82,65.2219,64.0074,63.5116,62.9070,61.9763,95.2988,63.4572
3539,Dark Grey|Brown|Grey|Olive Green,#485259|#55331A|#8C9099|#948902,65.8808,64.6224,63.7900,62.3311,59.8979,99.3160,63.4767
3540,Green|Dark Grey|Purple|Tan,#06924D|#485259|#6C47B2|#A79E82,65.1625,64.0212,63.5452,62.9481,62.0091,95.2988,63.4847
3541,Polymaker Teal|Olive Green|Lime Green|Cold White,#4CC0C7|#948902|#D5D701|#D9DFE5,65.8660,64.4480,63.6774,62.5290,60.6100,133.5868,63.4885
3542,Azure Blue|Dark Olive Drab|White|Magenta,#0066D9|#575B54|#EBF7FF|#F24574,65.7807,64.3094,63.6393,62.7909,61.5364,106.4248,63.5501
3543,Black|Dark Grey|Brown|Red,#080A0D|#485259|#55331A|#E72F1D,65.4631,64.1838,63.6689,62.9219,61.6958,125.1907,63.5528
3544,Black|Brown|Olive Green|White,#080A0D|#55331A|#948902|#EBF7FF,66.3966,64.7768,63.9220,62.4285,59.9821,100.7418,63.6027
3545,Green|Brown|White|Magenta,#06924D|#55331A|#EBF7FF|#F24574,67.6297,64.3825,63.5705,62.8680,61.7485,101.0190,63.6253
3546,Black|Brown|Red|Magenta,#080A0D|#55331A|#E72F1D|#F24574,65.4257,64.1933,63.7266,63.0641,62.0146,128.6477,63.6287
3547,Green|Purple|Grey|Tan,#06924D|#6C47B2|#8C9099|#A79E82,65.1916,64.2293,63.7648,63.1308,62.1324,95.4088,63.6801
3548,Green|Polymaker Teal|Purple|Tan,#06924D|#4CC0C7|#6C47B2|#A79E82,65.2303,64.2360,63.7618,63.1254,62.1248,95.4089,63.6807
3549,Green|Purple|Tan|Cold White,#06924D|#6C47B2|#A79E82|#D9DFE5,65.1736,64.2270,63.7683,63.1420,62.1498,95.4088,63.6845
3550,Green|Tan|Cold White|Magenta,#06924D|#A79E82|#D9DFE5|#F24574,67.5767,64.6448,63.6986,62.7544,61.3289,104.6468,63.6996
3551,Polymaker Teal|Lime Green|White|Yellow,#4CC0C7|#D5D701|#EBF7FF|#FFE800,65.3156,64.4132,63.8708,63.0150,61.4732,121.3610,63.7141
3552,Black|Dark Olive Drab|Cold White|Red,#080A0D|#575B54|#D9DFE5|#E72F1D,65.2933,64.3227,63.8723,63.1258,61.6987,130.2082,63.7243
3553,Green|Polymaker Teal|Olive Green|Cold White,#06924D|#4CC0C7|#948902|#D9DFE5,66.1905,64.6081,63.8396,62.8467,61.3705,110.2943,63.7274
3554,Black|Dark Grey|Grey|Red,#080A0D|#485259|#8C9099|#E72F1D,65.7649,64.4630,63.8810,63.0204,61.5935,125.3860,63.7417
3555,Dark Grey|Purple|White|Magenta,#485259|#6C47B2|#EBF7FF|#F24574,65.9436,64.4374,63.8324,63.1376,62.1162,107.2012,63.7875
3556,Azure Blue|Purple|Tan|Pink,#0066D9|#6C47B2|#A79E82|#F1A1AF,65.5366,64.7235,64.0984,63.0339,61.3053,95.6518,63.8787
3557,Green|Grey|Olive Green|White,#06924D|#8C9099|#948902|#EBF7FF,64.6671,64.5978,64.1113,63.1763,61.5471,106.5293,63.8870
3558,Azure Blue|Green|Dark Grey|Tan,#0066D9|#06924D|#485259|#A79E82,65.7163,64.4097,63.9404,63.3995,62.5543,95.0231,63.9046
3559,Azure Blue|Dark Grey|White|Magenta,#0066D9|#485259|#EBF7FF|#F24574,66.1558,64.6747,63.9996,63.1494,61.8783,107.2012,63.9121
3560,Polymaker Teal|Tan|Lime Green|Cold White,#4CC0C7|#A79E82|#D5D701|#D9DFE5,66.1015,64.8329,64.1087,63.0231,61.1570,131.7157,63.9280
3561,Tan|Lime Green|Cold White|White,#A79E82|#D5D701|#D9DFE5|#EBF7FF,65.9377,64.9186,64.1898,62.9703,60.8703,111.6803,63.9444
3562,Black|Polymaker Teal|Olive Green|White,#080A0D|#4CC0C7|#948902|#EBF7FF,67.1376,65.0932,64.2660,62.8596,60.5307,101.2480,63.9764
3563,Blue|Azure Blue|White|Magenta,#003776|#0066D9|#EBF7FF|#F24574,66.3079,64.7536,64.0675,63.2167,61.9402,107.1964,63.9851
3564,Azure Blue|Green|Dark Olive Drab|Tan,#0066D9|#06924D|#575B54|#A79E82,66.1139,64.5536,64.0229,63.4455,62.5595,95.0222,63.9996
3565,Black|Dark Grey|Olive Green|White,#080A0D|#485259|#948902|#EBF7FF,67.2610,65.1948,64.3285,62.8379,60.4005,101.1618,64.0163
3566,Black|Dark Olive Drab|Olive Green|White,#080A0D|#575B54|#948902|#EBF7FF,67.2745,65.2047,64.3358,62.8425,60.4029,101.2475,64.0236
3567,Black|Grey|Olive Green|White,#080A0D|#8C9099|#948902|#EBF7FF,67.2773,65.2055,64.3359,62.8420,60.4021,101.2533,64.0237
3568,Black|Olive Green|Cold White|White,#080A0D|#948902|#D9DFE5|#EBF7FF,67.2773,65.2055,64.3359,62.8420,60.4021,101.2533,64.0237
3569,Black|Olive Green|Tan|White,#080A0D|#948902|#A79E82|#EBF7FF,67.2741,65.2046,64.3364,62.8438,60.4039,101.2533,64.0242
3570,Black|Brown|Grey|Red,#080A0D|#55331A|#8C9099|#E72F1D,66.2147,64.8144,64.1792,63.2432,61.7223,125.7203,64.0288
3571,Dark Grey|Brown|Olive Green|White,#485259|#55331A|#948902|#EBF7FF,66.2603,65.2308,64.4076,62.8729,60.3054,103.0605,64.0519
3572,Green|Cold White|Pink|Magenta,#06924D|#D9DFE5|#F1A1AF|#F24574,67.6120,64.9478,64.0951,63.2212,61.8494,104.0927,64.0845
3573,Azure Blue|Dark Grey|Purple|Tan,#0066D9|#485259|#6C47B2|#A79E82,66.4142,65.0469,64.2911,63.1352,61.3486,98.5877,64.0911
3574,Blue|Purple|White|Magenta,#003776|#6C47B2|#EBF7FF|#F24574,66.3674,64.7990,64.1648,63.4164,62.3079,107.1963,64.1077
3575,Blue|Brown|Tan|Magenta,#003776|#55331A|#A79E82|#F24574,67.3724,65.0189,64.1811,63.2203,61.8754,108.6722,64.1196
3576,Azure Blue|Dark Olive Drab|Purple|Tan,#0066D9|#575B54|#6C47B2|#A79E82,66.6911,65.1287,64.3172,63.1398,61.3345,98.6100,64.1342
3577,Polymaker Teal|Brown|Olive Green|White,#4CC0C7|#55331A|#948902|#EBF7FF,66.8378,65.3308,64.5141,63.0589,60.6121,104.4391,64.1948
3578,Brown|Olive Green|Tan|White,#55331A|#948902|#A79E82|#EBF7FF,66.9217,65.4851,64.6067,63.0059,60.3650,104.4406,64.2455
3579,Brown|Olive Green|Cold White|White,#55331A|#948902|#D9DFE5|#EBF7FF,66.9242,65.4859,64.6075,63.0073,60.3668,104.4406,64.2466
3580,Polymaker Teal|Purple|White|Magenta,#4CC0C7|#6C47B2|#EBF7FF|#F24574,65.8162,64.8245,64.3558,63.6694,62.5127,107.1540,64.2469
3581,Brown|Grey|Olive Green|White,#55331A|#8C9099|#948902|#EBF7FF,66.9102,65.4981,64.6236,63.0286,60.3943,104.3048,64.2633
3582,Brown|Dark Olive Drab|Olive Green|White,#55331A|#575B54|#948902|#EBF7FF,66.9248,65.5121,64.6540,63.0961,60.5028,104.5843,64.3041
3583,Black|Brown|Dark Olive Drab|Red,#080A0D|#55331A|#575B54|#E72F1D,65.7566,64.8444,64.4939,63.8669,62.6922,130.7215,64.3556
3584,Azure Blue|Brown|Pink|Magenta,#0066D9|#55331A|#F1A1AF|#F24574,67.3200,65.2271,64.4531,63.5068,62.1635,107.9571,64.3669
3585,Brown|Purple|Pink|Magenta,#55331A|#6C47B2|#F1A1AF|#F24574,67.3049,65.0779,64.3970,63.6849,62.7158,107.9556,64.3814
3586,Black|Brown|Cold White|Red,#080A0D|#55331A|#D9DFE5|#E72F1D,66.6793,65.2242,64.5558,63.5697,61.8360,130.9533,64.3969
3587,Azure Blue|Purple|Grey|Tan,#0066D9|#6C47B2|#8C9099|#A79E82,66.3164,65.3214,64.6302,63.4739,61.6394,98.5877,64.3976
3588,Polymaker Teal|Cold White|White|Yellow,#4CC0C7|#D9DFE5|#EBF7FF|#FFE800,65.8554,65.0657,64.5717,63.7731,62.2831,119.2195,64.4194
3589,Azure Blue|Polymaker Teal|Purple|Tan,#0066D9|#4CC0C7|#6C47B2|#A79E82,66.2296,65.2574,64.6259,63.5952,61.9393,98.5877,64.4263
3590,Azure Blue|Purple|Tan|Cold White,#0066D9|#6C47B2|#A79E82|#D9DFE5,66.3343,65.3500,64.6644,63.5115,61.6763,98.5877,64.4307
3591,Blue|Azure Blue|Purple|Tan,#003776|#0066D9|#6C47B2|#A79E82,66.3903,65.3565,64.6616,63.5127,61.6912,98.5877,64.4346
3592,Polymaker Teal|Purple|Pink|Magenta,#4CC0C7|#6C47B2|#F1A1AF|#F24574,65.9475,65.0045,64.5613,63.9039,62.7971,109.0351,64.4542
3593,Polymaker Teal|Purple|Cold White|Magenta,#4CC0C7|#6C47B2|#D9DFE5|#F24574,66.2832,65.0692,64.5364,63.8419,62.7427,113.7025,64.4555
3594,Green|Cold White|White|Magenta,#06924D|#D9DFE5|#EBF7FF|#F24574,67.7473,65.2478,64.4637,63.6743,62.3912,102.3744,64.4611
3595,Blue|Azure Blue|Green|Tan,#003776|#0066D9|#06924D|#A79E82,66.0041,64.9826,64.5581,64.0073,63.0982,95.5624,64.4950
3596,Azure Blue|Purple|White|Magenta,#0066D9|#6C47B2|#EBF7FF|#F24574,66.7216,65.3287,64.7152,63.8840,62.5911,107.1878,64.6064
3597,Black|Purple|Cold White|Magenta,#080A0D|#6C47B2|#D9DFE5|#F24574,68.3886,65.4555,64.5659,63.7913,62.8242,113.2488,64.6234
3598,Purple|Grey|White|Magenta,#6C47B2|#8C9099|#EBF7FF|#F24574,66.3671,65.2736,64.7367,63.9758,62.7612,107.1848,64.6247
3599,Dark Olive Drab|Purple|Pink|Magenta,#575B54|#6C47B2|#F1A1AF|#F24574,66.4259,65.1922,64.6804,64.0769,63.2022,109.0653,64.6346
3600,Azure Blue|Black|Polymaker Teal|Magenta,#0066D9|#080A0D|#4CC0C7|#F24574,68.0673,65.4315,64.6602,63.8596,62.7701,116.8442,64.6455
3601,Azure Blue|Green|Polymaker Teal|Tan,#0066D9|#06924D|#4CC0C7|#A79E82,66.1188,65.1751,64.7390,64.1575,63.2227,94.7043,64.6663
3602,Green|White|Pink|Magenta,#06924D|#EBF7FF|#F1A1AF|#F24574,68.0802,65.4723,64.6667,63.8663,62.5702,105.3523,64.6693
3603,Black|Polymaker Teal|Purple|Magenta,#080A0D|#4CC0C7|#6C47B2|#F24574,68.0992,65.3532,64.6431,64.0021,63.1725,116.8441,64.6776
3604,Green|Tan|White|Magenta,#06924D|#A79E82|#EBF7FF|#F24574,68.0492,65.4748,64.6806,63.8860,62.5887,105.4070,64.6804
3605,Polymaker Teal|Brown|Purple|Magenta,#4CC0C7|#55331A|#6C47B2|#F24574,67.9784,65.3587,64.6667,64.0161,63.1506,116.7480,64.6874
3606,Azure Blue|Green|Grey|Tan,#0066D9|#06924D|#8C9099|#A79E82,66.1282,65.2022,64.7702,64.1871,63.2478,94.7043,64.6947
3607,Dark Olive Drab|Purple|Cold White|Magenta,#575B54|#6C47B2|#D9DFE5|#F24574,66.7596,65.3186,64.7240,64.0852,63.1980,113.6293,64.7019
3608,Azure Blue|Polymaker Teal|Brown|Magenta,#0066D9|#4CC0C7|#55331A|#F24574,67.9881,65.5215,64.7600,63.9172,62.7451,116.7480,64.7194
3609,Dark Grey|Polymaker Teal|Olive Green|White,#485259|#4CC0C7|#948902|#EBF7FF,66.5782,65.8011,65.0634,63.6499,61.2550,103.6095,64.7255
3610,Green|Tan|Pink|Magenta,#06924D|#A79E82|#F1A1AF|#F24574,68.3428,65.5859,64.7410,63.8854,62.5061,108.7813,64.7356
3611,Azure Blue|Dark Olive Drab|Pink|Magenta,#0066D9|#575B54|#F1A1AF|#F24574,66.6538,65.4648,64.8584,64.0527,62.8601,109.0653,64.7588
3612,Blue|Brown|Purple|Tan,#003776|#55331A|#6C47B2|#A79E82,68.1149,65.8555,64.8939,63.6756,61.8665,91.3376,64.7655
3613,Dark Grey|Dark Olive Drab|Olive Green|White,#485259|#575B54|#948902|#EBF7FF,66.6833,65.9416,65.1616,63.6491,61.1158,103.5021,64.7953
3614,Dark Grey|Olive Green|Tan|White,#485259|#948902|#A79E82|#EBF7FF,66.7188,65.9586,65.1742,63.6656,61.1351,103.6045,64.8121
3615,Blue|Azure Blue|Polymaker Teal|Magenta,#003776|#0066D9|#4CC0C7|#F24574,66.8759,65.5227,64.8963,64.1225,62.9521,116.8380,64.8226
3616,Dark Grey|Grey|Olive Green|White,#485259|#8C9099|#948902|#EBF7FF,66.7265,65.9693,65.1869,63.6805,61.1513,103.6045,64.8249
3617,Dark Grey|Olive Green|Cold White|White,#485259|#948902|#D9DFE5|#EBF7FF,66.7265,65.9693,65.1869,63.6805,61.1513,103.6045,64.8249
3618,Dark Grey|Purple|Cold White|Magenta,#485259|#6C47B2|#D9DFE5|#F24574,67.2775,65.5878,64.8787,64.1314,63.1024,113.2499,64.8596
3619,Azure Blue|Green|Tan|Cold White,#0066D9|#06924D|#A79E82|#D9DFE5,66.3050,65.3923,64.9666,64.3859,63.4363,94.7043,64.8891
3620,Blue|Purple|Cold White|Magenta,#003776|#6C47B2|#D9DFE5|#F24574,67.4709,65.6690,64.9450,64.1217,62.9557,113.1899,64.8953
3621,Green|Dark Grey|Brown|Purple,#06924D|#485259|#55331A|#6C47B2,66.9599,65.1061,64.7982,64.7138,64.7076,98.9643,64.9099
3622,Brown|Purple|Cold White|Magenta,#55331A|#6C47B2|#D9DFE5|#F24574,68.4687,65.7800,64.8951,64.0400,62.9806,116.3085,64.9100
3623,Green|Black|Brown|Purple,#06924D|#080A0D|#55331A|#6C47B2,66.9719,65.1165,64.8012,64.7095,64.7016,98.9643,64.9130
3624,Green|Brown|Dark Olive Drab|Purple,#06924D|#55331A|#575B54|#6C47B2,66.9789,65.1279,64.8028,64.7066,64.6984,98.9643,64.9173
3625,Green|Brown|Purple|Cold White,#06924D|#55331A|#6C47B2|#D9DFE5,66.9759,65.1286,64.8030,64.7062,64.6973,98.9637,64.9174
3626,Blue|Black|Purple|Tan,#003776|#080A0D|#6C47B2|#A79E82,67.9712,65.9306,65.0935,63.9045,62.0909,94.7642,64.9175
3627,Green|Polymaker Teal|Brown|Purple,#06924D|#4CC0C7|#55331A|#6C47B2,67.0093,65.1341,64.8071,64.7076,64.6961,98.9643,64.9208
3628,Black|Brown|Purple|Tan,#080A0D|#55331A|#6C47B2|#A79E82,68.3576,65.9555,65.0773,63.8918,62.0531,91.3406,64.9236
3629,Blue|Polymaker Teal|Purple|Magenta,#003776|#4CC0C7|#6C47B2|#F24574,66.9423,65.5601,64.9818,64.3005,63.2731,116.8379,64.9303
3630,Polymaker Teal|Brown|Purple|Tan,#4CC0C7|#55331A|#6C47B2|#A79E82,68.2582,65.9653,65.0797,63.9225,62.1283,91.3408,64.9439
3631,Brown|Dark Olive Drab|Purple|Tan,#55331A|#575B54|#6C47B2|#A79E82,68.0914,65.9805,65.1141,63.9207,62.0629,91.3406,64.9506
3632,Blue|Green|Brown|Purple,#003776|#06924D|#55331A|#6C47B2,67.0643,65.1589,64.8482,64.7733,64.7792,98.9643,64.9661
3633,Azure Blue|Black|Tan|Pink,#0066D9|#080A0D|#A79E82|#F1A1AF,68.4602,65.9733,65.1499,63.9625,62.0677,95.6521,64.9679
3634,Azure Blue|Black|Cold White|Magenta,#0066D9|#080A0D|#D9DFE5|#F24574,68.6601,65.9837,64.9831,63.9684,62.6455,113.7334,64.9760
3635,Brown|Purple|Grey|Tan,#55331A|#6C47B2|#8C9099|#A79E82,68.2351,66.0241,65.1382,63.9289,62.0547,91.3424,64.9765
3636,Brown|Purple|Tan|Cold White,#55331A|#6C47B2|#A79E82|#D9DFE5,68.2274,66.0267,65.1455,63.9383,62.0635,91.3424,64.9825
3637,Dark Grey|Brown|Purple|Tan,#485259|#55331A|#6C47B2|#A79E82,68.1802,66.0245,65.1477,63.9480,62.0841,91.3406,64.9862
3638,Azure Blue|Black|Brown|Tan,#0066D9|#080A0D|#55331A|#A79E82,68.5695,66.0871,65.1664,63.8976,61.9093,89.0428,64.9923
3639,Purple|White|Pink|Magenta,#6C47B2|#EBF7FF|#F1A1AF|#F24574,67.0953,65.6859,65.1035,64.3243,63.0942,106.8291,65.0051
3640,Azure Blue|Grey|White|Magenta,#0066D9|#8C9099|#EBF7FF|#F24574,66.7999,65.7625,65.1660,64.2857,62.8788,107.1834,65.0241
3641,Azure Blue|Black|Pink|Magenta,#0066D9|#080A0D|#F1A1AF|#F24574,68.0132,65.8408,65.1016,64.2363,62.9978,109.1491,65.0385
3642,Azure Blue|Polymaker Teal|Brown|Tan,#0066D9|#4CC0C7|#55331A|#A79E82,68.3550,66.0630,65.1886,64.0151,62.1532,89.0422,65.0390
3643,Azure Blue|Brown|Dark Olive Drab|Tan,#0066D9|#55331A|#575B54|#A79E82,68.2872,66.1279,65.2222,63.9521,61.9477,89.0428,65.0400
3644,Blue|Azure Blue|Cold White|Magenta,#003776|#0066D9|#D9DFE5|#F24574,67.5594,65.9089,65.1430,64.2042,62.8365,113.6607,65.0565
3645,Azure Blue|Polymaker Teal|White|Magenta,#0066D9|#4CC0C7|#EBF7FF|#F24574,66.6559,65.7317,65.2020,64.4015,63.0804,107.1533,65.0666
3646,Azure Blue|Brown|Grey|Tan,#0066D9|#55331A|#8C9099|#A79E82,68.4071,66.1863,65.2693,63.9808,61.9464,89.0428,65.0835
3647,Azure Blue|Brown|Tan|Cold White,#0066D9|#55331A|#A79E82|#D9DFE5,68.4067,66.1875,65.2709,63.9824,61.9478,89.0428,65.0849
3648,Azure Blue|Dark Olive Drab|Cold White|Magenta,#0066D9|#575B54|#D9DFE5|#F24574,67.2192,65.8566,65.1689,64.3201,63.0824,113.9356,65.0884
3649,Green|Brown|Purple|Grey,#06924D|#55331A|#6C47B2|#8C9099,67.0477,65.2812,64.9931,64.8984,64.8487,99.0408,65.0898
3650,Blue|Azure Blue|Brown|Tan,#003776|#0066D9|#55331A|#A79E82,68.3893,66.1934,65.2775,63.9894,61.9489,89.0428,65.0914
3651,Azure Blue|Dark Grey|Brown|Tan,#0066D9|#485259|#55331A|#A79E82,68.3801,66.1838,65.2734,63.9991,61.9876,89.0428,65.0915
3652,Green|Brown|Purple|White,#06924D|#55331A|#6C47B2|#EBF7FF,66.7284,65.4831,65.0463,64.7821,64.4376,95.5358,65.1326
3653,Dark Grey|Purple|Pink|Magenta,#485259|#6C47B2|#F1A1AF|#F24574,67.0049,65.7435,65.2037,64.5640,63.6349,109.1432,65.1538
3654,Dark Grey|Polymaker Teal|Purple|Magenta,#485259|#4CC0C7|#6C47B2|#F24574,67.4513,65.8228,65.1908,64.4952,63.5084,116.8424,65.1590
3655,Blue|Dark Olive Drab|Purple|Tan,#003776|#575B54|#6C47B2|#A79E82,67.6290,66.1432,65.3533,64.1791,62.3351,95.2800,65.1612
3656,Black|Purple|Pink|Magenta,#080A0D|#6C47B2|#F1A1AF|#F24574,68.0756,65.8095,65.1635,64.5139,63.6203,109.1491,65.1617
3657,Azure Blue|Polymaker Teal|Purple|Magenta,#0066D9|#4CC0C7|#6C47B2|#F24574,66.9227,65.8275,65.2968,64.5544,63.3643,116.8380,65.1909
3658,Purple|Tan|Cold White|Pink,#6C47B2|#A79E82|#D9DFE5|#F1A1AF,66.7429,66.0340,65.4224,64.3512,62.5896,96.0011,65.1926
3659,Purple|Grey|Cold White|Magenta,#6C47B2|#8C9099|#D9DFE5|#F24574,67.1911,65.8934,65.2967,64.5259,63.3652,113.2231,65.2097
3660,Purple|Grey|Tan|Pink,#6C47B2|#8C9099|#A79E82|#F1A1AF,66.7742,66.0592,65.4421,64.3626,62.5984,96.0011,65.2109
3661,Blue|Dark Grey|Purple|Tan,#003776|#485259|#6C47B2|#A79E82,67.6879,66.1966,65.4107,64.2308,62.3757,95.2800,65.2137
3662,Blue|Polymaker Teal|Purple|Tan,#003776|#4CC0C7|#6C47B2|#A79E82,67.6031,66.1639,65.4102,64.3037,62.5353,95.2800,65.2338
3663,Black|Polymaker Teal|Purple|Tan,#080A0D|#4CC0C7|#6C47B2|#A79E82,68.3419,66.2055,65.4099,64.2696,62.4684,94.7643,65.2376
3664,Azure Blue|Dark Grey|Pink|Magenta,#0066D9|#485259|#F1A1AF|#F24574,67.2227,65.9920,65.3584,64.5140,63.2556,109.1441,65.2530
3665,Azure Blue|Dark Grey|Cold White|Magenta,#0066D9|#485259|#D9DFE5|#F24574,67.8150,66.1421,65.3335,64.3759,63.0080,113.7311,65.2590
3666,Black|Dark Grey|Purple|Tan,#080A0D|#485259|#6C47B2|#A79E82,68.3296,66.2466,65.4582,64.2788,62.4151,94.7643,65.2627
3667,Black|Dark Olive Drab|Purple|Tan,#080A0D|#575B54|#6C47B2|#A79E82,68.3345,66.2524,65.4636,64.2809,62.4153,94.7643,65.2667
3668,Black|Purple|Grey|Tan,#080A0D|#6C47B2|#8C9099|#A79E82,68.3316,66.2519,65.4657,64.2877,62.4243,94.7643,65.2698
3669,Black|Purple|Tan|Cold White,#080A0D|#6C47B2|#A79E82|#D9DFE5,68.3304,66.2527,65.4671,64.2893,62.4258,94.7643,65.2710
3670,Azure Blue|Polymaker Teal|Pink|Magenta,#0066D9|#4CC0C7|#F1A1AF|#F24574,66.8094,65.9296,65.4156,64.6273,63.3228,109.0351,65.2785
3671,Polymaker Teal|Purple|Tan|Pink,#4CC0C7|#6C47B2|#A79E82|#F1A1AF,66.7989,66.0840,65.5044,64.4919,62.7689,96.0040,65.2879
3672,Azure Blue|Polymaker Teal|Cold White|Magenta,#0066D9|#4CC0C7|#D9DFE5|#F24574,67.1632,66.0190,65.4198,64.5956,63.2971,113.7025,65.3073
3673,Blue|Purple|Grey|Tan,#003776|#6C47B2|#8C9099|#A79E82,67.7905,66.2989,65.5095,64.3158,62.4381,95.2800,65.3073
3674,Blue|Purple|Tan|Cold White,#003776|#6C47B2|#A79E82|#D9DFE5,67.7922,66.3034,65.5151,64.3221,62.4449,95.2800,65.3128
3675,Azure Blue|Dark Grey|Polymaker Teal|Magenta,#0066D9|#485259|#4CC0C7|#F24574,67.6755,66.0986,65.4078,64.5693,63.3467,116.8425,65.3340
3676,Polymaker Teal|Dark Olive Drab|Purple|Magenta,#4CC0C7|#575B54|#6C47B2|#F24574,67.5626,65.9913,65.3998,64.7231,63.7432,116.3823,65.3572
3677,Purple|Cold White|White|Magenta,#6C47B2|#D9DFE5|#EBF7FF|#F24574,67.2238,66.0451,65.5373,64.7351,63.3875,106.9667,65.3901
3678,Purple|Grey|Pink|Magenta,#6C47B2|#8C9099|#F1A1AF|#F24574,67.0350,66.0548,65.5632,64.8500,63.7349,109.0752,65.4524
3679,Azure Blue|Polymaker Teal|Dark Olive Drab|Magenta,#0066D9|#4CC0C7|#575B54|#F24574,67.7913,66.2862,65.6238,64.7874,63.5563,116.3823,65.5368
3680,Dark Grey|Purple|Tan|Pink,#485259|#6C47B2|#A79E82|#F1A1AF,67.5731,66.4483,65.7415,64.6456,62.9101,96.1154,65.5470
3681,Azure Blue|Purple|Cold White|Magenta,#0066D9|#6C47B2|#D9DFE5|#F24574,67.5046,66.2996,65.7077,64.8382,63.4322,113.6619,65.5689
3682,Polymaker Teal|Purple|Grey|Magenta,#4CC0C7|#6C47B2|#8C9099|#F24574,67.3295,66.1938,65.6792,64.9672,63.8366,116.7105,65.5805
3683,Purple|Cold White|Pink|Magenta,#6C47B2|#D9DFE5|#F1A1AF|#F24574,67.2375,66.2442,65.7451,64.9322,63.5906,108.7395,65.5882
3684,Azure Blue|White|Pink|Magenta,#0066D9|#EBF7FF|#F1A1AF|#F24574,67.3589,66.3420,65.7552,64.8739,63.4258,106.8044,65.6079
3685,Azure Blue|Black|Dark Grey|Tan,#0066D9|#080A0D|#485259|#A79E82,69.3832,66.6893,65.8164,64.5378,62.5036,95.0324,65.6135
3686,Azure Blue|Black|Grey|Tan,#0066D9|#080A0D|#8C9099|#A79E82,69.3941,66.7008,65.8272,64.5456,62.5099,95.0324,65.6232
3687,Azure Blue|Black|Tan|Cold White,#0066D9|#080A0D|#A79E82|#D9DFE5,69.3941,66.7008,65.8272,64.5457,62.5100,95.0324,65.6232
3688,Azure Blue|Black|Polymaker Teal|Tan,#0066D9|#080A0D|#4CC0C7|#A79E82,69.3324,66.6310,65.8035,64.6314,62.7443,95.0324,65.6312
3689,Green|Olive Green|Lime Green|Yellow,#06924D|#948902|#D5D701|#FFE800,67.4859,66.3489,65.7434,64.9174,63.6426,182.1109,65.6331
3690,Blue|Azure Blue|Black|Tan,#003776|#0066D9|#080A0D|#A79E82,69.3585,66.7332,65.8660,64.5797,62.5309,95.0324,65.6564
3691,Lime Green|Cold White|White|Yellow,#D5D701|#D9DFE5|#EBF7FF|#FFE800,67.1525,66.3758,65.8365,64.9455,63.3296,119.2343,65.6606
3692,Dark Olive Drab|Grey|Olive Green|White,#575B54|#8C9099|#948902|#EBF7FF,67.7799,66.8783,66.0629,64.5089,61.9111,105.6213,65.6936
3693,Azure Blue|Dark Grey|Tan|Pink,#0066D9|#485259|#A79E82|#F1A1AF,67.9087,66.6749,65.9200,64.7173,62.7570,95.6521,65.6961
3694,Polymaker Teal|Dark Olive Drab|Olive Green|White,#4CC0C7|#575B54|#948902|#EBF7FF,67.8124,66.8303,66.0497,64.5948,62.1401,105.9725,65.7125
3695,Green|Olive Green|Tan|White,#06924D|#948902|#A79E82|#EBF7FF,66.6873,66.4714,65.9456,64.9566,63.2215,110.2996,65.7140
3696,Blue|Green|Black|Pink,#003776|#06924D|#080A0D|#F1A1AF,68.4306,66.3517,65.7879,65.1749,64.0918,93.7361,65.7633
3697,Blue|Green|Dark Grey|Pink,#003776|#06924D|#485259|#F1A1AF,67.8652,66.3758,65.8219,65.1594,63.9864,93.1123,65.7676
3698,Dark Olive Drab|Olive Green|Tan|White,#575B54|#948902|#A79E82|#EBF7FF,67.9162,66.9843,66.1626,64.6019,61.9963,105.9726,65.7931
3699,Azure Blue|Brown|Cold White|Magenta,#0066D9|#55331A|#D9DFE5|#F24574,68.7634,66.7275,65.8973,64.8858,63.4807,116.3681,65.8066
3700,Blue|Green|Dark Olive Drab|Pink,#003776|#06924D|#575B54|#F1A1AF,67.9237,66.4179,65.8579,65.1961,64.0248,93.1123,65.8070
3701,Dark Olive Drab|Olive Green|Cold White|White,#575B54|#948902|#D9DFE5|#EBF7FF,67.9275,66.9978,66.1776,64.6180,62.0134,105.9726,65.8079
3702,Blue|Green|Brown|Tan,#003776|#06924D|#55331A|#A79E82,67.0260,66.2525,65.8367,65.3639,64.5555,92.0298,65.8082
3703,Azure Blue|Black|Dark Olive Drab|Tan,#0066D9|#080A0D|#575B54|#A79E82,69.4772,66.8988,66.0160,64.7217,62.6684,95.0328,65.8102
3704,Azure Blue|Dark Olive Drab|Purple|Magenta,#0066D9|#575B54|#6C47B2|#F24574,67.6012,66.4225,65.8779,65.2015,64.2251,116.4579,65.8120
3705,Blue|Green|Brown|Pink,#003776|#06924D|#55331A|#F1A1AF,67.9009,66.4035,65.8306,65.2218,64.1717,96.6457,65.8127
3706,Azure Blue|Grey|Cold White|Magenta,#0066D9|#8C9099|#D9DFE5|#F24574,67.8912,66.6303,65.9517,65.0264,63.6070,113.7492,65.8283
3707,Azure Blue|Grey|Pink|Magenta,#0066D9|#8C9099|#F1A1AF|#F24574,67.4887,66.5560,65.9810,65.1029,63.7157,109.0759,65.8294
3708,Polymaker Teal|Grey|Olive Green|Tan,#4CC0C7|#8C9099|#948902|#A79E82,67.9978,66.9595,66.1483,64.6995,62.2340,110.5707,65.8295
3709,Dark Grey|Dark Olive Drab|Purple|Tan,#485259|#575B54|#6C47B2|#A79E82,67.8221,66.7790,66.0812,64.8958,62.9559,95.2800,65.8374
3710,Blue|Azure Blue|Tan|Pink,#003776|#0066D9|#A79E82|#F1A1AF,67.7456,66.7709,66.0745,64.9086,62.9581,95.6526,65.8398
3711,Polymaker Teal|Dark Olive Drab|Purple|Tan,#4CC0C7|#575B54|#6C47B2|#A79E82,67.8540,66.7603,66.0631,64.9213,63.0470,95.2800,65.8408
3712,Dark Olive Drab|Purple|Tan|Cold White,#575B54|#6C47B2|#A79E82|#D9DFE5,67.8105,66.7881,66.0965,64.9133,62.9735,95.2800,65.8507
3713,Dark Olive Drab|Purple|Grey|Tan,#575B54|#6C47B2|#8C9099|#A79E82,67.8144,66.7889,66.0967,64.9131,62.9732,95.2800,65.8510
3714,Azure Blue|Dark Olive Drab|Tan|Pink,#0066D9|#575B54|#A79E82|#F1A1AF,68.1848,66.8592,66.0784,64.8529,62.8637,95.6528,65.8560
3715,Blue|Green|Polymaker Teal|Pink,#003776|#06924D|#4CC0C7|#F1A1AF,67.9550,66.5062,65.9461,65.2504,64.0361,93.0792,65.8783
3716,Dark Grey|Polymaker Teal|Purple|Tan,#485259|#4CC0C7|#6C47B2|#A79E82,67.8663,66.8051,66.1063,64.9593,63.0710,95.2800,65.8822
3717,Blue|Green|Tan|Pink,#003776|#06924D|#A79E82|#F1A1AF,67.9455,66.5109,65.9535,65.2638,64.0517,93.1123,65.8874
3718,Blue|Green|Grey|Pink,#003776|#06924D|#8C9099|#F1A1AF,67.9475,66.5127,65.9558,65.2647,64.0505,93.1123,65.8887
3719,Blue|Green|Cold White|Pink,#003776|#06924D|#D9DFE5|#F1A1AF,67.9475,66.5128,65.9559,65.2647,64.0506,93.1123,65.8887
3720,Dark Grey|Purple|Grey|Tan,#485259|#6C47B2|#8C9099|#A79E82,67.8464,66.8336,66.1384,64.9488,62.9966,95.2800,65.8912
3721,Dark Grey|Purple|Tan|Cold White,#485259|#6C47B2|#A79E82|#D9DFE5,67.8464,66.8336,66.1384,64.9488,62.9966,95.2800,65.8912
3722,Purple|Grey|Tan|Cold White,#6C47B2|#8C9099|#A79E82|#D9DFE5,67.7586,66.8979,66.2235,65.0285,63.0533,95.2800,65.9632
3723,Polymaker Teal|Purple|Grey|Tan,#4CC0C7|#6C47B2|#8C9099|#A79E82,67.7617,66.8517,66.1989,65.0871,63.2210,95.2800,65.9694
3724,Polymaker Teal|Purple|Tan|Cold White,#4CC0C7|#6C47B2|#A79E82|#D9DFE5,67.7617,66.8517,66.1989,65.0871,63.2210,95.2800,65.9694
3725,Blue|Green|White|Pink,#003776|#06924D|#EBF7FF|#F1A1AF,67.9702,66.5634,66.0320,65.3851,64.2243,92.6751,65.9743
3726,Blue|Azure Blue|Pink|Magenta,#003776|#0066D9|#F1A1AF|#F24574,68.2187,66.8020,66.1045,65.1883,63.8201,109.1425,65.9951
3727,Blue|Purple|Pink|Magenta,#003776|#6C47B2|#F1A1AF|#F24574,68.1890,66.7410,66.1121,65.3437,64.2372,109.1385,66.0423
3728,Azure Blue|Cold White|White|Magenta,#0066D9|#D9DFE5|#EBF7FF|#F24574,67.6837,66.7814,66.2325,65.3250,63.7934,106.9392,66.0532
3729,Polymaker Teal|Lime Green|Cold White|White,#4CC0C7|#D5D701|#D9DFE5|#EBF7FF,67.6222,66.7723,66.2310,65.3601,63.7544,112.1982,66.0662
3730,Green|Polymaker Teal|Olive Green|White,#06924D|#4CC0C7|#948902|#EBF7FF,67.5330,66.8996,66.3246,65.3125,63.5857,111.0907,66.1060
3731,Azure Blue|Purple|Pink|Magenta,#0066D9|#6C47B2|#F1A1AF|#F24574,67.9616,66.8454,66.2427,65.3751,64.0336,109.1256,66.1103
3732,Green|Olive Green|Cold White|White,#06924D|#948902|#D9DFE5|#EBF7FF,67.5069,66.9052,66.3378,65.3276,63.5930,111.1742,66.1164
3733,Azure Blue|Polymaker Teal|Grey|Magenta,#0066D9|#4CC0C7|#8C9099|#F24574,67.9116,66.8300,66.2504,65.4193,64.0983,116.7105,66.1246
3734,Purple|Tan|White|Pink,#6C47B2|#A79E82|#EBF7FF|#F1A1AF,67.7805,67.0518,66.4358,65.3460,63.5032,95.5093,66.1989
3735,Polymaker Teal|Grey|Olive Green|White,#4CC0C7|#8C9099|#948902|#EBF7FF,67.9198,67.3176,66.5848,65.1390,62.6944,106.5146,66.2283
3736,Azure Blue|Grey|Tan|Pink,#0066D9|#8C9099|#A79E82|#F1A1AF,68.1261,67.2210,66.5229,65.3227,63.3190,95.6518,66.2718
3737,Azure Blue|Tan|Cold White|Pink,#0066D9|#A79E82|#D9DFE5|#F1A1AF,68.1266,67.2231,66.5255,65.3255,63.3216,95.6518,66.2743
3738,Azure Blue|Polymaker Teal|Tan|Pink,#0066D9|#4CC0C7|#A79E82|#F1A1AF,68.0474,67.1586,66.5065,65.3936,63.4962,95.6521,66.2761
3739,Azure Blue|Black|Dark Olive Drab|Magenta,#0066D9|#080A0D|#575B54|#F24574,69.0269,67.0128,66.3406,65.5498,64.4394,116.5902,66.2813
3740,Black|Purple|Grey|Magenta,#080A0D|#6C47B2|#8C9099|#F24574,69.3043,66.9313,66.2748,65.6569,64.8510,117.2489,66.2941
3741,Grey|Olive Green|Tan|White,#8C9099|#948902|#A79E82|#EBF7FF,67.9770,67.4853,66.6927,65.1069,62.4643,106.5137,66.2961
3742,Azure Blue|Cold White|Pink|Magenta,#0066D9|#D9DFE5|#F1A1AF|#F24574,67.9460,67.0441,66.4863,65.5573,64.0007,108.7398,66.3007
3743,Grey|Olive Green|Cold White|White,#8C9099|#948902|#D9DFE5|#EBF7FF,67.9884,67.4993,66.7078,65.1230,62.4812,106.5137,66.3112
3744,Azure Blue|Brown|Tan|Pink,#0066D9|#55331A|#A79E82|#F1A1AF,69.5817,67.4175,66.4992,65.2148,63.2132,99.3040,66.3161
3745,Black|Purple|Tan|Pink,#080A0D|#6C47B2|#A79E82|#F1A1AF,69.6563,67.3051,66.4951,65.3595,63.6002,96.5823,66.3323
3746,Blue|Purple|Grey|Magenta,#003776|#6C47B2|#8C9099|#F24574,68.1980,66.9897,66.4573,65.7968,64.8121,117.2390,66.3932
3747,Polymaker Teal|Brown|Olive Green|Tan,#4CC0C7|#55331A|#948902|#A79E82,68.7937,67.5621,66.7374,65.2922,62.8094,112.8456,66.4272
3748,Blue|Azure Blue|Grey|Magenta,#003776|#0066D9|#8C9099|#F24574,68.3547,67.1460,66.5359,65.7304,64.5107,117.3059,66.4382
3749,Azure Blue|Tan|White|Pink,#0066D9|#A79E82|#EBF7FF|#F1A1AF,68.3218,67.4497,66.7723,65.6037,63.6204,93.6864,66.5267
3750,Blue|Brown|White|Magenta,#003776|#55331A|#EBF7FF|#F24574,69.6154,67.4043,66.6300,65.7311,64.3643,105.8851,66.5677
3751,Azure Blue|Brown|Dark Olive Drab|Magenta,#0066D9|#55331A|#575B54|#F24574,69.3202,67.3411,66.6367,65.7944,64.6013,116.8324,66.5678
3752,Azure Blue|Dark Olive Drab|Purple|Pink,#0066D9|#575B54|#6C47B2|#F1A1AF,68.5516,67.5067,66.8213,65.7367,63.9805,98.5647,66.6217
3753,Azure Blue|Purple|Grey|Magenta,#0066D9|#6C47B2|#8C9099|#F24574,68.3040,67.2895,66.7493,65.9679,64.7434,117.3059,66.6287
3754,Azure Blue|Black|Grey|Magenta,#0066D9|#080A0D|#8C9099|#F24574,69.6278,67.4414,66.6861,65.8581,64.6973,117.3233,66.6497
3755,Dark Grey|Purple|Grey|Magenta,#485259|#6C47B2|#8C9099|#F24574,68.5760,67.2557,66.7013,66.0697,65.1897,117.2516,66.6627
3756,Azure Blue|Dark Grey|Grey|Tan,#0066D9|#485259|#8C9099|#A79E82,69.0367,67.7173,66.9086,65.6132,63.5142,95.0206,66.6653
3757,Azure Blue|Dark Grey|Tan|Cold White,#0066D9|#485259|#A79E82|#D9DFE5,69.0367,67.7173,66.9086,65.6132,63.5142,95.0206,66.6653
3758,Blue|Green|Black|Tan,#003776|#06924D|#080A0D|#A79E82,68.6098,67.1094,66.6900,66.2264,65.4387,92.4955,66.6679
3759,Blue|Azure Blue|Dark Grey|Tan,#003776|#0066D9|#485259|#A79E82,69.0098,67.7149,66.9168,65.6308,63.5351,95.5240,66.6729
3760,Azure Blue|Dark Grey|Polymaker Teal|Tan,#0066D9|#485259|#4CC0C7|#A79E82,68.9428,67.6505,66.8952,65.7122,63.7738,95.0206,66.6813
3761,Azure Blue|Dark Grey|Dark Olive Drab|Tan,#0066D9|#485259|#575B54|#A79E82,69.3141,67.7848,66.9325,65.6126,63.4830,95.0206,66.6987
3762,Azure Blue|Dark Olive Drab|Tan|Cold White,#0066D9|#575B54|#A79E82|#D9DFE5,69.3272,67.7951,66.9419,65.6235,63.4957,95.0206,66.7093
3763,Azure Blue|Dark Olive Drab|Grey|Tan,#0066D9|#575B54|#8C9099|#A79E82,69.3272,67.7952,66.9419,65.6235,63.4957,95.0206,66.7093
3764,Blue|Azure Blue|Dark Olive Drab|Tan,#003776|#0066D9|#575B54|#A79E82,69.2471,67.7818,66.9447,65.6379,63.5156,95.4069,66.7098
3765,Azure Blue|Polymaker Teal|Dark Olive Drab|Tan,#0066D9|#4CC0C7|#575B54|#A79E82,69.2595,67.7342,66.9303,65.7182,63.7402,95.0206,66.7262
3766,Black|Brown|Dark Olive Drab|Purple,#080A0D|#55331A|#575B54|#6C47B2,69.7879,67.4416,66.7898,66.1315,65.3162,100.0231,66.7866
3767,Azure Blue|Brown|Purple|Pink,#0066D9|#55331A|#6C47B2|#F1A1AF,69.9462,67.8413,66.9416,65.7436,63.9345,100.4071,66.7924
3768,Blue|Azure Blue|Dark Olive Drab|Magenta,#003776|#0066D9|#575B54|#F24574,68.7268,67.5326,66.9362,66.1413,64.9528,116.5902,66.8370
3769,Azure Blue|Black|Purple|Pink,#0066D9|#080A0D|#6C47B2|#F1A1AF,70.1825,67.8429,67.0193,65.8426,63.9813,98.5647,66.8427
3770,Blue|Purple|Tan|Pink,#003776|#6C47B2|#A79E82|#F1A1AF,68.7817,67.7783,67.0729,65.9268,64.0547,96.5801,66.8525
3771,Azure Blue|Polymaker Teal|Purple|Pink,#0066D9|#4CC0C7|#6C47B2|#F1A1AF,68.4051,67.6549,67.0821,66.0951,64.3993,98.5647,66.8750
3772,Azure Blue|Brown|Purple|Magenta,#0066D9|#55331A|#6C47B2|#F24574,69.5623,67.6803,66.9899,66.1564,64.9582,116.8441,66.9184
3773,Blue|Dark Olive Drab|White|Magenta,#003776|#575B54|#EBF7FF|#F24574,69.2417,67.6805,67.0237,66.1955,64.8726,106.4245,66.9380
3774,Dark Olive Drab|Purple|Tan|Pink,#575B54|#6C47B2|#A79E82|#F1A1AF,68.8508,67.8608,67.1637,66.0248,64.1664,96.5848,66.9428
3775,Azure Blue|Dark Grey|Purple|Pink,#0066D9|#485259|#6C47B2|#F1A1AF,68.8673,67.8788,67.1908,66.0798,64.2639,98.5648,66.9793
3776,Brown|Dark Olive Drab|Purple|Magenta,#55331A|#575B54|#6C47B2|#F24574,69.7462,67.6613,67.0156,66.3401,65.4825,116.8202,67.0007
3777,Azure Blue|Brown|Grey|Magenta,#0066D9|#55331A|#8C9099|#F24574,69.8829,67.8509,67.0873,66.1704,64.8949,116.8259,67.0107
3778,Blue|Green|Dark Olive Drab|Tan,#003776|#06924D|#575B54|#A79E82,68.5201,67.5019,67.0663,66.5317,65.6407,93.3335,67.0168
3779,Blue|Green|Dark Grey|Tan,#003776|#06924D|#485259|#A79E82,68.5430,67.5423,67.1144,66.5831,65.6923,93.4731,67.0627
3780,Black|Dark Olive Drab|Purple|Magenta,#080A0D|#575B54|#6C47B2|#F24574,69.9111,67.7016,67.0881,66.4789,65.6833,116.8265,67.0902
3781,Azure Blue|Dark Grey|Grey|Magenta,#0066D9|#485259|#8C9099|#F24574,69.0950,67.8461,67.2043,66.3740,65.1428,117.3188,67.1101
3782,Azure Blue|Dark Grey|Dark Olive Drab|Magenta,#0066D9|#485259|#575B54|#F24574,69.0713,67.8419,67.2205,66.3867,65.1597,116.5902,67.1143
3783,Blue|Green|Tan|Cold White,#003776|#06924D|#A79E82|#D9DFE5,68.5909,67.6278,67.1977,66.6460,65.7121,93.4731,67.1369
3784,Blue|Green|Grey|Tan,#003776|#06924D|#8C9099|#A79E82,68.5840,67.6317,67.2009,66.6471,65.7127,93.4721,67.1394
3785,Green|Black|Olive Green|Tan,#06924D|#080A0D|#948902|#A79E82,69.0255,67.9029,67.2900,66.3868,64.8098,112.8270,67.1449
3786,Blue|Green|Polymaker Teal|Tan,#003776|#06924D|#4CC0C7|#A79E82,68.5982,67.6466,67.2082,66.6462,65.7098,93.4741,67.1464
3787,Polymaker Teal|Dark Olive Drab|Olive Green|Tan,#4CC0C7|#575B54|#948902|#A79E82,69.3747,68.3099,67.4864,66.0057,63.4601,113.3607,67.1578
3788,Azure Blue|Black|Brown|Magenta,#0066D9|#080A0D|#55331A|#F24574,70.0267,67.9817,67.2574,66.3767,65.1218,116.8441,67.1792
3789,Green|Dark Grey|Olive Green|Tan,#06924D|#485259|#948902|#A79E82,68.4978,68.0055,67.3800,66.3993,64.7227,112.8137,67.2024
3790,Azure Blue|Dark Olive Drab|Grey|Magenta,#0066D9|#575B54|#8C9099|#F24574,69.1990,67.9438,67.3128,66.4673,65.2227,116.5902,67.2055
3791,Blue|Azure Blue|Grey|Tan,#003776|#0066D9|#8C9099|#A79E82,69.2998,68.2712,67.5150,66.2292,64.0964,95.5617,67.2502
3792,Blue|Azure Blue|Polymaker Teal|Tan,#003776|#0066D9|#4CC0C7|#A79E82,69.1549,68.1898,67.4997,66.3387,64.3869,95.5617,67.2643
3793,Brown|Purple|Grey|Magenta,#55331A|#6C47B2|#8C9099|#F24574,70.4001,68.0896,67.3338,66.5378,65.5205,116.8185,67.3137
3794,Black|Purple|White|Pink,#080A0D|#6C47B2|#EBF7FF|#F1A1AF,70.8804,68.2353,67.4545,66.4084,64.7402,98.5321,67.3219
3795,Green|Grey|Olive Green|Tan,#06924D|#8C9099|#948902|#A79E82,68.6599,68.1801,67.5241,66.4809,64.7151,112.3857,67.3305
3796,Blue|Azure Blue|Brown|Magenta,#003776|#0066D9|#55331A|#F24574,69.8261,68.1604,67.4820,66.6136,65.3433,116.8441,67.3870
3797,Blue|Black|White|Magenta,#003776|#080A0D|#EBF7FF|#F24574,70.2574,68.1427,67.4516,66.6355,65.3394,107.2014,67.3891
3798,Azure Blue|Dark Grey|Brown|Magenta,#0066D9|#485259|#55331A|#F24574,70.0471,68.1965,67.4875,66.5959,65.3034,116.8443,67.3962
3799,Blue|Azure Blue|Tan|Cold White,#003776|#0066D9|#A79E82|#D9DFE5,69.4526,68.4416,67.6901,66.3985,64.2510,95.5617,67.4201
3800,Azure Blue|Purple|Grey|Pink,#0066D9|#6C47B2|#8C9099|#F1A1AF,69.0414,68.3005,67.6684,66.5560,64.6969,98.5647,67.4282
3801,Blue|Polymaker Teal|Pink|Magenta,#003776|#4CC0C7|#F1A1AF|#F24574,69.7228,68.2106,67.5445,66.6732,65.2388,109.0346,67.4419
3802,Blue|Polymaker Teal|Cold White|Magenta,#003776|#4CC0C7|#D9DFE5|#F24574,70.0496,68.2748,67.5205,66.6105,65.1793,113.7025,67.4426
3803,Blue|Dark Grey|White|Magenta,#003776|#485259|#EBF7FF|#F24574,69.8351,68.2392,67.5598,66.7009,65.3206,107.1997,67.4700
3804,Green|Brown|Olive Green|Tan,#06924D|#55331A|#948902|#A79E82,69.0036,68.2831,67.6561,66.6855,65.0027,113.5566,67.4843
3805,Blue|Dark Olive Drab|Purple|Magenta,#003776|#575B54|#6C47B2|#F24574,69.3961,68.0954,67.5496,66.9055,66.0069,116.8265,67.5005
3806,Azure Blue|Polymaker Teal|Grey|Tan,#0066D9|#4CC0C7|#8C9099|#A79E82,69.3690,68.4457,67.7496,66.5761,64.6105,94.7032,67.5109
3807,Azure Blue|Black|Polymaker Teal|Pink,#0066D9|#080A0D|#4CC0C7|#F1A1AF,70.9839,68.4739,67.6835,66.5645,64.7038,98.5647,67.5192
3808,Blue|Polymaker Teal|White|Magenta,#003776|#4CC0C7|#EBF7FF|#F24574,70.0447,68.3753,67.6740,66.7752,65.2985,107.1555,67.5753
3809,Brown|Purple|Tan|Pink,#55331A|#6C47B2|#A79E82|#F1A1AF,70.5030,68.6619,67.7814,66.5643,64.7316,99.8860,67.6131
3810,Azure Blue|Black|White|Pink,#0066D9|#080A0D|#EBF7FF|#F1A1AF,71.2845,68.6239,67.7931,66.6222,64.6941,98.4945,67.6230
3811,Polymaker Teal|Olive Green|Tan|Cold White,#4CC0C7|#948902|#A79E82|#D9DFE5,70.0460,68.8444,67.9494,66.4073,63.7822,112.9941,67.6258
3812,Azure Blue|Brown|White|Pink,#0066D9|#55331A|#EBF7FF|#F1A1AF,71.1281,68.7479,67.8121,66.5494,64.5580,99.8045,67.6486
3813,Azure Blue|Grey|Tan|Cold White,#0066D9|#8C9099|#A79E82|#D9DFE5,69.6406,68.7107,67.9580,66.6498,64.4725,94.7032,67.6803
3814,Azure Blue|Green|Brown|White,#0066D9|#06924D|#55331A|#EBF7FF,69.5026,68.1469,67.6470,67.2265,66.6216,96.4929,67.6867
3815,Dark Grey|Dark Olive Drab|Purple|Magenta,#485259|#575B54|#6C47B2|#F24574,69.6877,68.3343,67.7643,67.0860,66.1504,116.8265,67.7102
3816,Dark Olive Drab|Purple|Grey|Magenta,#575B54|#6C47B2|#8C9099|#F24574,69.7642,68.3745,67.7824,67.0732,66.1083,116.8982,67.7239
3817,Azure Blue|Polymaker Teal|Brown|Pink,#0066D9|#4CC0C7|#55331A|#F1A1AF,71.1716,68.8037,67.8833,66.6536,64.7141,100.3119,67.7287
3818,Azure Blue|Polymaker Teal|Tan|Cold White,#0066D9|#4CC0C7|#A79E82|#D9DFE5,69.5797,68.6773,67.9882,66.8132,64.8304,94.7032,67.7453
3819,Dark Grey|Purple|White|Pink,#485259|#6C47B2|#EBF7FF|#F1A1AF,69.7146,68.6316,67.9536,66.8867,65.1272,98.5327,67.7591
3820,Dark Grey|Tan|Pink|Magenta,#485259|#A79E82|#F1A1AF|#F24574,70.6225,68.7264,67.9194,66.8486,65.1452,102.7866,67.7875
3821,Azure Blue|Purple|Cold White|Pink,#0066D9|#6C47B2|#D9DFE5|#F1A1AF,69.4628,68.6857,68.0522,66.9213,64.9918,98.5647,67.8035
3822,Black|Tan|White|Magenta,#080A0D|#A79E82|#EBF7FF|#F24574,71.8505,68.7323,67.9261,66.9083,65.2517,100.5289,67.8203
3823,Blue|Dark Olive Drab|Pink|Magenta,#003776|#575B54|#F1A1AF|#F24574,69.8264,68.5272,67.9548,67.2181,66.0454,109.0645,67.8727
3824,Dark Grey|Polymaker Teal|Tan|Magenta,#485259|#4CC0C7|#A79E82|#F24574,70.9349,68.8861,68.0160,66.8888,65.0736,105.9230,67.8874
3825,Dark Grey|Tan|White|Magenta,#485259|#A79E82|#EBF7FF|#F24574,70.8109,68.8801,68.0403,66.9297,65.1230,100.3800,67.9049
3826,Black|Polymaker Teal|Tan|Magenta,#080A0D|#4CC0C7|#A79E82|#F24574,71.9439,68.8373,68.0101,66.9955,65.3783,105.9247,67.9164
3827,Blue|Dark Olive Drab|Cold White|Magenta,#003776|#575B54|#D9DFE5|#F24574,70.1521,68.6468,67.9940,67.2229,66.0391,113.6293,67.9349
3828,Blue|Brown|Pink|Magenta,#003776|#55331A|#F1A1AF|#F24574,70.5531,68.7378,68.0269,67.1360,65.7815,107.9548,67.9369
3829,Black|Tan|Pink|Magenta,#080A0D|#A79E82|#F1A1AF|#F24574,71.7092,68.7978,68.0490,67.0927,65.5625,102.8560,67.9452
3830,Green|Dark Olive Drab|Olive Green|Tan,#06924D|#575B54|#948902|#A79E82,69.3251,68.7831,68.1378,67.1219,65.3733,113.5501,67.9525
3831,Polymaker Teal|Purple|White|Pink,#4CC0C7|#6C47B2|#EBF7FF|#F1A1AF,69.4061,68.7569,68.1931,67.1833,65.4196,98.5319,67.9701
3832,Azure Blue|Black|Dark Olive Drab|Pink,#0066D9|#080A0D|#575B54|#F1A1AF,70.8254,68.9488,68.1900,67.0036,65.0282,98.5647,67.9762
3833,Brown|Purple|White|Pink,#55331A|#6C47B2|#EBF7FF|#F1A1AF,71.0017,69.0040,68.1300,66.9606,65.1647,99.9375,67.9823
3834,Green|Purple|Tan|White,#06924D|#6C47B2|#A79E82|#EBF7FF,69.3282,68.3814,68.0453,67.6321,66.9826,103.4811,68.0068
3835,Polymaker Teal|Olive Green|Tan|White,#4CC0C7|#948902|#A79E82|#EBF7FF,69.9042,69.1497,68.3729,66.8661,64.3119,110.1045,68.0079
3836,Black|Polymaker Teal|Purple|Pink,#080A0D|#4CC0C7|#6C47B2|#F1A1AF,71.3378,68.9900,68.2049,67.1124,65.3719,98.5647,68.0512
3837,Dark Grey|Grey|Tan|Magenta,#485259|#8C9099|#A79E82|#F24574,71.0423,69.0405,68.2017,67.0981,65.3628,105.9224,68.0693
3838,Olive Green|Tan|Cold White|White,#948902|#A79E82|#D9DFE5|#EBF7FF,69.9137,69.3192,68.4864,66.8240,64.0484,110.2845,68.0716
3839,Blue|Grey|White|Magenta,#003776|#8C9099|#EBF7FF|#F24574,70.6381,68.9226,68.1872,67.2275,65.6784,107.1878,68.0750
3840,Dark Olive Drab|Purple|White|Pink,#575B54|#6C47B2|#EBF7FF|#F1A1AF,70.1041,68.9696,68.2752,67.1978,65.4365,98.5257,68.0837
3841,Polymaker Teal|Brown|Purple|Pink,#4CC0C7|#55331A|#6C47B2|#F1A1AF,70.9762,69.0841,68.2373,67.0875,65.2997,100.3740,68.0858
3842,Dark Grey|Tan|Cold White|Magenta,#485259|#A79E82|#D9DFE5|#F24574,71.0771,69.0645,68.2217,67.1142,65.3787,105.5278,68.0893
3843,Blue|Cold White|White|Magenta,#003776|#D9DFE5|#EBF7FF|#F24574,70.7462,68.9665,68.2076,67.2168,65.6247,106.9778,68.0917
3844,Azure Blue|Dark Grey|Purple|Magenta,#0066D9|#485259|#6C47B2|#F24574,69.9402,68.7863,68.1944,67.4112,66.2532,118.0375,68.0987
3845,Green|Olive Green|Tan|Cold White,#06924D|#948902|#A79E82|#D9DFE5,69.6118,69.0081,68.2972,67.2121,65.3796,113.0012,68.1101
3846,Blue|White|Pink|Magenta,#003776|#EBF7FF|#F1A1AF|#F24574,70.7636,68.9844,68.2305,67.2528,65.6842,106.8355,68.1186
3847,Azure Blue|Brown|Dark Olive Drab|Pink,#0066D9|#55331A|#575B54|#F1A1AF,71.0284,69.2143,68.3578,67.1062,65.0951,100.4038,68.1603
3848,Azure Blue|Purple|White|Pink,#0066D9|#6C47B2|#EBF7FF|#F1A1AF,70.0995,69.0809,68.4250,67.3208,65.4493,98.4975,68.2008
3849,Blue|Dark Grey|Cold White|Magenta,#003776|#485259|#D9DFE5|#F24574,70.8633,69.0678,68.2866,67.3820,66.0083,113.2499,68.2249
3850,Dark Grey|Dark Olive Drab|Tan|Magenta,#485259|#575B54|#A79E82|#F24574,71.2424,69.2082,68.3684,67.2664,65.5267,105.9323,68.2373
3851,Blue|Polymaker Teal|Brown|Magenta,#003776|#4CC0C7|#55331A|#F24574,71.2127,69.0226,68.2964,67.4535,66.1751,116.7480,68.2381
3852,Black|Dark Grey|Tan|Magenta,#080A0D|#485259|#A79E82|#F24574,72.1144,69.1467,68.3758,67.4001,65.8657,105.9429,68.2734
3853,Blue|Grey|Cold White|Magenta,#003776|#8C9099|#D9DFE5|#F24574,70.9386,69.1547,68.3727,67.4035,65.9073,113.2231,68.2791
3854,Black|Grey|Tan|Magenta,#080A0D|#8C9099|#A79E82|#F24574,72.1557,69.1631,68.3830,67.4012,65.8630,105.9573,68.2821
3855,Azure Blue|Dark Olive Drab|White|Pink,#0066D9|#575B54|#EBF7FF|#F1A1AF,70.5944,69.2784,68.5085,67.3176,65.3323,98.3037,68.2980
3856,Azure Blue|Dark Grey|Polymaker Teal|Pink,#0066D9|#485259|#4CC0C7|#F1A1AF,70.3903,69.2299,68.5280,67.4144,65.5178,98.5647,68.3222
3857,Azure Blue|Black|Dark Grey|Magenta,#0066D9|#080A0D|#485259|#F24574,71.1204,69.1150,68.4019,67.5526,66.3462,118.0376,68.3338
3858,Blue|Azure Blue|Polymaker Teal|Pink,#003776|#0066D9|#4CC0C7|#F1A1AF,70.0852,69.2002,68.5581,67.4802,65.6183,98.5647,68.3402
3859,Blue|Azure Blue|Purple|Pink,#003776|#0066D9|#6C47B2|#F1A1AF,70.3189,69.3121,68.5880,67.3740,65.3727,98.5647,68.3431
3860,Azure Blue|Polymaker Teal|Dark Olive Drab|Pink,#0066D9|#4CC0C7|#575B54|#F1A1AF,70.5250,69.2817,68.5513,67.4100,65.4869,98.5647,68.3459
3861,Black|Dark Olive Drab|Tan|Magenta,#080A0D|#575B54|#A79E82|#F24574,72.2218,69.2717,68.5086,67.5370,66.0071,105.9699,68.4044
3862,Polymaker Teal|Olive Green|Cold White|White,#4CC0C7|#948902|#D9DFE5|#EBF7FF,70.7271,69.5728,68.7597,67.2402,64.6947,110.8699,68.4065
3863,Black|Tan|Cold White|Magenta,#080A0D|#A79E82|#D9DFE5|#F24574,72.2758,69.2959,68.5218,67.5365,65.9899,105.6224,68.4162
3864,Blue|Black|Cold White|Magenta,#003776|#080A0D|#D9DFE5|#F24574,71.6698,69.3414,68.4453,67.4998,66.1329,113.2488,68.4206
3865,Azure Blue|Dark Grey|White|Pink,#0066D9|#485259|#EBF7FF|#F1A1AF,70.6074,69.3921,68.6489,67.4750,65.5011,98.4942,68.4336
3866,Blue|Brown|Purple|Cold White,#003776|#55331A|#6C47B2|#D9DFE5,70.8057,69.0655,68.5831,67.8120,66.5684,102.6761,68.4388
3867,Blue|Brown|Cold White|Magenta,#003776|#55331A|#D9DFE5|#F24574,71.7056,69.4275,68.5121,67.4693,66.0153,116.3085,68.4484
3868,Brown|Purple|Tan|White,#55331A|#6C47B2|#A79E82|#EBF7FF,70.9890,69.3972,68.5825,67.5328,65.9494,98.2510,68.4650
3869,Blue|Azure Blue|Dark Grey|Magenta,#003776|#0066D9|#485259|#F24574,70.3027,69.1749,68.5703,67.7558,66.5330,118.0375,68.4654
3870,Blue|Black|Polymaker Teal|Magenta,#003776|#080A0D|#4CC0C7|#F24574,71.3898,69.2497,68.5235,67.6961,66.4439,116.8441,68.4729
3871,Dark Grey|Brown|Purple|Cold White,#485259|#55331A|#6C47B2|#D9DFE5,70.3024,68.9767,68.6388,67.9769,66.8383,101.8021,68.4768
3872,Blue|Cold White|Pink|Magenta,#003776|#D9DFE5|#F1A1AF|#F24574,71.1676,69.4011,68.6132,67.5747,65.9441,108.7458,68.4879
3873,Blue|Dark Grey|Polymaker Teal|Magenta,#003776|#485259|#4CC0C7|#F24574,71.0585,69.3100,68.5965,67.7293,66.3783,116.8424,68.5196
3874,Blue|Dark Grey|Pink|Magenta,#003776|#485259|#F1A1AF|#F24574,70.6040,69.2368,68.6244,67.8286,66.5631,109.1432,68.5327
3875,Purple|Grey|White|Pink,#6C47B2|#8C9099|#EBF7FF|#F1A1AF,70.0579,69.3824,68.7759,67.6888,65.8194,98.5320,68.5356
3876,Blue|Grey|Pink|Magenta,#003776|#8C9099|#F1A1AF|#F24574,70.7981,69.3303,68.6525,67.7435,66.2995,109.0752,68.5369
3877,Blue|Polymaker Teal|Dark Olive Drab|Magenta,#003776|#4CC0C7|#575B54|#F24574,70.9669,69.3185,68.6557,67.8275,66.5196,116.3823,68.5730
3878,Blue|Polymaker Teal|Grey|Magenta,#003776|#4CC0C7|#8C9099|#F24574,71.0515,69.3893,68.6724,67.7619,66.3066,116.7105,68.5756
3879,Blue|Polymaker Teal|Purple|Pink,#003776|#4CC0C7|#6C47B2|#F1A1AF,70.3537,69.4782,68.8251,67.7321,65.8804,98.5647,68.6051
3880,Green|Black|Brown|Pink,#06924D|#080A0D|#55331A|#F1A1AF,71.8173,69.3460,68.6685,67.9144,66.5777,99.5228,68.6302
3881,Azure Blue|Polymaker Teal|Cold White|Pink,#0066D9|#4CC0C7|#D9DFE5|#F1A1AF,70.2557,69.4897,68.8875,67.8335,65.9683,98.5647,68.6616
3882,Grey|Tan|Pink|Magenta,#8C9099|#A79E82|#F1A1AF|#F24574,70.9897,69.6272,68.8575,67.7047,65.8163,102.7857,68.6660
3883,Azure Blue|Black|Dark Grey|Pink,#0066D9|#080A0D|#485259|#F1A1AF,71.8508,69.7152,68.8890,67.6189,65.5183,98.5648,68.6670
3884,Azure Blue|Black|Grey|Pink,#0066D9|#080A0D|#8C9099|#F1A1AF,72.0508,69.7401,68.8824,67.5981,65.4946,98.5647,68.6691
3885,Polymaker Teal|Dark Olive Drab|Purple|Pink,#4CC0C7|#575B54|#6C47B2|#F1A1AF,70.5297,69.5507,68.8783,67.7874,65.9583,98.5647,68.6691
3886,Black|Dark Olive Drab|Purple|Pink,#080A0D|#575B54|#6C47B2|#F1A1AF,71.4569,69.6209,68.8722,67.7307,65.8858,98.5647,68.6758
3887,Green|Black|Purple|White,#06924D|#080A0D|#6C47B2|#EBF7FF,71.9415,69.0711,68.6006,68.2988,67.8679,106.0907,68.6849
3888,Azure Blue|Brown|Cold White|Pink,#0066D9|#55331A|#D9DFE5|#F1A1AF,71.9260,69.8690,68.8975,67.5236,65.3590,100.2026,68.6963
3889,Green|Polymaker Teal|Olive Green|Tan,#06924D|#4CC0C7|#948902|#A79E82,70.1303,69.5832,68.8878,67.8227,66.0292,115.0251,68.7030
3890,Polymaker Teal|Purple|Cold White|Pink,#4CC0C7|#6C47B2|#D9DFE5|#F1A1AF,70.1922,69.5289,68.9422,67.8859,66.0550,98.5647,68.7074
3891,Blue|Purple|White|Pink,#003776|#6C47B2|#EBF7FF|#F1A1AF,70.7773,69.6534,68.9355,67.7990,65.9273,98.5310,68.7262
3892,Dark Olive Drab|Tan|Pink|Magenta,#575B54|#A79E82|#F1A1AF|#F24574,71.6860,69.7057,68.8744,67.7548,65.9607,102.8505,68.7303
3893,Brown|Dark Olive Drab|Purple|Pink,#55331A|#575B54|#6C47B2|#F1A1AF,71.3101,69.7554,68.9318,67.7350,65.8575,100.3745,68.7452
3894,Azure Blue|Dark Grey|Brown|Pink,#0066D9|#485259|#55331A|#F1A1AF,71.7639,69.8602,68.9586,67.6410,65.5288,100.4038,68.7506
3895,Azure Blue|Brown|Grey|Pink,#0066D9|#55331A|#8C9099|#F1A1AF,71.8505,69.8901,68.9654,67.6223,65.4813,100.4036,68.7562
3896,Dark Grey|Polymaker Teal|Purple|Pink,#485259|#4CC0C7|#6C47B2|#F1A1AF,70.6956,69.6697,68.9760,67.8598,66.0067,98.5647,68.7647
3897,Blue|Azure Blue|Dark Olive Drab|Pink,#003776|#0066D9|#575B54|#F1A1AF,70.7483,69.7266,69.0079,67.8104,65.7948,98.5647,68.7685
3898,Green|Black|Polymaker Teal|Pink,#06924D|#080A0D|#4CC0C7|#F1A1AF,72.5071,69.4922,68.8233,68.0613,66.6771,99.1099,68.7768
3899,Dark Olive Drab|Tan|White|Magenta,#575B54|#A79E82|#EBF7FF|#F24574,71.7440,69.7842,68.9313,67.7753,65.8843,100.8541,68.7797
3900,Green|Black|Dark Grey|Pink,#06924D|#080A0D|#485259|#F1A1AF,72.5014,69.4946,68.8302,68.0702,66.6855,99.1182,68.7824
3901,Green|Black|Dark Olive Drab|Pink,#06924D|#080A0D|#575B54|#F1A1AF,72.5014,69.4956,68.8313,68.0713,66.6865,99.1196,68.7834
3902,Green|Black|Tan|Pink,#06924D|#080A0D|#A79E82|#F1A1AF,72.4918,69.4954,68.8332,68.0744,66.6898,99.1183,68.7849
3903,Green|Black|Grey|Pink,#06924D|#080A0D|#8C9099|#F1A1AF,72.5024,69.4984,68.8337,68.0735,66.6886,99.1183,68.7859
3904,Green|Black|Cold White|Pink,#06924D|#080A0D|#D9DFE5|#F1A1AF,72.5026,69.4988,68.8341,68.0739,66.6890,99.1183,68.7863
3905,Polymaker Teal|Dark Olive Drab|Tan|Magenta,#4CC0C7|#575B54|#A79E82|#F24574,71.9679,69.8726,68.9483,67.7209,65.7656,105.9222,68.7968
3906,Azure Blue|Dark Olive Drab|Cold White|Pink,#0066D9|#575B54|#D9DFE5|#F1A1AF,70.8112,69.7703,69.0433,67.8330,65.7954,98.5647,68.8017
3907,Dark Grey|Brown|Purple|Magenta,#485259|#55331A|#6C47B2|#F24574,71.6992,69.5482,68.8304,68.0613,67.0327,116.8623,68.8047
3908,Azure Blue|Black|Cold White|Pink,#0066D9|#080A0D|#D9DFE5|#F1A1AF,72.2383,69.9231,69.0399,67.7114,65.5435,98.5647,68.8172
3909,Azure Blue|Polymaker Teal|White|Pink,#0066D9|#4CC0C7|#EBF7FF|#F1A1AF,70.4083,69.6528,69.0421,67.9818,66.1261,98.4939,68.8173
3910,Azure Blue|Dark Olive Drab|Grey|Pink,#0066D9|#575B54|#8C9099|#F1A1AF,70.8402,69.8058,69.0831,67.8792,65.8540,98.5647,68.8425
3911,Azure Blue|Dark Grey|Dark Olive Drab|Pink,#0066D9|#485259|#575B54|#F1A1AF,70.8460,69.8063,69.0828,67.8788,65.8540,98.5647,68.8426
3912,Azure Blue|Polymaker Teal|Grey|Pink,#0066D9|#4CC0C7|#8C9099|#F1A1AF,70.5199,69.7146,69.0897,68.0057,66.1071,98.5647,68.8601
3913,Dark Olive Drab|Grey|Tan|Magenta,#575B54|#8C9099|#A79E82|#F24574,71.9826,69.9030,69.0256,67.8621,66.0286,105.9368,68.8825
3914,Polymaker Teal|Purple|Grey|Pink,#4CC0C7|#6C47B2|#8C9099|#F1A1AF,70.3936,69.7429,69.1577,68.0875,66.2270,98.5647,68.9152
3915,Grey|Tan|Cold White|Magenta,#8C9099|#A79E82|#D9DFE5|#F24574,71.4396,69.9432,69.1207,67.9184,65.9879,105.5151,68.9308
3916,Blue|Azure Blue|White|Pink,#003776|#0066D9|#EBF7FF|#F1A1AF,71.0363,69.9007,69.1751,67.9974,66.0126,98.4936,68.9491
3917,Blue|Azure Blue|Black|Pink,#003776|#0066D9|#080A0D|#F1A1AF,72.2848,70.0461,69.1771,67.8550,65.6837,98.5647,68.9506
3918,Blue|Azure Blue|Brown|Pink,#003776|#0066D9|#55331A|#F1A1AF,71.9706,70.1064,69.1821,67.8130,65.6266,100.4044,68.9597
3919,Brown|Dark Olive Drab|Purple|Cold White,#55331A|#575B54|#6C47B2|#D9DFE5,70.8503,69.5422,69.1693,68.3813,66.9446,101.0421,68.9617
3920,Blue|Black|Tan|Pink,#003776|#080A0D|#A79E82|#F1A1AF,71.5243,69.9265,69.1871,68.0163,66.0417,95.6519,68.9714
3921,Blue|Black|Pink|Magenta,#003776|#080A0D|#F1A1AF|#F24574,71.3615,69.7084,69.0563,68.2406,66.9572,109.1491,68.9745
3922,Purple|Cold White|White|Pink,#6C47B2|#D9DFE5|#EBF7FF|#F1A1AF,70.8374,69.8753,69.2144,68.0826,66.1655,98.5404,68.9790
3923,Black|Dark Grey|Purple|Magenta,#080A0D|#485259|#6C47B2|#F24574,71.8628,69.6393,68.9895,68.3441,67.4863,118.0348,68.9917
3924,Blue|Dark Olive Drab|Tan|Pink,#003776|#575B54|#A79E82|#F1A1AF,70.9496,69.9708,69.2482,68.0535,66.0284,95.6521,69.0122
3925,Dark Grey|Brown|Dark Olive Drab|Purple,#485259|#55331A|#575B54|#6C47B2,71.4023,69.5924,69.0588,68.4817,67.6915,112.8205,69.0370
3926,Blue|Black|Polymaker Teal|Tan,#003776|#080A0D|#4CC0C7|#A79E82,71.2960,70.0023,69.3039,68.0825,65.9905,92.4912,69.0424
3927,Azure Blue|Black|Brown|Pink,#0066D9|#080A0D|#55331A|#F1A1AF,72.2796,70.1936,69.2536,67.8969,65.7331,100.4045,69.0453
3928,Blue|Dark Grey|Tan|Pink,#003776|#485259|#A79E82|#F1A1AF,71.0363,70.0181,69.2887,68.0890,66.0538,95.6520,69.0535
3929,Black|Brown|Purple|Cold White,#080A0D|#55331A|#6C47B2|#D9DFE5,71.6029,69.6983,69.2470,68.4383,67.0066,101.0460,69.0683
3930,Blue|Black|Grey|Tan,#003776|#080A0D|#8C9099|#A79E82,71.3529,70.0623,69.3542,68.0906,65.9396,92.4853,69.0764
3931,Blue|Dark Olive Drab|Purple|Pink,#003776|#575B54|#6C47B2|#F1A1AF,70.7010,69.9629,69.3122,68.1950,66.3179,98.5647,69.0789
3932,Blue|Black|Dark Olive Drab|Tan,#003776|#080A0D|#575B54|#A79E82,71.3406,70.0609,69.3568,68.0978,65.9476,92.4853,69.0793
3933,Blue|Black|Dark Grey|Tan,#003776|#080A0D|#485259|#A79E82,71.3461,70.0626,69.3571,68.0975,65.9474,92.4845,69.0800
3934,Blue|Black|Tan|Cold White,#003776|#080A0D|#A79E82|#D9DFE5,71.3492,70.0654,69.3595,68.0979,65.9469,92.4853,69.0817
3935,Blue|Polymaker Teal|Tan|Pink,#003776|#4CC0C7|#A79E82|#F1A1AF,70.9857,70.0327,69.3239,68.1455,66.0931,95.6587,69.0891
3936,Black|Purple|Tan|White,#080A0D|#6C47B2|#A79E82|#EBF7FF,72.9714,69.9892,69.2153,68.1927,66.5911,102.6928,69.0909
3937,Green|Black|White|Pink,#06924D|#080A0D|#EBF7FF|#F1A1AF,72.7730,69.7754,69.1458,68.4232,67.0777,99.5897,69.0993
3938,Dark Olive Drab|Tan|Cold White|Magenta,#575B54|#A79E82|#D9DFE5|#F24574,72.2236,70.1133,69.2474,68.0975,66.2847,105.9232,69.1054
3939,Green|Dark Grey|Brown|Pink,#06924D|#485259|#55331A|#F1A1AF,71.5621,69.8338,69.1779,68.3928,66.9803,100.1172,69.1133
3940,Dark Grey|Brown|Purple|Pink,#485259|#55331A|#6C47B2|#F1A1AF,71.8483,70.1720,69.3063,68.0622,66.1232,100.3753,69.1171
3941,Blue|Tan|Cold White|Pink,#003776|#A79E82|#D9DFE5|#F1A1AF,71.1247,70.1035,69.3615,68.1416,66.0765,95.6519,69.1226
3942,Black|Dark Grey|Purple|Pink,#080A0D|#485259|#6C47B2|#F1A1AF,72.2342,70.1257,69.3232,68.1260,66.2063,98.5647,69.1258
3943,Blue|Grey|Tan|Pink,#003776|#8C9099|#A79E82|#F1A1AF,71.1204,70.1080,69.3674,68.1480,66.0831,95.6519,69.1280
3944,Black|Purple|Grey|Pink,#080A0D|#6C47B2|#8C9099|#F1A1AF,72.3203,70.1426,69.3279,68.1233,66.2029,98.5647,69.1329
3945,Brown|Purple|Grey|Pink,#55331A|#6C47B2|#8C9099|#F1A1AF,71.9140,70.2114,69.3356,68.0765,66.1207,100.3749,69.1439
3946,Blue|Azure Blue|Dark Grey|Pink,#003776|#0066D9|#485259|#F1A1AF,71.1470,70.1364,69.3974,68.1558,66.0662,98.5648,69.1461
3947,Grey|Tan|White|Magenta,#8C9099|#A79E82|#EBF7FF|#F24574,71.4957,70.1394,69.3535,68.1612,66.1537,100.6593,69.1503
3948,Azure Blue|Dark Grey|Cold White|Pink,#0066D9|#485259|#D9DFE5|#F1A1AF,71.2328,70.1640,69.4042,68.1422,66.0337,98.5647,69.1531
3949,Blue|Brown|Dark Olive Drab|Magenta,#003776|#55331A|#575B54|#F24574,71.4485,69.8363,69.2430,68.5218,67.4248,116.8197,69.1790
3950,Brown|Purple|Cold White|Pink,#55331A|#6C47B2|#D9DFE5|#F1A1AF,72.0051,70.2822,69.3896,68.1150,66.1394,100.2466,69.1986
3951,Black|Purple|Cold White|Pink,#080A0D|#6C47B2|#D9DFE5|#F1A1AF,72.3912,70.2114,69.3958,68.1865,66.2470,98.5647,69.1990
3952,Blue|Black|Purple|Pink,#003776|#080A0D|#6C47B2|#F1A1AF,72.4091,70.2355,69.4126,68.1988,66.2602,98.5647,69.2171
3953,Azure Blue|Dark Grey|Grey|Pink,#0066D9|#485259|#8C9099|#F1A1AF,71.2551,70.2323,69.4899,68.2428,66.1452,98.5648,69.2375
3954,Black|Brown|Purple|Pink,#080A0D|#55331A|#6C47B2|#F1A1AF,72.3036,70.3280,69.4283,68.1618,66.2029,100.3757,69.2449
3955,Blue|Azure Blue|Grey|Pink,#003776|#0066D9|#8C9099|#F1A1AF,71.0986,70.2251,69.5241,68.3051,66.2235,98.5647,69.2651
3956,Blue|Brown|Purple|Pink,#003776|#55331A|#6C47B2|#F1A1AF,72.0734,70.3611,69.4681,68.1960,66.2189,100.3750,69.2785
3957,Blue|Polymaker Teal|Dark Olive Drab|Tan,#003776|#4CC0C7|#575B54|#A79E82,71.1045,70.2423,69.5567,68.3352,66.2341,93.3260,69.2887
3958,Dark Olive Drab|Purple|Cold White|Pink,#575B54|#6C47B2|#D9DFE5|#F1A1AF,71.0044,70.2152,69.5515,68.4095,66.4885,98.5647,69.3124
3959,Dark Grey|Dark Olive Drab|Purple|Pink,#485259|#575B54|#6C47B2|#F1A1AF,71.0330,70.2296,69.5567,68.3997,66.4777,98.5647,69.3147
3960,Dark Olive Drab|Purple|Grey|Pink,#575B54|#6C47B2|#8C9099|#F1A1AF,71.0099,70.2214,69.5583,68.4172,66.4990,98.5647,69.3193
3961,Blue|Black|Brown|Tan,#003776|#080A0D|#55331A|#A79E82,71.2623,70.3181,69.6000,68.3455,66.2269,92.4577,69.3318
3962,Blue|Dark Grey|Dark Olive Drab|Tan,#003776|#485259|#575B54|#A79E82,71.1876,70.3185,69.6155,68.3454,66.1794,93.3250,69.3320
3963,Blue|Dark Olive Drab|Grey|Tan,#003776|#575B54|#8C9099|#A79E82,71.2013,70.3277,69.6161,68.3407,66.1731,93.3255,69.3342
3964,Blue|Dark Olive Drab|Tan|Cold White,#003776|#575B54|#A79E82|#D9DFE5,71.1997,70.3254,69.6168,68.3435,66.1762,93.3250,69.3345
3965,Blue|Polymaker Teal|Brown|Tan,#003776|#4CC0C7|#55331A|#A79E82,71.0827,70.2999,69.5924,68.3728,66.2950,92.4581,69.3363
3966,Blue|Dark Grey|Polymaker Teal|Tan,#003776|#485259|#4CC0C7|#A79E82,71.1882,70.3078,69.6194,68.3942,66.2803,93.4656,69.3510
3967,Blue|Polymaker Teal|Grey|Tan,#003776|#4CC0C7|#8C9099|#A79E82,71.1473,70.3160,69.6339,68.4234,66.3268,93.4662,69.3697
3968,Blue|Polymaker Teal|Tan|Cold White,#003776|#4CC0C7|#A79E82|#D9DFE5,71.1473,70.3160,69.6339,68.4234,66.3268,93.4662,69.3697
3969,Green|Dark Grey|Dark Olive Drab|Pink,#06924D|#485259|#575B54|#F1A1AF,71.8566,70.1068,69.4677,68.6326,67.0969,99.7149,69.3697
3970,Blue|Brown|Dark Olive Drab|Tan,#003776|#55331A|#575B54|#A79E82,71.0613,70.3679,69.6471,68.3773,66.2347,92.4577,69.3726
3971,Green|Dark Grey|Polymaker Teal|Pink,#06924D|#485259|#4CC0C7|#F1A1AF,71.8575,70.1127,69.4784,68.6454,67.1086,99.7129,69.3791
3972,Green|Dark Grey|Tan|Pink,#06924D|#485259|#A79E82|#F1A1AF,71.8399,70.1103,69.4807,68.6497,67.1128,99.7151,69.3800
3973,Green|Dark Grey|Grey|Pink,#06924D|#485259|#8C9099|#F1A1AF,71.8508,70.1144,69.4825,68.6501,67.1131,99.7151,69.3822
3974,Green|Dark Grey|Cold White|Pink,#06924D|#485259|#D9DFE5|#F1A1AF,71.8508,70.1144,69.4825,68.6501,67.1131,99.7151,69.3822
3975,Blue|Dark Grey|Grey|Tan,#003776|#485259|#8C9099|#A79E82,71.2696,70.3765,69.6700,68.3922,66.2154,93.4639,69.3843
3976,Blue|Dark Grey|Tan|Cold White,#003776|#485259|#A79E82|#D9DFE5,71.2730,70.3783,69.6705,68.3931,66.2166,93.4639,69.3857
3977,Blue|Dark Grey|Purple|Pink,#003776|#485259|#6C47B2|#F1A1AF,71.1952,70.3336,69.6388,68.4686,66.5195,98.5648,69.4011
3978,Blue|Dark Grey|Brown|Tan,#003776|#485259|#55331A|#A79E82,71.1045,70.3985,69.6802,68.4067,66.2558,92.4577,69.4026
3979,Blue|Brown|Purple|Magenta,#003776|#55331A|#6C47B2|#F24574,71.9800,70.1849,69.4582,68.6266,67.4889,116.8623,69.4057
3980,Blue|Dark Olive Drab|Grey|Magenta,#003776|#575B54|#8C9099|#F24574,71.3558,70.0351,69.4822,68.7845,67.6946,116.3988,69.4098
3981,Blue|Brown|Grey|Tan,#003776|#55331A|#8C9099|#A79E82,71.2116,70.4294,69.6853,68.3929,66.2326,92.4577,69.4111
3982,Polymaker Teal|Tan|Pink|Magenta,#4CC0C7|#A79E82|#F1A1AF|#F24574,71.8899,70.4109,69.6074,68.4171,66.3965,102.8007,69.4140
3983,Blue|Brown|Tan|Cold White,#003776|#55331A|#A79E82|#D9DFE5,71.2100,70.4316,69.6892,68.3974,66.2371,92.4577,69.4145
3984,Azure Blue|Black|Purple|Magenta,#0066D9|#080A0D|#6C47B2|#F24574,71.8981,70.2262,69.5058,68.6175,67.3385,118.0331,69.4218
3985,Blue|Black|Dark Olive Drab|Magenta,#003776|#080A0D|#575B54|#F24574,71.3721,70.0328,69.4944,68.8194,67.7661,116.3860,69.4261
3986,Blue|Dark Grey|Dark Olive Drab|Magenta,#003776|#485259|#575B54|#F24574,71.3440,70.0356,69.4960,68.8197,67.7653,116.3860,69.4277
3987,Dark Grey|Brown|Tan|Magenta,#485259|#55331A|#A79E82|#F24574,72.8061,70.4684,69.5653,68.4136,66.6421,108.6713,69.4410
3988,Blue|Grey|Tan|Cold White,#003776|#8C9099|#A79E82|#D9DFE5,71.3415,70.4466,69.7293,68.4371,66.2374,93.4652,69.4418
3989,Blue|Azure Blue|Cold White|Pink,#003776|#0066D9|#D9DFE5|#F1A1AF,71.5467,70.4463,69.6989,68.4483,66.3263,98.5647,69.4473
3990,Azure Blue|Grey|White|Pink,#0066D9|#8C9099|#EBF7FF|#F1A1AF,71.2733,70.4099,69.7194,68.5401,66.5188,98.4942,69.4750
3991,Polymaker Teal|Grey|Tan|Magenta,#4CC0C7|#8C9099|#A79E82|#F24574,72.1387,70.5334,69.6837,68.4429,66.3578,105.9200,69.4882
3992,Blue|Purple|Grey|Pink,#003776|#6C47B2|#8C9099|#F1A1AF,71.3023,70.4356,69.7360,68.5523,66.5785,98.5647,69.4939
3993,Green|Brown|Tan|Pink,#06924D|#55331A|#A79E82|#F1A1AF,72.3796,70.2417,69.5707,68.7633,67.2934,100.7966,69.5025
3994,Green|Brown|Cold White|Pink,#06924D|#55331A|#D9DFE5|#F1A1AF,72.3944,70.2517,69.5786,68.7702,67.3006,100.7967,69.5109
3995,Polymaker Teal|Tan|Cold White|Magenta,#4CC0C7|#A79E82|#D9DFE5|#F24574,72.2043,70.5895,69.7393,68.5028,66.4377,105.5203,69.5461
3996,Green|Brown|Grey|Pink,#06924D|#55331A|#8C9099|#F1A1AF,72.1935,70.3012,69.6314,68.8167,67.3355,100.5819,69.5589
3997,Black|Brown|Purple|Magenta,#080A0D|#55331A|#6C47B2|#F24574,72.7723,70.3840,69.5924,68.7565,67.6391,116.8629,69.5702
3998,Dark Grey|Polymaker Teal|Olive Green|Tan,#485259|#4CC0C7|#948902|#A79E82,71.4551,70.6785,69.9108,68.4671,65.9171,112.8137,69.5728
3999,Dark Grey|Purple|Cold White|Pink,#485259|#6C47B2|#D9DFE5|#F1A1AF,71.4425,70.5346,69.8239,68.6309,66.6558,98.5647,69.5827
4000,Blue|Brown|Grey|Magenta,#003776|#55331A|#8C9099|#F24574,72.1736,70.3582,69.6666,68.8177,67.5355,116.8201,69.5879
4001,Dark Grey|Purple|Grey|Pink,#485259|#6C47B2|#8C9099|#F1A1AF,71.4553,70.5546,69.8466,68.6564,66.6851,98.5648,69.6055
4002,Blue|Purple|Cold White|Pink,#003776|#6C47B2|#D9DFE5|#F1A1AF,71.6590,70.6239,69.8834,68.6699,66.6538,98.5647,69.6469
4003,Black|Polymaker Teal|Olive Green|Tan,#080A0D|#4CC0C7|#948902|#A79E82,72.0977,70.7759,69.9688,68.5314,66.0140,112.8240,69.6537
4004,Brown|Grey|Olive Green|Tan,#55331A|#8C9099|#948902|#A79E82,71.6707,70.8905,70.0379,68.4378,65.7041,113.0620,69.6641
4005,Azure Blue|Green|Brown|Purple,#0066D9|#06924D|#55331A|#6C47B2,70.9662,70.0080,69.6075,69.3346,69.1511,109.7407,69.6713
4006,Green|Polymaker Teal|Brown|Pink,#06924D|#4CC0C7|#55331A|#F1A1AF,72.4869,70.4597,69.7633,68.9308,67.4314,100.6665,69.6953
4007,Blue|Dark Grey|Purple|Magenta,#003776|#485259|#6C47B2|#F24574,71.6046,70.3507,69.7600,69.0542,68.0589,118.0364,69.7025
4008,Green|Dark Grey|White|Pink,#06924D|#485259|#EBF7FF|#F1A1AF,72.0995,70.4094,69.8010,69.0029,67.5132,100.0446,69.7061
4009,Green|Brown|Dark Olive Drab|Pink,#06924D|#55331A|#575B54|#F1A1AF,72.3615,70.4632,69.7801,68.9631,67.4869,100.6827,69.7132
4010,Azure Blue|Grey|Cold White|Pink,#0066D9|#8C9099|#D9DFE5|#F1A1AF,71.5833,70.7145,69.9999,68.7465,66.6138,98.5647,69.7305
4011,Black|Brown|Olive Green|Tan,#080A0D|#55331A|#948902|#A79E82,71.7682,70.9227,70.0921,68.5488,65.8867,112.7128,69.7357
4012,Dark Grey|Brown|Olive Green|Tan,#485259|#55331A|#948902|#A79E82,71.5911,70.9386,70.1232,68.5685,65.8827,113.1586,69.7536
4013,Purple|Grey|Cold White|Pink,#6C47B2|#8C9099|#D9DFE5|#F1A1AF,71.3221,70.6605,70.0260,68.8590,66.8654,98.5647,69.7598
4014,Dark Grey|Grey|Olive Green|Tan,#485259|#8C9099|#948902|#A79E82,71.6254,70.9722,70.1511,68.5929,65.9070,112.6206,69.7826
4015,Black|Brown|Tan|Magenta,#080A0D|#55331A|#A79E82|#F24574,73.9560,70.7134,69.8903,68.8791,67.3307,108.6731,69.7962
4016,Green|Dark Olive Drab|Purple|White,#06924D|#575B54|#6C47B2|#EBF7FF,71.9005,70.2606,69.7885,69.3726,68.7675,107.0729,69.8166
4017,Green|Dark Grey|Purple|White,#06924D|#485259|#6C47B2|#EBF7FF,71.7662,70.2415,69.8215,69.4404,68.8619,107.7493,69.8410
4018,Dark Grey|Olive Green|Tan|Cold White,#485259|#948902|#A79E82|#D9DFE5,71.6796,71.0449,70.2287,68.6715,65.9823,112.8137,69.8582
4019,Black|Grey|Olive Green|Tan,#080A0D|#8C9099|#948902|#A79E82,72.2996,71.0597,70.2138,68.6698,66.0140,112.8097,69.8647
4020,Polymaker Teal|Tan|White|Magenta,#4CC0C7|#A79E82|#EBF7FF|#F24574,72.3083,70.8735,70.0706,68.8647,66.8020,100.7632,69.8691
4021,Dark Grey|Dark Olive Drab|Olive Green|Tan,#485259|#575B54|#948902|#A79E82,71.6794,71.0585,70.2441,68.6882,65.9971,112.8507,69.8734
4022,Grey|Olive Green|Tan|Cold White,#8C9099|#948902|#A79E82|#D9DFE5,71.8165,71.1401,70.3002,68.7031,65.9575,112.3857,69.9216
4023,Black|Dark Grey|Olive Green|Tan,#080A0D|#485259|#948902|#A79E82,72.3353,71.1205,70.2778,68.7317,66.0709,112.8245,69.9261
4024,Dark Grey|Purple|Tan|White,#485259|#6C47B2|#A79E82|#EBF7FF,72.0680,70.8010,70.1287,69.0786,67.3831,103.4032,69.9398
4025,Black|Dark Olive Drab|Olive Green|Tan,#080A0D|#575B54|#948902|#A79E82,72.3634,71.1453,70.2957,68.7448,66.0805,112.8262,69.9450
4026,Black|Olive Green|Tan|Cold White,#080A0D|#948902|#A79E82|#D9DFE5,72.3645,71.1457,70.2960,68.7445,66.0799,112.8262,69.9451
4027,Blue|Azure Blue|Black|Magenta,#003776|#0066D9|#080A0D|#F24574,72.3887,70.7924,70.0581,69.1182,67.7385,118.0331,69.9553
4028,Azure Blue|Cold White|White|Pink,#0066D9|#D9DFE5|#EBF7FF|#F1A1AF,71.7368,70.8970,70.2133,69.0189,66.9618,98.4938,69.9580
4029,Azure Blue|Purple|Tan|White,#0066D9|#6C47B2|#A79E82|#EBF7FF,71.7616,70.8048,70.1784,69.1112,67.3666,104.3689,69.9580
4030,Green|Dark Olive Drab|Grey|Pink,#06924D|#575B54|#8C9099|#F1A1AF,72.6504,70.7341,70.0629,69.1917,67.5933,100.2402,69.9629
4031,Green|Dark Olive Drab|Tan|Pink,#06924D|#575B54|#A79E82|#F1A1AF,72.6433,70.7333,70.0650,69.1962,67.5988,100.2656,69.9648
4032,Green|Dark Olive Drab|Cold White|Pink,#06924D|#575B54|#D9DFE5|#F1A1AF,72.6541,70.7377,70.0675,69.1973,67.5997,100.2656,69.9675
4033,Green|Polymaker Teal|Dark Olive Drab|Pink,#06924D|#4CC0C7|#575B54|#F1A1AF,72.6933,70.7640,70.0866,69.2117,67.6127,100.2645,69.9878
4034,Blue|Dark Grey|Grey|Magenta,#003776|#485259|#8C9099|#F24574,72.1565,70.7348,70.1085,69.3211,68.1000,117.2516,70.0279
4035,Blue|Dark Grey|Brown|Magenta,#003776|#485259|#55331A|#F24574,72.2999,70.7076,70.1052,69.3530,68.1926,116.8207,70.0303
4036,Dark Olive Drab|Grey|Olive Green|Tan,#575B54|#8C9099|#948902|#A79E82,71.9952,71.2773,70.4316,68.8455,66.1228,112.9405,70.0614
4037,Dark Olive Drab|Purple|Tan|White,#575B54|#6C47B2|#A79E82|#EBF7FF,72.4888,70.9755,70.2416,69.1724,67.4811,103.4956,70.0739
4038,Blue|Black|Grey|Magenta,#003776|#080A0D|#8C9099|#F24574,72.5730,70.8142,70.1471,69.3519,68.1370,117.2489,70.0830
4039,Blue|Brown|Tan|Pink,#003776|#55331A|#A79E82|#F1A1AF,72.3296,71.1666,70.3458,69.0892,67.0455,99.2892,70.1279
4040,Azure Blue|Green|Purple|White,#0066D9|#06924D|#6C47B2|#EBF7FF,71.7440,70.5552,70.1760,69.7187,69.0458,108.2965,70.1369
4041,Brown|Grey|Tan|Magenta,#55331A|#8C9099|#A79E82|#F24574,73.2459,71.2262,70.3292,69.0898,67.1486,108.6722,70.1580
4042,Brown|Olive Green|Tan|Cold White,#55331A|#948902|#A79E82|#D9DFE5,72.0796,71.3733,70.5454,68.9534,66.1997,113.5568,70.1634
4043,Black|Dark Grey|Brown|Purple,#080A0D|#485259|#55331A|#6C47B2,72.5547,70.7664,70.2446,69.6560,68.8109,112.9791,70.2112
4044,Brown|Dark Olive Drab|Olive Green|Tan,#55331A|#575B54|#948902|#A79E82,72.1650,71.4398,70.6118,69.0355,66.3017,113.5577,70.2376
4045,Polymaker Teal|Purple|Tan|White,#4CC0C7|#6C47B2|#A79E82|#EBF7FF,71.8814,71.0252,70.4525,69.4659,67.8181,103.4251,70.2456
4046,Purple|Tan|Cold White|White,#6C47B2|#A79E82|#D9DFE5|#EBF7FF,71.9831,71.1187,70.5113,69.4539,67.7184,103.4251,70.2863
4047,Blue|Tan|White|Pink,#003776|#A79E82|#EBF7FF|#F1A1AF,72.4306,71.3269,70.5635,69.2946,67.1012,95.1652,70.3107
4048,Purple|Grey|Tan|White,#6C47B2|#8C9099|#A79E82|#EBF7FF,72.0327,71.1582,70.5486,69.4934,67.7579,103.4251,70.3258
4049,Green|Grey|Tan|Pink,#06924D|#8C9099|#A79E82|#F1A1AF,72.5039,71.0923,70.4742,69.5747,67.9211,100.1656,70.3335
4050,Green|Grey|Cold White|Pink,#06924D|#8C9099|#D9DFE5|#F1A1AF,72.5153,71.0972,70.4767,69.5757,67.9228,100.1656,70.3364
4051,Azure Blue|Brown|Tan|White,#0066D9|#55331A|#A79E82|#EBF7FF,72.8966,71.3717,70.5320,69.3277,67.4367,98.2480,70.3497
4052,Blue|Purple|Tan|White,#003776|#6C47B2|#A79E82|#EBF7FF,72.2295,71.2141,70.5816,69.5095,67.7552,103.4251,70.3618
4053,Green|Dark Olive Drab|White|Pink,#06924D|#575B54|#EBF7FF|#F1A1AF,72.9751,71.1176,70.4751,69.6391,68.0908,100.4526,70.3783
4054,Polymaker Teal|Brown|Purple|White,#4CC0C7|#55331A|#6C47B2|#EBF7FF,72.4745,71.2388,70.5090,69.5496,68.0527,99.5169,70.3942
4055,Azure Blue|Brown|Purple|White,#0066D9|#55331A|#6C47B2|#EBF7FF,72.4081,71.3143,70.5729,69.5096,67.8612,99.5136,70.4119
4056,Brown|Dark Olive Drab|Tan|Magenta,#55331A|#575B54|#A79E82|#F24574,73.9265,71.5081,70.5816,69.3834,67.5235,108.6844,70.4457
4057,Green|Polymaker Teal|Grey|Pink,#06924D|#4CC0C7|#8C9099|#F1A1AF,72.6639,71.2220,70.5933,69.6877,68.0303,100.1598,70.4548
4058,Blue|Green|Purple|White,#003776|#06924D|#6C47B2|#EBF7FF,71.9957,70.8661,70.5105,70.0975,69.4220,107.8884,70.4818
4059,Tan|White|Pink|Magenta,#A79E82|#EBF7FF|#F1A1AF|#F24574,72.7788,71.5742,70.8031,69.5726,67.4668,102.7254,70.5734
4060,Brown|Dark Olive Drab|Purple|White,#55331A|#575B54|#6C47B2|#EBF7FF,72.5258,71.4451,70.7184,69.7234,68.1616,99.5148,70.5842
4061,Blue|Azure Blue|Purple|Magenta,#003776|#0066D9|#6C47B2|#F24574,72.5015,71.3257,70.7074,69.8759,68.6028,118.3682,70.6008
4062,Green|Polymaker Teal|Purple|White,#06924D|#4CC0C7|#6C47B2|#EBF7FF,72.1371,71.0353,70.6590,70.1862,69.4615,107.9044,70.6107
4063,Green|Purple|Cold White|White,#06924D|#6C47B2|#D9DFE5|#EBF7FF,72.1090,71.0346,70.6686,70.2101,69.4874,107.9127,70.6224
4064,Azure Blue|Green|Tan|White,#0066D9|#06924D|#A79E82|#EBF7FF,71.8949,71.0713,70.6946,70.1972,69.3565,101.7688,70.6343
4065,Dark Olive Drab|Olive Green|Tan|Cold White,#575B54|#948902|#A79E82|#D9DFE5,72.5276,71.8562,71.0207,69.4299,66.6717,113.5481,70.6431
4066,Green|Brown|White|Pink,#06924D|#55331A|#EBF7FF|#F1A1AF,73.5848,71.4026,70.7221,69.9125,68.4482,102.3548,70.6575
4067,Dark Grey|Brown|Purple|White,#485259|#55331A|#6C47B2|#EBF7FF,72.7084,71.5454,70.7998,69.7860,68.2011,99.5151,70.6657
4068,Blue|Brown|Purple|White,#003776|#55331A|#6C47B2|#EBF7FF,72.7393,71.5568,70.8053,69.7891,68.2036,99.5151,70.6730
4069,Black|Brown|Purple|White,#080A0D|#55331A|#6C47B2|#EBF7FF,72.9570,71.5443,70.7951,69.8026,68.2482,99.5187,70.6735
4070,Blue|Dark Grey|Brown|Purple,#003776|#485259|#55331A|#6C47B2,72.7996,71.1943,70.7105,70.1609,69.3714,126.2508,70.6776
4071,Brown|Purple|Cold White|White,#55331A|#6C47B2|#D9DFE5|#EBF7FF,72.7339,71.5651,70.8160,69.7998,68.2149,99.4799,70.6825
4072,Brown|Purple|Grey|White,#55331A|#6C47B2|#8C9099|#EBF7FF,72.7430,71.5691,70.8172,69.7995,68.2133,99.5151,70.6843
4073,Brown|Tan|Cold White|Magenta,#55331A|#A79E82|#D9DFE5|#F24574,74.2610,71.8165,70.8491,69.5656,67.6252,108.3871,70.6910
4074,Blue|Green|Brown|Cold White,#003776|#06924D|#55331A|#D9DFE5,70.7501,70.6253,70.6554,70.7696,70.9796,98.9639,70.6975
4075,Blue|Green|Black|Brown,#003776|#06924D|#080A0D|#55331A,70.7517,70.6262,70.6575,70.7731,70.9845,98.9645,70.6996
4076,Blue|Green|Dark Grey|Brown,#003776|#06924D|#485259|#55331A,70.7444,70.6300,70.6625,70.7764,70.9859,98.9645,70.7032
4077,Blue|Green|Brown|Dark Olive Drab,#003776|#06924D|#55331A|#575B54,70.7464,70.6314,70.6626,70.7764,70.9858,98.9645,70.7039
4078,Brown|Tan|White|Magenta,#55331A|#A79E82|#EBF7FF|#F24574,74.3906,71.7893,70.8543,69.6250,67.6722,104.2209,70.7071
4079,Blue|Green|Polymaker Teal|Brown,#003776|#06924D|#4CC0C7|#55331A,70.7617,70.6428,70.6655,70.7747,70.9837,98.9645,70.7088
4080,Green|Purple|Grey|White,#06924D|#6C47B2|#8C9099|#EBF7FF,72.2011,71.1471,70.7813,70.3227,69.5960,107.8746,70.7349
4081,Polymaker Teal|Brown|Tan|Magenta,#4CC0C7|#55331A|#A79E82|#F24574,74.0146,71.8414,70.9118,69.6522,67.6071,108.6741,70.7468
4082,Blue|Black|Brown|Magenta,#003776|#080A0D|#55331A|#F24574,72.9473,71.4587,70.8406,70.0353,68.8045,116.8209,70.7470
4083,Polymaker Teal|Brown|Purple|Grey,#4CC0C7|#55331A|#6C47B2|#8C9099,72.0994,71.2644,70.8689,70.2578,69.2598,106.2360,70.7611
4084,Tan|Cold White|Pink|Magenta,#A79E82|#D9DFE5|#F1A1AF|#F24574,72.9509,71.7602,71.0010,69.7927,67.7469,103.4409,70.7764
4085,Brown|Tan|Pink|Magenta,#55331A|#A79E82|#F1A1AF|#F24574,74.2042,71.7942,70.9245,69.7704,67.9552,106.1660,70.7823
4086,Azure Blue|Black|Tan|White,#0066D9|#080A0D|#A79E82|#EBF7FF,74.8346,71.8906,71.0522,69.8370,67.8558,99.9309,70.8638
4087,Blue|Green|Brown|Grey,#003776|#06924D|#55331A|#8C9099,70.8288,70.7955,70.8478,70.9541,71.1197,99.0411,70.8748
4088,Green|Grey|White|Pink,#06924D|#8C9099|#EBF7FF|#F1A1AF,72.9328,71.6139,71.0204,70.1544,68.5377,100.4433,70.8841
4089,Azure Blue|Green|Black|White,#0066D9|#06924D|#080A0D|#EBF7FF,74.2799,71.3948,70.8888,70.4750,69.8390,104.3320,70.9349
4090,Blue|Black|Purple|Magenta,#003776|#080A0D|#6C47B2|#F24574,73.9024,71.9683,71.2416,70.4458,69.3747,118.0330,71.2071
4091,Green|Polymaker Teal|Tan|Pink,#06924D|#4CC0C7|#A79E82|#F1A1AF,73.5109,72.0100,71.3586,70.4332,68.7486,100.2790,71.2216
4092,Green|Polymaker Teal|Cold White|Pink,#06924D|#4CC0C7|#D9DFE5|#F1A1AF,73.5224,72.0148,71.3611,70.4340,68.7500,100.2790,71.2244
4093,Blue|Black|Dark Grey|Magenta,#003776|#080A0D|#485259|#F24574,73.2081,71.8600,71.3002,70.5992,69.4907,118.0212,71.2296
4094,Tan|Cold White|White|Magenta,#A79E82|#D9DFE5|#EBF7FF|#F24574,73.4147,72.2436,71.4847,70.2582,68.1335,102.7575,71.2509
4095,Green|Tan|Cold White|Pink,#06924D|#A79E82|#D9DFE5|#F1A1AF,73.6496,72.0937,71.4184,70.4519,68.6910,101.9083,71.2728
4096,Green|Black|Purple|Grey,#06924D|#080A0D|#6C47B2|#8C9099,74.2969,71.7764,71.2931,70.9791,70.6319,120.0055,71.3777
4097,Polymaker Teal|Brown|Purple|Cold White,#4CC0C7|#55331A|#6C47B2|#D9DFE5,72.2923,71.7390,71.5375,71.0317,70.0896,106.3582,71.3853
4098,Dark Grey|Polymaker Teal|Brown|Purple,#485259|#4CC0C7|#55331A|#6C47B2,72.2866,71.7314,71.5427,71.0467,70.1119,106.3582,71.3890
4099,Black|Polymaker Teal|Brown|Purple,#080A0D|#4CC0C7|#55331A|#6C47B2,72.2892,71.7315,71.5429,71.0470,70.1117,106.3582,71.3892
4100,Polymaker Teal|Brown|Dark Olive Drab|Purple,#4CC0C7|#55331A|#575B54|#6C47B2,72.2870,71.7312,71.5440,71.0487,70.1131,106.3582,71.3899
4101,Blue|Polymaker Teal|Brown|Purple,#003776|#4CC0C7|#55331A|#6C47B2,72.3750,71.7888,71.5930,71.0914,70.1512,106.3582,71.4401
4102,Dark Grey|Brown|White|Magenta,#485259|#55331A|#EBF7FF|#F24574,74.6907,72.4626,71.6061,70.4967,68.6765,105.8817,71.4797
4103,Black|Brown|White|Magenta,#080A0D|#55331A|#EBF7FF|#F24574,75.6263,72.4278,71.6188,70.6079,68.9290,105.8827,71.5178
4104,Blue|Green|Brown|White,#003776|#06924D|#55331A|#EBF7FF,71.2685,71.8577,71.6997,71.4378,70.8927,95.5138,71.6477
4105,Green|Polymaker Teal|White|Pink,#06924D|#4CC0C7|#EBF7FF|#F1A1AF,73.9156,72.5034,71.8816,70.9933,69.3505,100.7183,71.7483
4106,Azure Blue|Green|Polymaker Teal|Brown,#0066D9|#06924D|#4CC0C7|#55331A,73.2068,72.2579,71.8464,71.5129,71.1885,109.7383,71.8854
4107,Azure Blue|Green|Dark Grey|Brown,#0066D9|#06924D|#485259|#55331A,73.1991,72.2560,71.8494,71.5178,71.1918,109.7383,71.8869
4108,Azure Blue|Green|Brown|Cold White,#0066D9|#06924D|#55331A|#D9DFE5,73.2002,72.2589,71.8508,71.5180,71.1897,109.5568,71.8884
4109,Azure Blue|Green|Brown|Dark Olive Drab,#0066D9|#06924D|#55331A|#575B54,73.2051,72.2642,71.8560,71.5245,71.1992,109.7383,71.8943
4110,Azure Blue|Green|Black|Brown,#0066D9|#06924D|#080A0D|#55331A,73.2054,72.2644,71.8561,71.5245,71.1992,109.7383,71.8944
4111,Azure Blue|Green|Brown|Grey,#0066D9|#06924D|#55331A|#8C9099,73.2052,72.2643,71.8561,71.5246,71.1992,109.7383,71.8944
4112,Blue|Azure Blue|Green|Brown,#003776|#0066D9|#06924D|#55331A,73.1835,72.2764,71.8742,71.5461,71.2171,109.7383,71.9113
4113,Black|Dark Olive Drab|Purple|Cold White,#080A0D|#575B54|#6C47B2|#D9DFE5,76.6037,72.8722,71.9881,70.9754,69.3985,98.8115,71.9238
4114,Green|Dark Grey|Purple|Grey,#06924D|#485259|#6C47B2|#8C9099,73.6556,72.3481,71.9167,71.5173,71.0016,119.4226,71.9327
4115,Green|Tan|White|Pink,#06924D|#A79E82|#EBF7FF|#F1A1AF,74.1723,72.7161,72.0803,71.1623,69.4593,101.7548,71.9392
4116,Azure Blue|Green|Dark Olive Drab|White,#0066D9|#06924D|#575B54|#EBF7FF,73.9185,72.4507,71.9728,71.4855,70.7195,105.9859,71.9681
4117,Dark Grey|Dark Olive Drab|White|Magenta,#485259|#575B54|#EBF7FF|#F24574,74.4536,72.8552,72.1192,71.0866,69.3261,106.4225,71.9709
4118,Green|Cold White|White|Pink,#06924D|#D9DFE5|#EBF7FF|#F1A1AF,74.2227,72.7589,72.1176,71.1931,69.4795,102.2812,71.9760
4119,Black|Dark Olive Drab|White|Magenta,#080A0D|#575B54|#EBF7FF|#F24574,75.5435,72.8223,72.1203,71.1810,69.5713,106.4236,72.0017
4120,Black|Polymaker Teal|White|Magenta,#080A0D|#4CC0C7|#EBF7FF|#F24574,75.7061,72.8195,72.1096,71.1895,69.6100,107.1907,72.0045
4121,Azure Blue|Green|Dark Grey|White,#0066D9|#06924D|#485259|#EBF7FF,73.7504,72.4450,72.0226,71.5731,70.8441,107.1655,72.0091
4122,Green|Dark Olive Drab|Purple|Grey,#06924D|#575B54|#6C47B2|#8C9099,73.8223,72.4658,71.9921,71.5572,71.0181,118.7125,72.0115
4123,Green|Black|Dark Olive Drab|Purple,#06924D|#080A0D|#575B54|#6C47B2,74.6693,72.3951,71.9659,71.6594,71.2916,124.1246,72.0272
4124,Green|Black|Purple|Cold White,#06924D|#080A0D|#6C47B2|#D9DFE5,74.9721,72.5830,72.0471,71.6489,71.2296,125.6091,72.1160
4125,Dark Grey|Polymaker Teal|White|Magenta,#485259|#4CC0C7|#EBF7FF|#F24574,74.6668,73.0350,72.2871,71.2490,69.4774,107.1753,72.1420
4126,Azure Blue|Dark Grey|Tan|White,#0066D9|#485259|#A79E82|#EBF7FF,74.3689,73.1611,72.4130,71.1978,69.1689,102.1569,72.1795
4127,Blue|Dark Olive Drab|White|Pink,#003776|#575B54|#EBF7FF|#F1A1AF,74.1063,73.1591,72.4429,71.2316,69.1010,98.4580,72.1953
4128,Azure Blue|Dark Olive Drab|Tan|White,#0066D9|#575B54|#A79E82|#EBF7FF,74.7059,73.2469,72.4431,71.1963,69.1456,101.7392,72.2216
4129,Black|Cold White|White|Magenta,#080A0D|#D9DFE5|#EBF7FF|#F24574,75.9452,73.0896,72.3626,71.4032,69.7656,106.9920,72.2464
4130,Black|White|Pink|Magenta,#080A0D|#EBF7FF|#F1A1AF|#F24574,75.9527,73.1005,72.3826,71.4435,69.8396,106.8327,72.2720
4131,Blue|Black|White|Pink,#003776|#080A0D|#EBF7FF|#F1A1AF,74.9902,73.2536,72.5008,71.2944,69.1827,98.5327,72.2740
4132,Azure Blue|Polymaker Teal|Brown|White,#0066D9|#4CC0C7|#55331A|#EBF7FF,74.4089,73.2391,72.4904,71.3951,69.6256,99.5104,72.3171
4133,Black|Dark Grey|White|Magenta,#080A0D|#485259|#EBF7FF|#F24574,76.0008,73.1588,72.4398,71.4985,69.8896,107.2001,72.3286
4134,Blue|Brown|White|Pink,#003776|#55331A|#EBF7FF|#F1A1AF,74.6452,73.3931,72.5622,71.2674,69.0740,99.9754,72.3302
4135,Dark Grey|Cold White|White|Magenta,#485259|#D9DFE5|#EBF7FF|#F24574,74.8502,73.2434,72.4875,71.4220,69.6089,106.9826,72.3327
4136,Black|Grey|White|Magenta,#080A0D|#8C9099|#EBF7FF|#F24574,76.0248,73.1748,72.4563,71.5142,69.9049,107.2060,72.3445
4137,Dark Grey|White|Pink|Magenta,#485259|#EBF7FF|#F1A1AF|#F24574,74.8574,73.2547,72.5063,71.4584,69.6735,106.8388,72.3566
4138,Brown|Dark Olive Drab|White|Magenta,#55331A|#575B54|#EBF7FF|#F24574,75.6070,73.3875,72.5181,71.3485,69.4039,105.8820,72.3680
4139,Green|Purple|Grey|Cold White,#06924D|#6C47B2|#8C9099|#D9DFE5,73.8241,72.9085,72.4598,71.8972,71.1947,119.2307,72.4028
4140,Dark Grey|Grey|White|Magenta,#485259|#8C9099|#EBF7FF|#F24574,74.9301,73.3284,72.5791,71.5278,69.7370,107.2024,72.4281
4141,Green|Dark Grey|Purple|Cold White,#06924D|#485259|#6C47B2|#D9DFE5,74.1734,72.9571,72.4630,71.9813,71.4182,124.3285,72.4692
4142,Blue|Dark Grey|White|Pink,#003776|#485259|#EBF7FF|#F1A1AF,74.4677,73.4624,72.7304,71.4920,69.3085,98.5327,72.4772
4143,Azure Blue|Brown|Dark Olive Drab|White,#0066D9|#55331A|#575B54|#EBF7FF,74.4506,73.4269,72.6750,71.5311,69.6724,99.5083,72.4790
4144,Green|Dark Olive Drab|Purple|Cold White,#06924D|#575B54|#6C47B2|#D9DFE5,74.2615,73.0138,72.4856,71.9753,71.3899,123.6609,72.4946
4145,Dark Grey|Polymaker Teal|Cold White|Magenta,#485259|#4CC0C7|#D9DFE5|#F24574,75.3964,73.4790,72.6312,71.5403,69.7513,113.7177,72.5096
4146,Brown|Grey|White|Magenta,#55331A|#8C9099|#EBF7FF|#F24574,75.3740,73.5237,72.7053,71.5299,69.5454,105.8817,72.5268
4147,Green|Black|Dark Grey|Purple,#06924D|#080A0D|#485259|#6C47B2,75.1189,72.8981,72.4698,72.1610,71.7846,125.2024,72.5295
4148,Black|Polymaker Teal|Cold White|Magenta,#080A0D|#4CC0C7|#D9DFE5|#F24574,76.4457,73.4427,72.6202,71.6334,70.0359,113.7263,72.5380
4149,Blue|Brown|Dark Olive Drab|Purple,#003776|#55331A|#575B54|#6C47B2,74.1132,73.0316,72.6324,72.0635,71.2214,140.6394,72.5476
4150,Blue|Polymaker Teal|Brown|Pink,#003776|#4CC0C7|#55331A|#F1A1AF,74.8072,73.6096,72.7825,71.4905,69.3001,100.3213,72.5501
4151,Azure Blue|Dark Grey|Brown|White,#0066D9|#485259|#55331A|#EBF7FF,74.6336,73.5279,72.7550,71.5894,69.7033,99.5086,72.5587
4152,Azure Blue|Brown|Cold White|White,#0066D9|#55331A|#D9DFE5|#EBF7FF,74.6434,73.5385,72.7636,71.5952,69.7079,99.4730,72.5668
4153,Azure Blue|Black|Brown|White,#0066D9|#080A0D|#55331A|#EBF7FF,74.8804,73.5288,72.7540,71.6111,69.7624,99.5122,72.5700
4154,Azure Blue|Brown|Grey|White,#0066D9|#55331A|#8C9099|#EBF7FF,74.6460,73.5427,72.7686,71.6002,69.7116,99.5086,72.5715
4155,Blue|Azure Blue|Brown|White,#003776|#0066D9|#55331A|#EBF7FF,74.6241,73.5501,72.7784,71.6108,69.7153,99.5086,72.5805
4156,Blue|Green|Purple|Cold White,#003776|#06924D|#6C47B2|#D9DFE5,74.3407,73.1390,72.6104,72.0547,71.3752,122.3358,72.5969
4157,Brown|Cold White|White|Magenta,#55331A|#D9DFE5|#EBF7FF|#F24574,76.0642,73.6289,72.7560,71.5699,69.5994,105.6578,72.5994
4158,Dark Grey|Polymaker Teal|Pink|Magenta,#485259|#4CC0C7|#F1A1AF|#F24574,75.0880,73.4989,72.7568,71.7159,69.9442,109.0459,72.6074
4159,Brown|White|Pink|Magenta,#55331A|#EBF7FF|#F1A1AF|#F24574,76.0782,73.6349,72.7621,71.5821,69.6320,105.7769,72.6085
4160,Blue|Green|Purple|Grey,#003776|#06924D|#6C47B2|#8C9099,73.9194,73.0176,72.6539,72.2095,71.5748,119.3129,72.6135
4161,Green|Black|Polymaker Teal|Purple,#06924D|#080A0D|#4CC0C7|#6C47B2,75.2627,73.0154,72.5594,72.2288,71.8431,125.6139,72.6221
4162,Black|Polymaker Teal|Pink|Magenta,#080A0D|#4CC0C7|#F1A1AF|#F24574,76.1233,73.4339,72.7426,71.8291,70.2726,109.0498,72.6315
4163,Blue|Azure Blue|Green|White,#003776|#0066D9|#06924D|#EBF7FF,74.0843,73.0571,72.7030,72.2748,71.5498,109.5571,72.6659
4164,Blue|Green|Black|Purple,#003776|#06924D|#080A0D|#6C47B2,75.3017,73.0493,72.6178,72.3187,71.9519,125.5459,72.6840
4165,Green|Polymaker Teal|Purple|Grey,#06924D|#4CC0C7|#6C47B2|#8C9099,73.9788,73.1401,72.7524,72.2514,71.5714,119.2307,72.6957
4166,Green|Polymaker Teal|Purple|Cold White,#06924D|#4CC0C7|#6C47B2|#D9DFE5,74.4282,73.2821,72.7295,72.1198,71.3914,122.6675,72.7010
4167,Polymaker Teal|Dark Olive Drab|White|Magenta,#4CC0C7|#575B54|#EBF7FF|#F24574,75.3913,73.7171,72.9236,71.7790,69.8384,106.3982,72.7480
4168,Dark Olive Drab|Cold White|White|Magenta,#575B54|#D9DFE5|#EBF7FF|#F24574,75.3679,73.7140,72.9486,71.8451,69.9592,106.2032,72.7796
4169,Green|Dark Grey|Dark Olive Drab|Purple,#06924D|#485259|#575B54|#6C47B2,74.3485,73.2222,72.7952,72.3702,71.8165,123.6210,72.7962
4170,Green|Polymaker Teal|Dark Olive Drab|Purple,#06924D|#4CC0C7|#575B54|#6C47B2,74.4043,73.2478,72.8026,72.3662,71.8099,123.6609,72.8070
4171,Blue|Polymaker Teal|White|Pink,#003776|#4CC0C7|#EBF7FF|#F1A1AF,74.9129,73.8227,73.0700,71.8047,69.5576,98.5319,72.8137
4172,Dark Olive Drab|White|Pink|Magenta,#575B54|#EBF7FF|#F1A1AF|#F24574,75.4096,73.7523,72.9874,71.8895,70.0160,106.3351,72.8209
4173,Dark Olive Drab|Grey|White|Magenta,#575B54|#8C9099|#EBF7FF|#F24574,75.4116,73.7622,72.9982,71.8976,70.0144,106.4208,72.8299
4174,Blue|Green|Dark Olive Drab|Purple,#003776|#06924D|#575B54|#6C47B2,74.4139,73.2521,72.8236,72.4109,71.8714,123.5891,72.8315
4175,Blue|Dark Olive Drab|Purple|Cold White,#003776|#575B54|#6C47B2|#D9DFE5,76.1613,73.8056,72.9169,71.8646,70.2950,104.4764,72.8351
4176,Blue|Black|Polymaker Teal|Pink,#003776|#080A0D|#4CC0C7|#F1A1AF,75.4436,73.8859,73.1154,71.8599,69.6738,98.5647,72.8729
4177,Black|Polymaker Teal|Tan|Pink,#080A0D|#4CC0C7|#A79E82|#F1A1AF,76.6606,73.9876,73.1290,71.8202,69.5387,100.1924,72.9039
4178,Blue|Polymaker Teal|Dark Olive Drab|Pink,#003776|#4CC0C7|#575B54|#F1A1AF,74.8386,73.9212,73.1892,71.9352,69.7321,98.5647,72.9282
4179,Polymaker Teal|Brown|White|Magenta,#4CC0C7|#55331A|#EBF7FF|#F24574,75.9568,73.9609,73.1103,71.9094,69.8685,105.8872,72.9352
4180,Black|Dark Grey|Tan|Pink,#080A0D|#485259|#A79E82|#F1A1AF,76.6637,74.0330,73.1715,71.8406,69.5610,100.1954,72.9368
4181,Black|Dark Olive Drab|Tan|Pink,#080A0D|#575B54|#A79E82|#F1A1AF,76.6497,74.0356,73.1759,71.8465,69.5685,100.1981,72.9410
4182,Black|Grey|Tan|Pink,#080A0D|#8C9099|#A79E82|#F1A1AF,76.6711,74.0431,73.1824,71.8511,69.5710,100.2040,72.9471
4183,Black|Tan|Cold White|Pink,#080A0D|#A79E82|#D9DFE5|#F1A1AF,76.6712,74.0436,73.1831,71.8518,69.5717,100.2050,72.9477
4184,Dark Grey|Brown|Pink|Magenta,#485259|#55331A|#F1A1AF|#F24574,75.7271,73.8919,73.1250,72.0628,70.2985,107.9515,72.9774
4185,Blue|Azure Blue|Tan|White,#003776|#0066D9|#A79E82|#EBF7FF,75.0186,73.9916,73.2775,72.0557,69.9868,103.5329,73.0236
4186,Green|Dark Grey|Polymaker Teal|Purple,#06924D|#485259|#4CC0C7|#6C47B2,74.4967,73.4378,73.0294,72.6198,72.0871,124.7987,73.0288
4187,Blue|Dark Grey|Polymaker Teal|Pink,#003776|#485259|#4CC0C7|#F1A1AF,75.0937,74.0974,73.3442,72.0627,69.8146,98.5647,73.0800
4188,Blue|Green|Dark Grey|Purple,#003776|#06924D|#485259|#6C47B2,74.5291,73.4665,73.0784,72.6951,72.1788,124.7535,73.0808
4189,Azure Blue|Polymaker Teal|Tan|White,#0066D9|#4CC0C7|#A79E82|#EBF7FF,74.7339,73.9787,73.3276,72.1887,70.2245,101.7644,73.0837
4190,Black|Tan|White|Pink,#080A0D|#A79E82|#EBF7FF|#F1A1AF,76.9805,74.2254,73.3583,72.0308,69.7246,99.7957,73.1281
4191,Blue|Grey|White|Pink,#003776|#8C9099|#EBF7FF|#F1A1AF,75.3369,74.2132,73.4292,72.1049,69.7848,98.5318,73.1590
4192,Azure Blue|Grey|Tan|White,#0066D9|#8C9099|#A79E82|#EBF7FF,74.9267,74.1436,73.4525,72.2358,70.1598,102.4304,73.1897
4193,Blue|Dark Grey|Dark Olive Drab|Pink,#003776|#485259|#575B54|#F1A1AF,74.9261,74.2029,73.4951,72.2252,69.9890,98.5649,73.2140
4194,Blue|Black|Purple|Cold White,#003776|#080A0D|#6C47B2|#D9DFE5,81.7459,74.4067,73.1548,72.0217,70.3777,105.9979,73.2142
4195,Blue|Polymaker Teal|Cold White|Pink,#003776|#4CC0C7|#D9DFE5|#F1A1AF,75.2007,74.2459,73.4980,72.1942,69.8908,98.5647,73.2201
4196,Azure Blue|Green|Grey|White,#0066D9|#06924D|#8C9099|#EBF7FF,74.4875,73.6598,73.2873,72.7809,71.9177,109.3594,73.2204
4197,Blue|Polymaker Teal|Grey|Pink,#003776|#4CC0C7|#8C9099|#F1A1AF,75.2083,74.2552,73.5080,72.2048,69.9022,98.5647,73.2300
4198,Blue|Cold White|White|Pink,#003776|#D9DFE5|#EBF7FF|#F1A1AF,75.4752,74.3035,73.4992,72.1581,69.8239,98.5407,73.2308
4199,Blue|Dark Olive Drab|Cold White|Pink,#003776|#575B54|#D9DFE5|#F1A1AF,74.9487,74.2266,73.5174,72.2463,70.0088,98.5649,73.2365
4200,Blue|Brown|Dark Olive Drab|Pink,#003776|#55331A|#575B54|#F1A1AF,75.1562,74.3167,73.5164,72.1708,69.8734,100.3225,73.2438
4201,Blue|Dark Olive Drab|Grey|Pink,#003776|#575B54|#8C9099|#F1A1AF,74.9547,74.2342,73.5259,72.2558,70.0208,98.5649,73.2450
4202,Azure Blue|Tan|Cold White|White,#0066D9|#A79E82|#D9DFE5|#EBF7FF,75.0036,74.2513,73.5651,72.3389,70.2376,101.7644,73.2951
4203,Polymaker Teal|Brown|Pink|Magenta,#4CC0C7|#55331A|#F1A1AF|#F24574,76.2173,74.3105,73.4819,72.2891,70.2433,107.9638,73.2998
4204,Dark Grey|Dark Olive Drab|Pink|Magenta,#485259|#575B54|#F1A1AF|#F24574,75.4389,74.0986,73.4598,72.5327,70.9363,109.0645,73.3157
4205,Blue|Black|Dark Olive Drab|Pink,#003776|#080A0D|#575B54|#F1A1AF,75.3588,74.3263,73.5996,72.3082,70.0452,98.5647,73.3172
4206,Dark Grey|Polymaker Teal|Brown|Magenta,#485259|#4CC0C7|#55331A|#F24574,76.5623,74.2942,73.4594,72.3811,70.6116,116.7480,73.3377
4207,Blue|Green|Tan|White,#003776|#06924D|#A79E82|#EBF7FF,74.2805,73.6535,73.4025,73.0466,72.3497,101.0768,73.3500
4208,Black|Dark Olive Drab|Pink|Magenta,#080A0D|#575B54|#F1A1AF|#F24574,76.0560,74.0538,73.4816,72.6504,71.2046,109.0645,73.3521
4209,Dark Grey|Cold White|Pink|Magenta,#485259|#D9DFE5|#F1A1AF|#F24574,75.7258,74.2584,73.5236,72.4679,70.7026,108.7323,73.3632
4210,Brown|Dark Olive Drab|Pink|Magenta,#55331A|#575B54|#F1A1AF|#F24574,76.1402,74.2800,73.5184,72.4495,70.6513,107.9479,73.3648
4211,Polymaker Teal|Dark Olive Drab|Cold White|Magenta,#4CC0C7|#575B54|#D9DFE5|#F24574,76.3354,74.4150,73.5110,72.3236,70.4083,113.9629,73.3693
4212,Polymaker Teal|Dark Olive Drab|Pink|Magenta,#4CC0C7|#575B54|#F1A1AF|#F24574,75.9532,74.3384,73.5501,72.4234,70.5237,109.0487,73.3809
4213,Blue|Black|Brown|Purple,#003776|#080A0D|#55331A|#6C47B2,74.8931,73.8736,73.4867,72.9286,72.1231,140.6825,73.4011
4214,Dark Grey|Dark Olive Drab|Cold White|Magenta,#485259|#575B54|#D9DFE5|#F24574,75.8686,74.2835,73.5634,72.6116,71.0300,113.6293,73.4476
4215,Black|Polymaker Teal|Brown|Magenta,#080A0D|#4CC0C7|#55331A|#F24574,77.2931,74.3429,73.5603,72.5718,70.9540,116.7480,73.4573
4216,Black|Dark Grey|Purple|Cold White,#080A0D|#485259|#6C47B2|#D9DFE5,79.2776,74.6001,73.4650,72.3267,70.6719,102.2265,73.4634
4217,Dark Grey|Grey|Cold White|Magenta,#485259|#8C9099|#D9DFE5|#F24574,76.2466,74.4484,73.6177,72.5265,70.7430,113.2306,73.4875
4218,Dark Grey|Dark Olive Drab|Tan|Pink,#485259|#575B54|#A79E82|#F1A1AF,75.8382,74.5777,73.7685,72.4056,70.0449,100.7951,73.4916
4219,Dark Grey|Grey|Tan|Pink,#485259|#8C9099|#A79E82|#F1A1AF,75.9271,74.6311,73.8147,72.4443,70.0713,100.7936,73.5377
4220,Dark Grey|Tan|Cold White|Pink,#485259|#A79E82|#D9DFE5|#F1A1AF,75.9271,74.6311,73.8147,72.4443,70.0713,100.7936,73.5377
4221,Blue|Brown|Cold White|Pink,#003776|#55331A|#D9DFE5|#F1A1AF,75.7266,74.6889,73.8116,72.3919,70.0137,100.3080,73.5404
4222,Dark Grey|Polymaker Teal|Tan|Pink,#485259|#4CC0C7|#A79E82|#F1A1AF,75.9070,74.6136,73.8122,72.4694,70.0951,100.7957,73.5415
4223,Black|Brown|Pink|Magenta,#080A0D|#55331A|#F1A1AF|#F24574,77.0825,74.4048,73.6786,72.7000,71.0695,107.9557,73.5524
4224,Blue|Brown|Dark Olive Drab|Cold White,#003776|#55331A|#575B54|#D9DFE5,73.7550,74.0250,73.8551,73.0844,71.6018,102.5041,73.5547
4225,Black|Dark Olive Drab|Cold White|Magenta,#080A0D|#575B54|#D9DFE5|#F24574,76.5514,74.3548,73.7148,72.8690,71.4493,113.6293,73.6119
4226,Blue|Brown|Grey|Pink,#003776|#55331A|#8C9099|#F1A1AF,75.7599,74.7503,73.8941,72.4882,70.1110,100.3217,73.6192
4227,Brown|Dark Olive Drab|Purple|Grey,#55331A|#575B54|#6C47B2|#8C9099,75.0288,74.4354,73.7840,72.8101,71.2352,103.7689,73.6227
4228,Blue|Dark Grey|Brown|Pink,#003776|#485259|#55331A|#F1A1AF,75.6890,74.7375,73.8983,72.5094,70.1497,100.3231,73.6234
4229,Dark Grey|Polymaker Teal|Grey|Magenta,#485259|#4CC0C7|#8C9099|#F24574,76.3822,74.5810,73.7725,72.6860,70.8811,116.7129,73.6335
4230,Black|Polymaker Teal|Grey|Magenta,#080A0D|#4CC0C7|#8C9099|#F24574,77.4367,74.5554,73.7797,72.8137,71.2364,116.7142,73.6845
4231,Dark Grey|Brown|Purple|Grey,#485259|#55331A|#6C47B2|#8C9099,75.1881,74.5143,73.8487,72.8640,71.2774,103.7689,73.6891
4232,Black|Brown|Purple|Grey,#080A0D|#55331A|#6C47B2|#8C9099,75.2106,74.5160,73.8498,72.8654,71.2812,103.7689,73.6907
4233,Black|Dark Grey|Polymaker Teal|Magenta,#080A0D|#485259|#4CC0C7|#F24574,77.4459,74.5672,73.7906,72.8237,71.2466,116.8441,73.6955
4234,Brown|Purple|Grey|Cold White,#55331A|#6C47B2|#8C9099|#D9DFE5,75.1877,74.5199,73.8583,72.8755,71.2889,103.7689,73.6977
4235,Dark Grey|Dark Olive Drab|Purple|Cold White,#485259|#575B54|#6C47B2|#D9DFE5,77.2255,74.7376,73.7993,72.7427,71.2164,104.0791,73.7401
4236,Brown|Grey|Pink|Magenta,#55331A|#8C9099|#F1A1AF|#F24574,76.2740,74.7454,73.9646,72.7811,70.7902,107.9491,73.7633
4237,Dark Grey|Grey|Pink|Magenta,#485259|#8C9099|#F1A1AF|#F24574,75.9791,74.6175,73.9449,72.9625,71.2843,109.0844,73.7900
4238,Blue|Black|Grey|Pink,#003776|#080A0D|#8C9099|#F1A1AF,76.2732,74.8716,74.0727,72.7168,70.3721,98.5647,73.7942
4239,Dark Grey|Tan|White|Pink,#485259|#A79E82|#EBF7FF|#F1A1AF,76.1822,74.8873,74.0767,72.7178,70.3235,100.5353,73.8025
4240,Blue|Black|Brown|Cold White,#003776|#080A0D|#55331A|#D9DFE5,74.5790,74.4200,74.1189,73.2327,71.5969,102.4987,73.8263
4241,Dark Grey|Polymaker Teal|Dark Olive Drab|Magenta,#485259|#4CC0C7|#575B54|#F24574,76.4989,74.7436,73.9741,72.9154,71.1266,116.3823,73.8295
4242,Blue|Black|Brown|Pink,#003776|#080A0D|#55331A|#F1A1AF,76.1300,74.9686,74.1030,72.6913,70.3074,100.3230,73.8299
4243,Black|Polymaker Teal|Dark Olive Drab|Magenta,#080A0D|#4CC0C7|#575B54|#F24574,77.3974,74.6784,73.9571,73.0096,71.4257,116.3823,73.8440
4244,Dark Olive Drab|Cold White|Pink|Magenta,#575B54|#D9DFE5|#F1A1AF|#F24574,76.1428,74.7117,74.0197,73.0079,71.2760,108.8373,73.8598
4245,Blue|Green|Polymaker Teal|Purple,#003776|#06924D|#4CC0C7|#6C47B2,75.1538,74.2799,73.8913,73.4405,72.8097,126.4904,73.8602
4246,Black|Dark Grey|Cold White|Magenta,#080A0D|#485259|#D9DFE5|#F24574,77.2644,74.7706,73.9806,72.9652,71.3215,113.2508,73.8679
4247,Blue|Dark Grey|Purple|Cold White,#003776|#485259|#6C47B2|#D9DFE5,78.0058,74.9641,73.9472,72.7870,71.0565,102.6924,73.8756
4248,Blue|Black|Cold White|Pink,#003776|#080A0D|#D9DFE5|#F1A1AF,76.3647,74.9643,74.1607,72.7911,70.4200,98.5647,73.8777
4249,Blue|Dark Grey|Cold White|Pink,#003776|#485259|#D9DFE5|#F1A1AF,75.8250,74.9545,74.1894,72.8344,70.4691,98.5647,73.8944
4250,Blue|Grey|Cold White|Pink,#003776|#8C9099|#D9DFE5|#F1A1AF,75.9699,74.9903,74.1915,72.8011,70.3887,98.5647,73.8957
4251,Black|Cold White|Pink|Magenta,#080A0D|#D9DFE5|#F1A1AF|#F24574,77.2411,74.7678,74.0374,73.0394,71.3771,108.7610,73.9036
4252,Black|Grey|Cold White|Magenta,#080A0D|#8C9099|#D9DFE5|#F24574,77.4971,74.7972,74.0124,73.0244,71.4109,113.2672,73.9108
4253,Blue|Dark Grey|Grey|Pink,#003776|#485259|#8C9099|#F1A1AF,75.8378,74.9743,74.2119,72.8595,70.4975,98.5648,73.9169
4254,Blue|Black|Dark Grey|Pink,#003776|#080A0D|#485259|#F1A1AF,76.3267,75.0099,74.2230,72.8627,70.4981,98.5647,73.9363
4255,Brown|Cold White|Pink|Magenta,#55331A|#D9DFE5|#F1A1AF|#F24574,77.1727,75.0258,74.1242,72.8535,70.7997,107.7480,73.9397
4256,Polymaker Teal|Brown|Cold White|Magenta,#4CC0C7|#55331A|#D9DFE5|#F24574,77.2387,75.0846,74.1585,72.9042,70.8521,116.2958,73.9944
4257,Grey|White|Pink|Magenta,#8C9099|#EBF7FF|#F1A1AF|#F24574,76.0684,74.9914,74.2505,73.0275,70.8801,106.8424,74.0095
4258,Blue|Dark Grey|Brown|Cold White,#003776|#485259|#55331A|#D9DFE5,74.2254,74.5241,74.3308,73.5034,71.9212,102.5041,74.0137
4259,Grey|Cold White|White|Magenta,#8C9099|#D9DFE5|#EBF7FF|#F24574,76.0934,75.0099,74.2596,73.0200,70.8512,106.9606,74.0149
4260,Dark Olive Drab|Grey|Pink|Magenta,#575B54|#8C9099|#F1A1AF|#F24574,76.2543,74.8724,74.2004,73.2129,71.5109,109.0639,74.0426
4261,Black|Brown|Tan|Pink,#080A0D|#55331A|#A79E82|#F1A1AF,77.6750,75.2242,74.2785,72.8776,70.5386,101.4019,74.0509
4262,Dark Grey|Brown|Cold White|Magenta,#485259|#55331A|#D9DFE5|#F24574,77.0532,75.0548,74.1862,73.0498,71.2783,116.3079,74.0523
4263,Polymaker Teal|Cold White|Pink|Magenta,#4CC0C7|#D9DFE5|#F1A1AF|#F24574,76.2143,75.0507,74.2980,73.0900,70.9485,108.7632,74.0704
4264,Dark Olive Drab|Grey|Cold White|Magenta,#575B54|#8C9099|#D9DFE5|#F24574,76.6329,74.9782,74.2056,73.1771,71.4705,113.6566,74.0776
4265,Black|Grey|Pink|Magenta,#080A0D|#8C9099|#F1A1AF|#F24574,77.2619,74.8632,74.2049,73.2933,71.7434,109.0867,74.0782
4266,Dark Olive Drab|Grey|Tan|Pink,#575B54|#8C9099|#A79E82|#F1A1AF,76.6154,75.2037,74.3711,72.9829,70.5740,101.3223,74.0933
4267,Dark Olive Drab|Tan|Cold White|Pink,#575B54|#A79E82|#D9DFE5|#F1A1AF,76.6211,75.2083,74.3759,72.9884,70.5815,101.3523,74.0983
4268,Black|Dark Grey|Pink|Magenta,#080A0D|#485259|#F1A1AF|#F24574,77.0804,74.8636,74.2443,73.3623,71.8400,109.1485,74.1130
4269,Black|Purple|Grey|Cold White,#080A0D|#6C47B2|#8C9099|#D9DFE5,78.2433,75.0769,74.2354,73.1749,71.5453,102.1989,74.1259
4270,Polymaker Teal|Dark Olive Drab|Tan|Pink,#4CC0C7|#575B54|#A79E82|#F1A1AF,76.6593,75.2173,74.3951,73.0361,70.6298,101.3505,74.1267
4271,Polymaker Teal|Grey|Cold White|Magenta,#4CC0C7|#8C9099|#D9DFE5|#F24574,76.6677,75.2067,74.3653,73.1250,70.9930,113.7025,74.1659
4272,Black|Brown|Cold White|Magenta,#080A0D|#55331A|#D9DFE5|#F24574,78.3535,75.2318,74.2834,73.1662,71.4720,116.3100,74.1990
4273,Polymaker Teal|Brown|Dark Olive Drab|Magenta,#4CC0C7|#55331A|#575B54|#F24574,77.6288,75.3143,74.4070,73.1921,71.2100,116.7480,74.2532
4274,Polymaker Teal|Grey|Pink|Magenta,#4CC0C7|#8C9099|#F1A1AF|#F24574,76.4297,75.2833,74.5417,73.3394,71.1949,109.0345,74.3114
4275,Green|Black|Brown|Tan,#06924D|#080A0D|#55331A|#A79E82,76.1092,75.0123,74.4456,73.6282,72.0845,112.7632,74.3203
4276,Polymaker Teal|Cold White|White|Magenta,#4CC0C7|#D9DFE5|#EBF7FF|#F24574,76.4654,75.3397,74.5872,73.3517,71.1474,106.9607,74.3457
4277,Green|Brown|Grey|Tan,#06924D|#55331A|#8C9099|#A79E82,76.3660,75.0951,74.4718,73.5977,71.9936,113.0657,74.3464
4278,Black|Dark Olive Drab|Purple|White,#080A0D|#575B54|#6C47B2|#EBF7FF,79.1297,75.3121,74.4516,73.3961,71.7597,105.7114,74.3541
4279,Dark Olive Drab|Tan|White|Pink,#575B54|#A79E82|#EBF7FF|#F1A1AF,76.8425,75.4536,74.6347,73.2688,70.8544,101.0579,74.3612
4280,Polymaker Teal|White|Pink|Magenta,#4CC0C7|#EBF7FF|#F1A1AF|#F24574,76.4765,75.3520,74.6024,73.3732,71.1744,106.7908,74.3626
4281,Polymaker Teal|Grey|White|Magenta,#4CC0C7|#8C9099|#EBF7FF|#F24574,76.5014,75.3582,74.6047,73.3754,71.1900,107.1470,74.3668
4282,Green|Dark Grey|Brown|Tan,#06924D|#485259|#55331A|#A79E82,76.2127,75.0997,74.5181,73.6755,72.0972,113.1776,74.3876
4283,Grey|Cold White|Pink|Magenta,#8C9099|#D9DFE5|#F1A1AF|#F24574,76.4758,75.3849,74.6276,73.3984,71.2973,108.7527,74.3916
4284,Azure Blue|Black|Purple|White,#0066D9|#080A0D|#6C47B2|#EBF7FF,80.5014,75.5017,74.5288,73.3977,71.6926,106.1493,74.4497
4285,Blue|Brown|Purple|Grey,#003776|#55331A|#6C47B2|#8C9099,75.8054,75.3336,74.6212,73.5781,71.9633,103.7687,74.4559
4286,Brown|Dark Olive Drab|Cold White|Magenta,#55331A|#575B54|#D9DFE5|#F24574,77.4489,75.4103,74.5898,73.5111,71.7764,116.3076,74.4607
4287,Grey|Tan|Cold White|Pink,#8C9099|#A79E82|#D9DFE5|#F1A1AF,76.5570,75.5857,74.7942,73.3901,70.9354,101.2496,74.4879
4288,Black|Polymaker Teal|Purple|White,#080A0D|#4CC0C7|#6C47B2|#EBF7FF,80.5266,75.5043,74.5868,73.5502,71.9752,105.9068,74.5273
4289,Brown|Grey|Cold White|Magenta,#55331A|#8C9099|#D9DFE5|#F24574,77.4041,75.6200,74.7236,73.4670,71.4461,116.3094,74.5435
4290,Dark Grey|Brown|Tan|Pink,#485259|#55331A|#A79E82|#F1A1AF,77.1959,75.7748,74.8542,73.4023,70.9580,101.9835,74.5885
4291,Polymaker Teal|Dark Olive Drab|Grey|Magenta,#4CC0C7|#575B54|#8C9099|#F24574,77.3802,75.6173,74.7817,73.5966,71.6186,116.3823,74.6070
4292,Polymaker Teal|Grey|Tan|Pink,#4CC0C7|#8C9099|#A79E82|#F1A1AF,76.6982,75.7037,74.9331,73.5747,71.1375,101.2409,74.6392
4293,Dark Grey|Brown|Dark Olive Drab|Magenta,#485259|#55331A|#575B54|#F24574,77.1650,75.4552,74.7781,73.8499,72.2961,116.8197,74.6525
4294,Black|Purple|Cold White|White,#080A0D|#6C47B2|#D9DFE5|#EBF7FF,80.6116,75.7543,74.8278,73.7457,72.0858,105.8356,74.7500
4295,Blue|Brown|Tan|White,#003776|#55331A|#A79E82|#EBF7FF,75.5291,75.7013,75.0783,73.8830,71.8423,98.2200,74.7921
4296,Black|Dark Grey|Purple|White,#080A0D|#485259|#6C47B2|#EBF7FF,80.7991,75.8202,74.8799,73.7849,72.1151,105.9068,74.8025
4297,Blue|Black|Purple|White,#003776|#080A0D|#6C47B2|#EBF7FF,80.8305,75.8276,74.8838,73.7872,72.1158,105.9068,74.8074
4298,Green|Polymaker Teal|Brown|Tan,#06924D|#4CC0C7|#55331A|#A79E82,76.8091,75.5570,74.9380,74.0592,72.4285,113.5571,74.8081
4299,Polymaker Teal|Brown|Grey|Magenta,#4CC0C7|#55331A|#8C9099|#F24574,77.7934,75.8498,75.0070,73.7889,71.7090,116.7480,74.8193
4300,Black|Purple|Grey|White,#080A0D|#6C47B2|#8C9099|#EBF7FF,80.8243,75.8347,74.8962,73.8054,72.1407,105.9142,74.8201
4301,Green|Brown|Dark Olive Drab|Tan,#06924D|#55331A|#575B54|#A79E82,76.7671,75.5552,74.9578,74.0914,72.4628,113.5568,74.8233
4302,Green|Brown|Tan|Cold White,#06924D|#55331A|#A79E82|#D9DFE5,76.7716,75.5624,74.9716,74.1079,72.4770,113.5578,74.8352
4303,Azure Blue|Dark Olive Drab|Purple|White,#0066D9|#575B54|#6C47B2|#EBF7FF,77.8826,75.8155,74.9953,73.8878,72.1682,107.3041,74.8517
4304,Black|Brown|Dark Olive Drab|Magenta,#080A0D|#55331A|#575B54|#F24574,77.8222,75.5464,74.9633,74.1650,72.8230,116.8197,74.8557
4305,Dark Grey|Dark Olive Drab|Grey|Magenta,#485259|#575B54|#8C9099|#F24574,77.0564,75.6496,75.0230,74.1308,72.6114,116.3988,74.8902
4306,Blue|Green|Black|White,#003776|#06924D|#080A0D|#EBF7FF,76.4398,75.1866,74.9171,74.6128,74.0094,102.5317,74.8997
4307,Blue|Black|Tan|White,#003776|#080A0D|#A79E82|#EBF7FF,77.3563,75.8529,75.1779,73.9588,71.8241,97.6733,74.9058
4308,Dark Grey|Brown|Grey|Magenta,#485259|#55331A|#8C9099|#F24574,77.6304,75.8364,75.0868,74.0593,72.3782,116.8202,74.9478
4309,Black|Dark Olive Drab|Grey|Magenta,#080A0D|#575B54|#8C9099|#F24574,77.6587,75.6217,75.0666,74.2829,72.9467,116.3988,74.9523
4310,Brown|Tan|Cold White|Pink,#55331A|#A79E82|#D9DFE5|#F1A1AF,78.0602,76.1887,75.2456,73.7680,71.2759,102.7207,74.9783
4311,Black|Polymaker Teal|Purple|Grey,#080A0D|#4CC0C7|#6C47B2|#8C9099,79.8860,75.7557,75.0126,74.2023,72.9587,108.5518,74.9790
4312,Black|Dark Grey|Dark Olive Drab|Magenta,#080A0D|#485259|#575B54|#F24574,77.6160,75.6249,75.0965,74.3468,73.0584,116.3860,74.9858
4313,Grey|Tan|White|Pink,#8C9099|#A79E82|#EBF7FF|#F1A1AF,77.0431,76.0892,75.3031,73.9021,71.4071,101.0295,74.9956
4314,Brown|Grey|Tan|Pink,#55331A|#8C9099|#A79E82|#F1A1AF,77.8389,76.2335,75.3025,73.8255,71.3270,102.4749,75.0295
4315,Polymaker Teal|Dark Olive Drab|Purple|Grey,#4CC0C7|#575B54|#6C47B2|#8C9099,77.2542,75.8238,75.1669,74.2848,72.9023,106.1058,75.0543
4316,Green|Black|Grey|Tan,#06924D|#080A0D|#8C9099|#A79E82,77.6174,75.7754,75.2029,74.4062,72.8968,113.0550,75.0908
4317,Polymaker Teal|Dark Olive Drab|Purple|White,#4CC0C7|#575B54|#6C47B2|#EBF7FF,78.0592,76.0331,75.2429,74.1931,72.5596,107.0434,75.1131
4318,Brown|Dark Olive Drab|Tan|Pink,#55331A|#575B54|#A79E82|#F1A1AF,77.8992,76.3533,75.4131,73.9369,71.4431,102.6038,75.1451
4319,Polymaker Teal|Brown|Tan|Pink,#4CC0C7|#55331A|#A79E82|#F1A1AF,78.1592,76.3424,75.4060,73.9707,71.5054,102.5926,75.1565
4320,Green|Black|Dark Grey|Tan,#06924D|#080A0D|#485259|#A79E82,77.6454,75.8393,75.2728,74.4749,72.9584,113.0722,75.1571
4321,Green|Black|Polymaker Teal|Tan,#06924D|#080A0D|#4CC0C7|#A79E82,77.6944,75.8599,75.2733,74.4639,72.9446,113.0719,75.1619
4322,Blue|Green|Dark Olive Drab|White,#003776|#06924D|#575B54|#EBF7FF,76.0830,75.4771,75.2104,74.8504,74.1500,104.3588,75.1638
4323,Green|Black|Dark Olive Drab|Tan,#06924D|#080A0D|#575B54|#A79E82,77.6626,75.8573,75.2910,74.4940,72.9758,113.0722,75.1756
4324,Green|Black|Tan|Cold White,#06924D|#080A0D|#A79E82|#D9DFE5,77.6723,75.8614,75.2928,74.4916,72.9717,113.0722,75.1765
4325,Black|Brown|Grey|Magenta,#080A0D|#55331A|#8C9099|#F24574,78.6205,76.0144,75.3045,74.3614,72.8213,116.8201,75.1879
4326,Blue|Dark Olive Drab|Tan|White,#003776|#575B54|#A79E82|#EBF7FF,76.8428,76.1629,75.5067,74.2762,72.1256,99.3718,75.2195
4327,Dark Olive Drab|Purple|Cold White|White,#575B54|#6C47B2|#D9DFE5|#EBF7FF,78.1349,76.1698,75.3724,74.2873,72.5962,107.0434,75.2286
4328,Dark Grey|Dark Olive Drab|Purple|White,#485259|#575B54|#6C47B2|#EBF7FF,78.1500,76.1778,75.3781,74.2907,72.5967,107.0434,75.2342
4329,Blue|Dark Olive Drab|Purple|White,#003776|#575B54|#6C47B2|#EBF7FF,78.1469,76.1784,75.3794,74.2921,72.5980,107.0434,75.2353
4330,Dark Olive Drab|Purple|Grey|White,#575B54|#6C47B2|#8C9099|#EBF7FF,78.1456,76.1804,75.3822,74.2951,72.6012,107.0434,75.2378
4331,Green|Dark Grey|Grey|Tan,#06924D|#485259|#8C9099|#A79E82,77.1239,76.0015,75.4133,74.5175,72.8587,113.1446,75.2595
4332,Brown|Dark Olive Drab|Grey|Magenta,#55331A|#575B54|#8C9099|#F24574,77.9312,76.1473,75.4074,74.3813,72.6697,116.8197,75.2643
4333,Blue|Dark Grey|Tan|White,#003776|#485259|#A79E82|#EBF7FF,76.8802,76.2164,75.5640,74.3300,72.1642,99.7001,75.2732
4334,Green|Dark Grey|Dark Olive Drab|Tan,#06924D|#485259|#575B54|#A79E82,77.1479,76.0338,75.4490,74.5556,72.8965,113.1992,75.2947
4335,Polymaker Teal|Purple|Grey|Cold White,#4CC0C7|#6C47B2|#8C9099|#D9DFE5,76.9200,76.0332,75.4622,74.5609,73.0806,104.7864,75.2970
4336,Brown|Tan|White|Pink,#55331A|#A79E82|#EBF7FF|#F1A1AF,78.5201,76.5306,75.5812,74.1182,71.6202,102.7270,75.3244
4337,Green|Dark Grey|Polymaker Teal|Tan,#06924D|#485259|#4CC0C7|#A79E82,77.1886,76.0775,75.4848,74.5856,72.9242,113.3304,75.3316
4338,Green|Dark Grey|Tan|Cold White,#06924D|#485259|#A79E82|#D9DFE5,77.1778,76.0739,75.4914,74.5976,72.9365,113.3304,75.3357
4339,Dark Grey|Polymaker Teal|Purple|Grey,#485259|#4CC0C7|#6C47B2|#8C9099,77.5290,76.1084,75.4795,74.6250,73.2641,106.7141,75.3667
4340,Black|Polymaker Teal|White|Pink,#080A0D|#4CC0C7|#EBF7FF|#F1A1AF,79.2329,76.4698,75.6147,74.3032,71.9692,101.0414,75.3865
4341,Azure Blue|Green|Cold White|White,#0066D9|#06924D|#D9DFE5|#EBF7FF,76.6198,75.8298,75.4678,74.9564,74.0246,111.5992,75.3931
4342,Polymaker Teal|Tan|Cold White|Pink,#4CC0C7|#A79E82|#D9DFE5|#F1A1AF,77.5605,76.5002,75.7029,74.3173,71.8437,101.3531,75.4087
4343,Blue|Green|Dark Grey|White,#003776|#06924D|#485259|#EBF7FF,76.3751,75.7253,75.4682,75.1161,74.4185,105.4673,75.4207
4344,Black|Polymaker Teal|Cold White|Pink,#080A0D|#4CC0C7|#D9DFE5|#F1A1AF,79.2113,76.5381,75.6819,74.3583,71.9972,100.9181,75.4482
4345,Green|Dark Olive Drab|Grey|Tan,#06924D|#575B54|#8C9099|#A79E82,77.4690,76.2451,75.6212,74.6938,73.0007,113.2761,75.4694
4346,Black|Polymaker Teal|Dark Olive Drab|Pink,#080A0D|#4CC0C7|#575B54|#F1A1AF,79.1673,76.5552,75.7066,74.3903,72.0407,100.9181,75.4728
4347,Azure Blue|Green|Polymaker Teal|White,#0066D9|#06924D|#4CC0C7|#EBF7FF,76.8572,75.9174,75.5297,75.0460,74.2060,113.9174,75.4817
4348,Black|Polymaker Teal|Brown|Pink,#080A0D|#4CC0C7|#55331A|#F1A1AF,78.9786,76.6563,75.7108,74.3076,71.8789,101.7311,75.4819
4349,Black|Polymaker Teal|Grey|Pink,#080A0D|#4CC0C7|#8C9099|#F1A1AF,79.2413,76.5740,75.7214,74.4021,72.0481,100.9181,75.4880
4350,Black|Dark Grey|Polymaker Teal|Pink,#080A0D|#485259|#4CC0C7|#F1A1AF,79.2408,76.5770,75.7251,74.4062,72.0521,100.9186,75.4916
4351,Green|Polymaker Teal|Grey|Tan,#06924D|#4CC0C7|#8C9099|#A79E82,77.3544,76.3228,75.6841,74.6629,72.8213,112.5120,75.4928
4352,Green|Grey|Tan|Cold White,#06924D|#8C9099|#A79E82|#D9DFE5,77.3264,76.3149,75.6947,74.6850,72.8436,112.5124,75.4999
4353,Blue|Dark Grey|Brown|Dark Olive Drab,#003776|#485259|#55331A|#575B54,76.0111,76.0086,75.6870,74.9938,73.7741,126.2490,75.5012
4354,Black|Dark Olive Drab|White|Pink,#080A0D|#575B54|#EBF7FF|#F1A1AF,79.3254,76.6352,75.7650,74.4095,72.0098,101.0676,75.5223
4355,Black|Brown|White|Pink,#080A0D|#55331A|#EBF7FF|#F1A1AF,79.2805,76.7343,75.7758,74.3437,71.8817,101.8065,75.5390
4356,Blue|Polymaker Teal|Tan|White,#003776|#4CC0C7|#A79E82|#EBF7FF,77.1436,76.4688,75.8378,74.6503,72.5483,101.0749,75.5596
4357,Black|Dark Grey|Brown|Magenta,#080A0D|#485259|#55331A|#F24574,78.5613,76.3079,75.7095,74.8759,73.4659,116.8207,75.5919
4358,Blue|Grey|Tan|White,#003776|#8C9099|#A79E82|#EBF7FF,77.3219,76.5881,75.9186,74.6593,72.4586,101.0749,75.6237
4359,Blue|Tan|Cold White|White,#003776|#A79E82|#D9DFE5|#EBF7FF,77.3219,76.5881,75.9186,74.6593,72.4586,101.0749,75.6237
4360,Black|Dark Grey|White|Pink,#080A0D|#485259|#EBF7FF|#F1A1AF,79.4945,76.7595,75.8918,74.5436,72.1574,101.0541,75.6516
4361,Black|Cold White|White|Pink,#080A0D|#D9DFE5|#EBF7FF|#F1A1AF,79.5009,76.7607,75.8918,74.5424,72.1540,101.0542,75.6516
4362,Black|Grey|White|Pink,#080A0D|#8C9099|#EBF7FF|#F1A1AF,79.5044,76.7651,75.8968,74.5481,72.1610,101.0541,75.6566
4363,Black|Dark Grey|Grey|Magenta,#080A0D|#485259|#8C9099|#F24574,78.6669,76.4186,75.7841,74.9214,73.4693,117.2516,75.6700
4364,Blue|Green|Grey|White,#003776|#06924D|#8C9099|#EBF7FF,76.8443,76.1474,75.8932,75.5485,74.8514,107.3014,75.8480
4365,Black|Dark Olive Drab|Purple|Grey,#080A0D|#575B54|#6C47B2|#8C9099,78.9081,76.7559,76.0292,74.9696,73.2541,103.1997,75.8628
4366,Blue|Black|Purple|Grey,#003776|#080A0D|#6C47B2|#8C9099,80.6444,76.8543,75.9565,74.8766,73.2350,105.2400,75.8655
4367,Blue|Green|Cold White|White,#003776|#06924D|#D9DFE5|#EBF7FF,76.8702,76.1675,75.9133,75.5689,74.8715,107.3564,75.8682
4368,Azure Blue|Dark Grey|Purple|White,#0066D9|#485259|#6C47B2|#EBF7FF,78.9232,76.8123,76.0158,74.9309,73.2293,108.1114,75.8716
4369,Blue|Green|Polymaker Teal|White,#003776|#06924D|#4CC0C7|#EBF7FF,76.8724,76.1729,75.9177,75.5726,74.8762,107.3655,75.8728
4370,Blue|Purple|Grey|Cold White,#003776|#6C47B2|#8C9099|#D9DFE5,78.1579,76.8330,76.0884,74.9462,73.1063,102.4577,75.8896
4371,Tan|Cold White|White|Pink,#A79E82|#D9DFE5|#EBF7FF|#F1A1AF,77.8953,77.0004,76.2163,74.7958,72.2628,102.6213,75.8981
4372,Blue|Dark Olive Drab|Purple|Grey,#003776|#575B54|#6C47B2|#8C9099,78.2749,76.8495,76.0639,74.9561,73.2475,103.2011,75.9028
4373,Black|Dark Olive Drab|Cold White|Pink,#080A0D|#575B54|#D9DFE5|#F1A1AF,79.0729,77.0537,76.2513,74.9083,72.5114,100.9212,75.9810
4374,Dark Grey|Polymaker Teal|Brown|Pink,#485259|#4CC0C7|#55331A|#F1A1AF,78.6928,77.1596,76.2506,74.8366,72.3715,102.2808,75.9981
4375,Dark Grey|Dark Olive Drab|White|Pink,#485259|#575B54|#EBF7FF|#F1A1AF,78.2859,77.0893,76.2995,74.9461,72.5158,101.8208,76.0177
4376,Black|Dark Grey|Dark Olive Drab|Pink,#080A0D|#485259|#575B54|#F1A1AF,79.1046,77.0889,76.2904,74.9537,72.5698,100.9205,76.0213
4377,Black|Dark Olive Drab|Grey|Pink,#080A0D|#575B54|#8C9099|#F1A1AF,79.1024,77.0894,76.2915,74.9550,72.5709,100.9212,76.0222
4378,Blue|Black|Dark Grey|Brown,#003776|#080A0D|#485259|#55331A,76.4724,76.5312,76.2164,75.5164,74.2658,126.2499,76.0238
4379,Black|Brown|Dark Olive Drab|Pink,#080A0D|#55331A|#575B54|#F1A1AF,79.0213,77.1805,76.2885,74.8707,72.4108,101.7332,76.0256
4380,Dark Grey|Polymaker Teal|Dark Olive Drab|Pink,#485259|#4CC0C7|#575B54|#F1A1AF,78.2642,77.0747,76.3000,74.9815,72.5980,101.5256,76.0281
4381,Green|Polymaker Teal|Dark Olive Drab|Tan,#06924D|#4CC0C7|#575B54|#A79E82,78.0282,76.8254,76.1934,75.2469,73.5111,113.6941,76.0361
4382,Blue|Polymaker Teal|Purple|Grey,#003776|#4CC0C7|#6C47B2|#8C9099,77.4777,76.7347,76.2138,75.3379,73.8733,105.9746,76.0363
4383,Green|Dark Olive Drab|Tan|Cold White,#06924D|#575B54|#A79E82|#D9DFE5,77.9984,76.8217,76.2114,75.2778,73.5435,113.6981,76.0497
4384,Dark Grey|Brown|White|Pink,#485259|#55331A|#EBF7FF|#F1A1AF,78.7803,77.2487,76.3235,74.8632,72.3367,102.4823,76.0559
4385,Dark Grey|Polymaker Teal|Purple|White,#485259|#4CC0C7|#6C47B2|#EBF7FF,79.0108,76.9641,76.2066,75.1835,73.5681,107.7389,76.0738
4386,Dark Grey|Purple|Grey|Cold White,#485259|#6C47B2|#8C9099|#D9DFE5,78.3405,77.0477,76.3048,75.1717,73.3230,102.2666,76.1097
4387,Blue|Dark Grey|Purple|Grey,#003776|#485259|#6C47B2|#8C9099,78.5336,77.0633,76.2885,75.1918,73.4810,102.6556,76.1276
4388,Dark Grey|Polymaker Teal|White|Pink,#485259|#4CC0C7|#EBF7FF|#F1A1AF,78.4718,77.2127,76.4213,75.0778,72.6549,101.7993,76.1452
4389,Azure Blue|Green|Dark Olive Drab|Purple,#0066D9|#06924D|#575B54|#6C47B2,77.6329,76.6140,76.1990,75.7731,75.2214,123.7005,76.1936
4390,Dark Grey|Purple|Cold White|White,#485259|#6C47B2|#D9DFE5|#EBF7FF,78.9838,77.1262,76.3802,75.3304,73.6560,107.7388,76.2283
4391,Blue|Polymaker Teal|Brown|Grey,#003776|#4CC0C7|#55331A|#8C9099,75.8762,76.6902,76.4890,75.7931,74.4847,106.2354,76.2416
4392,Blue|Dark Grey|Purple|White,#003776|#485259|#6C47B2|#EBF7FF,79.2580,77.2277,76.4479,75.3732,73.6770,107.7389,76.3005
4393,Polymaker Teal|Tan|White|Pink,#4CC0C7|#A79E82|#EBF7FF|#F1A1AF,78.4803,77.4400,76.6242,75.1868,72.6175,101.6503,76.3134
4394,Dark Grey|Purple|Grey|White,#485259|#6C47B2|#8C9099|#EBF7FF,79.2578,77.2446,76.4666,75.3891,73.6861,107.7406,76.3169
4395,Green|Polymaker Teal|Tan|Cold White,#06924D|#4CC0C7|#A79E82|#D9DFE5,78.4293,77.2549,76.5625,75.4941,73.5683,113.2765,76.3745
4396,Dark Grey|Cold White|White|Pink,#485259|#D9DFE5|#EBF7FF|#F1A1AF,78.7131,77.4691,76.6634,75.2860,72.8110,101.8079,76.3775
4397,Black|Dark Grey|Purple|Grey,#080A0D|#485259|#6C47B2|#8C9099,80.6179,77.3194,76.5201,75.4418,73.7239,106.0876,76.3806
4398,Dark Grey|Grey|White|Pink,#485259|#8C9099|#EBF7FF|#F1A1AF,78.7163,77.4734,76.6686,75.2921,72.8183,101.8077,76.3828
4399,Azure Blue|Black|Dark Olive Drab|White,#0066D9|#080A0D|#575B54|#EBF7FF,81.1737,77.5083,76.5678,75.3099,73.3015,103.1025,76.4091
4400,Azure Blue|Black|Polymaker Teal|White,#0066D9|#080A0D|#4CC0C7|#EBF7FF,82.4899,77.5028,76.5221,75.3165,73.4201,103.4590,76.4097
4401,Dark Grey|Polymaker Teal|Cold White|Pink,#485259|#4CC0C7|#D9DFE5|#F1A1AF,78.8224,77.5535,76.7373,75.3512,72.8731,101.5806,76.4523
4402,Dark Grey|Polymaker Teal|Grey|Pink,#485259|#4CC0C7|#8C9099|#F1A1AF,78.8343,77.5684,76.7540,75.3691,72.8924,101.5806,76.4687
4403,Brown|Cold White|White|Pink,#55331A|#D9DFE5|#EBF7FF|#F1A1AF,79.6651,77.7138,76.7668,75.3035,72.7673,102.9432,76.5086
4404,Dark Grey|Brown|Dark Olive Drab|Pink,#485259|#55331A|#575B54|#F1A1AF,78.7723,77.6738,76.8117,75.3766,72.8686,102.2841,76.5252
4405,Dark Grey|Dark Olive Drab|Purple|Grey,#485259|#575B54|#6C47B2|#8C9099,78.4888,77.4341,76.7400,75.6246,73.8040,103.1997,76.5293
4406,Brown|Grey|White|Pink,#55331A|#8C9099|#EBF7FF|#F1A1AF,79.4292,77.7301,76.7961,75.3392,72.8078,102.8448,76.5347
4407,Polymaker Teal|Brown|Grey|Pink,#4CC0C7|#55331A|#8C9099|#F1A1AF,79.4148,77.7077,76.7904,75.3641,72.8585,102.7199,76.5359
4408,Polymaker Teal|Dark Olive Drab|White|Pink,#4CC0C7|#575B54|#EBF7FF|#F1A1AF,79.0244,77.6203,76.8092,75.4553,73.0169,102.2507,76.5378
4409,Dark Grey|Dark Olive Drab|Cold White|Pink,#485259|#575B54|#D9DFE5|#F1A1AF,78.5583,77.5879,76.8370,75.4941,73.0709,101.5289,76.5410
4410,Polymaker Teal|Brown|Cold White|Pink,#4CC0C7|#55331A|#D9DFE5|#F1A1AF,79.5842,77.7641,76.8267,75.3859,72.8664,102.7819,76.5750
4411,Polymaker Teal|Brown|White|Pink,#4CC0C7|#55331A|#EBF7FF|#F1A1AF,79.7342,77.7802,76.8339,75.3699,72.8352,102.9589,76.5750
4412,Dark Grey|Dark Olive Drab|Grey|Pink,#485259|#575B54|#8C9099|#F1A1AF,78.5883,77.6241,76.8774,75.5405,73.1291,101.5289,76.5823
4413,Brown|Dark Olive Drab|White|Pink,#55331A|#575B54|#EBF7FF|#F1A1AF,79.3765,77.7784,76.8451,75.3917,72.8641,102.8992,76.5850
4414,Dark Olive Drab|Purple|Grey|Cold White,#575B54|#6C47B2|#8C9099|#D9DFE5,78.5223,77.4934,76.8062,75.6899,73.8620,103.1942,76.5916
4415,Azure Blue|Black|Cold White|White,#0066D9|#080A0D|#D9DFE5|#EBF7FF,82.5520,77.7214,76.7272,75.4623,73.4530,103.2274,76.5919
4416,Black|Grey|Cold White|Pink,#080A0D|#8C9099|#D9DFE5|#F1A1AF,80.2713,77.8021,76.8950,75.4443,72.9074,100.9185,76.6232
4417,Polymaker Teal|Brown|Dark Olive Drab|Pink,#4CC0C7|#55331A|#575B54|#F1A1AF,79.4985,77.8107,76.8775,75.4382,72.9162,102.8379,76.6245
4418,Green|Brown|Tan|White,#06924D|#55331A|#A79E82|#EBF7FF,78.1344,77.2050,76.7251,76.0673,74.7892,107.6410,76.6362
4419,Black|Dark Grey|Cold White|Pink,#080A0D|#485259|#D9DFE5|#F1A1AF,80.0812,77.7939,76.9191,75.4818,72.9448,100.9195,76.6379
4420,Azure Blue|Black|Dark Grey|White,#0066D9|#080A0D|#485259|#EBF7FF,82.7457,77.7934,76.7836,75.5054,73.4867,103.4590,76.6494
4421,Black|Dark Grey|Brown|Pink,#080A0D|#485259|#55331A|#F1A1AF,79.9157,77.8731,76.9260,75.4349,72.8659,101.7322,76.6540
4422,Azure Blue|Black|Grey|White,#0066D9|#080A0D|#8C9099|#EBF7FF,82.7654,77.8034,76.7948,75.5203,73.5065,103.4770,76.6618
4423,Black|Brown|Grey|Pink,#080A0D|#55331A|#8C9099|#F1A1AF,80.1081,77.9151,76.9372,75.4303,72.8542,101.7316,76.6727
4424,Blue|Azure Blue|Black|White,#003776|#0066D9|#080A0D|#EBF7FF,82.7206,77.8172,76.8125,75.5332,73.5038,103.4578,76.6752
4425,Black|Dark Grey|Grey|Pink,#080A0D|#485259|#8C9099|#F1A1AF,80.1133,77.8336,76.9640,75.5354,73.0134,100.9195,76.6845
4426,Cold White|White|Pink|Magenta,#D9DFE5|#EBF7FF|#F1A1AF|#F24574,78.7078,77.7679,76.9981,75.6284,73.1622,106.6392,76.6981
4427,Dark Olive Drab|Cold White|White|Pink,#575B54|#D9DFE5|#EBF7FF|#F1A1AF,79.1724,77.8174,77.0008,75.6193,73.1369,102.2482,76.7184
4428,Dark Olive Drab|Grey|White|Pink,#575B54|#8C9099|#EBF7FF|#F1A1AF,79.1697,77.8184,77.0025,75.6223,73.1425,102.2298,76.7204
4429,Blue|Polymaker Teal|Brown|White,#003776|#4CC0C7|#55331A|#EBF7FF,77.0203,77.5573,77.0182,75.9127,73.9567,99.4933,76.7350
4430,Black|Brown|Cold White|Pink,#080A0D|#55331A|#D9DFE5|#F1A1AF,80.2370,78.0290,77.0229,75.4829,72.8684,101.6344,76.7560
4431,Polymaker Teal|Dark Olive Drab|Cold White|Pink,#4CC0C7|#575B54|#D9DFE5|#F1A1AF,79.2317,77.8650,77.0472,75.6777,73.2211,102.0366,76.7713
4432,Polymaker Teal|Dark Olive Drab|Grey|Pink,#4CC0C7|#575B54|#8C9099|#F1A1AF,79.2415,77.8818,77.0663,75.6993,73.2468,102.0219,76.7906
4433,Blue|Polymaker Teal|Brown|Cold White,#003776|#4CC0C7|#55331A|#D9DFE5,76.0691,77.1730,77.1763,76.6021,75.3749,106.3582,76.8875
4434,Blue|Dark Grey|Polymaker Teal|Brown,#003776|#485259|#4CC0C7|#55331A,76.0581,77.1629,77.1806,76.6187,75.4006,106.3582,76.8908
4435,Blue|Black|Polymaker Teal|Brown,#003776|#080A0D|#4CC0C7|#55331A,76.0643,77.1657,77.1824,76.6195,75.4000,106.3582,76.8926
4436,Blue|Polymaker Teal|Brown|Dark Olive Drab,#003776|#4CC0C7|#55331A|#575B54,76.0592,77.1647,77.1845,76.6211,75.3996,106.3582,76.8929
4437,Azure Blue|Green|Black|Purple,#0066D9|#06924D|#080A0D|#6C47B2,79.5214,77.3284,76.8543,76.4759,76.0258,125.6749,76.9021
4438,Blue|Brown|Dark Olive Drab|White,#003776|#55331A|#575B54|#EBF7FF,77.0820,77.7613,77.2227,76.0742,74.0379,99.4912,76.9177
4439,Blue|Brown|Cold White|White,#003776|#55331A|#D9DFE5|#EBF7FF,77.2714,77.8610,77.3009,76.1308,74.0689,99.4579,76.9959
4440,Blue|Dark Grey|Brown|White,#003776|#485259|#55331A|#EBF7FF,77.2573,77.8604,77.3031,76.1341,74.0712,99.4915,76.9972
4441,Blue|Brown|Grey|White,#003776|#55331A|#8C9099|#EBF7FF,77.2729,77.8639,77.3046,76.1342,74.0707,99.4915,76.9991
4442,Blue|Black|Brown|White,#003776|#080A0D|#55331A|#EBF7FF,77.4981,77.8534,77.2946,76.1473,74.1162,99.4951,77.0004
4443,Green|Black|Brown|White,#06924D|#080A0D|#55331A|#EBF7FF,78.0251,77.5189,77.1112,76.5513,75.4521,103.9729,77.0351
4444,Dark Grey|Brown|Cold White|Pink,#485259|#55331A|#D9DFE5|#F1A1AF,79.4740,78.2569,77.3320,75.8143,73.1946,102.2182,77.0356
4445,Dark Grey|Grey|Cold White|Pink,#485259|#8C9099|#D9DFE5|#F1A1AF,79.3336,78.2069,77.3827,75.9437,73.3876,101.5249,77.0753
4446,Dark Grey|Brown|Grey|Pink,#485259|#55331A|#8C9099|#F1A1AF,79.4890,78.2975,77.3850,75.8757,73.2588,102.2805,77.0866
4447,Brown|Dark Olive Drab|Cold White|Pink,#55331A|#575B54|#D9DFE5|#F1A1AF,79.5558,78.2785,77.3859,75.9224,73.3582,102.7948,77.1004
4448,Brown|Dark Olive Drab|Grey|Pink,#55331A|#575B54|#8C9099|#F1A1AF,79.5668,78.3002,77.4122,75.9502,73.3842,102.8070,77.1252
4449,Blue|Green|Grey|Cold White,#003776|#06924D|#8C9099|#D9DFE5,78.1207,77.3892,77.1243,76.9039,76.6632,119.4599,77.1466
4450,Dark Olive Drab|Grey|Cold White|Pink,#575B54|#8C9099|#D9DFE5|#F1A1AF,79.3423,78.2146,77.4419,76.0798,73.6173,102.0350,77.1472
4451,Green|Black|Brown|Grey,#06924D|#080A0D|#55331A|#8C9099,78.2944,77.3999,77.2092,76.9334,76.3395,100.9324,77.1667
4452,Green|Dark Grey|Brown|Cold White,#06924D|#485259|#55331A|#D9DFE5,77.7993,77.3701,77.2372,77.0398,76.6214,102.7728,77.2050
4453,Green|Dark Grey|Brown|Dark Olive Drab,#06924D|#485259|#55331A|#575B54,77.7386,77.3491,77.2446,77.0927,76.7563,101.5249,77.2209
4454,Green|Black|Dark Grey|Brown,#06924D|#080A0D|#485259|#55331A,77.7067,77.3594,77.2694,77.1401,76.8400,101.5273,77.2497
4455,Azure Blue|Polymaker Teal|Dark Olive Drab|White,#0066D9|#4CC0C7|#575B54|#EBF7FF,80.1928,78.3001,77.4592,76.2595,74.3028,106.0196,77.2798
4456,Blue|Green|Polymaker Teal|Cold White,#003776|#06924D|#4CC0C7|#D9DFE5,78.5988,77.6336,77.2632,76.9699,76.6641,121.5648,77.3018
4457,Blue|Green|Dark Olive Drab|Grey,#003776|#06924D|#575B54|#8C9099,78.0505,77.4836,77.2875,77.1306,76.9396,119.0781,77.3071
4458,Blue|Azure Blue|Dark Olive Drab|White,#003776|#0066D9|#575B54|#EBF7FF,80.1328,78.3622,77.5202,76.2723,74.2210,105.9168,77.3173
4459,Green|Dark Grey|Brown|Grey,#06924D|#485259|#55331A|#8C9099,78.2762,77.6310,77.4501,77.1096,76.3742,101.7492,77.3703
4460,Azure Blue|Dark Olive Drab|Cold White|White,#0066D9|#575B54|#D9DFE5|#EBF7FF,80.2706,78.4260,77.5706,76.3214,74.2812,106.0026,77.3737
4461,Azure Blue|Dark Grey|Dark Olive Drab|White,#0066D9|#485259|#575B54|#EBF7FF,80.2689,78.4330,77.5806,76.3294,74.2805,105.9561,77.3812
4462,Azure Blue|Dark Olive Drab|Grey|White,#0066D9|#575B54|#8C9099|#EBF7FF,80.2814,78.4366,77.5805,76.3293,74.2863,106.0196,77.3829
4463,Green|Dark Grey|Brown|White,#06924D|#485259|#55331A|#EBF7FF,78.1669,77.9184,77.5137,76.8946,75.6555,106.2902,77.4065
4464,Green|Polymaker Teal|Brown|Grey,#06924D|#4CC0C7|#55331A|#8C9099,78.5940,77.7423,77.5226,77.1407,76.3487,101.8386,77.4415
4465,Brown|Grey|Cold White|Pink,#55331A|#8C9099|#D9DFE5|#F1A1AF,80.1685,78.7000,77.7424,76.1868,73.5003,102.6652,77.4434
4466,Black|Polymaker Teal|Grey|Tan,#080A0D|#4CC0C7|#8C9099|#A79E82,80.3737,78.6882,77.7783,76.2094,73.4399,113.0508,77.4488
4467,Green|Brown|Dark Olive Drab|Grey,#06924D|#55331A|#575B54|#8C9099,78.5689,77.7438,77.5360,77.1593,76.3668,101.8388,77.4515
4468,Green|Brown|Grey|Cold White,#06924D|#55331A|#8C9099|#D9DFE5,78.5745,77.7523,77.5398,77.1579,76.3621,101.8402,77.4551
4469,Blue|Green|Polymaker Teal|Grey,#003776|#06924D|#4CC0C7|#8C9099,78.2569,77.6345,77.4444,77.2866,77.0821,119.4599,77.4605
4470,Azure Blue|Green|Dark Grey|Purple,#0066D9|#06924D|#485259|#6C47B2,78.8117,77.9016,77.5056,77.0502,76.4144,126.1145,77.4759
4471,Black|Dark Grey|Dark Olive Drab|Purple,#080A0D|#485259|#575B54|#6C47B2,80.3754,78.2151,77.5740,76.7541,75.5648,113.2103,77.4846
4472,Blue|Green|Black|Grey,#003776|#06924D|#080A0D|#8C9099,78.4666,77.6426,77.4429,77.3285,77.2049,120.5336,77.4855
4473,Black|Dark Olive Drab|Grey|Tan,#080A0D|#575B54|#8C9099|#A79E82,80.3888,78.7392,77.8353,76.2350,73.4236,113.0499,77.4871
4474,Black|Grey|Tan|Cold White,#080A0D|#8C9099|#A79E82|#D9DFE5,80.3919,78.7407,77.8355,76.2350,73.4232,113.0499,77.4878
4475,Black|Dark Grey|Grey|Tan,#080A0D|#485259|#8C9099|#A79E82,80.3906,78.7440,77.8396,76.2395,73.4279,113.0499,77.4918
4476,Dark Grey|Dark Olive Drab|Grey|Tan,#485259|#575B54|#8C9099|#A79E82,79.7421,78.7583,77.8766,76.2586,73.4107,113.0110,77.5084
4477,Black|Dark Grey|Polymaker Teal|Tan,#080A0D|#485259|#4CC0C7|#A79E82,80.4114,78.7490,77.8421,76.2704,73.4938,113.0661,77.5097
4478,Blue|Green|Dark Grey|Grey,#003776|#06924D|#485259|#8C9099,78.2941,77.6901,77.4924,77.3371,77.1473,120.1890,77.5136
4479,Black|Polymaker Teal|Dark Olive Drab|Tan,#080A0D|#4CC0C7|#575B54|#A79E82,80.4326,78.7686,77.8592,76.2851,73.5056,113.0661,77.5269
4480,Black|Polymaker Teal|Tan|Cold White,#080A0D|#4CC0C7|#A79E82|#D9DFE5,80.4326,78.7686,77.8592,76.2851,73.5056,113.0661,77.5269
4481,Black|Dark Grey|Dark Olive Drab|Tan,#080A0D|#485259|#575B54|#A79E82,80.4243,78.8007,77.8987,76.2956,73.4769,113.0665,77.5481
4482,Black|Dark Grey|Tan|Cold White,#080A0D|#485259|#A79E82|#D9DFE5,80.4248,78.8007,77.8994,76.2965,73.4780,113.0665,77.5486
4483,Dark Grey|Polymaker Teal|Grey|Tan,#485259|#4CC0C7|#8C9099|#A79E82,79.8163,78.7902,77.9097,76.3276,73.5197,113.1382,77.5589
4484,Black|Dark Olive Drab|Tan|Cold White,#080A0D|#575B54|#A79E82|#D9DFE5,80.4507,78.8219,77.9167,76.3101,73.4884,113.0665,77.5660
4485,Dark Grey|Polymaker Teal|Dark Olive Drab|Tan,#485259|#4CC0C7|#575B54|#A79E82,79.7914,78.7939,77.9192,76.3399,73.5369,113.1979,77.5669
4486,Dark Grey|Grey|Tan|Cold White,#485259|#8C9099|#A79E82|#D9DFE5,79.8463,78.8323,77.9451,76.3223,73.4664,113.1383,77.5773
4487,Dark Grey|Dark Olive Drab|Tan|Cold White,#485259|#575B54|#A79E82|#D9DFE5,79.7949,78.8293,77.9533,76.3369,73.4845,113.1984,77.5831
4488,Green|Brown|Grey|White,#06924D|#55331A|#8C9099|#EBF7FF,78.8599,78.1672,77.7169,77.0668,75.7853,107.5199,77.6170
4489,Green|Polymaker Teal|Brown|White,#06924D|#4CC0C7|#55331A|#EBF7FF,78.8797,78.1734,77.7220,77.0717,75.7907,107.6500,77.6225
4490,Azure Blue|Polymaker Teal|Purple|White,#0066D9|#4CC0C7|#6C47B2|#EBF7FF,80.0729,78.3631,77.7701,76.8846,75.4521,108.5808,77.6239
4491,Green|Dark Grey|Polymaker Teal|Brown,#06924D|#485259|#4CC0C7|#55331A,78.3759,77.7874,77.6554,77.4604,77.0517,106.7255,77.6239
4492,Green|Brown|Cold White|White,#06924D|#55331A|#D9DFE5|#EBF7FF,78.8788,78.1733,77.7243,77.0750,75.7933,107.6521,77.6241
4493,Green|Brown|Dark Olive Drab|White,#06924D|#55331A|#575B54|#EBF7FF,78.8541,78.1809,77.7301,77.0795,75.7974,107.7851,77.6302
4494,Dark Grey|Polymaker Teal|Tan|Cold White,#485259|#4CC0C7|#A79E82|#D9DFE5,79.8720,78.8612,77.9850,76.4027,73.5892,113.3254,77.6319
4495,Black|Brown|Grey|Tan,#080A0D|#55331A|#8C9099|#A79E82,80.3155,78.9916,78.0667,76.4579,73.6452,113.6333,77.7247
4496,Polymaker Teal|Grey|Tan|Cold White,#4CC0C7|#8C9099|#A79E82|#D9DFE5,79.9621,78.9641,78.0829,76.4953,73.6619,112.5120,77.7297
4497,Polymaker Teal|Dark Olive Drab|Grey|Tan,#4CC0C7|#575B54|#8C9099|#A79E82,80.1115,79.0012,78.0968,76.4952,73.6720,113.2757,77.7482
4498,Dark Olive Drab|Grey|Tan|Cold White,#575B54|#8C9099|#A79E82|#D9DFE5,80.1159,79.0345,78.1251,76.4850,73.6124,113.2760,77.7597
4499,Black|Polymaker Teal|Brown|Tan,#080A0D|#4CC0C7|#55331A|#A79E82,80.3570,79.0206,78.0911,76.5096,73.7313,113.6495,77.7651
4500,Azure Blue|Purple|Grey|White,#0066D9|#6C47B2|#8C9099|#EBF7FF,80.2901,78.6608,77.9626,76.8885,75.1411,108.3841,77.7747
4501,Polymaker Teal|Grey|White|Pink,#4CC0C7|#8C9099|#EBF7FF|#F1A1AF,79.7772,78.8708,78.0955,76.6811,74.0973,102.1978,77.7759
4502,Blue|Green|Dark Olive Drab|Cold White,#003776|#06924D|#575B54|#D9DFE5,78.4952,78.0081,77.7714,77.5484,77.3062,123.7892,77.7782
4503,Black|Dark Grey|Brown|Tan,#080A0D|#485259|#55331A|#A79E82,80.3483,79.0515,78.1305,76.5192,73.6998,113.6498,77.7854
4504,Blue|Black|Dark Olive Drab|Cold White,#003776|#080A0D|#575B54|#D9DFE5,80.5001,78.7599,77.9723,76.8365,74.9448,104.4768,77.7982
4505,Black|Brown|Dark Olive Drab|Tan,#080A0D|#55331A|#575B54|#A79E82,80.3743,79.0728,78.1478,76.5327,73.7101,113.6498,77.8027
4506,Black|Brown|Tan|Cold White,#080A0D|#55331A|#A79E82|#D9DFE5,80.3746,79.0725,78.1484,76.5344,73.7116,113.6498,77.8035
4507,Polymaker Teal|Purple|Grey|White,#4CC0C7|#6C47B2|#8C9099|#EBF7FF,80.0785,78.6221,77.9921,77.0047,75.3744,107.9829,77.8134
4508,Polymaker Teal|Brown|Grey|Tan,#4CC0C7|#55331A|#8C9099|#A79E82,80.4731,79.1274,78.1747,76.5545,73.7246,113.8960,77.8409
4509,Dark Grey|Brown|Grey|Tan,#485259|#55331A|#8C9099|#A79E82,80.2108,79.1313,78.2072,76.5685,73.7044,113.9034,77.8499
4510,Brown|Dark Olive Drab|Grey|Tan,#55331A|#575B54|#8C9099|#A79E82,80.3614,79.1536,78.2078,76.5550,73.6771,113.9003,77.8543
4511,Brown|Grey|Tan|Cold White,#55331A|#8C9099|#A79E82|#D9DFE5,80.4813,79.1873,78.2261,76.5592,73.6674,113.8957,77.8732
4512,Dark Grey|Polymaker Teal|Brown|Tan,#485259|#4CC0C7|#55331A|#A79E82,80.3147,79.1367,78.2168,76.6207,73.8064,114.0272,77.8787
4513,Dark Grey|Brown|Dark Olive Drab|Tan,#485259|#55331A|#575B54|#A79E82,80.2108,79.1614,78.2484,76.6178,73.7563,114.0276,77.8896
4514,Blue|Azure Blue|Purple|White,#003776|#0066D9|#6C47B2|#EBF7FF,80.9994,78.8305,78.0717,76.9847,75.2613,108.5845,77.9076
4515,Blue|Black|Brown|Dark Olive Drab,#003776|#080A0D|#55331A|#575B54,77.7969,78.3727,78.1479,77.4456,76.1681,140.6394,77.9091
4516,Polymaker Teal|Grey|Cold White|Pink,#4CC0C7|#8C9099|#D9DFE5|#F1A1AF,80.0099,79.0473,78.2444,76.7926,74.1713,101.9344,77.9200
4517,Dark Grey|Brown|Tan|Cold White,#485259|#55331A|#A79E82|#D9DFE5,80.2884,79.2151,78.2964,76.6586,73.7883,114.0276,77.9369
4518,Azure Blue|Green|Purple|Grey,#0066D9|#06924D|#6C47B2|#8C9099,78.8410,78.3610,78.0338,77.5291,76.7694,125.9736,77.9451
4519,Azure Blue|Green|Purple|Cold White,#0066D9|#06924D|#6C47B2|#D9DFE5,78.8604,78.3700,78.0471,77.5513,76.7539,125.7744,77.9607
4520,Azure Blue|Green|Polymaker Teal|Purple,#0066D9|#06924D|#4CC0C7|#6C47B2,78.9115,78.4039,78.0816,77.6470,76.9903,126.4682,78.0254
4521,Blue|Green|Dark Grey|Cold White,#003776|#06924D|#485259|#D9DFE5,78.8263,78.2995,78.0519,77.8190,77.5689,124.6566,78.0592
4522,Blue|Brown|Dark Olive Drab|Grey,#003776|#55331A|#575B54|#8C9099,77.6698,78.8043,78.3792,77.3360,75.4763,103.8011,78.0702
4523,Blue|Green|Dark Grey|Dark Olive Drab,#003776|#06924D|#485259|#575B54,78.6123,78.2384,78.0873,77.9459,77.7538,123.6740,78.0922
4524,Grey|Cold White|White|Pink,#8C9099|#D9DFE5|#EBF7FF|#F1A1AF,80.1676,79.2354,78.4270,76.9551,74.2956,102.2025,78.0953
4525,Blue|Green|Polymaker Teal|Dark Olive Drab,#003776|#06924D|#4CC0C7|#575B54,78.6417,78.2593,78.0910,77.9347,77.7370,123.7892,78.0970
4526,Blue|Green|Black|Dark Olive Drab,#003776|#06924D|#080A0D|#575B54,78.8260,78.2426,78.0960,77.9914,77.8515,124.2615,78.1170
4527,Blue|Dark Grey|Brown|Grey,#003776|#485259|#55331A|#8C9099,77.8594,78.9168,78.4712,77.4089,75.5262,103.8011,78.1628
4528,Blue|Black|Brown|Grey,#003776|#080A0D|#55331A|#8C9099,77.8723,78.9203,78.4726,77.4088,75.5254,103.8011,78.1646
4529,Blue|Brown|Grey|Cold White,#003776|#55331A|#8C9099|#D9DFE5,77.8626,78.9187,78.4803,77.4222,75.5399,103.8011,78.1704
4530,Purple|Grey|Cold White|White,#6C47B2|#8C9099|#D9DFE5|#EBF7FF,80.4767,79.0335,78.3734,77.3179,75.5834,107.9758,78.1757
4531,Blue|Azure Blue|Green|Purple,#003776|#0066D9|#06924D|#6C47B2,79.1419,78.5968,78.2583,77.7629,77.0146,126.4682,78.1799
4532,Green|Black|Tan|White,#06924D|#080A0D|#A79E82|#EBF7FF,80.9905,78.7334,78.2472,77.6788,76.5746,103.4679,78.2061
4533,Blue|Purple|Grey|White,#003776|#6C47B2|#8C9099|#EBF7FF,80.8265,79.1418,78.4364,77.3392,75.5386,107.9829,78.2405
4534,Blue|Green|Black|Cold White,#003776|#06924D|#080A0D|#D9DFE5,79.1377,78.4724,78.2310,78.0353,77.8282,125.7407,78.2538
4535,Azure Blue|Dark Grey|Polymaker Teal|White,#0066D9|#485259|#4CC0C7|#EBF7FF,81.1232,79.2665,78.4612,77.2917,75.3615,107.0237,78.2791
4536,Green|Black|Brown|Cold White,#06924D|#080A0D|#55331A|#D9DFE5,79.8349,78.7108,78.2163,77.8563,77.3347,115.9558,78.2836
4537,Dark Grey|Polymaker Teal|Purple|Cold White,#485259|#4CC0C7|#6C47B2|#D9DFE5,81.0451,79.1319,78.3702,77.4584,76.0669,108.9659,78.2952
4538,Polymaker Teal|Brown|Dark Olive Drab|Tan,#4CC0C7|#55331A|#575B54|#A79E82,80.8731,79.5862,78.6447,77.0199,74.1545,114.2595,78.3031
4539,Polymaker Teal|Brown|Tan|Cold White,#4CC0C7|#55331A|#A79E82|#D9DFE5,80.8902,79.5896,78.6470,77.0209,74.1565,114.2586,78.3053
4540,Polymaker Teal|Dark Olive Drab|Tan|Cold White,#4CC0C7|#575B54|#A79E82|#D9DFE5,80.6502,79.5750,78.6756,77.0611,74.1907,113.6927,78.3180
4541,Brown|Dark Olive Drab|Tan|Cold White,#55331A|#575B54|#A79E82|#D9DFE5,80.7781,79.6242,78.6917,77.0349,74.1238,114.2610,78.3296
4542,Blue|Polymaker Teal|Purple|White,#003776|#4CC0C7|#6C47B2|#EBF7FF,81.2562,79.2401,78.5443,77.5334,75.8906,108.0120,78.3868
4543,Azure Blue|Dark Grey|Cold White|White,#0066D9|#485259|#D9DFE5|#EBF7FF,81.0905,79.4139,78.6147,77.4072,75.3935,106.9938,78.4105
4544,Blue|Azure Blue|Dark Grey|White,#003776|#0066D9|#485259|#EBF7FF,81.2850,79.4751,78.6452,77.4086,75.3648,106.9649,78.4419
4545,Azure Blue|Dark Grey|Grey|White,#0066D9|#485259|#8C9099|#EBF7FF,81.3645,79.5307,78.6985,77.4623,75.4211,107.0323,78.4965
4546,Polymaker Teal|Cold White|White|Pink,#4CC0C7|#D9DFE5|#EBF7FF|#F1A1AF,80.6457,79.6873,78.8932,77.4603,74.8446,102.4510,78.5738
4547,Blue|Green|Black|Dark Grey,#003776|#06924D|#080A0D|#485259,79.2915,78.7794,78.6353,78.5262,78.3818,125.3939,78.6528
4548,Polymaker Teal|Purple|Cold White|White,#4CC0C7|#6C47B2|#D9DFE5|#EBF7FF,80.5715,79.3407,78.8728,77.9724,76.3648,108.1197,78.6565
4549,Green|Brown|Dark Olive Drab|Cold White,#06924D|#55331A|#575B54|#D9DFE5,80.4755,79.0700,78.6439,78.2445,77.6094,115.2586,78.6573
4550,Green|Polymaker Teal|Brown|Dark Olive Drab,#06924D|#4CC0C7|#55331A|#575B54,80.2466,78.9991,78.6906,78.3688,77.8029,108.8476,78.6840
4551,Blue|Purple|Cold White|White,#003776|#6C47B2|#D9DFE5|#EBF7FF,81.3721,79.6123,78.9674,77.9012,76.0718,108.1190,78.7567
4552,Green|Polymaker Teal|Brown|Cold White,#06924D|#4CC0C7|#55331A|#D9DFE5,80.4743,79.1328,78.7686,78.4465,77.8818,108.8497,78.7897
4553,Blue|Dark Grey|Dark Olive Drab|Purple,#003776|#485259|#575B54|#6C47B2,80.8670,79.5859,78.9245,78.0076,76.6875,124.5448,78.7967
4554,Blue|Dark Grey|Dark Olive Drab|Cold White,#003776|#485259|#575B54|#D9DFE5,81.7592,79.8402,78.9897,77.8504,76.0071,105.5702,78.8453
4555,Azure Blue|Green|Black|Dark Olive Drab,#0066D9|#06924D|#080A0D|#575B54,81.3186,79.3295,78.8907,78.4885,77.9502,124.7330,78.9090
4556,Green|Dark Grey|Tan|White,#06924D|#485259|#A79E82|#EBF7FF,80.5979,79.6127,79.1651,78.4932,77.1784,106.0877,79.0529
4557,Green|Black|Polymaker Teal|Brown,#06924D|#080A0D|#4CC0C7|#55331A,79.6557,79.2430,79.1008,78.9163,78.5608,108.3008,79.0796
4558,Blue|Green|Dark Grey|Polymaker Teal,#003776|#06924D|#485259|#4CC0C7,79.7889,79.3279,79.0909,78.8603,78.5451,126.0491,79.0941
4559,Blue|Green|Black|Polymaker Teal,#003776|#06924D|#080A0D|#4CC0C7,80.0555,79.3403,79.1110,78.9320,78.7050,126.4855,79.1361
4560,Azure Blue|Green|Black|Cold White,#0066D9|#06924D|#080A0D|#D9DFE5,81.6611,79.5961,79.1527,78.7606,78.2299,125.6640,79.1784
4561,Blue|Black|Dark Grey|Cold White,#003776|#080A0D|#485259|#D9DFE5,83.5826,80.3899,79.3404,78.0449,75.9711,103.5288,79.2174
4562,Blue|Azure Blue|Green|Black,#003776|#0066D9|#06924D|#080A0D,81.6243,79.6379,79.2231,78.8504,78.3373,125.6749,79.2442
4563,Azure Blue|Green|Black|Polymaker Teal,#0066D9|#06924D|#080A0D|#4CC0C7,81.6993,79.6540,79.2248,78.8470,78.3345,125.6749,79.2505
4564,Azure Blue|Green|Black|Grey,#0066D9|#06924D|#080A0D|#8C9099,81.6980,79.6581,79.2312,78.8544,78.3405,125.6749,79.2563
4565,Azure Blue|Green|Black|Dark Grey,#0066D9|#06924D|#080A0D|#485259,81.6838,79.6520,79.2346,78.8618,78.3490,125.6749,79.2569
4566,Black|Polymaker Teal|Dark Olive Drab|Purple,#080A0D|#4CC0C7|#575B54|#6C47B2,81.7629,79.9891,79.4345,78.6576,77.3934,111.1977,79.3234
4567,Azure Blue|Green|Dark Grey|Cold White,#0066D9|#06924D|#485259|#D9DFE5,80.8160,79.8170,79.3972,78.9229,78.2658,125.4384,79.3699
4568,Azure Blue|Purple|Cold White|White,#0066D9|#6C47B2|#D9DFE5|#EBF7FF,82.1511,80.4297,79.8120,78.7515,76.9477,108.5529,79.5906
4569,Blue|Black|Dark Olive Drab|Purple,#003776|#080A0D|#575B54|#6C47B2,82.7990,80.3819,79.6760,78.8043,77.5736,142.6238,79.5931
4570,Dark Grey|Polymaker Teal|Dark Olive Drab|Purple,#485259|#4CC0C7|#575B54|#6C47B2,81.0228,80.3005,79.7650,78.9407,77.6099,109.4287,79.6206
4571,Blue|Azure Blue|Green|Dark Olive Drab,#003776|#0066D9|#06924D|#575B54,81.2867,80.2246,79.7857,79.2671,78.5204,124.6976,79.7458
4572,Blue|Black|Grey|Cold White,#003776|#080A0D|#8C9099|#D9DFE5,82.4051,80.7582,80.0051,78.7834,76.7174,102.1989,79.7708
4573,Azure Blue|Green|Dark Olive Drab|Cold White,#0066D9|#06924D|#575B54|#D9DFE5,81.4239,80.2964,79.8294,79.2840,78.5130,124.6976,79.7902
4574,Azure Blue|Green|Dark Grey|Dark Olive Drab,#0066D9|#06924D|#485259|#575B54,81.4049,80.2958,79.8399,79.2990,78.5317,124.6976,79.7974
4575,Blue|Dark Grey|Grey|Cold White,#003776|#485259|#8C9099|#D9DFE5,81.7740,80.7703,80.0478,78.8266,76.7362,102.1956,79.7984
4576,Azure Blue|Green|Polymaker Teal|Dark Olive Drab,#0066D9|#06924D|#4CC0C7|#575B54,81.4417,80.3170,79.8507,79.3057,78.5362,124.6976,79.8113
4577,Azure Blue|Green|Dark Olive Drab|Grey,#0066D9|#06924D|#575B54|#8C9099,81.4401,80.3202,79.8563,79.3122,78.5412,124.6976,79.8162
4578,Dark Grey|Brown|Dark Olive Drab|Cold White,#485259|#55331A|#575B54|#D9DFE5,80.6531,80.5638,80.2366,79.1792,77.0657,102.8937,79.8715
4579,Green|Dark Olive Drab|Tan|White,#06924D|#575B54|#A79E82|#EBF7FF,81.7648,80.5632,80.0566,79.3152,77.8909,107.9983,79.9392
4580,Polymaker Teal|Dark Olive Drab|Purple|Cold White,#4CC0C7|#575B54|#6C47B2|#D9DFE5,81.2127,80.6585,80.1068,79.2394,77.8454,111.2327,79.9490
4581,Black|Polymaker Teal|Purple|Cold White,#080A0D|#4CC0C7|#6C47B2|#D9DFE5,84.9361,80.9400,79.9996,79.0367,77.6492,117.7242,79.9883
4582,Blue|Azure Blue|Green|Dark Grey,#003776|#0066D9|#06924D|#485259,81.3012,80.4176,80.0393,79.5736,78.8788,126.1199,79.9956
4583,Blue|Polymaker Teal|Dark Olive Drab|Purple,#003776|#4CC0C7|#575B54|#6C47B2,81.2637,80.7065,80.1560,79.2933,77.9055,111.2327,79.9999
4584,Azure Blue|Green|Dark Grey|Grey,#0066D9|#06924D|#485259|#8C9099,81.3751,80.4609,80.0709,79.5947,78.8986,126.1085,80.0278
4585,Azure Blue|Green|Dark Grey|Polymaker Teal,#0066D9|#06924D|#485259|#4CC0C7,81.3825,80.4659,80.0733,79.5963,78.8999,126.1199,80.0311
4586,Blue|Azure Blue|Polymaker Teal|White,#003776|#0066D9|#4CC0C7|#EBF7FF,82.3914,80.9425,80.2396,79.1362,77.2785,109.4207,80.0394
4587,Blue|Polymaker Teal|Grey|Cold White,#003776|#4CC0C7|#8C9099|#D9DFE5,81.7196,80.8277,80.2346,79.2589,77.5511,104.7576,80.0433
4588,Blue|Azure Blue|Green|Polymaker Teal,#003776|#0066D9|#06924D|#4CC0C7,80.9318,80.4230,80.1506,79.7596,79.1201,126.5278,80.0913
4589,Blue|Polymaker Teal|Dark Olive Drab|Grey,#003776|#4CC0C7|#575B54|#8C9099,81.6335,80.8264,80.2928,79.3874,77.8075,106.1058,80.1069
4590,Black|Brown|Tan|White,#080A0D|#55331A|#A79E82|#EBF7FF,82.5202,81.3113,80.4431,78.9948,76.4910,104.4742,80.1530
4591,Blue|Dark Olive Drab|Grey|Cold White,#003776|#575B54|#8C9099|#D9DFE5,81.8541,81.1412,80.4964,79.3316,77.3217,103.1838,80.2364
4592,Blue|Black|Dark Olive Drab|Grey,#003776|#080A0D|#575B54|#8C9099,82.0053,81.1488,80.5034,79.3442,77.3459,103.2001,80.2465
4593,Blue|Dark Grey|Dark Olive Drab|Grey,#003776|#485259|#575B54|#8C9099,81.8612,81.1540,80.5122,79.3493,77.3422,103.2011,80.2517
4594,Green|Black|Dark Olive Drab|White,#06924D|#080A0D|#575B54|#EBF7FF,83.1247,80.8100,80.3000,79.7162,78.6067,104.6094,80.2631
4595,Black|Polymaker Teal|Tan|White,#080A0D|#4CC0C7|#A79E82|#EBF7FF,84.0313,81.4297,80.5423,79.1171,76.5961,103.4326,80.2734
4596,Green|Black|Dark Grey|White,#06924D|#080A0D|#485259|#EBF7FF,83.1792,80.8502,80.3419,79.7600,78.6501,104.8111,80.3051
4597,Green|Black|Polymaker Teal|White,#06924D|#080A0D|#4CC0C7|#EBF7FF,83.1945,80.8623,80.3500,79.7638,78.6502,104.8945,80.3131
4598,Green|Black|Grey|White,#06924D|#080A0D|#8C9099|#EBF7FF,83.1947,80.8644,80.3536,79.7685,78.6552,104.9066,80.3165
4599,Green|Black|Cold White|White,#06924D|#080A0D|#D9DFE5|#EBF7FF,83.1947,80.8644,80.3536,79.7685,78.6552,104.9066,80.3165
4600,Blue|Black|Dark Olive Drab|White,#003776|#080A0D|#575B54|#EBF7FF,83.6482,81.3330,80.5597,79.3010,77.1385,101.9483,80.3170
4601,Black|Dark Grey|Brown|Cold White,#080A0D|#485259|#55331A|#D9DFE5,81.0712,81.0528,80.7074,79.5971,77.3927,102.8937,80.3250
4602,Black|Dark Grey|Tan|White,#080A0D|#485259|#A79E82|#EBF7FF,84.1023,81.5158,80.6112,79.1429,76.5643,103.3437,80.3294
4603,Blue|Polymaker Teal|Dark Olive Drab|White,#003776|#4CC0C7|#575B54|#EBF7FF,82.3623,81.2888,80.5924,79.3893,77.2918,104.3601,80.3391
4604,Azure Blue|Polymaker Teal|Grey|White,#0066D9|#4CC0C7|#8C9099|#EBF7FF,82.1564,81.2358,80.5696,79.4494,77.5263,109.3156,80.3426
4605,Black|Grey|Tan|White,#080A0D|#8C9099|#A79E82|#EBF7FF,84.1182,81.5314,80.6265,79.1573,76.5777,103.4374,80.3444
4606,Black|Tan|Cold White|White,#080A0D|#A79E82|#D9DFE5|#EBF7FF,84.1182,81.5314,80.6265,79.1573,76.5777,103.4374,80.3444
4607,Blue|Azure Blue|Green|Grey,#003776|#0066D9|#06924D|#8C9099,81.4091,80.8050,80.4658,79.9716,79.1893,125.9747,80.3883
4608,Blue|Azure Blue|Grey|White,#003776|#0066D9|#8C9099|#EBF7FF,82.6962,81.3859,80.6299,79.3917,77.2915,108.7555,80.3888
4609,Blue|Dark Olive Drab|Cold White|White,#003776|#575B54|#D9DFE5|#EBF7FF,82.4481,81.4228,80.7160,79.4718,77.3050,104.3483,80.4473
4610,Blue|Dark Grey|Dark Olive Drab|White,#003776|#485259|#575B54|#EBF7FF,82.4593,81.4309,80.7231,79.4767,77.3071,104.3577,80.4538
4611,Blue|Dark Olive Drab|Grey|White,#003776|#575B54|#8C9099|#EBF7FF,82.4589,81.4334,80.7259,79.4797,77.3100,104.3601,80.4565
4612,Black|Dark Olive Drab|Tan|White,#080A0D|#575B54|#A79E82|#EBF7FF,84.2710,81.6736,80.7541,79.2706,76.6811,103.8363,80.4721
4613,Blue|Azure Blue|Green|Cold White,#003776|#0066D9|#06924D|#D9DFE5,81.6052,80.9581,80.5774,80.0188,79.1353,125.7519,80.4885
4614,Blue|Black|Polymaker Teal|White,#003776|#080A0D|#4CC0C7|#EBF7FF,85.0256,81.5298,80.7090,79.4804,77.3981,102.3334,80.5051
4615,Green|Black|Brown|Dark Olive Drab,#06924D|#080A0D|#55331A|#575B54,80.3972,80.6270,80.5635,80.4613,80.2152,130.4166,80.5442
4616,Azure Blue|Green|Grey|Cold White,#0066D9|#06924D|#8C9099|#D9DFE5,81.6844,81.0895,80.6833,80.0817,79.1745,125.8196,80.5856
4617,Dark Grey|Brown|Tan|White,#485259|#55331A|#A79E82|#EBF7FF,82.4192,81.7634,80.9147,79.4174,76.8054,106.7850,80.5904
4618,Blue|Dark Grey|Polymaker Teal|Grey,#003776|#485259|#4CC0C7|#8C9099,82.2289,81.3226,80.7809,79.8707,78.2741,106.7116,80.5967
4619,Blue|Black|Dark Grey|Purple,#003776|#080A0D|#485259|#6C47B2,83.5905,81.3479,80.7194,79.9282,78.7656,126.4589,80.6380
4620,Green|Grey|Tan|White,#06924D|#8C9099|#A79E82|#EBF7FF,82.0788,81.3136,80.8456,80.0659,78.5470,108.6489,80.6897
4621,Azure Blue|Green|Polymaker Teal|Grey,#0066D9|#06924D|#4CC0C7|#8C9099,81.6742,81.1553,80.7965,80.2374,79.3675,125.9747,80.6963
4622,Blue|Black|Polymaker Teal|Grey,#003776|#080A0D|#4CC0C7|#8C9099,84.0576,81.4613,80.8396,79.9454,78.4344,108.5464,80.7034
4623,Blue|Black|Dark Grey|Grey,#003776|#080A0D|#485259|#8C9099,83.5740,81.6547,80.9384,79.7560,77.7439,104.3174,80.7053
4624,Blue|Black|Cold White|White,#003776|#080A0D|#D9DFE5|#EBF7FF,85.1068,81.7674,80.9315,79.6456,77.4589,102.0806,80.7065
4625,Blue|Polymaker Teal|Purple|Cold White,#003776|#4CC0C7|#6C47B2|#D9DFE5,82.7554,81.4256,80.9025,80.0211,78.5212,115.2337,80.7234
4626,Polymaker Teal|Brown|Tan|White,#4CC0C7|#55331A|#A79E82|#EBF7FF,83.0964,81.9213,81.0522,79.5975,77.0492,108.1590,80.7594
4627,Blue|Black|Dark Grey|White,#003776|#080A0D|#485259|#EBF7FF,85.2989,81.8356,80.9839,79.6856,77.4905,102.3308,80.7606
4628,Blue|Black|Grey|White,#003776|#080A0D|#8C9099|#EBF7FF,85.3205,81.8474,80.9967,79.7004,77.5079,102.3545,80.7739
4629,Brown|Dark Olive Drab|Tan|White,#55331A|#575B54|#A79E82|#EBF7FF,82.9569,81.9803,81.1079,79.6065,76.9920,108.3080,80.7934
4630,Black|Dark Grey|Brown|Dark Olive Drab,#080A0D|#485259|#55331A|#575B54,82.1063,81.6173,81.0618,79.9947,78.0473,112.8204,80.8060
4631,Brown|Grey|Tan|White,#55331A|#8C9099|#A79E82|#EBF7FF,83.1257,82.0211,81.1319,79.6120,76.9769,108.0251,80.8166
4632,Brown|Tan|Cold White|White,#55331A|#A79E82|#D9DFE5|#EBF7FF,83.1455,82.0282,81.1383,79.6183,76.9830,108.1607,80.8232
4633,Azure Blue|Grey|Cold White|White,#0066D9|#8C9099|#D9DFE5|#EBF7FF,82.7932,81.9148,81.2290,80.0329,77.9658,109.3156,80.9739
4634,Green|Dark Grey|Dark Olive Drab|White,#06924D|#485259|#575B54|#EBF7FF,82.7026,81.7015,81.2257,80.5276,79.1843,107.2159,81.1146
4635,Black|Brown|Dark Olive Drab|Cold White,#080A0D|#55331A|#575B54|#D9DFE5,82.8904,82.1442,81.5138,80.1737,77.7290,104.4454,81.1590
4636,Dark Grey|Dark Olive Drab|Tan|White,#485259|#575B54|#A79E82|#EBF7FF,83.4069,82.3780,81.5593,80.0810,77.4570,106.1754,81.2295
4637,Dark Grey|Polymaker Teal|Tan|White,#485259|#4CC0C7|#A79E82|#EBF7FF,83.3527,82.3580,81.5759,80.1543,77.5913,106.0510,81.2561
4638,Dark Grey|Grey|Tan|White,#485259|#8C9099|#A79E82|#EBF7FF,83.4238,82.4264,81.6179,80.1441,77.5169,106.0504,81.2852
4639,Dark Grey|Tan|Cold White|White,#485259|#A79E82|#D9DFE5|#EBF7FF,83.4238,82.4264,81.6179,80.1441,77.5169,106.0504,81.2852
4640,Green|Dark Grey|Polymaker Teal|White,#06924D|#485259|#4CC0C7|#EBF7FF,82.9848,81.9448,81.4763,80.7841,79.4406,107.5928,81.3644
4641,Green|Dark Grey|Grey|White,#06924D|#485259|#8C9099|#EBF7FF,82.9845,81.9448,81.4766,80.7845,79.4409,107.5928,81.3646
4642,Green|Dark Grey|Cold White|White,#06924D|#485259|#D9DFE5|#EBF7FF,82.9845,81.9448,81.4766,80.7845,79.4409,107.5928,81.3646
4643,Black|Dark Grey|Polymaker Teal|Purple,#080A0D|#485259|#4CC0C7|#6C47B2,85.8167,82.1684,81.4967,80.7380,79.5617,113.1459,81.4532
4644,Blue|Azure Blue|Cold White|White,#003776|#0066D9|#D9DFE5|#EBF7FF,83.8258,82.4761,81.7494,80.5123,78.3680,108.7908,81.4942
4645,Azure Blue|Green|Polymaker Teal|Cold White,#0066D9|#06924D|#4CC0C7|#D9DFE5,82.6684,82.0228,81.6058,80.9899,80.0195,125.7519,81.5063
4646,Blue|Dark Grey|Polymaker Teal|White,#003776|#485259|#4CC0C7|#EBF7FF,83.7363,82.4938,81.7859,80.5785,78.4729,105.3342,81.5361
4647,Blue|Dark Grey|Polymaker Teal|Purple,#003776|#485259|#4CC0C7|#6C47B2,83.4768,82.3294,81.7666,80.9571,79.6606,111.7203,81.6432
4648,Blue|Dark Grey|Cold White|White,#003776|#485259|#D9DFE5|#EBF7FF,83.7133,82.6511,81.9495,80.7066,78.5241,105.3137,81.6788
4649,Azure Blue|Dark Grey|Purple|Cold White,#0066D9|#485259|#6C47B2|#D9DFE5,84.7786,82.7206,81.8055,80.6502,78.9032,129.7810,81.6854
4650,Blue|Dark Grey|Grey|White,#003776|#485259|#8C9099|#EBF7FF,83.9873,82.7672,82.0327,80.7615,78.5490,105.3445,81.7643
4651,Green|Dark Olive Drab|Grey|White,#06924D|#575B54|#8C9099|#EBF7FF,83.8067,82.6145,82.0908,81.3304,79.8819,109.1089,81.9725
4652,Green|Polymaker Teal|Dark Olive Drab|White,#06924D|#4CC0C7|#575B54|#EBF7FF,83.9541,82.7339,82.2046,81.4381,79.9841,109.4804,82.0860
4653,Green|Dark Olive Drab|Cold White|White,#06924D|#575B54|#D9DFE5|#EBF7FF,83.9541,82.7339,82.2046,81.4381,79.9841,109.4804,82.0860
4654,Black|Polymaker Teal|Brown|White,#080A0D|#4CC0C7|#55331A|#EBF7FF,83.8914,83.1901,82.4043,81.0280,78.5601,104.6409,82.1090
4655,Dark Olive Drab|Grey|Tan|White,#575B54|#8C9099|#A79E82|#EBF7FF,84.5074,83.2999,82.4485,80.9397,78.2660,108.0440,82.1198
4656,Azure Blue|Purple|Grey|Cold White,#0066D9|#6C47B2|#8C9099|#D9DFE5,84.3941,83.1356,82.3926,81.2365,79.3867,128.4046,82.1860
4657,Polymaker Teal|Dark Olive Drab|Tan|White,#4CC0C7|#575B54|#A79E82|#EBF7FF,84.6115,83.3575,82.5186,81.0497,78.4300,108.4159,82.2036
4658,Dark Olive Drab|Tan|Cold White|White,#575B54|#A79E82|#D9DFE5|#EBF7FF,84.6553,83.4169,82.5582,81.0422,78.3597,108.4168,82.2295
4659,Black|Brown|Dark Olive Drab|White,#080A0D|#55331A|#575B54|#EBF7FF,84.0862,83.4205,82.6285,81.2097,78.6724,104.6364,82.3151
4660,Black|Dark Grey|Brown|White,#080A0D|#485259|#55331A|#EBF7FF,84.2398,83.4948,82.6880,81.2534,78.6966,104.5521,82.3741
4661,Black|Brown|Cold White|White,#080A0D|#55331A|#D9DFE5|#EBF7FF,84.2543,83.4990,82.6895,81.2539,78.6976,104.6310,82.3764
4662,Black|Brown|Grey|White,#080A0D|#55331A|#8C9099|#EBF7FF,84.2571,83.5035,82.6948,81.2593,78.7019,104.6364,82.3814
4663,Azure Blue|Polymaker Teal|Brown|Purple,#0066D9|#4CC0C7|#55331A|#6C47B2,80.9320,82.8248,82.6918,82.0148,80.9094,149.0400,82.4198
4664,Green|Polymaker Teal|Tan|White,#06924D|#4CC0C7|#A79E82|#EBF7FF,83.9703,83.1191,82.6088,81.7660,80.1271,110.7789,82.4425
4665,Green|Tan|Cold White|White,#06924D|#A79E82|#D9DFE5|#EBF7FF,83.9778,83.1459,82.6413,81.8012,80.1565,110.9536,82.4736
4666,Black|Polymaker Teal|Brown|Grey,#080A0D|#4CC0C7|#55331A|#8C9099,83.3598,83.2611,82.8131,81.7657,79.7637,106.2354,82.5134
4667,Dark Grey|Polymaker Teal|Brown|White,#485259|#4CC0C7|#55331A|#EBF7FF,83.9221,83.6171,82.8527,81.4419,78.8994,106.9607,82.5295
4668,Dark Grey|Brown|Dark Olive Drab|White,#485259|#55331A|#575B54|#EBF7FF,83.9885,83.8248,83.0564,81.5971,78.9712,106.9553,82.7110
4669,Blue|Polymaker Teal|Grey|White,#003776|#4CC0C7|#8C9099|#EBF7FF,84.6342,83.6700,83.0017,81.8092,79.6944,107.1408,82.7396
4670,Polymaker Teal|Brown|Grey|White,#4CC0C7|#55331A|#8C9099|#EBF7FF,84.6200,83.8640,83.0595,81.6301,79.0669,108.1835,82.7471
4671,Polymaker Teal|Brown|Cold White|White,#4CC0C7|#55331A|#D9DFE5|#EBF7FF,84.6392,83.8685,83.0624,81.6323,79.0703,108.3155,82.7504
4672,Polymaker Teal|Brown|Dark Olive Drab|White,#4CC0C7|#55331A|#575B54|#EBF7FF,84.6010,83.8796,83.0764,81.6478,79.0859,108.4716,82.7637
4673,Dark Grey|Polymaker Teal|Brown|Grey,#485259|#4CC0C7|#55331A|#8C9099,83.3490,83.5243,83.1006,82.0203,79.9355,106.2373,82.7723
4674,Dark Grey|Brown|Cold White|White,#485259|#55331A|#D9DFE5|#EBF7FF,84.1599,83.9197,83.1327,81.6524,78.9998,106.9470,82.7860
4675,Dark Grey|Brown|Grey|White,#485259|#55331A|#8C9099|#EBF7FF,84.1627,83.9242,83.1379,81.6576,79.0034,106.9526,82.7909
4676,Polymaker Teal|Brown|Dark Olive Drab|Grey,#4CC0C7|#55331A|#575B54|#8C9099,83.6329,83.6270,83.1907,82.0895,79.9641,106.2381,82.8582
4677,Polymaker Teal|Brown|Grey|Cold White,#4CC0C7|#55331A|#8C9099|#D9DFE5,83.6365,83.6286,83.1911,82.0891,79.9635,106.2381,82.8589
4678,Azure Blue|Polymaker Teal|Purple|Cold White,#0066D9|#4CC0C7|#6C47B2|#D9DFE5,84.7096,83.6235,83.1167,82.2146,80.6563,128.0647,82.9191
4679,Brown|Dark Olive Drab|Grey|White,#55331A|#575B54|#8C9099|#EBF7FF,84.6483,84.0865,83.2784,81.7994,79.1522,108.3582,82.9430
4680,Brown|Dark Olive Drab|Cold White|White,#55331A|#575B54|#D9DFE5|#EBF7FF,84.6743,84.0892,83.2795,81.7999,79.1538,108.4629,82.9445
4681,Azure Blue|Black|Purple|Cold White,#0066D9|#080A0D|#6C47B2|#D9DFE5,89.4786,84.3989,82.9076,81.5975,79.9304,136.9469,82.9982
4682,Brown|Grey|Cold White|White,#55331A|#8C9099|#D9DFE5|#EBF7FF,84.8620,84.1742,83.3461,81.8454,79.1713,108.1728,83.0098
4683,Blue|Polymaker Teal|Cold White|White,#003776|#4CC0C7|#D9DFE5|#EBF7FF,85.0467,83.9439,83.2697,82.0943,80.0081,107.2313,83.0191
4684,Azure Blue|Polymaker Teal|Cold White|White,#0066D9|#4CC0C7|#D9DFE5|#EBF7FF,84.4654,83.8321,83.2612,82.2217,80.3721,111.6689,83.0269
4685,Polymaker Teal|Grey|Tan|White,#4CC0C7|#8C9099|#A79E82|#EBF7FF,84.8734,84.1528,83.3999,81.9700,79.3724,108.6306,83.0614
4686,Blue|Black|Polymaker Teal|Purple,#003776|#080A0D|#4CC0C7|#6C47B2,87.5786,83.8750,83.1130,82.2658,80.9705,118.7157,83.0704
4687,Blue|Grey|Cold White|White,#003776|#8C9099|#D9DFE5|#EBF7FF,85.0916,84.1012,83.3912,82.1050,79.8346,107.1408,83.1031
4688,Grey|Tan|Cold White|White,#8C9099|#A79E82|#D9DFE5|#EBF7FF,85.0126,84.2766,83.4849,81.9786,79.2766,108.6335,83.1276
4689,Green|Polymaker Teal|Grey|White,#06924D|#4CC0C7|#8C9099|#EBF7FF,84.7005,83.8937,83.4019,82.5848,81.0000,110.5457,83.2393
4690,Green|Grey|Cold White|White,#06924D|#8C9099|#D9DFE5|#EBF7FF,84.6994,83.8946,83.4036,82.5871,81.0022,110.5520,83.2408
4691,Green|Black|Grey|Cold White,#06924D|#080A0D|#8C9099|#D9DFE5,85.7854,83.9985,83.4833,82.9190,82.0079,120.4284,83.4587
4692,Blue|Dark Grey|Polymaker Teal|Cold White,#003776|#485259|#4CC0C7|#D9DFE5,85.8285,84.4114,83.7459,82.7993,81.2170,108.8822,83.6053
4693,Azure Blue|Dark Grey|Polymaker Teal|Cold White,#0066D9|#485259|#4CC0C7|#D9DFE5,86.6166,84.5545,83.7314,82.6808,81.0086,128.0641,83.6177
4694,Green|Black|Dark Olive Drab|Grey,#06924D|#080A0D|#575B54|#8C9099,85.7716,84.1041,83.6693,83.1736,82.2915,119.7744,83.6388
4695,Green|Dark Grey|Grey|Cold White,#06924D|#485259|#8C9099|#D9DFE5,85.1989,84.2691,83.7857,83.1208,81.9991,120.0929,83.6949
4696,Green|Black|Polymaker Teal|Grey,#06924D|#080A0D|#4CC0C7|#8C9099,85.9425,84.2278,83.7710,83.2668,82.3902,120.4284,83.7473
4697,Dark Grey|Polymaker Teal|Brown|Cold White,#485259|#4CC0C7|#55331A|#D9DFE5,83.6969,84.2873,84.1092,83.2075,81.3216,108.3304,83.7474
4698,Dark Grey|Polymaker Teal|Brown|Dark Olive Drab,#485259|#4CC0C7|#55331A|#575B54,83.6920,84.2791,84.1134,83.2222,81.3431,108.3304,83.7507
4699,Green|Black|Dark Grey|Grey,#06924D|#080A0D|#485259|#8C9099,85.9031,84.2233,83.7838,83.2866,82.4117,120.4284,83.7549
4700,Brown|Dark Olive Drab|Grey|Cold White,#55331A|#575B54|#8C9099|#D9DFE5,84.1293,84.7221,84.1951,82.8366,80.2911,103.8920,83.7794
4701,Blue|Black|Dark Grey|Dark Olive Drab,#003776|#080A0D|#485259|#575B54,85.2005,84.5479,83.9991,83.0263,81.4137,124.5448,83.7871
4702,Green|Dark Grey|Dark Olive Drab|Grey,#06924D|#485259|#575B54|#8C9099,85.0968,84.3019,83.8848,83.2724,82.1730,118.9669,83.7872
4703,Black|Dark Grey|Polymaker Teal|Brown,#080A0D|#485259|#4CC0C7|#55331A,83.6186,84.3157,84.1639,83.2902,81.4438,108.6188,83.8029
4704,Green|Dark Olive Drab|Grey|Cold White,#06924D|#575B54|#8C9099|#D9DFE5,85.4326,84.5097,83.9790,83.2326,81.9788,118.9669,83.8711
4705,Green|Dark Grey|Polymaker Teal|Grey,#06924D|#485259|#4CC0C7|#8C9099,85.3602,84.5193,84.0887,83.4713,82.3704,120.0929,83.9953
4706,Green|Polymaker Teal|Grey|Cold White,#06924D|#4CC0C7|#8C9099|#D9DFE5,85.5493,84.7019,84.1738,83.3717,82.0246,119.3834,84.0368
4707,Azure Blue|Brown|Purple|Grey,#0066D9|#55331A|#6C47B2|#8C9099,81.9143,84.3967,84.3535,83.6921,82.5624,149.1782,84.0444
4708,Azure Blue|Black|Polymaker Teal|Cold White,#0066D9|#080A0D|#4CC0C7|#D9DFE5,90.3337,85.3166,84.0557,82.9360,81.4310,134.1684,84.1263
4709,Green|Polymaker Teal|Dark Olive Drab|Grey,#06924D|#4CC0C7|#575B54|#8C9099,85.5667,84.7255,84.2616,83.5744,82.3399,118.9669,84.1500
4710,Blue|Azure Blue|Purple|Cold White,#003776|#0066D9|#6C47B2|#D9DFE5,86.5739,85.1228,84.4446,83.2886,81.3395,129.7667,84.2057
4711,Azure Blue|Brown|Purple|Cold White,#0066D9|#55331A|#6C47B2|#D9DFE5,82.1299,84.6646,84.5630,83.7948,82.5551,149.6357,84.2297
4712,Azure Blue|Dark Grey|Grey|Cold White,#0066D9|#485259|#8C9099|#D9DFE5,87.1436,85.3571,84.4522,83.1884,81.1833,128.4085,84.2727
4713,Green|Dark Grey|Dark Olive Drab|Cold White,#06924D|#485259|#575B54|#D9DFE5,85.4036,84.7745,84.3882,83.8515,82.9915,123.7879,84.3130
4714,Azure Blue|Polymaker Teal|Brown|Cold White,#0066D9|#4CC0C7|#55331A|#D9DFE5,83.0963,84.9179,84.7090,83.8921,82.5341,148.9831,84.4050
4715,Blue|Azure Blue|Dark Grey|Cold White,#003776|#0066D9|#485259|#D9DFE5,87.7112,85.6655,84.7185,83.4453,81.4231,129.7810,84.5554
4716,Dark Grey|Brown|Grey|Cold White,#485259|#55331A|#8C9099|#D9DFE5,84.8788,85.5596,84.9603,83.5544,80.9475,103.8255,84.5570
4717,Azure Blue|Polymaker Teal|Brown|Dark Olive Drab,#0066D9|#4CC0C7|#55331A|#575B54,83.1666,85.0445,84.8772,84.0937,82.7457,149.0400,84.5691
4718,Azure Blue|Dark Grey|Polymaker Teal|Brown,#0066D9|#485259|#4CC0C7|#55331A,83.1754,85.0515,84.8834,84.0989,82.7507,149.0400,84.5752
4719,Azure Blue|Black|Polymaker Teal|Brown,#0066D9|#080A0D|#4CC0C7|#55331A,83.1761,85.0524,84.8842,84.0996,82.7514,149.0400,84.5760
4720,Azure Blue|Polymaker Teal|Brown|Grey,#0066D9|#4CC0C7|#55331A|#8C9099,83.1566,85.0392,84.8838,84.1164,82.7750,149.0762,84.5778
4721,Blue|Azure Blue|Polymaker Teal|Brown,#003776|#0066D9|#4CC0C7|#55331A,83.1572,85.0640,84.8971,84.1126,82.7569,149.0400,84.5883
4722,Azure Blue|Polymaker Teal|Grey|Cold White,#0066D9|#4CC0C7|#8C9099|#D9DFE5,86.8690,85.5407,84.8110,83.7167,81.9165,128.4363,84.6287
4723,Azure Blue|Brown|Dark Olive Drab|Purple,#0066D9|#55331A|#575B54|#6C47B2,82.2025,84.8860,84.9527,84.3960,83.3527,150.9117,84.6410
4724,Black|Dark Grey|Brown|Grey,#080A0D|#485259|#55331A|#8C9099,85.3471,85.6988,85.0521,83.6386,81.0403,103.7760,84.6687
4725,Black|Brown|Grey|Cold White,#080A0D|#55331A|#8C9099|#D9DFE5,85.3602,85.7013,85.0537,83.6398,81.0412,103.7760,84.6706
4726,Green|Black|Dark Grey|Dark Olive Drab,#06924D|#080A0D|#485259|#575B54,85.7895,84.9852,84.7193,84.3751,83.7421,124.2622,84.6802
4727,Green|Black|Dark Grey|Cold White,#06924D|#080A0D|#485259|#D9DFE5,86.0832,85.1587,84.7727,84.2919,83.5140,125.4827,84.7253
4728,Black|Brown|Dark Olive Drab|Grey,#080A0D|#55331A|#575B54|#8C9099,85.3676,85.7591,85.1169,83.7080,81.1123,103.7670,84.7335
4729,Blue|Dark Grey|Polymaker Teal|Dark Olive Drab,#003776|#485259|#4CC0C7|#575B54,85.4039,85.3338,84.9481,84.1447,82.6988,109.4287,84.7392
4730,Polymaker Teal|Brown|Dark Olive Drab|Cold White,#4CC0C7|#55331A|#575B54|#D9DFE5,85.5624,85.4865,85.1338,84.1106,82.0746,110.5276,84.7986
4731,Azure Blue|Black|Grey|Cold White,#0066D9|#080A0D|#8C9099|#D9DFE5,89.7324,86.0173,84.8919,83.5987,81.7166,133.3581,84.8080
4732,Black|Polymaker Teal|Brown|Cold White,#080A0D|#4CC0C7|#55331A|#D9DFE5,84.9997,85.5202,85.1927,84.1706,82.2109,109.9659,84.8454
4733,Polymaker Teal|Tan|Cold White|White,#4CC0C7|#A79E82|#D9DFE5|#EBF7FF,86.7752,85.9942,85.2118,83.7363,81.0498,110.7456,84.8652
4734,Dark Grey|Brown|Dark Olive Drab|Grey,#485259|#55331A|#575B54|#8C9099,85.2365,85.8985,85.2761,83.8558,81.2294,103.7839,84.8771
4735,Green|Dark Grey|Polymaker Teal|Cold White,#06924D|#485259|#4CC0C7|#D9DFE5,86.0588,85.4435,85.0491,84.5032,83.6391,124.7490,84.9733
4736,Azure Blue|Dark Grey|Brown|Purple,#0066D9|#485259|#55331A|#6C47B2,82.4672,85.2349,85.3178,84.7612,83.6986,150.9117,84.9981
4737,Green|Dark Grey|Polymaker Teal|Dark Olive Drab,#06924D|#485259|#4CC0C7|#575B54,85.8445,85.3816,85.0852,84.6301,83.8202,123.7879,85.0059
4738,Azure Blue|Polymaker Teal|Purple|Grey,#0066D9|#4CC0C7|#6C47B2|#8C9099,86.4315,85.7851,85.2355,84.2728,82.6837,141.4090,85.0289
4739,Blue|Polymaker Teal|Dark Olive Drab|Cold White,#003776|#4CC0C7|#575B54|#D9DFE5,85.5827,85.6815,85.2786,84.4329,82.9265,111.2327,85.0572
4740,Blue|Azure Blue|Grey|Cold White,#003776|#0066D9|#8C9099|#D9DFE5,87.5454,86.1560,85.3240,84.0320,81.9220,128.4046,85.0940
4741,Blue|Black|Polymaker Teal|Dark Olive Drab,#003776|#080A0D|#4CC0C7|#575B54,85.9134,85.7165,85.3106,84.4847,83.0124,111.1977,85.1006
4742,Black|Polymaker Teal|Brown|Dark Olive Drab,#080A0D|#4CC0C7|#55331A|#575B54,84.9336,85.6691,85.4831,84.5660,82.6570,109.9806,85.1176
4743,Azure Blue|Dark Olive Drab|Purple|Grey,#0066D9|#575B54|#6C47B2|#8C9099,86.1538,85.9042,85.3195,84.3707,82.9148,144.6830,85.1374
4744,Blue|Azure Blue|Brown|Purple,#003776|#0066D9|#55331A|#6C47B2,82.5743,85.3791,85.4688,84.9032,83.8202,150.9117,85.1411
4745,Azure Blue|Black|Brown|Purple,#0066D9|#080A0D|#55331A|#6C47B2,82.5744,85.3793,85.4690,84.9033,83.8203,150.9117,85.1413
4746,Black|Dark Grey|Dark Olive Drab|Cold White,#080A0D|#485259|#575B54|#D9DFE5,88.6216,86.4361,85.4340,84.0190,81.6211,104.5086,85.2275
4747,Green|Black|Dark Olive Drab|Cold White,#06924D|#080A0D|#575B54|#D9DFE5,87.7588,86.1116,85.3799,84.7320,83.8407,124.8964,85.4218
4748,Azure Blue|Black|Dark Grey|Cold White,#0066D9|#080A0D|#485259|#D9DFE5,91.2843,86.8089,85.4305,84.0560,82.1684,136.9673,85.4325
4749,Black|Polymaker Teal|Dark Olive Drab|White,#080A0D|#4CC0C7|#575B54|#EBF7FF,90.3373,86.7839,85.7820,84.3155,81.7753,104.7374,85.5497
4750,Blue|Azure Blue|Black|Cold White,#003776|#0066D9|#080A0D|#D9DFE5,92.0380,87.0775,85.5631,84.1374,82.2051,136.9469,85.6075
4751,Green|Black|Dark Grey|Polymaker Teal,#06924D|#080A0D|#485259|#4CC0C7,86.8563,85.9936,85.7120,85.3366,84.6563,125.4836,85.6651
4752,Black|Dark Olive Drab|Cold White|White,#080A0D|#575B54|#D9DFE5|#EBF7FF,90.3959,86.9872,85.9766,84.4570,81.8321,104.6884,85.7221
4753,Black|Dark Grey|Dark Olive Drab|White,#080A0D|#485259|#575B54|#EBF7FF,90.3936,86.9894,85.9795,84.4587,81.8317,104.6570,85.7241
4754,Black|Dark Olive Drab|Grey|White,#080A0D|#575B54|#8C9099|#EBF7FF,90.4066,86.9980,85.9867,84.4654,81.8382,104.7340,85.7317
4755,Blue|Black|Polymaker Teal|Cold White,#003776|#080A0D|#4CC0C7|#D9DFE5,89.1041,86.6737,85.8758,84.8581,83.2572,117.7435,85.7659
4756,Black|Polymaker Teal|Cold White|White,#080A0D|#4CC0C7|#D9DFE5|#EBF7FF,91.5784,87.1251,86.0856,84.6146,82.0855,104.8636,85.8698
4757,Blue|Azure Blue|Polymaker Teal|Cold White,#003776|#0066D9|#4CC0C7|#D9DFE5,88.1250,86.7661,86.0951,85.0539,83.2767,128.0552,85.9100
4758,Azure Blue|Brown|Dark Olive Drab|Cold White,#0066D9|#55331A|#575B54|#D9DFE5,83.9605,86.3973,86.2656,85.4355,84.0215,149.6332,85.9164
4759,Black|Dark Grey|Polymaker Teal|White,#080A0D|#485259|#4CC0C7|#EBF7FF,91.7732,87.1880,86.1336,84.6493,82.1092,104.9373,85.9186
4760,Black|Polymaker Teal|Grey|White,#080A0D|#4CC0C7|#8C9099|#EBF7FF,91.7913,87.2028,86.1460,84.6603,82.1191,105.0350,85.9316
4761,Black|Polymaker Teal|Grey|Cold White,#080A0D|#4CC0C7|#8C9099|#D9DFE5,89.8956,87.0000,86.1329,84.8846,82.6858,105.0911,85.9423
4762,Azure Blue|Brown|Grey|Cold White,#0066D9|#55331A|#8C9099|#D9DFE5,84.0817,86.5151,86.4029,85.5914,84.1723,149.1571,86.0533
4763,Blue|Azure Blue|Purple|Grey,#003776|#0066D9|#6C47B2|#8C9099,87.5898,86.9349,86.3238,85.2319,83.4407,141.4654,86.0834
4764,Black|Dark Grey|Grey|Cold White,#080A0D|#485259|#8C9099|#D9DFE5,89.8347,87.3446,86.3757,84.8603,82.2259,102.2002,86.1024
4765,Black|Dark Grey|Cold White|White,#080A0D|#485259|#D9DFE5|#EBF7FF,91.8392,87.4253,86.3584,84.8188,82.1807,104.7794,86.1221
4766,Azure Blue|Brown|Dark Olive Drab|Grey,#0066D9|#55331A|#575B54|#8C9099,84.0169,86.5220,86.4685,85.7278,84.3758,149.1775,86.1249
4767,Black|Grey|Cold White|White,#080A0D|#8C9099|#D9DFE5|#EBF7FF,91.8618,87.4320,86.3638,84.8232,82.1845,104.8617,86.1276
4768,Azure Blue|Polymaker Teal|Dark Olive Drab|Purple,#0066D9|#4CC0C7|#575B54|#6C47B2,86.9085,86.8339,86.3433,85.4762,84.1009,145.8414,86.1551
4769,Azure Blue|Dark Grey|Brown|Grey,#0066D9|#485259|#55331A|#8C9099,84.1302,86.6006,86.5217,85.7485,84.3570,149.1782,86.1745
4770,Azure Blue|Black|Brown|Grey,#0066D9|#080A0D|#55331A|#8C9099,84.1364,86.6028,86.5228,85.7472,84.3541,149.1782,86.1750
4771,Black|Dark Grey|Grey|White,#080A0D|#485259|#8C9099|#EBF7FF,92.0524,87.5036,86.4200,84.8664,82.2161,104.9492,86.1850
4772,Green|Polymaker Teal|Cold White|White,#06924D|#4CC0C7|#D9DFE5|#EBF7FF,87.9009,86.8993,86.3553,85.4740,83.7560,113.4914,86.1866
4773,Blue|Azure Blue|Brown|Grey,#003776|#0066D9|#55331A|#8C9099,84.1167,86.6148,86.5367,85.7613,84.3610,149.1782,86.1880
4774,Azure Blue|Dark Olive Drab|Purple|Cold White,#0066D9|#575B54|#6C47B2|#D9DFE5,87.1647,87.0478,86.4010,85.3942,83.9544,147.5637,86.2210
4775,Azure Blue|Dark Grey|Brown|Cold White,#0066D9|#485259|#55331A|#D9DFE5,84.2422,86.7509,86.6200,85.7601,84.2904,149.6333,86.2555
4776,Green|Polymaker Teal|Dark Olive Drab|Cold White,#06924D|#4CC0C7|#575B54|#D9DFE5,87.5954,86.8878,86.4429,85.7918,84.7238,123.9067,86.3398
4777,Dark Grey|Polymaker Teal|Grey|Cold White,#485259|#4CC0C7|#8C9099|#D9DFE5,88.6471,87.3726,86.6006,85.3304,83.0404,104.7581,86.3515
4778,Dark Grey|Polymaker Teal|Dark Olive Drab|White,#485259|#4CC0C7|#575B54|#EBF7FF,88.9662,87.5131,86.6513,85.2005,82.6310,107.1972,86.3568
4779,Azure Blue|Black|Brown|Cold White,#0066D9|#080A0D|#55331A|#D9DFE5,84.3488,86.8709,86.7347,85.8550,84.3544,149.6357,86.3630
4780,Green|Black|Polymaker Teal|Cold White,#06924D|#080A0D|#4CC0C7|#D9DFE5,88.0882,86.9551,86.4114,85.7935,84.9346,125.8437,86.3743
4781,Blue|Azure Blue|Brown|Cold White,#003776|#0066D9|#55331A|#D9DFE5,84.3287,86.8824,86.7483,85.8688,84.3610,149.6357,86.3756
4782,Black|Polymaker Teal|Dark Olive Drab|Grey,#080A0D|#4CC0C7|#575B54|#8C9099,89.5694,87.4279,86.6455,85.4270,83.2363,106.1058,86.4275
4783,Dark Grey|Dark Olive Drab|Cold White|White,#485259|#575B54|#D9DFE5|#EBF7FF,89.0544,87.6495,86.7746,85.2801,82.6406,107.1829,86.4648
4784,Dark Grey|Dark Olive Drab|Grey|White,#485259|#575B54|#8C9099|#EBF7FF,89.0652,87.6601,86.7846,85.2881,82.6457,107.1905,86.4741
4785,Green|Black|Polymaker Teal|Dark Olive Drab,#06924D|#080A0D|#4CC0C7|#575B54,87.7068,86.9176,86.6394,86.2438,85.5435,124.3889,86.5807
4786,Dark Grey|Polymaker Teal|Dark Olive Drab|Grey,#485259|#4CC0C7|#575B54|#8C9099,88.7100,87.6774,86.9580,85.7067,83.4250,106.1058,86.6920
4787,Azure Blue|Dark Grey|Purple|Grey,#0066D9|#485259|#6C47B2|#8C9099,88.6097,87.6056,86.8845,85.8200,84.2086,145.4903,86.7128
4788,Azure Blue|Black|Brown|Dark Olive Drab,#0066D9|#080A0D|#55331A|#575B54,84.4227,87.0924,87.1220,86.4504,85.1434,150.9117,86.7714
4789,Azure Blue|Dark Grey|Brown|Dark Olive Drab,#0066D9|#485259|#55331A|#575B54,84.4192,87.0925,87.1229,86.4515,85.1440,150.9117,86.7720
4790,Blue|Azure Blue|Brown|Dark Olive Drab,#003776|#0066D9|#55331A|#575B54,84.4039,87.1038,87.1354,86.4644,85.1508,150.9117,86.7841
4791,Black|Dark Olive Drab|Grey|Cold White,#080A0D|#575B54|#8C9099|#D9DFE5,89.5903,88.0107,87.1536,85.6425,82.9545,103.1942,86.8266
4792,Black|Dark Grey|Dark Olive Drab|Grey,#080A0D|#485259|#575B54|#8C9099,89.5877,88.0141,87.1577,85.6473,82.9591,103.1997,86.8307
4793,Black|Dark Grey|Polymaker Teal|Grey,#080A0D|#485259|#4CC0C7|#8C9099,91.5332,88.0488,87.1920,85.9630,83.7926,108.5427,87.0059
4794,Dark Grey|Dark Olive Drab|Grey|Cold White,#485259|#575B54|#8C9099|#D9DFE5,89.1315,88.2295,87.4002,85.8738,83.1409,103.1942,87.0517
4795,Azure Blue|Polymaker Teal|Dark Olive Drab|Grey,#0066D9|#4CC0C7|#575B54|#8C9099,88.5538,87.9276,87.2758,86.2235,84.5216,144.5901,87.0755
4796,Polymaker Teal|Dark Olive Drab|Grey|Cold White,#4CC0C7|#575B54|#8C9099|#D9DFE5,89.1513,88.0992,87.3661,86.0857,83.7445,106.1010,87.0924
4797,Azure Blue|Black|Dark Grey|Brown,#0066D9|#080A0D|#485259|#55331A,84.6859,87.4411,87.4873,86.8154,85.4872,150.9117,87.1283
4798,Blue|Azure Blue|Dark Grey|Brown,#003776|#0066D9|#485259|#55331A,84.6671,87.4524,87.5007,86.8295,85.4946,150.9117,87.1409
4799,Blue|Black|Dark Grey|Polymaker Teal,#003776|#080A0D|#485259|#4CC0C7,89.9805,87.9036,87.3822,86.5881,85.2401,113.1396,87.2458
4800,Polymaker Teal|Dark Olive Drab|Grey|White,#4CC0C7|#575B54|#8C9099|#EBF7FF,90.0736,88.4412,87.5475,86.0682,83.4498,109.0814,87.2547
4801,Blue|Azure Blue|Black|Brown,#003776|#0066D9|#080A0D|#55331A,84.7727,87.5953,87.6505,86.9697,85.6141,150.9117,87.2825
4802,Azure Blue|Black|Purple|Grey,#0066D9|#080A0D|#6C47B2|#8C9099,91.4206,88.3532,87.3636,86.2513,84.7396,149.6996,87.3022
4803,Azure Blue|Black|Dark Olive Drab|Grey,#0066D9|#080A0D|#575B54|#8C9099,88.9655,88.1338,87.5115,86.4940,84.8779,144.6830,87.3139
4804,Polymaker Teal|Dark Olive Drab|Cold White|White,#4CC0C7|#575B54|#D9DFE5|#EBF7FF,90.2125,88.5491,87.6486,86.1641,83.5391,109.4450,87.3566
4805,Dark Olive Drab|Grey|Cold White|White,#575B54|#8C9099|#D9DFE5|#EBF7FF,90.1602,88.5785,87.6708,86.1458,83.4552,109.0700,87.3621
4806,Dark Grey|Polymaker Teal|Cold White|White,#485259|#4CC0C7|#D9DFE5|#EBF7FF,90.0639,88.6331,87.8049,86.3931,83.8708,107.4366,87.5131
4807,Dark Grey|Polymaker Teal|Grey|White,#485259|#4CC0C7|#8C9099|#EBF7FF,90.3393,88.7417,87.8750,86.4264,83.8598,107.4736,87.5840
4808,Azure Blue|Black|Dark Olive Drab|Purple,#0066D9|#080A0D|#575B54|#6C47B2,88.4956,88.1379,87.7725,87.0503,85.8567,151.1530,87.5941
4809,Azure Blue|Dark Olive Drab|Grey|Cold White,#0066D9|#575B54|#8C9099|#D9DFE5,88.9415,88.4941,87.8133,86.7198,84.9912,143.8845,87.6070
4810,Dark Grey|Grey|Cold White|White,#485259|#8C9099|#D9DFE5|#EBF7FF,90.3050,88.8878,88.0324,86.5596,83.9394,107.4302,87.7237
4811,Blue|Azure Blue|Dark Olive Drab|Grey,#003776|#0066D9|#575B54|#8C9099,89.0569,88.8095,88.2026,87.1542,85.4373,144.6830,87.9818
4812,Blue|Azure Blue|Polymaker Teal|Grey,#003776|#0066D9|#4CC0C7|#8C9099,89.6360,88.8509,88.2245,87.1437,85.3213,141.4090,87.9973
4813,Azure Blue|Dark Grey|Dark Olive Drab|Grey,#0066D9|#485259|#575B54|#8C9099,89.1825,88.8634,88.2475,87.1922,85.4753,144.6830,88.0278
4814,Azure Blue|Polymaker Teal|Dark Olive Drab|Cold White,#0066D9|#4CC0C7|#575B54|#D9DFE5,89.3950,88.9370,88.2634,87.2089,85.5763,144.8085,88.0730
4815,Blue|Azure Blue|Dark Olive Drab|Purple,#003776|#0066D9|#575B54|#6C47B2,88.4069,88.8176,88.4435,87.6423,86.3131,151.1426,88.2299
4816,Azure Blue|Dark Grey|Dark Olive Drab|Purple,#0066D9|#485259|#575B54|#6C47B2,88.4033,88.8178,88.4447,87.6439,86.3144,151.1426,88.2308
4817,Azure Blue|Dark Grey|Polymaker Teal|Grey,#0066D9|#485259|#4CC0C7|#8C9099,90.5036,89.2760,88.5503,87.4867,85.8012,145.3996,88.3813
4818,Azure Blue|Black|Polymaker Teal|Dark Olive Drab,#0066D9|#080A0D|#4CC0C7|#575B54,90.0372,89.0998,88.5765,87.6930,86.2565,145.8419,88.3964
4819,Azure Blue|Black|Dark Olive Drab|Cold White,#0066D9|#080A0D|#575B54|#D9DFE5,89.9756,89.2781,88.5960,87.5232,85.9257,147.5637,88.4006
4820,Azure Blue|Black|Polymaker Teal|Grey,#0066D9|#080A0D|#4CC0C7|#8C9099,92.8671,89.4299,88.4762,87.4121,85.9092,149.6495,88.4210
4821,Blue|Azure Blue|Polymaker Teal|Dark Olive Drab,#003776|#0066D9|#4CC0C7|#575B54,89.8275,89.7559,89.2476,88.2957,86.6904,145.8414,89.0258
4822,Blue|Azure Blue|Dark Olive Drab|Cold White,#003776|#0066D9|#575B54|#D9DFE5,90.0669,89.9536,89.2868,88.1832,86.4847,147.5637,89.0684
4823,Azure Blue|Dark Grey|Polymaker Teal|Dark Olive Drab,#0066D9|#485259|#4CC0C7|#575B54,89.9564,89.8150,89.2971,88.3383,86.7327,145.8414,89.0767
4824,Azure Blue|Dark Grey|Dark Olive Drab|Cold White,#0066D9|#485259|#575B54|#D9DFE5,90.1895,90.0087,89.3330,88.2224,86.5232,147.5637,89.1156
4825,Blue|Azure Blue|Dark Grey|Grey,#003776|#0066D9|#485259|#8C9099,91.5749,90.5699,89.8162,88.6357,86.7514,145.4903,89.6028
4826,Azure Blue|Black|Dark Grey|Grey,#0066D9|#080A0D|#485259|#8C9099,93.9027,90.9848,89.9993,88.7962,87.0613,149.3314,89.8905
4827,Blue|Azure Blue|Black|Grey,#003776|#0066D9|#080A0D|#8C9099,93.9872,91.0370,90.0270,88.8055,87.0415,149.6996,89.9213
4828,Azure Blue|Dark Grey|Polymaker Teal|Purple,#0066D9|#485259|#4CC0C7|#6C47B2,91.2517,90.6742,90.0830,89.2102,87.9049,147.6185,89.9422
4829,Polymaker Teal|Grey|Cold White|White,#4CC0C7|#8C9099|#D9DFE5|#EBF7FF,92.2217,91.3727,90.6091,89.2008,86.6433,110.5046,90.2868
4830,Blue|Azure Blue|Black|Dark Olive Drab,#003776|#0066D9|#080A0D|#575B54,91.1551,91.0230,90.6237,89.7646,88.2832,151.1468,90.3938
4831,Azure Blue|Black|Dark Grey|Dark Olive Drab,#0066D9|#080A0D|#485259|#575B54,91.2142,91.0500,90.6428,89.7803,88.3027,151.1473,90.4151
4832,Blue|Azure Blue|Dark Grey|Dark Olive Drab,#003776|#0066D9|#485259|#575B54,91.3059,91.7199,91.3241,90.4216,88.8282,151.1468,91.0707
4833,Black|Dark Grey|Polymaker Teal|Cold White,#080A0D|#485259|#4CC0C7|#D9DFE5,95.5284,92.5510,91.6213,90.3750,88.3062,111.0735,91.4630
4834,Dark Grey|Polymaker Teal|Dark Olive Drab|Cold White,#485259|#4CC0C7|#575B54|#D9DFE5,92.6039,92.4189,91.8829,90.7802,88.7372,109.9311,91.5995
4835,Black|Dark Grey|Polymaker Teal|Dark Olive Drab,#080A0D|#485259|#4CC0C7|#575B54,93.2802,92.5228,91.9692,90.8948,88.9071,110.0978,91.7088
4836,Blue|Azure Blue|Polymaker Teal|Purple,#003776|#0066D9|#4CC0C7|#6C47B2,94.4308,93.3046,92.7481,91.9018,90.5667,140.3714,92.6032
4837,Azure Blue|Black|Polymaker Teal|Purple,#0066D9|#080A0D|#4CC0C7|#6C47B2,95.8876,93.7383,92.7174,91.6907,90.4689,152.1647,92.7145
4838,Blue|Azure Blue|Dark Grey|Polymaker Teal,#003776|#0066D9|#485259|#4CC0C7,94.2339,93.6612,93.0459,92.0784,90.5468,147.6185,92.8698
4839,Black|Polymaker Teal|Dark Olive Drab|Cold White,#080A0D|#4CC0C7|#575B54|#D9DFE5,94.8150,94.1320,93.4291,92.1737,90.0223,111.7985,93.1528
4840,Blue|Azure Blue|Dark Grey|Purple,#003776|#0066D9|#485259|#6C47B2,94.3486,94.6245,94.2765,93.5360,92.2878,155.4117,94.0803
4841,Azure Blue|Black|Dark Grey|Polymaker Teal,#0066D9|#080A0D|#485259|#4CC0C7,97.1869,95.0753,94.2368,93.2656,91.9393,151.7511,94.1704
4842,Blue|Azure Blue|Black|Polymaker Teal,#003776|#0066D9|#080A0D|#4CC0C7,98.4719,96.4448,95.4195,94.3199,92.9188,152.1647,95.3824
4843,Azure Blue|Black|Dark Grey|Purple,#0066D9|#080A0D|#485259|#6C47B2,97.6484,97.1982,96.7365,96.0341,94.9518,158.7034,96.6162
4844,Blue|Azure Blue|Black|Dark Grey,#003776|#0066D9|#080A0D|#485259,100.2128,99.8851,99.4084,98.6073,97.2916,158.7034,99.2462
4845,Blue|Azure Blue|Black|Purple,#003776|#0066D9|#080A0D|#6C47B2,102.5230,104.1637,103.8575,103.1819,102.0217,161.7314,103.6728
