rank,labels,hexes,sigma0,sigma2,sigma4,sigma8,sigma16,p99_sigma2,rank_key
1,Blue|Polymaker Teal|Olive Green|Pink,#003776|#4CC0C7|#948902|#F1A1AF,27.7712,18.2707,14.0811,10.3974,7.7461,49.4752,14.3341
2,Blue|Polymaker Teal|Olive Green|Cold White,#003776|#4CC0C7|#948902|#D9DFE5,28.8140,18.8364,14.1758,10.0372,7.1404,53.0533,14.4368
3,Blue|Green|Olive Green|Cold White,#003776|#06924D|#948902|#D9DFE5,28.8043,19.1984,14.5392,10.2286,6.9791,50.7584,14.7135
4,Blue|Polymaker Teal|Tan|Cold White,#003776|#4CC0C7|#A79E82|#D9DFE5,24.2137,18.1844,15.0445,11.8271,8.9872,40.9777,15.0058
5,Blue|Azure Blue|Polymaker Teal|Tan,#003776|#0066D9|#4CC0C7|#A79E82,24.3203,18.3254,15.3207,12.2226,9.3895,39.4109,15.2740
6,Blue|Polymaker Teal|Tan|Magenta,#003776|#4CC0C7|#A79E82|#F24574,24.6784,18.4840,15.3686,12.1786,9.3054,40.8192,15.3313
7,Blue|Polymaker Teal|Olive Green|Magenta,#003776|#4CC0C7|#948902|#F24574,28.6157,19.3184,15.1241,11.3545,8.4541,48.2919,15.3365
8,Blue|Polymaker Teal|Tan|Red,#003776|#4CC0C7|#A79E82|#E72F1D,24.4323,18.4857,15.4584,12.3413,9.5059,44.4768,15.4135
9,Blue|Polymaker Teal|Tan|Pink,#003776|#4CC0C7|#A79E82|#F1A1AF,24.6489,18.5912,15.4944,12.3362,9.4827,41.5076,15.4637
10,Blue|Brown|Tan|Cold White,#003776|#55331A|#A79E82|#D9DFE5,24.6727,18.7159,15.5981,12.3934,9.4504,42.6708,15.5547
11,Blue|Polymaker Teal|Tan|White,#003776|#4CC0C7|#A79E82|#EBF7FF,24.4691,18.6556,15.7045,12.7602,10.1166,40.4209,15.7079
12,Blue|Azure Blue|Tan|Cold White,#003776|#0066D9|#A79E82|#D9DFE5,24.6194,18.8833,15.8220,12.6692,9.7917,41.3952,15.7762
13,Blue|Polymaker Teal|Grey|Tan,#003776|#4CC0C7|#8C9099|#A79E82,24.4935,18.7760,15.9018,12.8690,9.9628,40.6538,15.8225
14,Blue|Tan|Cold White|Red,#003776|#A79E82|#D9DFE5|#E72F1D,24.8764,19.0243,15.8801,12.6422,9.7211,42.5610,15.8332
15,Blue|Purple|Tan|Cold White,#003776|#6C47B2|#A79E82|#D9DFE5,24.7136,18.9597,15.8950,12.7115,9.7927,41.6661,15.8356
16,Blue|Tan|Cold White|Pink,#003776|#A79E82|#D9DFE5|#F1A1AF,24.8249,18.9752,15.8754,12.6990,9.8164,42.0559,15.8371
17,Blue|Tan|Cold White|Orange,#003776|#A79E82|#D9DFE5|#F67405,24.7720,18.9833,15.8948,12.7152,9.8388,42.8789,15.8493
18,Blue|Tan|Cold White|Magenta,#003776|#A79E82|#D9DFE5|#F24574,24.7543,18.9783,15.8913,12.7471,9.8784,41.4990,15.8627
19,Blue|Polymaker Teal|Tan|Orange,#003776|#4CC0C7|#A79E82|#F67405,24.9436,18.9481,15.9289,12.8285,9.9466,47.5862,15.8883
20,Blue|Polymaker Teal|Olive Green|Red,#003776|#4CC0C7|#948902|#E72F1D,27.9236,19.5655,15.7508,12.2523,9.5280,47.2863,15.9089
21,Azure Blue|Dark Grey|Polymaker Teal|Tan,#0066D9|#485259|#4CC0C7|#A79E82,22.3652,18.1344,16.1549,13.8917,11.4447,35.8892,16.0131
22,Blue|Polymaker Teal|Tan|Yellow,#003776|#4CC0C7|#A79E82|#FFE800,25.2871,19.3036,16.2677,13.1678,10.2602,47.4000,16.2357
23,Blue|Polymaker Teal|Tan|Lime Green,#003776|#4CC0C7|#A79E82|#D5D701,25.2641,19.2995,16.3008,13.2207,10.3099,47.3013,16.2601
24,Blue|Polymaker Teal|Brown|Tan,#003776|#4CC0C7|#55331A|#A79E82,25.3189,19.3655,16.3549,13.2780,10.3695,47.1212,16.3217
25,Blue|Green|Cold White|Red,#003776|#06924D|#D9DFE5|#E72F1D,28.0549,20.3971,16.3778,12.3214,8.9452,55.1828,16.3592
26,Blue|Green|Polymaker Teal|Tan,#003776|#06924D|#4CC0C7|#A79E82,25.2827,19.3954,16.4281,13.3880,10.4866,47.2280,16.3917
27,Blue|Black|Polymaker Teal|Tan,#003776|#080A0D|#4CC0C7|#A79E82,25.2827,19.3954,16.4281,13.3880,10.4866,47.2280,16.3917
28,Blue|Polymaker Teal|Olive Green|Tan,#003776|#4CC0C7|#948902|#A79E82,25.2827,19.3954,16.4281,13.3880,10.4866,47.2280,16.3917
29,Blue|Polymaker Teal|Dark Olive Drab|Tan,#003776|#4CC0C7|#575B54|#A79E82,25.3534,19.5233,16.5260,13.3765,10.4553,48.7081,16.4499
30,Blue|Polymaker Teal|Purple|Tan,#003776|#4CC0C7|#6C47B2|#A79E82,26.0239,19.4980,16.4309,13.4174,10.6795,44.3621,16.4577
31,Blue|Green|Tan|Cold White,#003776|#06924D|#A79E82|#D9DFE5,26.5388,20.1441,16.5717,12.7857,9.3959,49.4785,16.4649
32,Blue|Azure Blue|Green|Tan,#003776|#0066D9|#06924D|#A79E82,25.9728,19.7379,16.5664,13.2709,10.1905,46.8138,16.5044
33,Blue|Dark Grey|Polymaker Teal|Tan,#003776|#485259|#4CC0C7|#A79E82,25.3275,19.6307,16.6924,13.5232,10.4907,46.9102,16.5769
34,Azure Blue|Dark Grey|Lime Green|Red,#0066D9|#485259|#D5D701|#E72F1D,24.6320,19.1487,16.6652,14.0940,11.6454,46.5752,16.6213
35,Azure Blue|Dark Grey|Lime Green|Magenta,#0066D9|#485259|#D5D701|#F24574,24.7313,19.2347,16.7483,14.1493,11.7281,47.2152,16.6920
36,Blue|Polymaker Teal|Olive Green|Orange,#003776|#4CC0C7|#948902|#F67405,26.8247,19.7726,16.5671,13.6174,11.3590,45.9909,16.6950
37,Blue|Green|Cold White|Orange,#003776|#06924D|#D9DFE5|#F67405,28.3805,20.7806,16.7062,12.6482,9.3309,55.1481,16.7144
38,Azure Blue|Black|Polymaker Teal|Tan,#0066D9|#080A0D|#4CC0C7|#A79E82,28.7714,19.9198,16.5267,13.5472,11.1340,38.9494,16.7335
39,Blue|Polymaker Teal|Grey|Olive Green,#003776|#4CC0C7|#8C9099|#948902,26.9280,19.8320,16.7769,13.6616,10.5453,45.0090,16.7468
40,Blue|Polymaker Teal|Brown|Olive Green,#003776|#4CC0C7|#55331A|#948902,30.0390,20.3175,16.2649,13.1839,11.5493,48.7428,16.7507
41,Azure Blue|Dark Grey|Lime Green|Orange,#0066D9|#485259|#D5D701|#F67405,24.6999,19.3172,16.8212,14.1916,11.7093,46.4991,16.7544
42,Blue|Polymaker Teal|Dark Olive Drab|Cold White,#003776|#4CC0C7|#575B54|#D9DFE5,25.1200,19.3967,16.7866,14.1296,11.6351,45.2512,16.7632
43,Blue|Polymaker Teal|Dark Olive Drab|Olive Green,#003776|#4CC0C7|#575B54|#948902,29.7918,20.4088,16.3723,13.2120,11.4967,50.7891,16.8104
44,Blue|Green|Polymaker Teal|Olive Green,#003776|#06924D|#4CC0C7|#948902,30.1248,20.4667,16.3811,13.2320,11.4976,50.7888,16.8494
45,Blue|Dark Grey|Polymaker Teal|Cold White,#003776|#485259|#4CC0C7|#D9DFE5,24.6895,19.4935,16.9730,14.2554,11.5595,44.0126,16.8745
46,Blue|Black|Polymaker Teal|Olive Green,#003776|#080A0D|#4CC0C7|#948902,30.0914,20.4674,16.4202,13.3614,11.6180,51.1839,16.9144
47,Blue|Polymaker Teal|Brown|Cold White,#003776|#4CC0C7|#55331A|#D9DFE5,28.9479,20.3866,16.8409,13.6774,11.1084,47.0246,17.0320
48,Blue|Grey|Tan|White,#003776|#8C9099|#A79E82|#EBF7FF,24.8462,19.6987,17.1745,14.3885,11.4773,41.7363,17.0436
49,Blue|Dark Grey|Polymaker Teal|Orange,#003776|#485259|#4CC0C7|#F67405,25.4382,19.8476,17.1716,14.4625,12.0992,43.9176,17.1551
50,Blue|Polymaker Teal|Dark Olive Drab|Orange,#003776|#4CC0C7|#575B54|#F67405,25.4849,19.8925,17.2108,14.4877,12.0477,42.9604,17.1901
51,Blue|Brown|Tan|White,#003776|#55331A|#A79E82|#EBF7FF,25.1576,19.8606,17.2939,14.5847,11.8870,42.4807,17.2227
52,Blue|Green|Polymaker Teal|Red,#003776|#06924D|#4CC0C7|#E72F1D,27.5424,20.4783,17.1674,14.0275,11.6250,44.7981,17.2529
53,Blue|Green|Brown|Cold White,#003776|#06924D|#55331A|#D9DFE5,29.3334,20.9983,17.1425,13.5110,10.5031,50.1859,17.2546
54,Azure Blue|Dark Grey|Lime Green|Pink,#0066D9|#485259|#D5D701|#F1A1AF,24.7926,19.7000,17.3450,14.8321,12.4569,48.2319,17.2660
55,Blue|Polymaker Teal|Olive Green|White,#003776|#4CC0C7|#948902|#EBF7FF,29.6093,20.9538,17.1091,13.7212,11.1940,55.5670,17.3375
56,Blue|Azure Blue|Tan|White,#003776|#0066D9|#A79E82|#EBF7FF,25.0532,19.9930,17.4287,14.7142,12.0196,42.1200,17.3536
57,Blue|Tan|White|Orange,#003776|#A79E82|#EBF7FF|#F67405,25.0010,20.0111,17.5068,14.8354,12.1319,41.8007,17.4233
58,Blue|Dark Grey|Polymaker Teal|Olive Green,#003776|#485259|#4CC0C7|#948902,30.2213,21.1302,17.1472,13.7244,11.6276,53.5547,17.4273
59,Blue|Tan|Cold White|White,#003776|#A79E82|#D9DFE5|#EBF7FF,25.1877,20.0897,17.5162,14.7817,12.0458,41.7472,17.4357
60,Blue|Tan|Red|White,#003776|#A79E82|#E72F1D|#EBF7FF,25.0587,20.0591,17.5330,14.8439,12.1441,42.0105,17.4515
61,Blue|Purple|Tan|White,#003776|#6C47B2|#A79E82|#EBF7FF,25.0836,20.0547,17.5464,14.8852,12.1946,41.4953,17.4699
62,Blue|Green|Tan|Pink,#003776|#06924D|#A79E82|#F1A1AF,26.7142,20.5864,17.4864,14.3555,11.4643,46.3045,17.4710
63,Blue|Tan|White|Pink,#003776|#A79E82|#EBF7FF|#F1A1AF,25.0601,20.0918,17.5815,14.9087,12.2193,41.9300,17.5002
64,Blue|Azure Blue|Green|Cold White,#003776|#0066D9|#06924D|#D9DFE5,29.0941,21.4789,17.4717,13.5801,10.5696,49.3187,17.5295
65,Blue|Tan|White|Magenta,#003776|#A79E82|#EBF7FF|#F24574,25.0838,20.1267,17.6231,14.9514,12.2416,41.8729,17.5391
66,Blue|Green|Cold White|Magenta,#003776|#06924D|#D9DFE5|#F24574,29.7528,21.8058,17.5870,13.2752,9.6919,57.1262,17.5405
67,Blue|Green|Polymaker Teal|Magenta,#003776|#06924D|#4CC0C7|#F24574,29.4082,21.1989,17.4366,13.9767,11.3320,49.7757,17.5878
68,Azure Blue|Dark Grey|Lime Green|Yellow,#0066D9|#485259|#D5D701|#FFE800,25.0461,19.9439,17.6512,15.2389,12.8725,47.0327,17.5914
69,Azure Blue|Green|Dark Grey|Lime Green,#0066D9|#06924D|#485259|#D5D701,25.8210,20.2408,17.6781,14.9653,12.3643,50.6164,17.6030
70,Azure Blue|Dark Grey|Lime Green|White,#0066D9|#485259|#D5D701|#EBF7FF,25.7887,20.2445,17.6968,14.9905,12.3796,51.2129,17.6175
71,Azure Blue|Dark Grey|Polymaker Teal|Lime Green,#0066D9|#485259|#4CC0C7|#D5D701,25.7581,20.2264,17.7057,15.0212,12.3756,51.1310,17.6238
72,Blue|Tan|Cold White|Yellow,#003776|#A79E82|#D9DFE5|#FFE800,27.0501,20.9094,17.6342,14.3386,11.4718,57.1739,17.6240
73,Azure Blue|Dark Grey|Polymaker Teal|Yellow,#0066D9|#485259|#4CC0C7|#FFE800,24.7301,19.8131,17.6578,15.4360,13.3191,45.6806,17.6245
74,Blue|Green|Polymaker Teal|Cold White,#003776|#06924D|#4CC0C7|#D9DFE5,29.1251,21.5757,17.5929,13.6761,10.5504,50.0867,17.6259
75,Blue|Green|Polymaker Teal|Orange,#003776|#06924D|#4CC0C7|#F67405,26.4847,20.4643,17.5586,14.7876,12.6211,45.6151,17.6259
76,Blue|Polymaker Teal|Brown|Orange,#003776|#4CC0C7|#55331A|#F67405,27.2245,20.5983,17.5922,14.6854,12.2474,46.0033,17.6418
77,Dark Grey|Polymaker Teal|Purple|Tan,#485259|#4CC0C7|#6C47B2|#A79E82,28.0055,20.7766,17.5463,14.5163,11.7698,49.2586,17.6465
78,Blue|Green|Cold White|White,#003776|#06924D|#D9DFE5|#EBF7FF,29.2801,21.6565,17.6705,13.8098,10.7480,49.9411,17.7332
79,Azure Blue|Dark Grey|Brown|Lime Green,#0066D9|#485259|#55331A|#D5D701,28.2222,20.6458,17.6244,14.8268,12.3889,46.9566,17.7363
80,Azure Blue|Green|Dark Grey|Yellow,#0066D9|#06924D|#485259|#FFE800,25.4479,20.1326,17.7644,15.4062,13.2650,47.4508,17.7694
81,Blue|Brown|Cold White|Orange,#003776|#55331A|#D9DFE5|#F67405,28.9310,21.0521,17.6667,14.5446,11.9001,50.2167,17.7983
82,Blue|Green|Olive Green|White,#003776|#06924D|#948902|#EBF7FF,29.9381,21.4930,17.6923,14.1978,11.4501,55.1197,17.8454
83,Blue|Grey|Tan|Cold White,#003776|#8C9099|#A79E82|#D9DFE5,25.6190,20.6006,18.0432,15.1481,12.0632,48.2055,17.8744
84,Blue|Polymaker Teal|Grey|Orange,#003776|#4CC0C7|#8C9099|#F67405,26.7122,20.8714,17.8930,14.9286,12.4451,45.8233,17.9000
85,Blue|Polymaker Teal|Lime Green|Red,#003776|#4CC0C7|#D5D701|#E72F1D,27.9093,21.1968,17.8602,14.6081,12.0266,53.3244,17.9025
86,Azure Blue|Dark Grey|Lime Green|Cold White,#0066D9|#485259|#D5D701|#D9DFE5,26.0220,20.5885,18.0595,15.2774,12.4419,52.3233,17.9330
87,Blue|Azure Blue|Brown|Cold White,#003776|#0066D9|#55331A|#D9DFE5,29.0097,21.1238,17.7789,14.7952,12.3813,48.6113,17.9595
88,Blue|Brown|Cold White|Pink,#003776|#55331A|#D9DFE5|#F1A1AF,28.9655,21.1358,17.8500,14.8969,12.4257,49.0038,18.0164
89,Blue|Brown|Cold White|Magenta,#003776|#55331A|#D9DFE5|#F24574,29.0488,21.1632,17.8406,14.8755,12.4257,48.4764,18.0194
90,Blue|Green|Brown|Tan,#003776|#06924D|#55331A|#A79E82,26.5157,20.8733,18.1017,15.1849,12.3671,48.3778,18.0291
91,Blue|Olive Green|Cold White|White,#003776|#948902|#D9DFE5|#EBF7FF,31.2574,22.1668,17.9398,13.9237,10.7011,66.6823,18.0453
92,Blue|Brown|Purple|Cold White,#003776|#55331A|#6C47B2|#D9DFE5,29.1149,21.1954,17.8600,14.9034,12.4746,48.8660,18.0494
93,Blue|Green|Black|Tan,#003776|#06924D|#080A0D|#A79E82,26.4242,20.8761,18.1353,15.2436,12.4172,46.7748,18.0599
94,Blue|Green|Olive Green|Tan,#003776|#06924D|#948902|#A79E82,26.4242,20.8761,18.1353,15.2436,12.4172,46.7748,18.0599
95,Blue|Green|Tan|Lime Green,#003776|#06924D|#A79E82|#D5D701,26.4242,20.8761,18.1353,15.2436,12.4172,46.7748,18.0599
96,Blue|Green|Tan|Red,#003776|#06924D|#A79E82|#E72F1D,26.4242,20.8761,18.1353,15.2436,12.4172,46.7748,18.0599
97,Blue|Green|Tan|Magenta,#003776|#06924D|#A79E82|#F24574,26.4242,20.8761,18.1353,15.2436,12.4172,46.7748,18.0599
98,Blue|Green|Tan|Orange,#003776|#06924D|#A79E82|#F67405,26.4242,20.8761,18.1353,15.2436,12.4172,46.7748,18.0599
99,Blue|Green|Tan|Yellow,#003776|#06924D|#A79E82|#FFE800,26.4242,20.8761,18.1353,15.2436,12.4172,46.7748,18.0599
100,Blue|Green|Dark Olive Drab|Tan,#003776|#06924D|#575B54|#A79E82,26.4897,20.9419,18.1584,15.1815,12.2777,49.4297,18.0617
101,Azure Blue|Green|Dark Grey|Tan,#0066D9|#06924D|#485259|#A79E82,24.7381,20.3109,18.2193,15.8186,13.2644,47.1173,18.0648
102,Blue|Green|Grey|Olive Green,#003776|#06924D|#8C9099|#948902,27.1624,21.0736,18.2386,15.1047,11.7130,44.5952,18.0892
103,Blue|Dark Olive Drab|Tan|Pink,#003776|#575B54|#A79E82|#F1A1AF,26.4322,20.9253,18.1869,15.2994,12.4875,49.9434,18.1124
104,Blue|Azure Blue|Polymaker Teal|Orange,#003776|#0066D9|#4CC0C7|#F67405,26.7672,20.9820,18.0669,15.2449,12.9432,45.9261,18.1134
105,Blue|Polymaker Teal|Cold White|Orange,#003776|#4CC0C7|#D9DFE5|#F67405,26.8833,21.0368,18.0670,15.1970,12.8650,46.2702,18.1169
106,Blue|Black|Dark Olive Drab|Tan,#003776|#080A0D|#575B54|#A79E82,26.3863,20.9590,18.2516,15.3810,12.5652,49.3849,18.1700
107,Blue|Dark Olive Drab|Olive Green|Tan,#003776|#575B54|#948902|#A79E82,26.3863,20.9590,18.2516,15.3810,12.5652,49.3849,18.1700
108,Blue|Dark Olive Drab|Tan|Lime Green,#003776|#575B54|#A79E82|#D5D701,26.3863,20.9590,18.2516,15.3810,12.5652,49.3849,18.1700
109,Blue|Dark Olive Drab|Tan|Red,#003776|#575B54|#A79E82|#E72F1D,26.3863,20.9590,18.2516,15.3810,12.5652,49.3849,18.1700
110,Blue|Dark Olive Drab|Tan|Magenta,#003776|#575B54|#A79E82|#F24574,26.3863,20.9590,18.2516,15.3810,12.5652,49.3849,18.1700
111,Blue|Dark Olive Drab|Tan|Orange,#003776|#575B54|#A79E82|#F67405,26.3863,20.9590,18.2516,15.3810,12.5652,49.3849,18.1700
112,Blue|Dark Olive Drab|Tan|Yellow,#003776|#575B54|#A79E82|#FFE800,26.3863,20.9590,18.2516,15.3810,12.5652,49.3849,18.1700
113,Blue|Black|Olive Green|Tan,#003776|#080A0D|#948902|#A79E82,26.3470,20.9186,18.2559,15.4357,12.6546,47.5883,18.1771
114,Blue|Black|Tan|Lime Green,#003776|#080A0D|#A79E82|#D5D701,26.3470,20.9186,18.2559,15.4357,12.6546,47.5883,18.1771
115,Blue|Black|Tan|Red,#003776|#080A0D|#A79E82|#E72F1D,26.3470,20.9186,18.2559,15.4357,12.6546,47.5883,18.1771
116,Blue|Black|Tan|Magenta,#003776|#080A0D|#A79E82|#F24574,26.3470,20.9186,18.2559,15.4357,12.6546,47.5883,18.1771
117,Blue|Black|Tan|Orange,#003776|#080A0D|#A79E82|#F67405,26.3470,20.9186,18.2559,15.4357,12.6546,47.5883,18.1771
118,Blue|Black|Tan|Yellow,#003776|#080A0D|#A79E82|#FFE800,26.3470,20.9186,18.2559,15.4357,12.6546,47.5883,18.1771
119,Blue|Olive Green|Tan|Lime Green,#003776|#948902|#A79E82|#D5D701,26.3470,20.9186,18.2559,15.4357,12.6546,47.5883,18.1771
120,Blue|Olive Green|Tan|Red,#003776|#948902|#A79E82|#E72F1D,26.3470,20.9186,18.2559,15.4357,12.6546,47.5883,18.1771
121,Blue|Olive Green|Tan|Magenta,#003776|#948902|#A79E82|#F24574,26.3470,20.9186,18.2559,15.4357,12.6546,47.5883,18.1771
122,Blue|Olive Green|Tan|Orange,#003776|#948902|#A79E82|#F67405,26.3470,20.9186,18.2559,15.4357,12.6546,47.5883,18.1771
123,Blue|Olive Green|Tan|Yellow,#003776|#948902|#A79E82|#FFE800,26.3470,20.9186,18.2559,15.4357,12.6546,47.5883,18.1771
124,Blue|Tan|Lime Green|Red,#003776|#A79E82|#D5D701|#E72F1D,26.3470,20.9186,18.2559,15.4357,12.6546,47.5883,18.1771
125,Blue|Tan|Lime Green|Magenta,#003776|#A79E82|#D5D701|#F24574,26.3470,20.9186,18.2559,15.4357,12.6546,47.5883,18.1771
126,Blue|Tan|Lime Green|Orange,#003776|#A79E82|#D5D701|#F67405,26.3470,20.9186,18.2559,15.4357,12.6546,47.5883,18.1771
127,Blue|Tan|Lime Green|Yellow,#003776|#A79E82|#D5D701|#FFE800,26.3470,20.9186,18.2559,15.4357,12.6546,47.5883,18.1771
128,Blue|Tan|Red|Magenta,#003776|#A79E82|#E72F1D|#F24574,26.3470,20.9186,18.2559,15.4357,12.6546,47.5883,18.1771
129,Blue|Tan|Red|Orange,#003776|#A79E82|#E72F1D|#F67405,26.3470,20.9186,18.2559,15.4357,12.6546,47.5883,18.1771
130,Blue|Tan|Red|Yellow,#003776|#A79E82|#E72F1D|#FFE800,26.3470,20.9186,18.2559,15.4357,12.6546,47.5883,18.1771
131,Blue|Tan|Magenta|Orange,#003776|#A79E82|#F24574|#F67405,26.3470,20.9186,18.2559,15.4357,12.6546,47.5883,18.1771
132,Blue|Tan|Magenta|Yellow,#003776|#A79E82|#F24574|#FFE800,26.3470,20.9186,18.2559,15.4357,12.6546,47.5883,18.1771
133,Blue|Tan|Orange|Yellow,#003776|#A79E82|#F67405|#FFE800,26.3470,20.9186,18.2559,15.4357,12.6546,47.5883,18.1771
134,Blue|Black|Brown|Tan,#003776|#080A0D|#55331A|#A79E82,26.4473,20.9456,18.2474,15.4269,12.6636,48.8727,18.1862
135,Blue|Brown|Olive Green|Tan,#003776|#55331A|#948902|#A79E82,26.4473,20.9456,18.2474,15.4269,12.6636,48.8727,18.1862
136,Blue|Brown|Tan|Lime Green,#003776|#55331A|#A79E82|#D5D701,26.4473,20.9456,18.2474,15.4269,12.6636,48.8727,18.1862
137,Blue|Brown|Tan|Red,#003776|#55331A|#A79E82|#E72F1D,26.4473,20.9456,18.2474,15.4269,12.6636,48.8727,18.1862
138,Blue|Brown|Tan|Magenta,#003776|#55331A|#A79E82|#F24574,26.4473,20.9456,18.2474,15.4269,12.6636,48.8727,18.1862
139,Blue|Brown|Tan|Orange,#003776|#55331A|#A79E82|#F67405,26.4473,20.9456,18.2474,15.4269,12.6636,48.8727,18.1862
140,Blue|Brown|Tan|Yellow,#003776|#55331A|#A79E82|#FFE800,26.4473,20.9456,18.2474,15.4269,12.6636,48.8727,18.1862
141,Blue|Green|Red|White,#003776|#06924D|#E72F1D|#EBF7FF,28.3490,21.5966,18.2047,14.7990,12.0106,55.6604,18.1978
142,Blue|Green|Grey|Tan,#003776|#06924D|#8C9099|#A79E82,26.8235,21.2906,18.4115,15.1068,11.6907,46.3830,18.1987
143,Blue|Polymaker Teal|White|Orange,#003776|#4CC0C7|#EBF7FF|#F67405,26.8967,21.0921,18.1662,15.3334,13.0329,46.1224,18.2128
144,Blue|Polymaker Teal|Red|Orange,#003776|#4CC0C7|#E72F1D|#F67405,26.9131,21.1420,18.1948,15.2971,12.9068,45.5997,18.2196
145,Blue|Dark Olive Drab|Purple|Tan,#003776|#575B54|#6C47B2|#A79E82,26.8324,21.0954,18.3056,15.3649,12.5271,49.5969,18.2302
146,Blue|Polymaker Teal|Purple|Orange,#003776|#4CC0C7|#6C47B2|#F67405,27.1565,21.2089,18.1966,15.2839,12.9173,45.9152,18.2464
147,Azure Blue|Dark Grey|Magenta|Yellow,#0066D9|#485259|#F24574|#FFE800,25.0221,20.3873,18.3022,16.1503,14.1270,47.4373,18.2688
148,Blue|Dark Grey|Tan|Pink,#003776|#485259|#A79E82|#F1A1AF,26.4660,21.1504,18.4169,15.3963,12.4647,46.8984,18.2733
149,Blue|Brown|Dark Olive Drab|Tan,#003776|#55331A|#575B54|#A79E82,26.5752,21.1150,18.3695,15.4381,12.5965,51.9299,18.2765
150,Blue|Green|Tan|White,#003776|#06924D|#A79E82|#EBF7FF,26.6713,21.2497,18.4148,15.3055,12.2084,49.2116,18.2776
151,Azure Blue|Dark Grey|Orange|Yellow,#0066D9|#485259|#F67405|#FFE800,24.9942,20.4193,18.3331,16.1385,14.0364,47.2672,18.2789
152,Blue|Black|Tan|Pink,#003776|#080A0D|#A79E82|#F1A1AF,26.7223,21.0477,18.3145,15.5148,12.7627,48.4507,18.2812
153,Blue|Green|Polymaker Teal|Pink,#003776|#06924D|#4CC0C7|#F1A1AF,29.0503,21.8440,18.2298,14.7236,11.7470,50.4835,18.2838
154,Blue|Polymaker Teal|Magenta|Orange,#003776|#4CC0C7|#F24574|#F67405,27.1337,21.2201,18.2439,15.3829,12.9963,45.9566,18.3015
155,Blue|Dark Grey|Polymaker Teal|Pink,#003776|#485259|#4CC0C7|#F1A1AF,26.0889,20.9389,18.4457,15.6646,12.8313,47.3463,18.3017
156,Azure Blue|Dark Grey|Red|Yellow,#0066D9|#485259|#E72F1D|#FFE800,25.0143,20.4142,18.3497,16.1939,14.0987,47.6072,18.3040
157,Blue|Polymaker Teal|Pink|Orange,#003776|#4CC0C7|#F1A1AF|#F67405,26.9881,21.1845,18.2599,15.4353,13.0677,46.2533,18.3099
158,Blue|Azure Blue|Grey|Tan,#003776|#0066D9|#8C9099|#A79E82,25.9896,21.0447,18.5175,15.5814,12.4455,50.5664,18.3131
159,Blue|Green|Dark Grey|Tan,#003776|#06924D|#485259|#A79E82,26.6195,21.2308,18.4663,15.4106,12.4104,46.6801,18.3207
160,Azure Blue|Dark Grey|Brown|Yellow,#0066D9|#485259|#55331A|#FFE800,25.4248,20.4484,18.3150,16.1973,14.2017,47.6451,18.3228
161,Blue|Olive Green|White|Yellow,#003776|#948902|#EBF7FF|#FFE800,30.8149,22.0053,18.1919,14.7505,12.0530,60.8854,18.3779
162,Blue|Dark Olive Drab|Olive Green|White,#003776|#575B54|#948902|#EBF7FF,27.9664,21.3563,18.4361,15.4056,12.5564,58.7587,18.3810
163,Azure Blue|Black|Dark Grey|Yellow,#0066D9|#080A0D|#485259|#FFE800,26.4454,20.7132,18.3284,16.0705,14.0603,49.3024,18.3919
164,Blue|Polymaker Teal|Dark Olive Drab|White,#003776|#4CC0C7|#575B54|#EBF7FF,25.5052,20.6253,18.4459,16.1657,13.9181,48.0463,18.3955
165,Blue|Black|Dark Grey|Tan,#003776|#080A0D|#485259|#A79E82,26.5793,21.2760,18.5723,15.5529,12.5456,47.5283,18.4145
166,Blue|Dark Grey|Olive Green|Tan,#003776|#485259|#948902|#A79E82,26.5793,21.2760,18.5723,15.5529,12.5456,47.5283,18.4145
167,Blue|Dark Grey|Tan|Lime Green,#003776|#485259|#A79E82|#D5D701,26.5793,21.2760,18.5723,15.5529,12.5456,47.5283,18.4145
168,Blue|Dark Grey|Tan|Red,#003776|#485259|#A79E82|#E72F1D,26.5793,21.2760,18.5723,15.5529,12.5456,47.5283,18.4145
169,Blue|Dark Grey|Tan|Magenta,#003776|#485259|#A79E82|#F24574,26.5793,21.2760,18.5723,15.5529,12.5456,47.5283,18.4145
170,Blue|Dark Grey|Tan|Orange,#003776|#485259|#A79E82|#F67405,26.5793,21.2760,18.5723,15.5529,12.5456,47.5283,18.4145
171,Blue|Dark Grey|Tan|Yellow,#003776|#485259|#A79E82|#FFE800,26.5793,21.2760,18.5723,15.5529,12.5456,47.5283,18.4145
172,Blue|Polymaker Teal|Lime Green|Magenta,#003776|#4CC0C7|#D5D701|#F24574,28.8787,21.8231,18.3836,15.0523,12.4216,55.6503,18.4377
173,Blue|Polymaker Teal|Brown|Pink,#003776|#4CC0C7|#55331A|#F1A1AF,29.8228,21.6211,18.3741,15.2609,12.5769,46.5489,18.4410
174,Blue|Tan|Lime Green|Pink,#003776|#A79E82|#D5D701|#F1A1AF,26.9331,21.2571,18.4944,15.6437,12.8553,51.5535,18.4504
175,Blue|Green|Cold White|Pink,#003776|#06924D|#D9DFE5|#F1A1AF,29.9050,22.4918,18.5049,14.4201,10.8684,56.2482,18.4559
176,Blue|Dark Grey|Purple|Tan,#003776|#485259|#6C47B2|#A79E82,26.9822,21.4206,18.6046,15.5156,12.5371,48.1680,18.4681
177,Azure Blue|Dark Grey|Pink|Yellow,#0066D9|#485259|#F1A1AF|#FFE800,25.0457,20.5687,18.5190,16.4015,14.3745,48.4799,18.4851
178,Dark Grey|Polymaker Teal|Purple|Cold White,#485259|#4CC0C7|#6C47B2|#D9DFE5,26.7939,21.3482,18.5403,15.6280,12.8840,46.3099,18.4881
179,Azure Blue|Dark Grey|Grey|Lime Green,#0066D9|#485259|#8C9099|#D5D701,26.5268,21.1837,18.6600,15.8170,12.8834,56.1040,18.5003
180,Blue|Dark Grey|Brown|Tan,#003776|#485259|#55331A|#A79E82,26.7157,21.4199,18.6775,15.6119,12.5746,49.3223,18.5159
181,Blue|Dark Grey|Dark Olive Drab|Tan,#003776|#485259|#575B54|#A79E82,26.7275,21.4362,18.7036,15.6160,12.5466,49.7124,18.5261
182,Blue|Black|Purple|Tan,#003776|#080A0D|#6C47B2|#A79E82,27.3320,21.3992,18.5843,15.7041,12.8932,49.6752,18.5517
183,Blue|Brown|Cold White|Red,#003776|#55331A|#D9DFE5|#E72F1D,29.5759,21.8148,18.4190,15.3061,12.6485,53.0290,18.5604
184,Blue|Polymaker Teal|Dark Olive Drab|Pink,#003776|#4CC0C7|#575B54|#F1A1AF,26.6839,21.1223,18.6380,16.0181,13.4982,46.5524,18.5702
185,Blue|Green|White|Orange,#003776|#06924D|#EBF7FF|#F67405,28.5844,21.9453,18.5547,15.2274,12.6211,56.1499,18.5864
186,Blue|Green|Grey|Orange,#003776|#06924D|#8C9099|#F67405,27.1590,21.5829,18.7706,15.5946,12.2498,44.9227,18.5887
187,Blue|Polymaker Teal|Lime Green|Orange,#003776|#4CC0C7|#D5D701|#F67405,27.3295,21.4190,18.5655,15.8075,13.5361,53.4419,18.6133
188,Azure Blue|Dark Grey|Olive Green|Yellow,#0066D9|#485259|#948902|#FFE800,27.4392,21.2033,18.5866,16.0288,13.6178,58.5603,18.6160
189,Azure Blue|Dark Grey|Polymaker Teal|Orange,#0066D9|#485259|#4CC0C7|#F67405,24.5031,20.5902,18.7666,16.6701,14.3672,42.1506,18.6301
190,Blue|Dark Grey|Olive Green|White,#003776|#485259|#948902|#EBF7FF,28.2729,21.4926,18.6123,15.7733,13.1364,62.1035,18.6330
191,Blue|Green|Grey|Lime Green,#003776|#06924D|#8C9099|#D5D701,27.2477,21.6445,18.8193,15.6650,12.4541,50.0127,18.6548
192,Blue|Grey|Tan|Orange,#003776|#8C9099|#A79E82|#F67405,26.2056,21.3492,18.8674,15.9984,12.8405,49.7786,18.6738
193,Blue|Dark Grey|Tan|Cold White,#003776|#485259|#A79E82|#D9DFE5,25.9305,21.2211,18.8128,16.1360,13.3233,64.7418,18.6785
194,Blue|Purple|Grey|Tan,#003776|#6C47B2|#8C9099|#A79E82,26.3967,21.4384,18.8925,15.9323,12.7679,50.7167,18.6854
195,Blue|Black|Polymaker Teal|Orange,#003776|#080A0D|#4CC0C7|#F67405,28.4016,21.6568,18.6276,15.7190,13.3305,46.8490,18.6879
196,Blue|Grey|Tan|Pink,#003776|#8C9099|#A79E82|#F1A1AF,26.3335,21.3963,18.9041,16.0132,12.8607,50.2598,18.7048
197,Blue|Grey|Tan|Red,#003776|#8C9099|#A79E82|#E72F1D,26.2468,21.3833,18.9113,16.0316,12.8586,50.6983,18.7074
198,Polymaker Teal|Dark Olive Drab|Purple|Tan,#4CC0C7|#575B54|#6C47B2|#A79E82,31.4424,22.2096,18.5203,15.2226,12.3904,48.1350,18.7161
199,Blue|Olive Green|Tan|Pink,#003776|#948902|#A79E82|#F1A1AF,27.2835,21.5455,18.7763,15.9007,13.0249,55.0121,18.7231
200,Blue|Brown|Cold White|White,#003776|#55331A|#D9DFE5|#EBF7FF,29.1826,21.8554,18.6967,15.7363,13.2521,50.6013,18.7959
201,Blue|Brown|Grey|Tan,#003776|#55331A|#8C9099|#A79E82,26.2890,21.4660,19.0314,16.1407,12.9806,51.4427,18.8034
202,Dark Grey|Polymaker Teal|Purple|Orange,#485259|#4CC0C7|#6C47B2|#F67405,28.3511,21.8343,18.7769,15.7773,13.1096,47.6153,18.8058
203,Blue|Grey|Tan|Magenta,#003776|#8C9099|#A79E82|#F24574,26.3505,21.5034,19.0243,16.1116,12.9265,51.4247,18.8075
204,Blue|Purple|Tan|Lime Green,#003776|#6C47B2|#A79E82|#D5D701,27.5272,21.6653,18.8642,15.9617,13.1517,55.0324,18.8135
205,Blue|Azure Blue|Olive Green|White,#003776|#0066D9|#948902|#EBF7FF,32.8371,22.9316,18.6652,14.7058,11.4914,70.7134,18.8187
206,Azure Blue|Polymaker Teal|Dark Olive Drab|Tan,#0066D9|#4CC0C7|#575B54|#A79E82,25.3268,20.8597,18.9589,16.8233,14.4366,39.1899,18.8415
207,Blue|Olive Green|Tan|White,#003776|#948902|#A79E82|#EBF7FF,30.3403,22.3435,18.7902,15.3830,12.5429,65.6667,18.8633
208,Azure Blue|Dark Grey|Polymaker Teal|Cold White,#0066D9|#485259|#4CC0C7|#D9DFE5,24.5047,20.8657,19.0412,16.9018,14.4371,43.0573,18.8837
209,Black|Polymaker Teal|Purple|Tan,#080A0D|#4CC0C7|#6C47B2|#A79E82,34.7031,23.2824,18.6091,14.6261,11.7617,51.2429,18.9542
210,Blue|Dark Grey|Olive Green|Cold White,#003776|#485259|#948902|#D9DFE5,29.7755,22.4171,18.9872,15.5264,12.3131,75.5213,18.9718
211,Blue|Purple|Olive Green|Tan,#003776|#6C47B2|#948902|#A79E82,27.9497,21.9169,19.0424,16.0715,13.1755,57.9111,18.9942
212,Blue|Cold White|Magenta|Orange,#003776|#D9DFE5|#F24574|#F67405,28.4332,22.4512,18.9881,15.5418,12.9859,53.4515,18.9965
213,Blue|Azure Blue|Cold White|Orange,#003776|#0066D9|#D9DFE5|#F67405,28.4713,22.4211,18.9765,15.5918,12.9872,53.2190,19.0065
214,Blue|Dark Grey|Polymaker Teal|Red,#003776|#485259|#4CC0C7|#E72F1D,27.3317,21.7510,19.1357,16.3088,13.4407,47.6351,19.0299
215,Blue|Green|Grey|Red,#003776|#06924D|#8C9099|#E72F1D,27.4860,21.9316,19.1895,16.1388,12.9318,45.2191,19.0352
216,Blue|Purple|Cold White|Orange,#003776|#6C47B2|#D9DFE5|#F67405,28.4694,22.4876,19.0568,15.6011,13.0021,53.7959,19.0444
217,Blue|Polymaker Teal|Grey|Lime Green,#003776|#4CC0C7|#8C9099|#D5D701,27.5561,21.9585,19.1729,16.1449,13.0733,55.6384,19.0517
218,Blue|Green|Grey|Yellow,#003776|#06924D|#8C9099|#FFE800,27.7190,22.0877,19.2148,16.0205,12.8457,52.1829,19.0541
219,Blue|Polymaker Teal|Lime Green|Pink,#003776|#4CC0C7|#D5D701|#F1A1AF,28.5654,22.1506,19.0224,16.0056,13.6302,57.9817,19.0781
220,Blue|Cold White|Pink|Orange,#003776|#D9DFE5|#F1A1AF|#F67405,28.5257,22.5248,19.0835,15.6481,13.0352,54.0179,19.0865
221,Blue|Dark Grey|Polymaker Teal|White,#003776|#485259|#4CC0C7|#EBF7FF,25.2857,21.2046,19.2439,16.9703,14.6157,47.0963,19.0875
222,Blue|Cold White|Red|Orange,#003776|#D9DFE5|#E72F1D|#F67405,28.4823,22.5145,19.0910,15.6862,13.0818,53.8132,19.1003
223,Azure Blue|Brown|Lime Green|Magenta,#0066D9|#55331A|#D5D701|#F24574,32.5262,22.5818,18.8162,15.6378,13.2919,47.7864,19.1098
224,Blue|Olive Green|Lime Green|Cold White,#003776|#948902|#D5D701|#D9DFE5,31.2508,23.1461,19.1036,15.0910,11.6504,66.3549,19.1185
225,Blue|Dark Olive Drab|Olive Green|Cold White,#003776|#575B54|#948902|#D9DFE5,30.3634,22.5837,19.0457,15.6567,12.5865,65.9355,19.1202
226,Blue|Cold White|White|Orange,#003776|#D9DFE5|#EBF7FF|#F67405,28.5850,22.5686,19.1655,15.7474,13.0973,53.8748,19.1580
227,Azure Blue|Green|Black|Tan,#0066D9|#06924D|#080A0D|#A79E82,30.5096,22.3239,19.0355,16.0485,13.5014,50.7689,19.1862
228,Azure Blue|Brown|Lime Green|Cold White,#0066D9|#55331A|#D5D701|#D9DFE5,32.2139,22.4859,18.8831,15.9399,13.7214,46.7840,19.2129
229,Blue|Dark Grey|Tan|White,#003776|#485259|#A79E82|#EBF7FF,25.6454,21.5244,19.4269,16.9425,14.3389,55.1087,19.2334
230,Blue|Green|Grey|Magenta,#003776|#06924D|#8C9099|#F24574,27.9771,22.1991,19.3986,16.3021,13.0307,47.8054,19.2506
231,Blue|Polymaker Teal|Dark Olive Drab|Red,#003776|#4CC0C7|#575B54|#E72F1D,28.1397,22.0624,19.3143,16.4638,13.6915,50.2441,19.2631
232,Blue|Azure Blue|Dark Grey|Yellow,#003776|#0066D9|#485259|#FFE800,26.7194,21.5834,19.2807,16.9683,14.8705,56.7591,19.2759
233,Blue|Polymaker Teal|Brown|White,#003776|#4CC0C7|#55331A|#EBF7FF,29.5158,22.0730,19.1587,16.5084,14.3935,52.2239,19.2907
234,Blue|Brown|Grey|Yellow,#003776|#55331A|#8C9099|#FFE800,27.0047,22.0113,19.5024,16.6176,13.6206,56.0106,19.3144
235,Blue|Azure Blue|Polymaker Teal|Cold White,#003776|#0066D9|#4CC0C7|#D9DFE5,29.5319,22.8559,19.2607,15.7869,13.1366,53.1329,19.3214
236,Blue|Dark Grey|Lime Green|Cold White,#003776|#485259|#D5D701|#D9DFE5,29.6179,22.9188,19.4164,15.7299,12.5466,61.0839,19.3244
237,Blue|Azure Blue|Polymaker Teal|Pink,#003776|#0066D9|#4CC0C7|#F1A1AF,28.6980,22.5279,19.3304,16.1300,13.4961,48.9029,19.3289
238,Blue|Olive Green|White|Orange,#003776|#948902|#EBF7FF|#F67405,31.8510,23.1554,19.2310,15.5715,12.7239,72.8382,19.3635
239,Azure Blue|Brown|Lime Green|Red,#0066D9|#55331A|#D5D701|#E72F1D,32.5792,22.7917,19.0971,15.9395,13.5275,47.7862,19.3656
240,Blue|Dark Olive Drab|Tan|White,#003776|#575B54|#A79E82|#EBF7FF,26.7472,21.7751,19.4897,16.9704,14.3377,55.4918,19.3727
241,Blue|Polymaker Teal|Purple|Cold White,#003776|#4CC0C7|#6C47B2|#D9DFE5,29.7188,22.9617,19.3083,15.7847,13.1808,53.2760,19.3732
242,Blue|Polymaker Teal|Cold White|Pink,#003776|#4CC0C7|#D9DFE5|#F1A1AF,28.5981,22.5229,19.3967,16.2311,13.5367,48.5613,19.3770
243,Blue|Dark Olive Drab|Lime Green|Cold White,#003776|#575B54|#D5D701|#D9DFE5,29.7168,23.0105,19.4667,15.7497,12.3889,61.9686,19.3801
244,Blue|Dark Grey|Grey|Cold White,#003776|#485259|#8C9099|#D9DFE5,26.1668,21.8061,19.5499,16.9856,14.2502,58.0698,19.3958
245,Blue|Polymaker Teal|Purple|Pink,#003776|#4CC0C7|#6C47B2|#F1A1AF,28.6386,22.5502,19.4060,16.2469,13.5428,48.7510,19.3986
246,Dark Grey|Olive Green|Cold White|Magenta,#485259|#948902|#D9DFE5|#F24574,24.9627,21.4092,19.5792,17.4114,14.9365,42.1466,19.4103
247,Dark Grey|Olive Green|Cold White|Pink,#485259|#948902|#D9DFE5|#F1A1AF,24.8626,21.3914,19.6065,17.4533,14.9472,42.1545,19.4223
248,Blue|Green|Grey|Pink,#003776|#06924D|#8C9099|#F1A1AF,28.6473,22.6627,19.6012,16.2273,12.8209,50.0261,19.4450
249,Blue|Polymaker Teal|Cold White|White,#003776|#4CC0C7|#D9DFE5|#EBF7FF,29.5697,22.9949,19.4123,15.9005,13.2472,53.0935,19.4477
250,Azure Blue|Dark Grey|Tan|Cold White,#0066D9|#485259|#A79E82|#D9DFE5,25.0030,21.6223,19.7200,17.3125,14.5806,56.9688,19.4674
251,Dark Grey|Olive Green|Tan|Cold White,#485259|#948902|#A79E82|#D9DFE5,24.7608,21.4064,19.6536,17.5304,15.0654,42.3370,19.4684
252,Blue|Polymaker Teal|White|Pink,#003776|#4CC0C7|#EBF7FF|#F1A1AF,28.6365,22.6101,19.4977,16.3515,13.7104,48.7715,19.4808
253,Azure Blue|Green|Brown|Lime Green,#0066D9|#06924D|#55331A|#D5D701,33.1800,23.0434,19.1879,15.9646,13.5803,48.9636,19.5040
254,Blue|Polymaker Teal|Orange|Yellow,#003776|#4CC0C7|#F67405|#FFE800,28.0417,22.2862,19.4690,16.7305,14.4745,56.7695,19.5083
255,Blue|Dark Grey|Polymaker Teal|Grey,#003776|#485259|#4CC0C7|#8C9099,26.1091,21.8723,19.7528,17.1490,14.1145,45.5998,19.5107
256,Blue|Olive Green|Red|White,#003776|#948902|#E72F1D|#EBF7FF,31.8101,23.2104,19.3835,15.8282,12.9228,73.1566,19.5193
257,Blue|Green|Dark Olive Drab|Cold White,#003776|#06924D|#575B54|#D9DFE5,29.0856,22.8933,19.6776,16.1465,12.7505,57.8852,19.5199
258,Blue|Polymaker Teal|Grey|Yellow,#003776|#4CC0C7|#8C9099|#FFE800,27.9265,22.3363,19.6147,16.7044,13.8350,57.4495,19.5204
259,Blue|Cold White|Red|Pink,#003776|#D9DFE5|#E72F1D|#F1A1AF,28.9037,22.9230,19.4959,16.1278,13.6997,51.9144,19.5254
260,Blue|Polymaker Teal|Brown|Grey,#003776|#4CC0C7|#55331A|#8C9099,27.9960,22.0772,19.6235,16.9744,14.1682,46.0733,19.5258
261,Blue|Polymaker Teal|Dark Olive Drab|Grey,#003776|#4CC0C7|#575B54|#8C9099,26.2796,21.8475,19.7335,17.2396,14.4378,45.8185,19.5436
262,Dark Grey|Olive Green|Lime Green|Cold White,#485259|#948902|#D5D701|#D9DFE5,24.9801,21.5082,19.7272,17.5951,15.1359,42.3260,19.5517
263,Dark Grey|Dark Olive Drab|Olive Green|Cold White,#485259|#575B54|#948902|#D9DFE5,25.0256,21.5442,19.7453,17.5683,15.0597,42.4332,19.5562
264,Azure Blue|Brown|Lime Green|Orange,#0066D9|#55331A|#D5D701|#F67405,32.6685,22.9399,19.3038,16.1887,13.7838,47.8084,19.5643
265,Blue|Olive Green|White|Magenta,#003776|#948902|#EBF7FF|#F24574,31.8682,23.2980,19.4617,15.8372,12.9593,72.1290,19.5676
266,Blue|Grey|White|Yellow,#003776|#8C9099|#EBF7FF|#FFE800,27.5944,22.2142,19.6479,16.9305,14.2732,58.6380,19.5724
267,Dark Grey|Polymaker Teal|Olive Green|Cold White,#485259|#4CC0C7|#948902|#D9DFE5,25.0540,21.5580,19.7683,17.5980,15.0767,42.4215,19.5780
268,Green|Dark Grey|Olive Green|Cold White,#06924D|#485259|#948902|#D9DFE5,25.0380,21.5618,19.7747,17.5951,15.0591,42.5193,19.5785
269,Dark Grey|Grey|Olive Green|Cold White,#485259|#8C9099|#948902|#D9DFE5,24.5197,21.4511,19.8276,17.7129,15.0945,41.4725,19.5820
270,Blue|Purple|Cold White|Red,#003776|#6C47B2|#D9DFE5|#E72F1D,28.8180,22.9430,19.5459,16.2223,13.7346,51.7484,19.5826
271,Azure Blue|Brown|Lime Green|Pink,#0066D9|#55331A|#D5D701|#F1A1AF,32.9662,23.0743,19.3109,16.1581,13.7416,50.1344,19.6162
272,Blue|Grey|Tan|Yellow,#003776|#8C9099|#A79E82|#FFE800,27.4413,22.3510,19.7899,16.8837,13.8641,57.9130,19.6174
273,Polymaker Teal|Dark Olive Drab|Purple|Cold White,#4CC0C7|#575B54|#6C47B2|#D9DFE5,30.5705,22.7303,19.4549,16.5167,13.8561,47.7285,19.6235
274,Blue|Olive Green|White|Pink,#003776|#948902|#EBF7FF|#F1A1AF,31.9072,23.3114,19.5255,15.9481,13.0338,72.4337,19.6297
275,Blue|Cold White|Red|White,#003776|#D9DFE5|#E72F1D|#EBF7FF,28.8038,22.9712,19.6197,16.2947,13.7782,51.9502,19.6330
276,Azure Blue|Brown|Tan|Lime Green,#0066D9|#55331A|#A79E82|#D5D701,30.5948,22.4969,19.5003,16.7950,14.3969,45.7606,19.6460
277,Blue|Grey|Olive Green|White,#003776|#8C9099|#948902|#EBF7FF,30.7237,23.1296,19.7030,16.1635,12.7611,75.6779,19.6465
278,Polymaker Teal|Brown|Purple|Tan,#4CC0C7|#55331A|#6C47B2|#A79E82,36.3463,23.5973,19.1541,15.7037,13.0078,48.0229,19.6505
279,Azure Blue|Polymaker Teal|Brown|Tan,#0066D9|#4CC0C7|#55331A|#A79E82,31.4273,22.6257,19.4649,16.6762,14.0848,46.1331,19.6509
280,Blue|Green|White|Pink,#003776|#06924D|#EBF7FF|#F1A1AF,30.0525,23.2580,19.7062,16.0511,12.9259,53.6298,19.6545
281,Dark Grey|Polymaker Teal|Purple|Pink,#485259|#4CC0C7|#6C47B2|#F1A1AF,28.0193,22.6165,19.7611,16.6930,13.7966,48.5815,19.6547
282,Dark Grey|Olive Green|Cold White|Red,#485259|#948902|#D9DFE5|#E72F1D,25.0289,21.5904,19.8339,17.7271,15.2273,42.5356,19.6588
283,Azure Blue|Dark Grey|Dark Olive Drab|Yellow,#0066D9|#485259|#575B54|#FFE800,26.6566,21.8020,19.7030,17.5376,15.3424,47.9995,19.6698
284,Blue|Azure Blue|Cold White|Red,#003776|#0066D9|#D9DFE5|#E72F1D,28.8360,23.0051,19.6622,16.3616,13.8717,51.3130,19.6834
285,Blue|Polymaker Teal|Red|Yellow,#003776|#4CC0C7|#E72F1D|#FFE800,28.9441,22.6996,19.6506,16.6981,14.2712,59.0141,19.6989
286,Blue|Grey|Tan|Lime Green,#003776|#8C9099|#A79E82|#D5D701,28.3820,22.7388,19.8946,16.6660,13.2079,62.3432,19.7024
287,Blue|Cold White|Red|Magenta,#003776|#D9DFE5|#E72F1D|#F24574,28.8994,23.0914,19.7102,16.3260,13.7451,52.4558,19.7087
288,Polymaker Teal|Dark Olive Drab|Purple|Orange,#4CC0C7|#575B54|#6C47B2|#F67405,31.5067,22.9524,19.5085,16.4829,13.8537,45.9002,19.7176
289,Dark Grey|Grey|Olive Green|White,#485259|#8C9099|#948902|#EBF7FF,24.6295,21.6007,19.9859,17.8471,15.1908,41.9050,19.7239
290,Azure Blue|Dark Grey|Purple|Yellow,#0066D9|#485259|#6C47B2|#FFE800,26.4995,21.8584,19.7608,17.5896,15.4768,61.0935,19.7240
291,Blue|Black|Polymaker Teal|Cold White,#003776|#080A0D|#4CC0C7|#D9DFE5,34.9073,24.0113,19.4459,15.4514,12.3020,58.0659,19.7314
292,Azure Blue|Brown|Lime Green|Yellow,#0066D9|#55331A|#D5D701|#FFE800,32.7174,23.0895,19.4426,16.3762,14.0278,47.9410,19.7328
293,Azure Blue|Brown|Lime Green|White,#0066D9|#55331A|#D5D701|#EBF7FF,32.6333,22.9402,19.4173,16.5724,14.4351,47.3578,19.7563
294,Azure Blue|Polymaker Teal|Brown|Lime Green,#0066D9|#4CC0C7|#55331A|#D5D701,32.7255,23.1142,19.4625,16.4022,14.0494,47.2819,19.7582
295,Azure Blue|Dark Olive Drab|Lime Green|Cold White,#0066D9|#575B54|#D5D701|#D9DFE5,28.1660,22.3724,19.8646,17.1561,14.4345,53.3007,19.7642
296,Azure Blue|Polymaker Teal|Dark Olive Drab|Yellow,#0066D9|#4CC0C7|#575B54|#FFE800,26.9422,21.9186,19.8216,17.6323,15.3664,44.6801,19.7755
297,Black|Dark Grey|Olive Green|Cold White,#080A0D|#485259|#948902|#D9DFE5,26.4567,21.9224,19.8853,17.6312,15.1294,43.3088,19.7768
298,Blue|Azure Blue|Brown|Lime Green,#003776|#0066D9|#55331A|#D5D701,31.7665,23.1914,19.6543,16.3701,13.6801,66.4785,19.7807
299,Dark Grey|Olive Green|Cold White|Orange,#485259|#948902|#D9DFE5|#F67405,24.9499,21.6436,19.9514,17.9254,15.5254,42.8361,19.7845
300,Blue|Green|White|Magenta,#003776|#06924D|#EBF7FF|#F24574,30.6142,23.5105,19.8583,16.0642,12.7299,59.4955,19.7874
301,Blue|Green|Brown|Grey,#003776|#06924D|#55331A|#8C9099,28.0854,22.4930,19.9572,17.1094,13.9711,46.3075,19.8012
302,Blue|Purple|Tan|Yellow,#003776|#6C47B2|#A79E82|#FFE800,28.6012,22.7481,19.8785,16.8813,13.8989,58.5331,19.8147
303,Dark Grey|Polymaker Teal|Tan|Cold White,#485259|#4CC0C7|#A79E82|#D9DFE5,24.5426,21.6958,20.0578,17.9566,15.4494,42.3523,19.8262
304,Dark Grey|Olive Green|Cold White|Yellow,#485259|#948902|#D9DFE5|#FFE800,24.9485,21.6941,20.0080,17.9650,15.5457,42.5276,19.8296
305,Blue|Brown|Grey|Cold White,#003776|#55331A|#8C9099|#D9DFE5,28.1835,22.3150,19.9058,17.3831,14.5309,47.0542,19.8490
306,Dark Grey|Dark Olive Drab|Tan|Cold White,#485259|#575B54|#A79E82|#D9DFE5,24.5175,21.6987,20.0821,18.0109,15.5038,42.4168,19.8548
307,Azure Blue|Dark Olive Drab|Lime Green|White,#0066D9|#575B54|#D5D701|#EBF7FF,28.2048,22.4137,19.9450,17.3255,14.7253,51.5987,19.8696
308,Dark Grey|Tan|Cold White|Pink,#485259|#A79E82|#D9DFE5|#F1A1AF,24.5676,21.7220,20.0982,18.0206,15.5030,42.1709,19.8713
309,Azure Blue|Green|Dark Olive Drab|Lime Green,#0066D9|#06924D|#575B54|#D5D701,28.4710,22.4653,19.9488,17.3080,14.7780,56.8554,19.8866
310,Dark Grey|Grey|Tan|Cold White,#485259|#8C9099|#A79E82|#D9DFE5,23.9058,21.6310,20.2012,18.1567,15.5157,41.4692,19.8938
311,Blue|Tan|White|Yellow,#003776|#A79E82|#EBF7FF|#FFE800,27.6477,22.4439,19.9202,17.3527,14.9138,58.6888,19.8983
312,Dark Grey|Tan|Cold White|Magenta,#485259|#A79E82|#D9DFE5|#F24574,24.6384,21.7967,20.1539,18.0315,15.4809,42.6076,19.9141
313,Blue|Grey|Cold White|Orange,#003776|#8C9099|#D9DFE5|#F67405,26.7919,22.2787,20.1362,17.5827,14.5181,41.7173,19.9307
314,Blue|Black|Lime Green|Cold White,#003776|#080A0D|#D5D701|#D9DFE5,32.8786,24.2717,19.9085,15.5973,12.1265,63.9341,19.9345
315,Blue|Polymaker Teal|Brown|Magenta,#003776|#4CC0C7|#55331A|#F24574,31.8321,23.2995,19.8638,16.5757,13.6930,48.1088,19.9376
316,Blue|Azure Blue|Cold White|Pink,#003776|#0066D9|#D9DFE5|#F1A1AF,29.4297,23.3065,19.9181,16.5925,14.0057,52.1257,19.9495
317,Dark Grey|Tan|Lime Green|Cold White,#485259|#A79E82|#D5D701|#D9DFE5,24.6143,21.7827,20.1696,18.1203,15.6342,42.3493,19.9515
318,Blue|Green|Purple|Tan,#003776|#06924D|#6C47B2|#A79E82,35.0337,24.1712,19.7152,15.7548,12.7048,60.6896,19.9630
319,Blue|Cold White|Pink|Magenta,#003776|#D9DFE5|#F1A1AF|#F24574,29.4659,23.3451,19.9312,16.5862,14.0278,52.5190,19.9657
320,Blue|Purple|Cold White|Pink,#003776|#6C47B2|#D9DFE5|#F1A1AF,29.6202,23.4134,19.9191,16.5447,14.0287,53.0298,19.9790
321,Black|Dark Grey|Tan|Cold White,#080A0D|#485259|#A79E82|#D9DFE5,25.6980,21.9207,20.1411,18.0457,15.5937,42.6051,19.9832
322,Azure Blue|Dark Grey|Tan|White,#0066D9|#485259|#A79E82|#EBF7FF,25.1931,22.0950,20.3158,17.8942,14.8633,55.1617,19.9946
323,Azure Blue|Green|Dark Olive Drab|Yellow,#0066D9|#06924D|#575B54|#FFE800,27.7355,22.2969,20.0239,17.6931,15.3826,47.8194,19.9950
324,Azure Blue|Green|Black|Yellow,#0066D9|#06924D|#080A0D|#FFE800,34.4237,23.8748,19.6688,16.1293,13.8238,53.9080,20.0021
325,Blue|Grey|White|Orange,#003776|#8C9099|#EBF7FF|#F67405,26.8914,22.3858,20.2255,17.6420,14.5519,41.4781,20.0139
326,Blue|Grey|Red|Yellow,#003776|#8C9099|#E72F1D|#FFE800,27.7055,22.7480,20.2253,17.3048,14.2289,57.9693,20.0264
327,Blue|Cold White|White|Magenta,#003776|#D9DFE5|#EBF7FF|#F24574,29.5345,23.3789,19.9837,16.6784,14.1509,52.3840,20.0286
328,Dark Grey|Tan|Cold White|Red,#485259|#A79E82|#D9DFE5|#E72F1D,24.7983,21.9147,20.2668,18.1532,15.5962,42.5839,20.0340
329,Blue|Grey|Orange|Yellow,#003776|#8C9099|#F67405|#FFE800,27.7356,22.7685,20.2415,17.3083,14.2370,57.9138,20.0384
330,Blue|Purple|Cold White|Magenta,#003776|#6C47B2|#D9DFE5|#F24574,29.5101,23.4446,20.0289,16.6370,14.0923,52.5491,20.0408
331,Blue|Cold White|White|Pink,#003776|#D9DFE5|#EBF7FF|#F1A1AF,29.5340,23.4388,20.0070,16.6578,14.0964,53.0712,20.0483
332,Blue|Dark Grey|Grey|White,#003776|#485259|#8C9099|#EBF7FF,25.4845,21.9860,20.2405,18.1229,15.7021,52.8838,20.0545
333,Dark Grey|Tan|Cold White|Orange,#485259|#A79E82|#D9DFE5|#F67405,24.6830,21.8676,20.2728,18.2440,15.7626,42.7060,20.0558
334,Azure Blue|Dark Grey|Dark Olive Drab|Lime Green,#0066D9|#485259|#575B54|#D5D701,28.5303,22.6587,20.1281,17.4549,14.8952,57.7514,20.0568
335,Azure Blue|Polymaker Teal|Dark Olive Drab|Lime Green,#0066D9|#4CC0C7|#575B54|#D5D701,28.6319,22.6389,20.1337,17.4760,14.8947,56.6001,20.0575
336,Blue|Green|Dark Olive Drab|Grey,#003776|#06924D|#575B54|#8C9099,27.7102,22.6895,20.2584,17.4317,14.2676,51.0804,20.0606
337,Azure Blue|Brown|Dark Olive Drab|Lime Green,#0066D9|#55331A|#575B54|#D5D701,30.3567,22.9674,20.0127,17.1576,14.5605,52.8107,20.0625
338,Dark Grey|Dark Olive Drab|Lime Green|Cold White,#485259|#575B54|#D5D701|#D9DFE5,24.6573,21.8657,20.2830,18.2651,15.8064,42.5889,20.0654
339,Dark Grey|Grey|Tan|White,#485259|#8C9099|#A79E82|#EBF7FF,24.0675,21.8000,20.3794,18.3441,15.7197,41.9089,20.0720
340,Blue|Tan|Red|Pink,#003776|#A79E82|#E72F1D|#F1A1AF,27.9084,22.9004,20.3231,17.2741,13.9622,55.1324,20.0873
341,Blue|Tan|Pink|Magenta,#003776|#A79E82|#F1A1AF|#F24574,27.9084,22.9004,20.3231,17.2741,13.9622,55.1324,20.0873
342,Blue|Tan|Pink|Orange,#003776|#A79E82|#F1A1AF|#F67405,27.9084,22.9004,20.3231,17.2741,13.9622,55.1324,20.0873
343,Blue|Brown|Tan|Pink,#003776|#55331A|#A79E82|#F1A1AF,27.9310,22.9248,20.3221,17.2577,13.9663,55.3459,20.0913
344,Blue|Brown|Olive Green|White,#003776|#55331A|#948902|#EBF7FF,30.9701,23.3835,20.0132,16.8042,14.2337,70.4865,20.0938
345,Dark Grey|Lime Green|Cold White|Magenta,#485259|#D5D701|#D9DFE5|#F24574,24.7620,21.9184,20.3220,18.2815,15.7753,42.1662,20.0999
346,Blue|Brown|Grey|White,#003776|#55331A|#8C9099|#EBF7FF,28.2784,22.6123,20.2086,17.6065,14.6958,50.6106,20.1094
347,Blue|Dark Grey|Cold White|Orange,#003776|#485259|#D9DFE5|#F67405,25.2394,22.0660,20.3182,18.1655,15.6009,45.1088,20.1157
348,Blue|Purple|Tan|Pink,#003776|#6C47B2|#A79E82|#F1A1AF,27.9684,22.9361,20.3421,17.2970,14.0011,55.0711,20.1166
349,Dark Grey|Lime Green|Cold White|Pink,#485259|#D5D701|#D9DFE5|#F1A1AF,24.7636,21.9207,20.3431,18.3256,15.8377,42.2151,20.1231
350,Blue|Green|Brown|White,#003776|#06924D|#55331A|#EBF7FF,30.2149,23.1343,20.1118,17.1528,14.6285,51.4287,20.1435
351,Blue|Purple|Tan|Red,#003776|#6C47B2|#A79E82|#E72F1D,28.1481,23.0205,20.3690,17.2814,13.9715,55.7803,20.1509
352,Blue|Purple|Tan|Magenta,#003776|#6C47B2|#A79E82|#F24574,28.1481,23.0205,20.3690,17.2814,13.9715,55.7803,20.1509
353,Blue|Purple|Tan|Orange,#003776|#6C47B2|#A79E82|#F67405,28.1481,23.0205,20.3690,17.2814,13.9715,55.7803,20.1509
354,Blue|Brown|Purple|Tan,#003776|#55331A|#6C47B2|#A79E82,28.0416,22.9745,20.3738,17.3308,14.0196,54.9394,20.1526
355,Azure Blue|Green|Dark Olive Drab|Tan,#0066D9|#06924D|#575B54|#A79E82,27.1029,22.3272,20.2747,17.9925,15.5213,47.7926,20.1599
356,Blue|Azure Blue|Cold White|Magenta,#003776|#0066D9|#D9DFE5|#F24574,29.5955,23.5097,20.1195,16.8160,14.2313,52.8005,20.1629
357,Blue|Grey|Magenta|Yellow,#003776|#8C9099|#F24574|#FFE800,27.9152,22.8983,20.3625,17.4350,14.3676,58.3896,20.1667
358,Dark Grey|Tan|Cold White|Yellow,#485259|#A79E82|#D9DFE5|#FFE800,24.7735,21.9825,20.3867,18.3532,15.8648,42.5850,20.1679
359,Green|Dark Grey|Tan|Cold White,#06924D|#485259|#A79E82|#D9DFE5,24.9901,22.0659,20.3981,18.2728,15.7036,44.0607,20.1694
360,Blue|Dark Olive Drab|Cold White|White,#003776|#575B54|#D9DFE5|#EBF7FF,27.2803,22.6185,20.3029,17.7386,15.1022,60.2411,20.1786
361,Blue|Brown|Grey|Lime Green,#003776|#55331A|#8C9099|#D5D701,28.8459,23.1233,20.3669,17.2478,13.9620,63.6671,20.1855
362,Dark Grey|Brown|Cold White|Orange,#485259|#55331A|#D9DFE5|#F67405,24.8880,22.0261,20.4171,18.3713,15.8762,42.5418,20.1987
363,Dark Grey|Polymaker Teal|Lime Green|Cold White,#485259|#4CC0C7|#D5D701|#D9DFE5,24.8889,22.0564,20.4493,18.4128,15.9397,42.7386,20.2346
364,Blue|Dark Grey|Cold White|Magenta,#003776|#485259|#D9DFE5|#F24574,25.6765,22.2553,20.4079,18.2160,15.6746,48.6248,20.2357
365,Dark Grey|Lime Green|Cold White|Red,#485259|#D5D701|#D9DFE5|#E72F1D,24.9003,22.0483,20.4631,18.4308,15.9236,42.5950,20.2395
366,Green|Dark Grey|Cold White|Red,#06924D|#485259|#D9DFE5|#E72F1D,25.2534,22.1607,20.4490,18.3201,15.7912,43.5843,20.2404
367,Azure Blue|Black|Polymaker Teal|Orange,#0066D9|#080A0D|#4CC0C7|#F67405,32.8334,23.5369,19.9643,16.9458,14.6477,44.0377,20.2413
368,Dark Grey|Olive Green|Cold White|White,#485259|#948902|#D9DFE5|#EBF7FF,25.2677,22.0916,20.4504,18.4086,15.9660,44.1158,20.2501
369,Dark Grey|Cold White|Magenta|Yellow,#485259|#D9DFE5|#F24574|#FFE800,24.8551,22.0585,20.4762,18.4450,15.9488,42.3872,20.2518
370,Blue|Dark Olive Drab|Lime Green|Pink,#003776|#575B54|#D5D701|#F1A1AF,27.1895,22.2383,20.2701,18.2730,16.2479,43.4442,20.2557
371,Green|Dark Grey|Lime Green|Cold White,#06924D|#485259|#D5D701|#D9DFE5,24.9176,22.0761,20.4672,18.4365,15.9665,42.8005,20.2563
372,Dark Grey|Grey|Cold White|Orange,#485259|#8C9099|#D9DFE5|#F67405,24.6266,22.0365,20.5162,18.5044,15.9839,41.9780,20.2705
373,Dark Grey|Cold White|Pink|Yellow,#485259|#D9DFE5|#F1A1AF|#FFE800,24.8458,22.0696,20.5063,18.4794,15.9727,42.3850,20.2745
374,Blue|Purple|Cold White|White,#003776|#6C47B2|#D9DFE5|#EBF7FF,29.9498,23.7080,20.2313,16.8418,14.2655,52.6892,20.2749
375,Dark Grey|Dark Olive Drab|Cold White|Yellow,#485259|#575B54|#D9DFE5|#FFE800,24.8614,22.0889,20.5052,18.4658,15.9808,42.8241,20.2773
376,Blue|Azure Blue|Purple|Cold White,#003776|#0066D9|#6C47B2|#D9DFE5,30.0037,23.6983,20.2137,16.8711,14.2937,53.2668,20.2847
377,Green|Dark Grey|Cold White|Orange,#06924D|#485259|#D9DFE5|#F67405,25.0757,22.1391,20.5073,18.4504,15.9587,42.9922,20.2947
378,Dark Grey|Brown|Cold White|Red,#485259|#55331A|#D9DFE5|#E72F1D,25.0404,22.1607,20.5226,18.4291,15.8760,43.2823,20.2949
379,Blue|Purple|Olive Green|White,#003776|#6C47B2|#948902|#EBF7FF,33.5625,24.2883,20.1473,16.3044,13.1709,73.6720,20.2964
380,Azure Blue|Brown|Tan|Yellow,#0066D9|#55331A|#A79E82|#FFE800,29.9853,22.8594,20.2297,17.7513,15.2874,45.4297,20.3053
381,Blue|Azure Blue|Polymaker Teal|Red,#003776|#0066D9|#4CC0C7|#E72F1D,29.1925,23.2213,20.3139,17.3910,14.6901,46.8644,20.3061
382,Blue|Brown|Cold White|Yellow,#003776|#55331A|#D9DFE5|#FFE800,29.4140,23.5474,20.3261,17.0729,14.5012,62.8035,20.3102
383,Black|Dark Grey|Cold White|Orange,#080A0D|#485259|#D9DFE5|#F67405,25.1103,22.1507,20.5272,18.4754,15.9654,42.6193,20.3130
384,Azure Blue|Black|Dark Grey|Lime Green,#0066D9|#080A0D|#485259|#D5D701,34.8478,24.4539,20.1231,16.1728,13.4265,69.8952,20.3133
385,Azure Blue|Green|Brown|Yellow,#0066D9|#06924D|#55331A|#FFE800,33.5660,23.7540,20.0199,16.8777,14.4497,50.1985,20.3158
386,Blue|Dark Olive Drab|Grey|Lime Green,#003776|#575B54|#8C9099|#D5D701,28.6789,23.1383,20.4815,17.4998,14.2699,66.2796,20.3191
387,Blue|Dark Grey|Cold White|Pink,#003776|#485259|#D9DFE5|#F1A1AF,25.6987,22.3273,20.4917,18.3152,15.7978,51.2433,20.3212
388,Blue|Black|Polymaker Teal|Grey,#003776|#080A0D|#4CC0C7|#8C9099,29.6892,23.1015,20.4062,17.5420,14.5790,48.5769,20.3217
389,Dark Grey|Brown|Olive Green|Cold White,#485259|#55331A|#948902|#D9DFE5,26.1395,22.3779,20.4707,18.2708,15.8188,43.6878,20.3243
390,Blue|Grey|Red|Orange,#003776|#8C9099|#E72F1D|#F67405,27.0276,22.6717,20.5665,18.0048,14.9145,42.0093,20.3383
391,Blue|Grey|Magenta|Orange,#003776|#8C9099|#F24574|#F67405,27.0276,22.6717,20.5665,18.0048,14.9145,42.0093,20.3383
392,Azure Blue|Dark Grey|Cold White|Orange,#0066D9|#485259|#D9DFE5|#F67405,25.0815,22.2042,20.5694,18.4760,15.9101,44.1481,20.3401
393,Dark Grey|Cold White|Pink|Orange,#485259|#D9DFE5|#F1A1AF|#F67405,24.9397,22.1655,20.5690,18.5176,15.9959,42.2209,20.3416
394,Azure Blue|Black|Polymaker Teal|Yellow,#0066D9|#080A0D|#4CC0C7|#FFE800,34.2100,24.0117,19.9900,16.6836,14.5661,53.5099,20.3476
395,Black|Polymaker Teal|Purple|Orange,#080A0D|#4CC0C7|#6C47B2|#F67405,36.4586,24.9886,20.0240,15.7080,12.7597,47.5902,20.3483
396,Blue|Grey|Lime Green|Cold White,#003776|#8C9099|#D5D701|#D9DFE5,30.1140,23.7999,20.4193,16.8971,13.7444,63.6370,20.3485
397,Blue|Azure Blue|Cold White|White,#003776|#0066D9|#D9DFE5|#EBF7FF,29.9910,23.7693,20.2840,16.9286,14.3543,52.9316,20.3490
398,Azure Blue|Black|Lime Green|White,#0066D9|#080A0D|#D5D701|#EBF7FF,35.3982,24.5294,20.0817,16.1749,13.4634,55.4582,20.3521
399,Blue|Polymaker Teal|Red|Pink,#003776|#4CC0C7|#E72F1D|#F1A1AF,29.1990,23.2770,20.3643,17.4286,14.7174,46.8579,20.3528
400,Dark Grey|Cold White|Magenta|Orange,#485259|#D9DFE5|#F24574|#F67405,24.9627,22.1861,20.5852,18.5250,15.9889,42.3967,20.3555
401,Blue|Polymaker Teal|Cold White|Red,#003776|#4CC0C7|#D9DFE5|#E72F1D,29.2669,23.3147,20.3754,17.3995,14.6425,47.0380,20.3571
402,Blue|Dark Olive Drab|Grey|White,#003776|#575B54|#8C9099|#EBF7FF,27.0765,22.6119,20.5104,18.1091,15.5986,59.3859,20.3605
403,Dark Grey|Grey|Cold White|Pink,#485259|#8C9099|#D9DFE5|#F1A1AF,24.7402,22.1220,20.5994,18.5991,16.0983,42.0724,20.3605
404,Blue|Azure Blue|Dark Grey|White,#003776|#0066D9|#485259|#EBF7FF,25.2263,22.1269,20.5761,18.6024,16.2529,48.4936,20.3646
405,Blue|Azure Blue|Grey|Orange,#003776|#0066D9|#8C9099|#F67405,27.0420,22.6773,20.5993,18.0557,14.9828,41.6298,20.3665
406,Dark Grey|Cold White|Red|Yellow,#485259|#D9DFE5|#E72F1D|#FFE800,24.9588,22.1818,20.6029,18.5515,16.0173,42.7374,20.3667
407,Dark Grey|Grey|Lime Green|Cold White,#485259|#8C9099|#D5D701|#D9DFE5,24.3990,22.0756,20.6509,18.6594,16.0609,41.5982,20.3675
408,Blue|Polymaker Teal|Red|Magenta,#003776|#4CC0C7|#E72F1D|#F24574,29.2671,23.2929,20.3801,17.4458,14.7457,47.1128,20.3693
409,Dark Grey|Lime Green|Cold White|Orange,#485259|#D5D701|#D9DFE5|#F67405,24.9455,22.1612,20.5974,18.5819,16.0838,42.9884,20.3716
410,Blue|Grey|Olive Green|Lime Green,#003776|#8C9099|#948902|#D5D701,29.8202,23.4576,20.4938,17.2879,13.9424,73.3221,20.3727
411,Blue|Polymaker Teal|Grey|Red,#003776|#4CC0C7|#8C9099|#E72F1D,29.1531,23.3010,20.4219,17.4468,14.6622,47.8307,20.3739
412,Blue|Polymaker Teal|Red|White,#003776|#4CC0C7|#E72F1D|#EBF7FF,29.2327,23.2753,20.3760,17.4755,14.7490,46.9484,20.3754
413,Dark Grey|Polymaker Teal|Cold White|Yellow,#485259|#4CC0C7|#D9DFE5|#FFE800,24.9786,22.1909,20.5921,18.5621,16.0969,43.0024,20.3765
414,Dark Grey|Polymaker Teal|Purple|Red,#485259|#4CC0C7|#6C47B2|#E72F1D,29.4546,23.4338,20.4412,17.3215,14.3079,49.0349,20.3776
415,Green|Dark Grey|Cold White|Yellow,#06924D|#485259|#D9DFE5|#FFE800,24.9648,22.1973,20.6062,18.5644,16.0659,43.1597,20.3809
416,Dark Grey|Lime Green|Cold White|Yellow,#485259|#D5D701|#D9DFE5|#FFE800,24.9648,22.1973,20.6062,18.5644,16.0659,43.1597,20.3809
417,Dark Grey|Polymaker Teal|Purple|White,#485259|#4CC0C7|#6C47B2|#EBF7FF,27.3274,22.8559,20.4819,17.9104,15.3648,49.0913,20.3831
418,Dark Grey|Polymaker Teal|Cold White|Orange,#485259|#4CC0C7|#D9DFE5|#F67405,25.0846,22.2501,20.6154,18.5255,15.9866,43.2416,20.3878
419,Azure Blue|Brown|Tan|Orange,#0066D9|#55331A|#A79E82|#F67405,30.0657,22.9404,20.3349,17.8773,15.4129,45.2043,20.4089
420,Dark Grey|Cold White|Red|Orange,#485259|#D9DFE5|#E72F1D|#F67405,25.0501,22.2450,20.6400,18.5809,16.0465,42.6430,20.4130
421,Dark Grey|Grey|Cold White|Yellow,#485259|#8C9099|#D9DFE5|#FFE800,24.3893,22.1267,20.7211,18.7366,16.1433,41.7793,20.4316
422,Blue|Purple|Grey|Orange,#003776|#6C47B2|#8C9099|#F67405,27.1349,22.7764,20.6631,18.0869,14.9870,42.3385,20.4316
423,Dark Grey|Cold White|Orange|Yellow,#485259|#D9DFE5|#F67405|#FFE800,24.9977,22.2259,20.6559,18.6379,16.1405,42.9153,20.4319
424,Blue|Dark Grey|Dark Olive Drab|Cold White,#003776|#485259|#575B54|#D9DFE5,27.8979,22.9906,20.5350,17.8840,15.2004,55.7838,20.4373
425,Azure Blue|Dark Grey|Polymaker Teal|Pink,#0066D9|#485259|#4CC0C7|#F1A1AF,26.1746,22.5848,20.6958,18.3254,15.5582,46.8886,20.4551
426,Blue|Azure Blue|Black|Lime Green,#003776|#0066D9|#080A0D|#D5D701,35.3066,24.6318,20.1970,16.2810,13.6505,68.9475,20.4564
427,Blue|Grey|Pink|Orange,#003776|#8C9099|#F1A1AF|#F67405,27.1518,22.8190,20.7024,18.1221,15.0067,42.7380,20.4705
428,Blue|Polymaker Teal|Purple|Red,#003776|#4CC0C7|#6C47B2|#E72F1D,29.4955,23.4218,20.4670,17.5292,14.7657,47.1438,20.4755
429,Dark Grey|Cold White|Red|Pink,#485259|#D9DFE5|#E72F1D|#F1A1AF,25.2075,22.3532,20.7128,18.6035,16.0004,43.1436,20.4783
430,Azure Blue|Polymaker Teal|Brown|Yellow,#0066D9|#4CC0C7|#55331A|#FFE800,32.9273,23.6587,20.2248,17.3013,14.9704,47.9981,20.4800
431,Blue|Black|Polymaker Teal|Red,#003776|#080A0D|#4CC0C7|#E72F1D,32.1286,24.0075,20.4688,16.9580,13.7571,51.9040,20.4827
432,Azure Blue|Dark Olive Drab|Red|Yellow,#0066D9|#575B54|#E72F1D|#FFE800,27.2832,22.5484,20.5455,18.4257,16.2081,49.9493,20.4871
433,Blue|Brown|Grey|Orange,#003776|#55331A|#8C9099|#F67405,27.1140,22.7780,20.7351,18.2100,15.1286,44.7222,20.4940
434,Dark Grey|Cold White|Red|Magenta,#485259|#D9DFE5|#E72F1D|#F24574,25.2158,22.3771,20.7317,18.6121,16.0091,43.3971,20.4946
435,Azure Blue|Dark Olive Drab|Orange|Yellow,#0066D9|#575B54|#F67405|#FFE800,27.3846,22.5729,20.5340,18.4175,16.2240,50.4008,20.4952
436,Blue|Grey|Pink|Yellow,#003776|#8C9099|#F1A1AF|#FFE800,28.2219,23.2176,20.6940,17.7784,14.6376,59.3738,20.4980
437,Black|Dark Grey|Lime Green|Cold White,#080A0D|#485259|#D5D701|#D9DFE5,26.8804,22.5980,20.6179,18.4304,15.9536,44.9156,20.5142
438,Blue|Dark Grey|Cold White|White,#003776|#485259|#D9DFE5|#EBF7FF,26.8458,22.7373,20.6613,18.2916,15.7863,59.8078,20.5145
439,Blue|Polymaker Teal|Purple|Olive Green,#003776|#4CC0C7|#6C47B2|#948902,43.2817,25.9437,19.7848,15.0888,11.8072,69.0800,20.5162
440,Blue|Dark Grey|Cold White|Red,#003776|#485259|#D9DFE5|#E72F1D,25.7240,22.5101,20.7323,18.5243,15.8734,48.9315,20.5172
441,Blue|Grey|Cold White|Yellow,#003776|#8C9099|#D9DFE5|#FFE800,28.6334,23.3096,20.6663,17.7291,14.7522,61.1297,20.5194
442,Azure Blue|Black|Lime Green|Cold White,#0066D9|#080A0D|#D5D701|#D9DFE5,35.3883,24.6565,20.2906,16.3837,13.2808,62.0476,20.5201
443,Dark Grey|Cold White|Pink|Magenta,#485259|#D9DFE5|#F1A1AF|#F24574,25.1236,22.3566,20.7526,18.6881,16.1595,42.9068,20.5223
444,Blue|Azure Blue|Grey|Yellow,#003776|#0066D9|#8C9099|#FFE800,28.2800,23.2053,20.6941,17.8445,14.8373,59.5746,20.5249
445,Dark Grey|Brown|Tan|Cold White,#485259|#55331A|#A79E82|#D9DFE5,25.7373,22.4118,20.6923,18.6415,16.2106,43.4067,20.5266
446,Azure Blue|Brown|Tan|White,#0066D9|#55331A|#A79E82|#EBF7FF,30.1671,23.0367,20.4435,18.0169,15.6156,45.6248,20.5268
447,Dark Grey|Grey|Cold White|Red,#485259|#8C9099|#D9DFE5|#E72F1D,24.9523,22.3307,20.7858,18.7283,16.1364,43.2083,20.5295
448,Azure Blue|Brown|Purple|Tan,#0066D9|#55331A|#6C47B2|#A79E82,30.1348,23.0785,20.4703,17.9920,15.5088,45.2746,20.5353
449,Azure Blue|Brown|Tan|Red,#0066D9|#55331A|#A79E82|#E72F1D,30.1348,23.0785,20.4703,17.9920,15.5088,45.2746,20.5353
450,Azure Blue|Brown|Tan|Magenta,#0066D9|#55331A|#A79E82|#F24574,30.1348,23.0785,20.4703,17.9920,15.5088,45.2746,20.5353
451,Blue|Dark Olive Drab|Tan|Cold White,#003776|#575B54|#A79E82|#D9DFE5,28.2371,23.1194,20.6581,17.9728,15.2293,59.8890,20.5461
452,Blue|Azure Blue|Green|Pink,#003776|#0066D9|#06924D|#F1A1AF,31.3620,23.8911,20.4558,17.2088,14.3750,52.6466,20.5500
453,Dark Grey|Polymaker Teal|Purple|Olive Green,#485259|#4CC0C7|#6C47B2|#948902,40.4800,25.4158,19.9483,15.6968,12.6417,66.6788,20.5563
454,Black|Dark Grey|Cold White|Yellow,#080A0D|#485259|#D9DFE5|#FFE800,26.7269,22.5780,20.6805,18.5390,16.0638,45.0770,20.5585
455,Dark Grey|Grey|Lime Green|White,#485259|#8C9099|#D5D701|#EBF7FF,24.5434,22.2574,20.8536,18.8647,16.2927,42.0438,20.5611
456,Blue|Polymaker Teal|Lime Green|Cold White,#003776|#4CC0C7|#D5D701|#D9DFE5,30.4961,24.1186,20.5977,17.0036,13.8852,61.7185,20.5611
457,Azure Blue|Black|Dark Olive Drab|Lime Green,#0066D9|#080A0D|#575B54|#D5D701,34.9400,24.6531,20.3919,16.4966,13.6432,69.5096,20.5748
458,Azure Blue|Brown|Tan|Cold White,#0066D9|#55331A|#A79E82|#D9DFE5,30.2092,23.0977,20.5066,18.0545,15.6234,45.1933,20.5761
459,Blue|Green|Pink|Yellow,#003776|#06924D|#F1A1AF|#FFE800,31.7892,24.2596,20.5386,16.8962,13.9480,54.2738,20.5779
460,Polymaker Teal|Dark Olive Drab|Purple|Olive Green,#4CC0C7|#575B54|#6C47B2|#948902,40.8001,25.3149,19.9216,15.8424,12.9725,62.8473,20.5786
461,Azure Blue|Dark Grey|Polymaker Teal|White,#0066D9|#485259|#4CC0C7|#EBF7FF,25.1037,22.2403,20.7658,18.9201,16.7205,47.0300,20.5802
462,Blue|Green|Black|Pink,#003776|#06924D|#080A0D|#F1A1AF,31.8036,24.2274,20.5251,16.9360,14.0187,54.1830,20.5817
463,Blue|Green|Olive Green|Pink,#003776|#06924D|#948902|#F1A1AF,31.8036,24.2274,20.5251,16.9360,14.0187,54.1830,20.5817
464,Blue|Green|Red|Pink,#003776|#06924D|#E72F1D|#F1A1AF,31.8036,24.2274,20.5251,16.9360,14.0187,54.1830,20.5817
465,Blue|Green|Pink|Magenta,#003776|#06924D|#F1A1AF|#F24574,31.8036,24.2274,20.5251,16.9360,14.0187,54.1830,20.5817
466,Blue|Green|Pink|Orange,#003776|#06924D|#F1A1AF|#F67405,31.8036,24.2274,20.5251,16.9360,14.0187,54.1830,20.5817
467,Blue|Azure Blue|Brown|Tan,#003776|#0066D9|#55331A|#A79E82,28.2464,23.3834,20.8458,17.7857,14.4248,55.5608,20.5845
468,Blue|Azure Blue|Purple|Tan,#003776|#0066D9|#6C47B2|#A79E82,28.2464,23.3834,20.8458,17.7857,14.4248,55.5608,20.5845
469,Blue|Azure Blue|Tan|Red,#003776|#0066D9|#A79E82|#E72F1D,28.2464,23.3834,20.8458,17.7857,14.4248,55.5608,20.5845
470,Blue|Azure Blue|Tan|Magenta,#003776|#0066D9|#A79E82|#F24574,28.2464,23.3834,20.8458,17.7857,14.4248,55.5608,20.5845
471,Blue|Azure Blue|Tan|Orange,#003776|#0066D9|#A79E82|#F67405,28.2464,23.3834,20.8458,17.7857,14.4248,55.5608,20.5845
472,Dark Grey|Grey|Cold White|Magenta,#485259|#8C9099|#D9DFE5|#F24574,25.0545,22.3930,20.8430,18.7860,16.2090,43.7110,20.5895
473,Dark Grey|Grey|White|Yellow,#485259|#8C9099|#EBF7FF|#FFE800,24.4774,22.2593,20.8824,18.9246,16.3818,42.1958,20.5919
474,Azure Blue|Brown|Tan|Pink,#0066D9|#55331A|#A79E82|#F1A1AF,30.1889,23.1243,20.5494,18.0603,15.5488,45.2572,20.5923
475,Black|Dark Grey|Cold White|Red,#080A0D|#485259|#D9DFE5|#E72F1D,25.7333,22.5358,20.8052,18.6523,16.0399,44.9115,20.5940
476,Azure Blue|Green|Brown|Tan,#0066D9|#06924D|#55331A|#A79E82,31.7633,23.4721,20.4194,17.7166,15.2753,48.4443,20.5944
477,Azure Blue|Dark Olive Drab|Grey|Lime Green,#0066D9|#575B54|#8C9099|#D5D701,28.5481,23.1123,20.7226,18.0910,15.3909,55.3860,20.6016
478,Blue|Brown|White|Orange,#003776|#55331A|#EBF7FF|#F67405,29.2589,22.9118,20.5328,18.3028,16.2581,51.5513,20.6073
479,Blue|Dark Grey|Dark Olive Drab|White,#003776|#485259|#575B54|#EBF7FF,26.4018,22.5917,20.7711,18.6260,16.2840,53.1778,20.6089
480,Dark Grey|Dark Olive Drab|Cold White|Orange,#485259|#575B54|#D9DFE5|#F67405,25.1029,22.3813,20.8308,18.8424,16.3703,42.4151,20.6119
481,Dark Grey|Brown|Cold White|Yellow,#485259|#55331A|#D9DFE5|#FFE800,25.8840,22.5417,20.7747,18.6832,16.2282,44.1206,20.6125
482,Polymaker Teal|Brown|Purple|Cold White,#4CC0C7|#55331A|#6C47B2|#D9DFE5,37.0755,24.6542,20.1198,16.5784,13.9045,48.1857,20.6163
483,Blue|Green|Brown|Pink,#003776|#06924D|#55331A|#F1A1AF,31.9006,24.3554,20.5759,16.8925,13.9424,54.9204,20.6240
484,Blue|Black|Olive Green|Pink,#003776|#080A0D|#948902|#F1A1AF,33.3122,24.0494,20.1577,17.2166,15.4581,65.1464,20.6330
485,Blue|Purple|Olive Green|Pink,#003776|#6C47B2|#948902|#F1A1AF,33.3122,24.0494,20.1577,17.2166,15.4581,65.1464,20.6330
486,Blue|Olive Green|Red|Pink,#003776|#948902|#E72F1D|#F1A1AF,33.3122,24.0494,20.1577,17.2166,15.4581,65.1464,20.6330
487,Blue|Olive Green|Pink|Magenta,#003776|#948902|#F1A1AF|#F24574,33.3122,24.0494,20.1577,17.2166,15.4581,65.1464,20.6330
488,Blue|Olive Green|Pink|Orange,#003776|#948902|#F1A1AF|#F67405,33.3122,24.0494,20.1577,17.2166,15.4581,65.1464,20.6330
489,Dark Grey|Grey|Cold White|White,#485259|#8C9099|#D9DFE5|#EBF7FF,24.6583,22.3265,20.9125,18.9548,16.4350,42.6130,20.6406
490,Dark Grey|Tan|Cold White|White,#485259|#A79E82|#D9DFE5|#EBF7FF,24.7826,22.3575,20.9162,18.9479,16.4779,44.2461,20.6527
491,Blue|Green|Lime Green|Pink,#003776|#06924D|#D5D701|#F1A1AF,32.0208,24.3480,20.5872,16.9989,14.0864,54.6845,20.6735
492,Polymaker Teal|Dark Olive Drab|Purple|White,#4CC0C7|#575B54|#6C47B2|#EBF7FF,30.7694,23.5581,20.5351,17.7890,15.3073,50.1499,20.6736
493,Black|Dark Grey|Dark Olive Drab|Cold White,#080A0D|#485259|#575B54|#D9DFE5,25.5617,22.4823,20.8663,18.8739,16.4437,43.1086,20.6781
494,Blue|Green|Lime Green|Cold White,#003776|#06924D|#D5D701|#D9DFE5,30.5959,24.2660,20.7695,17.0957,13.9168,62.4636,20.6808
495,Dark Grey|Purple|Tan|Cold White,#485259|#6C47B2|#A79E82|#D9DFE5,26.6770,23.0018,20.9184,18.3692,15.5479,69.1268,20.6855
496,Dark Grey|Purple|Cold White|Orange,#485259|#6C47B2|#D9DFE5|#F67405,25.5742,22.5995,20.9183,18.7780,16.2086,50.4737,20.6887
497,Dark Grey|Brown|Cold White|Pink,#485259|#55331A|#D9DFE5|#F1A1AF,25.8691,22.5971,20.8707,18.7863,16.3028,43.2418,20.6917
498,Dark Grey|Brown|Lime Green|Cold White,#485259|#55331A|#D5D701|#D9DFE5,26.0793,22.6399,20.8578,18.7466,16.2744,43.6056,20.6933
499,Blue|Polymaker Teal|Grey|Pink,#003776|#4CC0C7|#8C9099|#F1A1AF,27.4785,23.0830,20.9413,18.3359,15.2349,45.0488,20.7094
500,Blue|Azure Blue|Tan|Pink,#003776|#0066D9|#A79E82|#F1A1AF,28.3825,23.5244,20.9811,17.8957,14.5042,55.9806,20.7101
501,Azure Blue|Black|Polymaker Teal|Lime Green,#0066D9|#080A0D|#4CC0C7|#D5D701,35.8717,25.0506,20.4790,16.3775,13.5559,70.2282,20.7141
502,Azure Blue|Brown|Dark Olive Drab|Yellow,#0066D9|#55331A|#575B54|#FFE800,27.9133,22.8267,20.7409,18.6105,16.4539,49.9818,20.7186
503,Dark Grey|Polymaker Teal|Dark Olive Drab|Cold White,#485259|#4CC0C7|#575B54|#D9DFE5,25.2346,22.4967,20.9323,18.9405,16.4924,43.2926,20.7186
504,Blue|Green|Dark Olive Drab|Pink,#003776|#06924D|#575B54|#F1A1AF,31.9598,24.4673,20.6941,16.9747,14.0140,55.5643,20.7210
505,Dark Grey|Polymaker Teal|Grey|Cold White,#485259|#4CC0C7|#8C9099|#D9DFE5,24.9043,22.4774,21.0083,18.9690,16.3324,42.5169,20.7232
506,Polymaker Teal|Brown|Purple|Orange,#4CC0C7|#55331A|#6C47B2|#F67405,37.4933,24.8704,20.2543,16.5805,13.8491,47.1197,20.7254
507,Blue|Brown|Olive Green|Pink,#003776|#55331A|#948902|#F1A1AF,33.5465,24.2976,20.2961,17.1676,15.4095,65.3581,20.7326
508,Azure Blue|Dark Grey|Cold White|Red,#0066D9|#485259|#D9DFE5|#E72F1D,25.5641,22.6533,20.9776,18.8132,16.1653,49.0468,20.7333
509,Blue|Dark Grey|Grey|Tan,#003776|#485259|#8C9099|#A79E82,26.8475,23.0324,21.0116,18.4365,15.4004,65.9736,20.7345
510,Azure Blue|Dark Grey|Grey|White,#0066D9|#485259|#8C9099|#EBF7FF,25.5820,22.7341,21.0673,18.7786,15.9039,46.8216,20.7564
511,Dark Grey|Brown|Cold White|Magenta,#485259|#55331A|#D9DFE5|#F24574,26.0135,22.6837,20.9345,18.8413,16.3669,43.6266,20.7625
512,Blue|Polymaker Teal|Magenta|Yellow,#003776|#4CC0C7|#F24574|#FFE800,30.2514,23.9051,20.7613,17.6384,15.1158,60.6243,20.7718
513,Dark Grey|Polymaker Teal|Grey|White,#485259|#4CC0C7|#8C9099|#EBF7FF,24.6127,22.4342,21.0616,19.1152,16.5778,42.7641,20.7747
514,Dark Grey|Polymaker Teal|Purple|Grey,#485259|#4CC0C7|#6C47B2|#8C9099,28.0823,23.4559,20.9712,18.0996,15.0050,47.6078,20.7778
515,Blue|Grey|Lime Green|Yellow,#003776|#8C9099|#D5D701|#FFE800,29.5749,23.8369,20.9761,17.7512,14.4191,63.7966,20.7941
516,Black|Dark Grey|Brown|Cold White,#080A0D|#485259|#55331A|#D9DFE5,26.4496,22.7458,20.9306,18.8451,16.4118,43.7717,20.7955
517,Dark Grey|Olive Green|White|Magenta,#485259|#948902|#EBF7FF|#F24574,25.3534,22.5147,21.0233,19.0845,16.7162,44.9186,20.7996
518,Blue|Polymaker Teal|Brown|Red,#003776|#4CC0C7|#55331A|#E72F1D,32.2182,24.1303,20.7915,17.4866,14.3919,56.6490,20.8084
519,Blue|Green|Cold White|Yellow,#003776|#06924D|#D9DFE5|#FFE800,31.2788,24.6618,20.8994,16.9596,13.6450,63.7912,20.8107
520,Azure Blue|Dark Grey|Cold White|Pink,#0066D9|#485259|#D9DFE5|#F1A1AF,25.7620,22.8128,21.0740,18.8168,16.1406,55.3620,20.8148
521,Azure Blue|Dark Olive Drab|Magenta|Yellow,#0066D9|#575B54|#F24574|#FFE800,27.4860,22.8569,20.8950,18.7914,16.5599,50.4144,20.8242
522,Azure Blue|Dark Grey|Cold White|Magenta,#0066D9|#485259|#D9DFE5|#F24574,25.8385,22.8324,21.0807,18.8405,16.1707,53.6266,20.8365
523,Azure Blue|Black|Dark Olive Drab|Yellow,#0066D9|#080A0D|#575B54|#FFE800,28.6239,23.0875,20.8323,18.5866,16.4160,51.9133,20.8371
524,Dark Grey|Dark Olive Drab|Grey|Cold White,#485259|#575B54|#8C9099|#D9DFE5,24.7928,22.5072,21.1140,19.1688,16.6143,42.5322,20.8380
525,Dark Grey|Brown|Grey|Cold White,#485259|#55331A|#8C9099|#D9DFE5,26.0271,22.7143,21.0129,18.9681,16.5222,43.2814,20.8412
526,Blue|Grey|Red|White,#003776|#8C9099|#E72F1D|#EBF7FF,27.4635,23.1543,21.0649,18.5287,15.4590,44.2040,20.8415
527,Azure Blue|Polymaker Teal|Dark Olive Drab|Orange,#0066D9|#4CC0C7|#575B54|#F67405,26.8726,22.7367,20.9652,18.9511,16.6424,42.2730,20.8439
528,Dark Grey|Olive Green|White|Pink,#485259|#948902|#EBF7FF|#F1A1AF,25.3211,22.5516,21.0840,19.1503,16.7532,44.8282,20.8509
529,Blue|Grey|Cold White|Red,#003776|#8C9099|#D9DFE5|#E72F1D,27.4490,23.1472,21.0916,18.5775,15.5222,44.4724,20.8624
530,Azure Blue|Polymaker Teal|Dark Olive Drab|Cold White,#0066D9|#4CC0C7|#575B54|#D9DFE5,26.6743,22.7527,20.9919,18.9767,16.6309,45.1564,20.8647
531,Azure Blue|Green|Black|Lime Green,#0066D9|#06924D|#080A0D|#D5D701,35.8769,25.1249,20.6834,16.6141,13.7144,68.7502,20.8695
532,Black|Dark Grey|Cold White|Pink,#080A0D|#485259|#D9DFE5|#F1A1AF,26.3447,22.9022,21.0899,18.8762,16.2429,45.8527,20.8892
533,Blue|Polymaker Teal|Grey|Cold White,#003776|#4CC0C7|#8C9099|#D9DFE5,27.5255,23.1914,21.1251,18.5916,15.5153,45.4953,20.8915
534,Black|Dark Grey|Cold White|Magenta,#080A0D|#485259|#D9DFE5|#F24574,26.2120,22.9075,21.1120,18.8862,16.2059,47.5841,20.8969
535,Green|Dark Grey|Cold White|Magenta,#06924D|#485259|#D9DFE5|#F24574,26.1060,22.9214,21.1385,18.8765,16.1665,48.5589,20.8990
536,Dark Grey|Brown|Dark Olive Drab|Cold White,#485259|#55331A|#575B54|#D9DFE5,26.3206,22.8537,21.0655,18.9559,16.4822,43.9995,20.9048
537,Blue|Green|Grey|Cold White,#003776|#06924D|#8C9099|#D9DFE5,29.8028,24.0180,21.0515,17.8168,14.5567,62.8688,20.9174
538,Blue|Azure Blue|Dark Grey|Lime Green,#003776|#0066D9|#485259|#D5D701,31.0283,24.1900,20.8999,17.6452,15.0318,63.6600,20.9176
539,Blue|Lime Green|Cold White|White,#003776|#D5D701|#D9DFE5|#EBF7FF,30.5615,24.3974,20.9908,17.4503,14.4556,62.7038,20.9238
540,Dark Grey|Lime Green|Cold White|White,#485259|#D5D701|#D9DFE5|#EBF7FF,25.0799,22.5900,21.1477,19.2578,16.9064,43.8274,20.9239
541,Green|Brown|Purple|Cold White,#06924D|#55331A|#6C47B2|#D9DFE5,41.4423,25.7903,20.2372,16.0795,13.1905,55.1589,20.9349
542,Polymaker Teal|Dark Olive Drab|Purple|Pink,#4CC0C7|#575B54|#6C47B2|#F1A1AF,31.6209,24.0669,20.8472,17.8115,14.9943,47.4821,20.9392
543,Dark Grey|Purple|Cold White|Pink,#485259|#6C47B2|#D9DFE5|#F1A1AF,25.8652,22.8623,21.1583,19.0188,16.4545,57.0439,20.9406
544,Blue|Azure Blue|Dark Olive Drab|Lime Green,#003776|#0066D9|#575B54|#D5D701,31.1603,24.2106,20.9068,17.6722,15.0068,63.3800,20.9414
545,Dark Grey|Purple|Cold White|Red,#485259|#6C47B2|#D9DFE5|#E72F1D,25.8886,22.8847,21.1844,19.0010,16.3403,51.3481,20.9429
546,Blue|Azure Blue|Dark Grey|Tan,#003776|#0066D9|#485259|#A79E82,26.3894,23.1029,21.2531,18.7938,15.8153,68.0387,20.9484
547,Azure Blue|Black|Dark Grey|Tan,#0066D9|#080A0D|#485259|#A79E82,26.3601,23.1019,21.2563,18.7958,15.8195,68.3571,20.9489
548,Azure Blue|Dark Grey|Purple|Tan,#0066D9|#485259|#6C47B2|#A79E82,26.3601,23.1019,21.2563,18.7958,15.8195,68.3571,20.9489
549,Azure Blue|Dark Grey|Tan|Red,#0066D9|#485259|#A79E82|#E72F1D,26.3601,23.1019,21.2563,18.7958,15.8195,68.3571,20.9489
550,Azure Blue|Dark Grey|Tan|Magenta,#0066D9|#485259|#A79E82|#F24574,26.3601,23.1019,21.2563,18.7958,15.8195,68.3571,20.9489
551,Azure Blue|Dark Grey|Tan|Orange,#0066D9|#485259|#A79E82|#F67405,26.3601,23.1019,21.2563,18.7958,15.8195,68.3571,20.9489
552,Dark Grey|Olive Green|Lime Green|White,#485259|#948902|#D5D701|#EBF7FF,25.3481,22.6231,21.1764,19.2763,16.9489,45.6994,20.9497
553,Blue|Brown|Grey|Magenta,#003776|#55331A|#8C9099|#F24574,27.7163,23.1677,21.1401,18.7318,15.7775,46.3424,20.9497
554,Dark Grey|Olive Green|Tan|White,#485259|#948902|#A79E82|#EBF7FF,25.0883,22.5929,21.2027,19.3090,16.9327,45.4403,20.9510
555,Blue|Purple|Grey|Yellow,#003776|#6C47B2|#8C9099|#FFE800,28.6609,23.6781,21.1426,18.2241,15.1645,64.2487,20.9511
556,Blue|Dark Grey|Grey|Lime Green,#003776|#485259|#8C9099|#D5D701,29.0551,23.7439,21.1673,18.1773,15.0302,70.5598,20.9606
557,Azure Blue|Dark Grey|Grey|Cold White,#0066D9|#485259|#8C9099|#D9DFE5,26.2838,23.0232,21.2036,18.9008,16.1888,56.3061,20.9620
558,Azure Blue|Dark Grey|Brown|Tan,#0066D9|#485259|#55331A|#A79E82,26.3939,23.1320,21.2807,18.8120,15.8215,67.7676,20.9720
559,Blue|Azure Blue|Dark Grey|Cold White,#003776|#0066D9|#485259|#D9DFE5,26.5058,23.0041,21.1536,18.9415,16.4018,64.9321,20.9728
560,Green|Dark Grey|Olive Green|White,#06924D|#485259|#948902|#EBF7FF,25.3971,22.6661,21.2059,19.2852,16.9156,45.1993,20.9756
561,Dark Grey|Polymaker Teal|Olive Green|White,#485259|#4CC0C7|#948902|#EBF7FF,25.3971,22.6661,21.2059,19.2852,16.9156,45.1993,20.9756
562,Blue|Dark Grey|Brown|Cold White,#003776|#485259|#55331A|#D9DFE5,27.5583,23.1816,21.0702,18.7803,16.2867,52.5715,20.9810
563,Blue|Azure Blue|Dark Olive Drab|White,#003776|#0066D9|#575B54|#EBF7FF,26.9482,22.9908,21.1503,18.9751,16.5107,54.5255,20.9829
564,Blue|Black|Grey|Yellow,#003776|#080A0D|#8C9099|#FFE800,30.2584,23.9375,21.0929,18.0345,14.8736,62.4735,20.9860
565,Blue|Polymaker Teal|Grey|Magenta,#003776|#4CC0C7|#8C9099|#F24574,27.7498,23.3767,21.2155,18.5997,15.4830,46.3097,20.9882
566,Green|Dark Grey|Brown|Cold White,#06924D|#485259|#55331A|#D9DFE5,26.6624,23.0057,21.1467,18.9868,16.5008,44.4223,20.9962
567,Blue|Brown|Purple|Grey,#003776|#55331A|#6C47B2|#8C9099,27.8392,23.2507,21.1924,18.7479,15.7682,46.8893,20.9993
568,Dark Grey|Dark Olive Drab|Olive Green|White,#485259|#575B54|#948902|#EBF7FF,25.3715,22.6935,21.2429,19.3121,16.9280,45.5252,21.0028
569,Dark Grey|Purple|Cold White|Magenta,#485259|#6C47B2|#D9DFE5|#F24574,25.9585,22.9190,21.2270,19.0897,16.5056,56.8829,21.0043
570,Blue|Green|Dark Grey|Pink,#003776|#06924D|#485259|#F1A1AF,32.0766,24.7866,21.0640,17.2235,14.0410,55.3887,21.0050
571,Blue|Polymaker Teal|Grey|White,#003776|#4CC0C7|#8C9099|#EBF7FF,27.6516,23.3547,21.2686,18.6869,15.5578,45.4786,21.0208
572,Blue|Green|Polymaker Teal|Grey,#003776|#06924D|#4CC0C7|#8C9099,28.9621,23.8198,21.2513,18.2264,14.8426,59.9520,21.0231
573,Green|Dark Grey|Dark Olive Drab|Cold White,#06924D|#485259|#575B54|#D9DFE5,25.9817,22.9686,21.2638,19.0799,16.4539,47.7197,21.0242
574,Blue|Dark Grey|White|Orange,#003776|#485259|#EBF7FF|#F67405,25.1440,22.6564,21.2483,19.3969,17.1512,47.6513,21.0267
575,Dark Grey|Polymaker Teal|Brown|Cold White,#485259|#4CC0C7|#55331A|#D9DFE5,26.5957,23.0143,21.1840,19.0398,16.5367,44.2238,21.0270
576,Dark Grey|Olive Green|Red|White,#485259|#948902|#E72F1D|#EBF7FF,25.4070,22.7086,21.2620,19.3466,16.9853,45.9061,21.0276
577,Blue|Azure Blue|Brown|Grey,#003776|#0066D9|#55331A|#8C9099,27.8614,23.2538,21.2258,18.8113,15.8760,46.4512,21.0325
578,Blue|Polymaker Teal|Dark Olive Drab|Magenta,#003776|#4CC0C7|#575B54|#F24574,29.5175,23.7532,21.1558,18.3239,15.3424,61.0389,21.0386
579,Blue|Polymaker Teal|Pink|Yellow,#003776|#4CC0C7|#F1A1AF|#FFE800,29.9789,23.9892,21.0500,18.1630,15.8617,62.7738,21.0761
580,Green|Dark Grey|Polymaker Teal|Cold White,#06924D|#485259|#4CC0C7|#D9DFE5,26.1117,23.0530,21.3173,19.1218,16.5011,50.9611,21.0874
581,Blue|Grey|Cold White|Pink,#003776|#8C9099|#D9DFE5|#F1A1AF,27.6248,23.3702,21.3160,18.8049,15.7737,45.3611,21.0875
582,Azure Blue|Dark Grey|Polymaker Teal|Red,#0066D9|#485259|#4CC0C7|#E72F1D,27.2637,23.2835,21.2937,18.9040,16.1369,48.0802,21.0937
583,Blue|Black|Dark Olive Drab|White,#003776|#080A0D|#575B54|#EBF7FF,28.1341,23.3784,21.2236,18.8574,16.3760,59.1709,21.1179
584,Blue|Purple|Grey|Cold White,#003776|#6C47B2|#8C9099|#D9DFE5,27.5726,23.3631,21.3423,18.8733,15.8607,45.4835,21.1182
585,Blue|Brown|White|Pink,#003776|#55331A|#EBF7FF|#F1A1AF,29.5530,23.3805,21.0619,18.8715,16.9430,51.8250,21.1260
586,Green|Dark Grey|Cold White|Pink,#06924D|#485259|#D9DFE5|#F1A1AF,26.1194,23.0977,21.3870,19.1647,16.4192,47.8226,21.1312
587,Blue|Green|Black|Grey,#003776|#06924D|#080A0D|#8C9099,29.1173,23.8831,21.3393,18.3834,15.0343,59.4284,21.1332
588,Dark Grey|Cold White|White|Yellow,#485259|#D9DFE5|#EBF7FF|#FFE800,25.1924,22.7810,21.3670,19.4920,17.1588,44.8698,21.1365
589,Blue|Green|Dark Grey|Grey,#003776|#06924D|#485259|#8C9099,29.0175,23.9035,21.3737,18.3714,14.9759,59.1108,21.1374
590,Blue|Grey|Cold White|Magenta,#003776|#8C9099|#D9DFE5|#F24574,27.6105,23.4113,21.3664,18.8647,15.8211,45.2205,21.1380
591,Blue|Brown|White|Magenta,#003776|#55331A|#EBF7FF|#F24574,29.6198,23.3614,21.0504,18.9157,17.0270,51.7155,21.1386
592,Azure Blue|Green|Dark Grey|Cold White,#0066D9|#06924D|#485259|#D9DFE5,28.2193,23.4214,21.2022,18.8661,16.4789,63.6457,21.1438
593,Blue|Grey|White|Pink,#003776|#8C9099|#EBF7FF|#F1A1AF,27.6432,23.4353,21.3841,18.8534,15.7768,45.4181,21.1443
594,Azure Blue|Dark Olive Drab|Pink|Yellow,#0066D9|#575B54|#F1A1AF|#FFE800,27.6646,23.1957,21.2277,19.1094,16.8746,52.2601,21.1526
595,Black|Dark Grey|Polymaker Teal|Cold White,#080A0D|#485259|#4CC0C7|#D9DFE5,27.9572,23.3347,21.2357,18.9709,16.4253,49.5214,21.1528
596,Dark Grey|Dark Olive Drab|Grey|White,#485259|#575B54|#8C9099|#EBF7FF,24.9177,22.7746,21.4405,19.5459,17.0598,43.5839,21.1603
597,Blue|Azure Blue|Grey|Cold White,#003776|#0066D9|#8C9099|#D9DFE5,27.5593,23.4166,21.4076,18.9096,15.8611,45.4032,21.1631
598,Blue|Azure Blue|Grey|Lime Green,#003776|#0066D9|#8C9099|#D5D701,30.4184,24.2437,21.2060,18.0864,15.3591,62.4131,21.1651
599,Blue|Brown|Lime Green|Cold White,#003776|#55331A|#D5D701|#D9DFE5,31.6212,24.9016,21.2950,17.4373,13.9502,71.0622,21.1694
600,Blue|Azure Blue|Dark Olive Drab|Yellow,#003776|#0066D9|#575B54|#FFE800,28.6736,23.4618,21.2343,18.8949,16.5644,57.1547,21.1783
601,Blue|Azure Blue|Brown|White,#003776|#0066D9|#55331A|#EBF7FF,29.6756,23.4224,21.0927,18.9420,17.0454,52.2316,21.1822
602,Black|Dark Grey|Olive Green|White,#080A0D|#485259|#948902|#EBF7FF,26.4317,22.9777,21.3552,19.3924,17.1066,46.3790,21.1851
603,Blue|Brown|Grey|Pink,#003776|#55331A|#8C9099|#F1A1AF,27.8253,23.3941,21.3888,18.9773,16.0088,46.5442,21.1857
604,Blue|Grey|Lime Green|Red,#003776|#8C9099|#D5D701|#E72F1D,29.9722,24.3165,21.4070,18.0623,14.6186,70.7515,21.1894
605,Black|Polymaker Teal|Purple|Olive Green,#080A0D|#4CC0C7|#6C47B2|#948902,45.9513,27.4036,20.3703,14.9979,11.7354,68.9673,21.2007
606,Dark Grey|Polymaker Teal|Tan|White,#485259|#4CC0C7|#A79E82|#EBF7FF,24.8800,22.7860,21.4915,19.6219,17.1987,45.4287,21.2040
607,Dark Grey|Polymaker Teal|Dark Olive Drab|Tan,#485259|#4CC0C7|#575B54|#A79E82,25.2101,22.8780,21.4776,19.5346,17.1562,48.0660,21.2063
608,Dark Grey|Dark Olive Drab|Tan|White,#485259|#575B54|#A79E82|#EBF7FF,24.8588,22.7768,21.4923,19.6446,17.2549,45.4832,21.2107
609,Blue|Green|Purple|Pink,#003776|#06924D|#6C47B2|#F1A1AF,39.6698,26.1862,20.8138,16.2393,12.7034,59.7927,21.2127
610,Blue|Purple|Grey|White,#003776|#6C47B2|#8C9099|#EBF7FF,27.6710,23.4779,21.4552,18.9538,15.8766,45.5581,21.2158
611,Dark Grey|Olive Green|White|Orange,#485259|#948902|#EBF7FF|#F67405,25.3373,22.7859,21.4173,19.6496,17.4647,45.8957,21.2177
612,Dark Grey|Polymaker Teal|Brown|Tan,#485259|#4CC0C7|#55331A|#A79E82,25.2412,22.8984,21.4916,19.5436,17.1611,48.0931,21.2210
613,Green|Dark Grey|Cold White|White,#06924D|#485259|#D9DFE5|#EBF7FF,26.1447,23.1711,21.4685,19.2840,16.6861,51.4351,21.2275
614,Green|Dark Grey|Polymaker Teal|Tan,#06924D|#485259|#4CC0C7|#A79E82,25.2603,22.9135,21.5040,19.5519,17.1646,48.1010,21.2327
615,Black|Dark Grey|Polymaker Teal|Tan,#080A0D|#485259|#4CC0C7|#A79E82,25.2603,22.9135,21.5040,19.5519,17.1646,48.1010,21.2327
616,Dark Grey|Polymaker Teal|Olive Green|Tan,#485259|#4CC0C7|#948902|#A79E82,25.2603,22.9135,21.5040,19.5519,17.1646,48.1010,21.2327
617,Dark Grey|Polymaker Teal|Tan|Lime Green,#485259|#4CC0C7|#A79E82|#D5D701,25.2603,22.9135,21.5040,19.5519,17.1646,48.1010,21.2327
618,Dark Grey|Polymaker Teal|Tan|Orange,#485259|#4CC0C7|#A79E82|#F67405,25.2603,22.9135,21.5040,19.5519,17.1646,48.1010,21.2327
619,Dark Grey|Polymaker Teal|Tan|Yellow,#485259|#4CC0C7|#A79E82|#FFE800,25.2603,22.9135,21.5040,19.5519,17.1646,48.1010,21.2327
620,Blue|Brown|Purple|White,#003776|#55331A|#6C47B2|#EBF7FF,29.6609,23.4679,21.1651,18.9999,17.0615,51.9814,21.2339
621,Azure Blue|Dark Olive Drab|Olive Green|Yellow,#0066D9|#575B54|#948902|#FFE800,29.6959,23.7255,21.2528,18.7457,16.2020,60.8153,21.2356
622,Blue|Grey|Red|Magenta,#003776|#8C9099|#E72F1D|#F24574,27.6660,23.5094,21.4785,18.9721,15.8746,44.7127,21.2407
623,Blue|Grey|Red|Pink,#003776|#8C9099|#E72F1D|#F1A1AF,27.6735,23.5204,21.4913,18.9709,15.9029,45.3845,21.2456
624,Dark Grey|Tan|White|Pink,#485259|#A79E82|#EBF7FF|#F1A1AF,24.9542,22.8452,21.5418,19.6624,17.2197,44.9484,21.2538
625,Blue|Grey|Cold White|White,#003776|#8C9099|#D9DFE5|#EBF7FF,27.7547,23.5419,21.4868,18.9678,15.9003,45.5287,21.2548
626,Black|Dark Grey|Grey|Cold White,#080A0D|#485259|#8C9099|#D9DFE5,28.2767,23.4000,21.3610,19.1116,16.5252,49.2852,21.2558
627,Blue|Brown|Grey|Red,#003776|#55331A|#8C9099|#E72F1D,27.9905,23.5611,21.5018,18.9747,15.8721,47.8184,21.2679
628,Dark Grey|Tan|White|Magenta,#485259|#A79E82|#EBF7FF|#F24574,25.0578,22.9019,21.5646,19.6375,17.1660,45.7390,21.2697
629,Dark Grey|Purple|Grey|Cold White,#485259|#6C47B2|#8C9099|#D9DFE5,26.7728,23.4111,21.4948,19.1285,16.4506,63.3736,21.2698
630,Blue|Grey|Lime Green|Magenta,#003776|#8C9099|#D5D701|#F24574,30.2581,24.4622,21.4738,18.0780,14.6213,70.6242,21.2701
631,Blue|Grey|Lime Green|Orange,#003776|#8C9099|#D5D701|#F67405,30.0669,24.4013,21.4885,18.1529,14.7130,70.5785,21.2771
632,Blue|Polymaker Teal|Purple|Grey,#003776|#4CC0C7|#6C47B2|#8C9099,27.9217,23.6156,21.5390,18.9844,15.8962,45.6415,21.3000
633,Blue|Azure Blue|Grey|White,#003776|#0066D9|#8C9099|#EBF7FF,27.6988,23.5462,21.5545,19.0620,15.9868,45.4922,21.3041
634,Dark Grey|Polymaker Teal|Cold White|White,#485259|#4CC0C7|#D9DFE5|#EBF7FF,25.3817,22.9804,21.5492,19.6367,17.2610,45.1157,21.3085
635,Black|Dark Grey|Tan|White,#080A0D|#485259|#A79E82|#EBF7FF,25.7700,22.9144,21.5161,19.7028,17.4441,45.5894,21.3086
636,Dark Grey|Olive Green|White|Yellow,#485259|#948902|#EBF7FF|#FFE800,25.3388,22.8581,21.5117,19.7612,17.6087,45.7396,21.3097
637,Polymaker Teal|Dark Olive Drab|Purple|Grey,#4CC0C7|#575B54|#6C47B2|#8C9099,30.3452,24.0336,21.3200,18.5896,15.7746,47.3295,21.3116
638,Blue|Azure Blue|Grey|Red,#003776|#0066D9|#8C9099|#E72F1D,27.6999,23.5770,21.5704,19.0526,15.9685,44.8756,21.3148
639,Blue|Purple|Grey|Red,#003776|#6C47B2|#8C9099|#E72F1D,27.7484,23.5939,21.5671,19.0391,15.9151,45.2299,21.3165
640,Blue|Grey|White|Magenta,#003776|#8C9099|#EBF7FF|#F24574,27.7661,23.5976,21.5635,19.0383,15.9510,45.2249,21.3179
641,Dark Grey|Tan|Lime Green|White,#485259|#A79E82|#D5D701|#EBF7FF,24.9302,22.8492,21.5879,19.8067,17.5159,45.4664,21.3279
642,Dark Grey|Grey|White|Orange,#485259|#8C9099|#EBF7FF|#F67405,24.8896,22.8524,21.6092,19.8512,17.5703,43.5852,21.3518
643,Polymaker Teal|Brown|Purple|Pink,#4CC0C7|#55331A|#6C47B2|#F1A1AF,36.7981,25.2637,20.9900,17.4453,14.5945,47.7160,21.3545
644,Blue|Azure Blue|Lime Green|Cold White,#003776|#0066D9|#D5D701|#D9DFE5,30.8919,24.4552,21.3385,18.2570,15.6518,63.2126,21.3561
645,Azure Blue|Dark Grey|Polymaker Teal|Grey,#0066D9|#485259|#4CC0C7|#8C9099,26.3517,23.3698,21.6798,19.3726,16.4306,45.6720,21.3712
646,Blue|Azure Blue|Green|White,#003776|#0066D9|#06924D|#EBF7FF,30.6951,24.3321,21.2591,18.4221,16.1251,54.7515,21.3771
647,Green|Black|Dark Grey|Cold White,#06924D|#080A0D|#485259|#D9DFE5,28.0336,23.5838,21.5167,19.1834,16.5490,50.7951,21.3836
648,Blue|Azure Blue|Polymaker Teal|Grey,#003776|#0066D9|#4CC0C7|#8C9099,27.7896,23.6734,21.6521,19.1310,16.0500,45.5334,21.4022
649,Polymaker Teal|Brown|Purple|Olive Green,#4CC0C7|#55331A|#6C47B2|#948902,44.3721,26.6238,20.5776,16.1850,13.2602,65.3811,21.4044
650,Blue|Purple|Grey|Pink,#003776|#6C47B2|#8C9099|#F1A1AF,27.7609,23.6658,21.6507,19.1479,16.0650,45.9810,21.4068
651,Blue|Tan|Pink|Yellow,#003776|#A79E82|#F1A1AF|#FFE800,29.4961,24.3082,21.6362,18.5201,15.1511,62.9122,21.4141
652,Azure Blue|Dark Grey|Brown|Cold White,#0066D9|#485259|#55331A|#D9DFE5,27.6976,23.6053,21.5633,19.2269,16.6549,55.2568,21.4161
653,Azure Blue|Brown|Magenta|Yellow,#0066D9|#55331A|#F24574|#FFE800,33.1830,24.3462,21.1333,18.4924,16.4731,48.3738,21.4193
654,Green|Dark Grey|Grey|Cold White,#06924D|#485259|#8C9099|#D9DFE5,25.9386,23.3240,21.7419,19.5536,16.7626,50.0374,21.4388
655,Blue|Green|Polymaker Teal|White,#003776|#06924D|#4CC0C7|#EBF7FF,30.5880,24.3718,21.3466,18.5144,16.2410,55.2412,21.4431
656,Blue|Azure Blue|Grey|Pink,#003776|#0066D9|#8C9099|#F1A1AF,27.7717,23.7286,21.7078,19.1657,16.0813,45.8947,21.4471
657,Azure Blue|Dark Grey|Dark Olive Drab|Tan,#0066D9|#485259|#575B54|#A79E82,26.7798,23.5633,21.7489,19.3324,16.3539,69.2160,21.4478
658,Azure Blue|Dark Grey|Tan|Pink,#0066D9|#485259|#A79E82|#F1A1AF,26.8796,23.6622,21.7780,19.2528,16.2282,69.1011,21.4575
659,Blue|Green|Dark Grey|Cold White,#003776|#06924D|#485259|#D9DFE5,30.7719,24.8377,21.6319,18.0872,14.6528,64.5762,21.4624
660,Blue|Dark Olive Drab|Grey|Cold White,#003776|#575B54|#8C9099|#D9DFE5,28.6569,23.8761,21.5543,19.0511,16.3944,65.3826,21.4636
661,Blue|Olive Green|Lime Green|White,#003776|#948902|#D5D701|#EBF7FF,31.7991,24.7594,21.4979,18.1718,14.9747,69.0302,21.4656
662,Blue|Green|Polymaker Teal|Dark Olive Drab,#003776|#06924D|#4CC0C7|#575B54,27.7037,23.2358,21.4611,19.7117,18.0204,53.0601,21.4738
663,Blue|Black|Polymaker Teal|Dark Olive Drab,#003776|#080A0D|#4CC0C7|#575B54,27.7037,23.2358,21.4611,19.7117,18.0204,53.0601,21.4738
664,Dark Grey|Tan|Red|White,#485259|#A79E82|#E72F1D|#EBF7FF,25.2104,23.0755,21.7595,19.8758,17.4312,46.4307,21.4757
665,Azure Blue|Dark Grey|Purple|Lime Green,#0066D9|#485259|#6C47B2|#D5D701,29.6659,24.0754,21.5305,18.8789,16.3492,72.9867,21.4771
666,Dark Grey|Grey|Olive Green|Tan,#485259|#8C9099|#948902|#A79E82,25.9674,23.3765,21.8145,19.5948,16.7114,42.9035,21.4857
667,Azure Blue|Brown|Purple|Yellow,#0066D9|#55331A|#6C47B2|#FFE800,33.2510,24.3763,21.1917,18.6075,16.6439,48.4651,21.4919
668,Azure Blue|Brown|Red|Yellow,#0066D9|#55331A|#E72F1D|#FFE800,33.2510,24.3763,21.1917,18.6075,16.6439,48.4651,21.4919
669,Azure Blue|Brown|Orange|Yellow,#0066D9|#55331A|#F67405|#FFE800,33.2510,24.3763,21.1917,18.6075,16.6439,48.4651,21.4919
670,Blue|Dark Grey|Polymaker Teal|Dark Olive Drab,#003776|#485259|#4CC0C7|#575B54,27.7847,23.3378,21.4751,19.6519,17.9442,53.0698,21.4948
671,Azure Blue|Brown|Pink|Yellow,#0066D9|#55331A|#F1A1AF|#FFE800,33.2833,24.4530,21.2025,18.5382,16.5478,48.3039,21.4956
672,Azure Blue|Black|Grey|Lime Green,#0066D9|#080A0D|#8C9099|#D5D701,34.0030,25.1410,21.4137,17.8556,14.8534,66.2269,21.4983
673,Dark Grey|Dark Olive Drab|Cold White|Pink,#485259|#575B54|#D9DFE5|#F1A1AF,26.0291,23.3129,21.7413,19.7040,17.1615,42.2919,21.5085
674,Dark Grey|Grey|Olive Green|Magenta,#485259|#8C9099|#948902|#F24574,26.5511,23.4846,21.8062,19.5379,16.6281,43.3692,21.5113
675,Dark Grey|Tan|White|Orange,#485259|#A79E82|#EBF7FF|#F67405,25.0756,23.0228,21.7772,20.0062,17.7177,45.7946,21.5145
676,Blue|Grey|Pink|Magenta,#003776|#8C9099|#F1A1AF|#F24574,27.8559,23.7864,21.7691,19.2524,16.1680,46.3461,21.5194
677,Azure Blue|Green|Dark Grey|Pink,#0066D9|#06924D|#485259|#F1A1AF,29.4122,23.8782,21.5604,19.1726,16.7327,52.2468,21.5254
678,Blue|Tan|Lime Green|Cold White,#003776|#A79E82|#D5D701|#D9DFE5,31.2941,25.1323,21.7119,17.9204,14.2950,71.2073,21.5264
679,Dark Grey|Tan|White|Yellow,#485259|#A79E82|#EBF7FF|#FFE800,25.0281,23.0190,21.7921,20.0535,17.8221,45.6156,21.5362
680,Blue|Dark Grey|Purple|Cold White,#003776|#485259|#6C47B2|#D9DFE5,27.7247,23.7611,21.7115,19.3119,16.5792,70.2202,21.5365
681,Dark Grey|Dark Olive Drab|Cold White|Red,#485259|#575B54|#D9DFE5|#E72F1D,26.0954,23.3431,21.7726,19.7321,17.1818,42.4095,21.5376
682,Dark Grey|Grey|Olive Green|Orange,#485259|#8C9099|#948902|#F67405,26.4263,23.4645,21.8452,19.6201,16.7371,43.1775,21.5423
683,Green|Dark Grey|Tan|White,#06924D|#485259|#A79E82|#EBF7FF,25.2904,23.1494,21.8283,19.9366,17.5186,46.7891,21.5430
684,Polymaker Teal|Dark Olive Drab|Purple|Red,#4CC0C7|#575B54|#6C47B2|#E72F1D,32.9998,24.8921,21.4837,18.2267,15.2269,51.9033,21.5594
685,Dark Grey|Grey|Olive Green|Red,#485259|#8C9099|#948902|#E72F1D,26.5519,23.5044,21.8539,19.6178,16.7198,43.3188,21.5611
686,Dark Grey|Polymaker Teal|Grey|Olive Green,#485259|#4CC0C7|#8C9099|#948902,26.6228,23.5476,21.8682,19.5767,16.6190,43.5795,21.5621
687,Dark Grey|Dark Olive Drab|Lime Green|White,#485259|#575B54|#D5D701|#EBF7FF,25.0298,23.0226,21.8125,20.1022,17.9125,45.8286,21.5624
688,Azure Blue|Polymaker Teal|Brown|Orange,#0066D9|#4CC0C7|#55331A|#F67405,34.0260,24.6806,21.3340,18.4535,15.8725,46.9819,21.5671
689,Dark Grey|Grey|Red|White,#485259|#8C9099|#E72F1D|#EBF7FF,25.2332,23.1582,21.8589,19.9895,17.5652,44.5510,21.5739
690,Dark Grey|Dark Olive Drab|Cold White|White,#485259|#575B54|#D9DFE5|#EBF7FF,25.5431,23.1995,21.8099,19.9524,17.6005,45.3771,21.5760
691,Blue|Black|Olive Green|Cold White,#003776|#080A0D|#948902|#D9DFE5,37.6354,26.1123,21.1919,17.0453,14.0769,69.1365,21.5788
692,Dark Grey|Lime Green|White|Pink,#485259|#D5D701|#EBF7FF|#F1A1AF,25.1670,23.0734,21.8299,20.0842,17.8287,44.9771,21.5788
693,Azure Blue|Brown|Grey|Lime Green,#0066D9|#55331A|#8C9099|#D5D701,30.3645,24.0620,21.6361,19.1030,16.2854,43.8538,21.5825
694,Azure Blue|Dark Grey|White|Orange,#0066D9|#485259|#EBF7FF|#F67405,25.3205,23.1873,21.8740,19.9915,17.5686,47.5005,21.5894
695,Dark Grey|Dark Olive Drab|Grey|Olive Green,#485259|#575B54|#8C9099|#948902,26.5638,23.5218,21.8944,19.6642,16.7654,43.2468,21.5930
696,Dark Grey|Grey|White|Pink,#485259|#8C9099|#EBF7FF|#F1A1AF,25.0894,23.0928,21.8616,20.1061,17.8323,44.2973,21.5994
697,Blue|Purple|Grey|Magenta,#003776|#6C47B2|#8C9099|#F24574,27.9072,23.8641,21.8563,19.3363,16.2226,46.2206,21.6002
698,Dark Grey|Grey|Tan|Orange,#485259|#8C9099|#A79E82|#F67405,25.7618,23.4505,21.9508,19.7545,16.8760,43.1963,21.6025
699,Blue|Azure Blue|Purple|Grey,#003776|#0066D9|#6C47B2|#8C9099,27.8812,23.8368,21.8473,19.3684,16.3229,45.5425,21.6026
700,Dark Grey|Lime Green|White|Magenta,#485259|#D5D701|#EBF7FF|#F24574,25.2372,23.1184,21.8616,20.1017,17.8442,45.0298,21.6101
701,Blue|Black|Dark Grey|Cold White,#003776|#080A0D|#485259|#D9DFE5,30.9869,24.3527,21.5815,18.8746,16.1254,65.0302,21.6137
702,Blue|Black|Dark Olive Drab|Cold White,#003776|#080A0D|#575B54|#D9DFE5,28.8689,24.0149,21.6937,19.2160,16.5585,65.3962,21.6154
703,Black|Polymaker Teal|Purple|Cold White,#080A0D|#4CC0C7|#6C47B2|#D9DFE5,40.0692,26.9461,21.1072,16.2873,12.9567,59.7994,21.6167
704,Dark Grey|Cold White|White|Pink,#485259|#D9DFE5|#EBF7FF|#F1A1AF,25.3900,23.2206,21.8917,20.0232,17.6562,45.2754,21.6219
705,Dark Grey|Grey|Olive Green|Yellow,#485259|#8C9099|#948902|#FFE800,26.1549,23.4789,21.9362,19.8117,17.0739,43.0959,21.6453
706,Dark Grey|Grey|Tan|Pink,#485259|#8C9099|#A79E82|#F1A1AF,25.7904,23.4932,21.9987,19.8007,16.9053,42.9681,21.6470
707,Blue|Dark Grey|White|Yellow,#003776|#485259|#EBF7FF|#FFE800,28.5263,23.9526,21.7724,19.3611,16.9548,63.8276,21.6568
708,Dark Grey|Polymaker Teal|Grey|Tan,#485259|#4CC0C7|#8C9099|#A79E82,25.9169,23.5499,22.0164,19.7698,16.8100,43.3879,21.6599
709,Dark Grey|White|Magenta|Orange,#485259|#EBF7FF|#F24574|#F67405,25.1889,23.1628,21.9266,20.1749,17.9251,45.0525,21.6689
710,Green|Polymaker Teal|Dark Olive Drab|Purple,#06924D|#4CC0C7|#575B54|#6C47B2,32.2746,24.6030,21.4756,18.7426,16.3714,52.9381,21.6728
711,Dark Grey|Dark Olive Drab|Grey|Tan,#485259|#575B54|#8C9099|#A79E82,25.8280,23.5228,22.0224,19.8263,16.9409,43.0860,21.6746
712,Dark Grey|Grey|Tan|Red,#485259|#8C9099|#A79E82|#E72F1D,25.8670,23.5346,22.0239,19.8178,16.9222,43.3554,21.6762
713,Green|Dark Grey|White|Orange,#06924D|#485259|#EBF7FF|#F67405,25.4143,23.2266,21.9267,20.1345,17.8876,46.2946,21.6805
714,Dark Grey|White|Pink|Orange,#485259|#EBF7FF|#F1A1AF|#F67405,25.2060,23.1679,21.9341,20.1937,17.9559,45.1451,21.6808
715,Azure Blue|Dark Olive Drab|Tan|White,#0066D9|#575B54|#A79E82|#EBF7FF,27.7639,24.0154,22.0292,19.3603,15.9737,45.5206,21.6878
716,Blue|Azure Blue|Grey|Magenta,#003776|#0066D9|#8C9099|#F24574,27.9356,23.9213,21.9432,19.4556,16.4034,45.8027,21.6884
717,Blue|Polymaker Teal|Cold White|Yellow,#003776|#4CC0C7|#D9DFE5|#FFE800,30.6860,24.8721,21.7395,18.5323,15.9638,63.6385,21.7022
718,Dark Grey|Cold White|White|Orange,#485259|#D9DFE5|#EBF7FF|#F67405,25.2397,23.2027,21.9592,20.2073,17.9426,45.0531,21.7050
719,Brown|Purple|Olive Green|Cold White,#55331A|#6C47B2|#948902|#D9DFE5,38.5187,25.7857,21.1775,17.6248,14.9266,47.6665,21.7052
720,Polymaker Teal|Brown|Purple|Grey,#4CC0C7|#55331A|#6C47B2|#8C9099,34.4430,24.9453,21.5006,18.4758,15.6815,47.7823,21.7106
721,Black|Dark Grey|Grey|Olive Green,#080A0D|#485259|#8C9099|#948902,27.6904,23.7531,21.9548,19.6734,16.7808,43.2691,21.7132
722,Blue|Brown|Red|White,#003776|#55331A|#E72F1D|#EBF7FF,30.1383,24.0166,21.6929,19.4257,17.1673,54.9201,21.7211
723,Dark Grey|Grey|Tan|Magenta,#485259|#8C9099|#A79E82|#F24574,25.9164,23.5884,22.0727,19.8543,16.9530,43.5079,21.7213
724,Azure Blue|Dark Grey|Cold White|White,#0066D9|#485259|#D9DFE5|#EBF7FF,26.9394,23.7394,21.9682,19.7036,16.8924,71.2984,21.7215
725,Dark Grey|White|Pink|Yellow,#485259|#EBF7FF|#F1A1AF|#FFE800,25.2599,23.2101,21.9780,20.2347,17.9845,45.0505,21.7224
726,Dark Grey|Purple|Olive Green|Cold White,#485259|#6C47B2|#948902|#D9DFE5,30.6014,24.6108,21.7902,18.8368,15.8904,76.3106,21.7238
727,Dark Grey|Grey|Olive Green|Lime Green,#485259|#8C9099|#948902|#D5D701,26.4916,23.6268,22.0225,19.8278,17.0109,43.2369,21.7273
728,Azure Blue|Dark Grey|Tan|Yellow,#0066D9|#485259|#A79E82|#FFE800,28.0085,24.2279,22.0870,19.2289,15.7766,72.8283,21.7284
729,Blue|Dark Olive Drab|White|Yellow,#003776|#575B54|#EBF7FF|#FFE800,29.1693,24.1930,21.8707,19.2925,16.7270,64.2929,21.7428
730,Green|Dark Grey|Grey|Olive Green,#06924D|#485259|#8C9099|#948902,26.7912,23.7045,22.0502,19.7848,16.8588,44.1455,21.7447
731,Dark Grey|Polymaker Teal|White|Orange,#485259|#4CC0C7|#EBF7FF|#F67405,25.4130,23.2972,22.0069,20.1986,17.8931,46.3142,21.7479
732,Dark Grey|White|Magenta|Yellow,#485259|#EBF7FF|#F24574|#FFE800,25.2653,23.2349,22.0094,20.2756,18.0338,45.0998,21.7552
733,Dark Grey|Brown|White|Orange,#485259|#55331A|#EBF7FF|#F67405,25.3233,23.2413,22.0025,20.2739,18.0630,45.7272,21.7576
734,Azure Blue|Brown|Purple|Lime Green,#0066D9|#55331A|#6C47B2|#D5D701,34.8011,25.0897,21.5006,18.4414,15.9837,63.9427,21.7656
735,Blue|Dark Grey|Cold White|Yellow,#003776|#485259|#D9DFE5|#FFE800,30.8052,25.0222,21.9082,18.5241,15.3401,72.7808,21.7731
736,Dark Grey|Grey|Tan|Yellow,#485259|#8C9099|#A79E82|#FFE800,25.8859,23.5973,22.1199,19.9582,17.1124,42.8812,21.7777
737,Azure Blue|Polymaker Teal|Dark Olive Drab|Purple,#0066D9|#4CC0C7|#575B54|#6C47B2,32.0122,24.6453,21.6240,18.9225,16.5394,53.1866,21.7839
738,Black|Polymaker Teal|Dark Olive Drab|Purple,#080A0D|#4CC0C7|#575B54|#6C47B2,32.0122,24.6453,21.6240,18.9225,16.5394,53.1866,21.7839
739,Green|Dark Grey|Red|White,#06924D|#485259|#E72F1D|#EBF7FF,25.8585,23.4456,22.0366,20.1303,17.7698,47.6912,21.7879
740,Black|Dark Grey|Grey|Tan,#080A0D|#485259|#8C9099|#A79E82,26.9296,23.7375,22.0870,19.8609,17.0087,43.1582,21.7992
741,Blue|Polymaker Teal|Dark Olive Drab|Purple,#003776|#4CC0C7|#575B54|#6C47B2,32.0403,24.6989,21.6664,18.9124,16.5354,53.2483,21.8057
742,Dark Grey|Dark Olive Drab|White|Yellow,#485259|#575B54|#EBF7FF|#FFE800,25.2099,23.2578,22.0727,20.3768,18.1802,45.9714,21.8173
743,Green|Dark Grey|Lime Green|White,#06924D|#485259|#D5D701|#EBF7FF,25.3119,23.2799,22.0671,20.3555,18.1501,46.2400,21.8177
744,Dark Grey|Polymaker Teal|Lime Green|White,#485259|#4CC0C7|#D5D701|#EBF7FF,25.3119,23.2799,22.0671,20.3555,18.1501,46.2400,21.8177
745,Black|Dark Grey|White|Orange,#080A0D|#485259|#EBF7FF|#F67405,25.8513,23.3501,22.0330,20.2891,18.1123,46.2520,21.8196
746,Blue|Dark Olive Drab|Cold White|Yellow,#003776|#575B54|#D9DFE5|#FFE800,31.2025,25.0403,21.9105,18.6017,15.5388,65.9197,21.8210
747,Dark Grey|Brown|Grey|White,#485259|#55331A|#8C9099|#EBF7FF,26.0632,23.4343,22.0376,20.2265,17.9506,45.6782,21.8304
748,Blue|Azure Blue|Lime Green|White,#003776|#0066D9|#D5D701|#EBF7FF,31.1702,24.7945,21.7743,18.8725,16.6119,62.0499,21.8335
749,Dark Grey|Polymaker Teal|Olive Green|Pink,#485259|#4CC0C7|#948902|#F1A1AF,27.5720,23.9964,22.1081,19.6783,16.7596,48.2035,21.8373
750,Blue|Dark Grey|Red|White,#003776|#485259|#E72F1D|#EBF7FF,25.8801,23.4875,22.0950,20.1881,17.7653,54.0468,21.8378
751,Blue|Polymaker Teal|White|Magenta,#003776|#4CC0C7|#EBF7FF|#F24574,31.2336,24.9249,21.8493,18.7517,15.8726,49.0854,21.8383
752,Blue|Dark Grey|White|Pink,#003776|#485259|#EBF7FF|#F1A1AF,25.8170,23.4761,22.1022,20.2092,17.8496,58.0999,21.8426
753,Dark Grey|Lime Green|Red|White,#485259|#D5D701|#E72F1D|#EBF7FF,25.4275,23.3457,22.0987,20.3438,18.0795,46.5210,21.8447
754,Azure Blue|Dark Grey|White|Yellow,#0066D9|#485259|#EBF7FF|#FFE800,27.4957,23.8832,22.0444,19.8103,17.3404,63.5278,21.8467
755,Blue|Cold White|Orange|Yellow,#003776|#D9DFE5|#F67405|#FFE800,30.9076,25.1336,21.9138,18.5797,15.8222,64.4078,21.8567
756,Dark Grey|Lime Green|White|Orange,#485259|#D5D701|#EBF7FF|#F67405,25.3409,23.3247,22.1171,20.3887,18.1458,46.2227,21.8567
757,Dark Grey|Red|White|Orange,#485259|#E72F1D|#EBF7FF|#F67405,25.3240,23.3483,22.1291,20.3776,18.1138,45.7983,21.8630
758,Dark Grey|Brown|Grey|Olive Green,#485259|#55331A|#8C9099|#948902,27.1339,23.8438,22.1382,19.8868,16.9862,44.0225,21.8653
759,Dark Grey|Cold White|Red|White,#485259|#D9DFE5|#E72F1D|#EBF7FF,25.5037,23.4287,22.1537,20.3191,17.9161,46.0678,21.8739
760,Green|Dark Grey|Grey|White,#06924D|#485259|#8C9099|#EBF7FF,26.3421,23.7657,22.1891,19.9847,17.1712,51.4218,21.8752
761,Blue|Polymaker Teal|Cold White|Magenta,#003776|#4CC0C7|#D9DFE5|#F24574,31.2710,24.9471,21.9038,18.8176,15.9223,49.0741,21.8824
762,Blue|Azure Blue|Polymaker Teal|Lime Green,#003776|#0066D9|#4CC0C7|#D5D701,31.8122,25.0887,21.8443,18.6851,16.1819,64.3357,21.8869
763,Blue|Green|Dark Olive Drab|White,#003776|#06924D|#575B54|#EBF7FF,29.5695,24.5690,22.1058,19.2109,16.2147,59.9259,21.8899
764,Dark Grey|Red|White|Yellow,#485259|#E72F1D|#EBF7FF|#FFE800,25.3721,23.3750,22.1556,20.4112,18.1558,46.3111,21.8931
765,Blue|Polymaker Teal|Olive Green|Lime Green,#003776|#4CC0C7|#948902|#D5D701,31.2360,24.6991,21.7084,19.0913,17.1951,62.0781,21.8952
766,Dark Grey|Red|White|Magenta,#485259|#E72F1D|#EBF7FF|#F24574,25.5128,23.4463,22.1741,20.3466,17.9854,45.9388,21.8964
767,Dark Grey|Dark Olive Drab|Tan|Pink,#485259|#575B54|#A79E82|#F1A1AF,25.3269,23.3741,22.1626,20.4195,18.2061,42.7603,21.8968
768,Blue|Polymaker Teal|Pink|Magenta,#003776|#4CC0C7|#F1A1AF|#F24574,31.2953,24.9636,21.9158,18.8344,15.9876,49.2420,21.8990
769,Azure Blue|Dark Grey|Purple|Cold White,#0066D9|#485259|#6C47B2|#D9DFE5,27.1197,23.9422,22.1305,19.8593,17.1993,78.4617,21.9007
770,Dark Grey|Dark Olive Drab|Grey|Lime Green,#485259|#575B54|#8C9099|#D5D701,26.0313,23.7130,22.2389,20.1000,17.2964,43.3764,21.9065
771,Dark Grey|Red|White|Pink,#485259|#E72F1D|#EBF7FF|#F1A1AF,25.4942,23.4425,22.1824,20.3720,18.0191,46.1180,21.9073
772,Blue|Polymaker Teal|Brown|Lime Green,#003776|#4CC0C7|#55331A|#D5D701,30.9670,24.5909,21.7299,19.2248,17.3617,61.9484,21.9079
773,Dark Grey|Brown|Tan|Pink,#485259|#55331A|#A79E82|#F1A1AF,25.3564,23.3917,22.1750,20.4249,18.2095,42.8703,21.9083
774,Dark Grey|Grey|White|Magenta,#485259|#8C9099|#EBF7FF|#F24574,25.3971,23.4233,22.1911,20.4048,18.0709,45.8967,21.9141
775,Black|Dark Grey|Tan|Pink,#080A0D|#485259|#A79E82|#F1A1AF,25.3643,23.4048,22.1872,20.4368,18.2165,42.7925,21.9208
776,Dark Grey|Olive Green|Tan|Pink,#485259|#948902|#A79E82|#F1A1AF,25.3643,23.4048,22.1872,20.4368,18.2165,42.7925,21.9208
777,Dark Grey|Tan|Lime Green|Pink,#485259|#A79E82|#D5D701|#F1A1AF,25.3643,23.4048,22.1872,20.4368,18.2165,42.7925,21.9208
778,Dark Grey|Tan|Red|Pink,#485259|#A79E82|#E72F1D|#F1A1AF,25.3643,23.4048,22.1872,20.4368,18.2165,42.7925,21.9208
779,Dark Grey|Tan|Pink|Magenta,#485259|#A79E82|#F1A1AF|#F24574,25.3643,23.4048,22.1872,20.4368,18.2165,42.7925,21.9208
780,Dark Grey|Tan|Pink|Orange,#485259|#A79E82|#F1A1AF|#F67405,25.3643,23.4048,22.1872,20.4368,18.2165,42.7925,21.9208
781,Dark Grey|Tan|Pink|Yellow,#485259|#A79E82|#F1A1AF|#FFE800,25.3643,23.4048,22.1872,20.4368,18.2165,42.7925,21.9208
782,Green|Dark Grey|White|Yellow,#06924D|#485259|#EBF7FF|#FFE800,25.3597,23.3799,22.1771,20.4687,18.2669,46.4759,21.9243
783,Dark Grey|Polymaker Teal|White|Yellow,#485259|#4CC0C7|#EBF7FF|#FFE800,25.3597,23.3799,22.1771,20.4687,18.2669,46.4759,21.9243
784,Dark Grey|Lime Green|White|Yellow,#485259|#D5D701|#EBF7FF|#FFE800,25.3597,23.3799,22.1771,20.4687,18.2669,46.4759,21.9243
785,Polymaker Teal|Brown|Purple|Magenta,#4CC0C7|#55331A|#6C47B2|#F24574,37.3680,25.9288,21.5709,17.9228,14.9733,48.8325,21.9258
786,Azure Blue|Dark Olive Drab|Purple|Yellow,#0066D9|#575B54|#6C47B2|#FFE800,28.7968,24.0472,22.0085,19.8084,17.5175,61.7439,21.9278
787,Dark Grey|Polymaker Teal|Grey|Lime Green,#485259|#4CC0C7|#8C9099|#D5D701,26.1683,23.7873,22.2752,20.0802,17.2113,43.5965,21.9337
788,Dark Grey|White|Orange|Yellow,#485259|#EBF7FF|#F67405|#FFE800,25.3858,23.4097,22.1990,20.4622,18.2101,46.4172,21.9360
789,Dark Grey|Grey|Tan|Lime Green,#485259|#8C9099|#A79E82|#D5D701,26.0759,23.7702,22.2877,20.1191,17.2602,43.8885,21.9446
790,Blue|Cold White|Pink|Yellow,#003776|#D9DFE5|#F1A1AF|#FFE800,30.8603,25.1047,21.9555,18.7883,16.1426,63.8489,21.9465
791,Azure Blue|Polymaker Teal|Dark Olive Drab|White,#0066D9|#4CC0C7|#575B54|#EBF7FF,26.9932,23.6328,22.0922,20.2608,18.1210,48.4517,21.9468
792,Green|Purple|Tan|Cold White,#06924D|#6C47B2|#A79E82|#D9DFE5,42.1137,26.5693,21.3342,17.3340,14.2900,57.7323,21.9516
793,Azure Blue|Dark Grey|Grey|Tan,#0066D9|#485259|#8C9099|#A79E82,26.9676,24.0708,22.3072,19.8421,16.7515,77.7099,21.9565
794,Blue|Cold White|Red|Yellow,#003776|#D9DFE5|#E72F1D|#FFE800,30.9967,25.2219,22.0137,18.6992,15.9715,63.9119,21.9606
795,Brown|Purple|Grey|Olive Green,#55331A|#6C47B2|#8C9099|#948902,32.6512,24.8753,21.9601,19.0511,15.8738,44.0863,21.9632
796,Blue|Polymaker Teal|Purple|Magenta,#003776|#4CC0C7|#6C47B2|#F24574,31.5177,25.0949,21.9991,18.8331,15.8874,49.2684,21.9640
797,Blue|Black|Grey|Lime Green,#003776|#080A0D|#8C9099|#D5D701,31.0412,24.9234,22.0672,19.0046,15.9847,73.9200,21.9640
798,Green|Purple|Tan|White,#06924D|#6C47B2|#A79E82|#EBF7FF,42.1716,26.5868,21.3401,17.3435,14.2778,57.4841,21.9652
799,Green|Dark Grey|Grey|Tan,#06924D|#485259|#8C9099|#A79E82,26.2323,23.8601,22.3197,20.0716,17.1277,44.2413,21.9658
800,Blue|Azure Blue|Polymaker Teal|Magenta,#003776|#0066D9|#4CC0C7|#F24574,31.3941,25.0788,21.9916,18.8531,15.9330,49.0544,21.9660
801,Dark Grey|Grey|Magenta|Yellow,#485259|#8C9099|#F24574|#FFE800,26.0848,23.7660,22.2974,20.1681,17.3717,43.1313,21.9671
802,Azure Blue|Green|Purple|Tan,#0066D9|#06924D|#6C47B2|#A79E82,41.6564,26.5315,21.4019,17.4325,14.3058,57.9905,21.9820
803,Green|Purple|Cold White|Red,#06924D|#6C47B2|#D9DFE5|#E72F1D,44.3236,26.9681,21.2108,16.9994,14.0586,59.9663,21.9838
804,Blue|Cold White|Magenta|Yellow,#003776|#D9DFE5|#F24574|#FFE800,30.9678,25.1929,21.9988,18.7861,16.1318,64.6829,21.9895
805,Dark Grey|Grey|Red|Yellow,#485259|#8C9099|#E72F1D|#FFE800,26.0742,23.7908,22.3281,20.1936,17.3829,42.7993,21.9922
806,Azure Blue|Brown|Grey|Tan,#0066D9|#55331A|#8C9099|#A79E82,30.4279,24.4487,22.1229,19.5411,16.5423,44.3651,21.9949
807,Black|Dark Grey|Cold White|White,#080A0D|#485259|#D9DFE5|#EBF7FF,28.3470,24.0380,22.1106,19.9653,17.5624,50.0360,22.0016
808,Black|Dark Grey|Lime Green|White,#080A0D|#485259|#D5D701|#EBF7FF,26.8215,23.6454,22.1694,20.3748,18.2712,47.9990,22.0101
809,Blue|Azure Blue|Green|Lime Green,#003776|#0066D9|#06924D|#D5D701,31.8138,25.1454,21.9728,18.8796,16.4046,64.4498,22.0125
810,Dark Grey|Grey|Orange|Yellow,#485259|#8C9099|#F67405|#FFE800,26.0665,23.8013,22.3515,20.2250,17.4091,42.9578,22.0131
811,Blue|Dark Grey|Grey|Orange,#003776|#485259|#8C9099|#F67405,26.5091,23.8941,22.3306,20.1428,17.3101,48.9573,22.0185
812,Blue|Lime Green|Cold White|Pink,#003776|#D5D701|#D9DFE5|#F1A1AF,32.1215,25.7033,22.1267,18.3728,14.9602,67.7873,22.0381
813,Green|Polymaker Teal|Purple|Tan,#06924D|#4CC0C7|#6C47B2|#A79E82,41.9436,26.5802,21.4147,17.5002,14.4948,58.1592,22.0402
814,Dark Grey|Cold White|White|Magenta,#485259|#D9DFE5|#EBF7FF|#F24574,25.6907,23.6066,22.3198,20.4790,18.1168,46.8217,22.0428
815,Dark Grey|Brown|Red|White,#485259|#55331A|#E72F1D|#EBF7FF,25.7135,23.6169,22.3330,20.4938,18.0658,47.4401,22.0553
816,Dark Grey|Polymaker Teal|Cold White|Red,#485259|#4CC0C7|#D9DFE5|#E72F1D,26.8851,23.9832,22.3060,20.1288,17.4583,56.1053,22.0560
817,Dark Grey|Polymaker Teal|Dark Olive Drab|Purple,#485259|#4CC0C7|#575B54|#6C47B2,32.0219,24.9729,21.9766,19.1395,16.6424,53.3883,22.0562
818,Dark Grey|Purple|Tan|White,#485259|#6C47B2|#A79E82|#EBF7FF,26.8074,24.0247,22.3483,20.0879,17.2818,71.3126,22.0563
819,Dark Grey|Dark Olive Drab|Grey|Yellow,#485259|#575B54|#8C9099|#FFE800,26.0986,23.8310,22.3847,20.2832,17.5154,43.2691,22.0571
820,Dark Grey|Polymaker Teal|Grey|Yellow,#485259|#4CC0C7|#8C9099|#FFE800,26.2199,23.8829,22.3915,20.2317,17.3863,43.6238,22.0573
821,Dark Grey|Grey|Pink|Orange,#485259|#8C9099|#F1A1AF|#F67405,26.1485,23.8644,22.3961,20.2557,17.4338,44.3197,22.0601
822,Black|Polymaker Teal|Purple|Grey,#080A0D|#4CC0C7|#6C47B2|#8C9099,34.1153,25.5863,22.0388,18.5435,15.2771,50.2878,22.0649
823,Dark Grey|Polymaker Teal|Olive Green|Red,#485259|#4CC0C7|#948902|#E72F1D,27.4893,24.0481,22.2747,20.0973,17.5826,48.7387,22.0727
824,Green|Dark Grey|Grey|Lime Green,#06924D|#485259|#8C9099|#D5D701,26.2488,23.9058,22.4124,20.2399,17.4020,43.8257,22.0728
825,Azure Blue|Polymaker Teal|Brown|Cold White,#0066D9|#4CC0C7|#55331A|#D9DFE5,34.5376,25.2123,21.8297,18.9599,16.3957,48.1294,22.0861
826,Black|Dark Grey|Grey|Orange,#080A0D|#485259|#8C9099|#F67405,26.2842,23.9041,22.4307,20.2948,17.4719,44.4744,22.0995
827,Azure Blue|Dark Grey|White|Pink,#0066D9|#485259|#EBF7FF|#F1A1AF,25.8750,23.7247,22.3919,20.4753,18.0202,48.6713,22.1000
828,Dark Grey|Brown|Grey|Tan,#485259|#55331A|#8C9099|#A79E82,26.6345,23.9943,22.4333,20.2383,17.3822,43.8107,22.1163
829,Blue|Lime Green|Cold White|Red,#003776|#D5D701|#D9DFE5|#E72F1D,32.0412,25.7447,22.2504,18.4924,15.0397,68.6188,22.1186
830,Dark Grey|Brown|Grey|Orange,#485259|#55331A|#8C9099|#F67405,26.2236,23.9273,22.4594,20.3223,17.4993,44.3724,22.1248
831,Green|Dark Grey|Tan|Magenta,#06924D|#485259|#A79E82|#F24574,25.4483,23.5692,22.3920,20.6824,18.5100,44.3057,22.1258
832,Black|Dark Grey|Tan|Magenta,#080A0D|#485259|#A79E82|#F24574,25.4483,23.5692,22.3920,20.6824,18.5100,44.3057,22.1258
833,Dark Grey|Olive Green|Tan|Magenta,#485259|#948902|#A79E82|#F24574,25.4483,23.5692,22.3920,20.6824,18.5100,44.3057,22.1258
834,Dark Grey|Tan|Lime Green|Magenta,#485259|#A79E82|#D5D701|#F24574,25.4483,23.5692,22.3920,20.6824,18.5100,44.3057,22.1258
835,Dark Grey|Tan|Red|Magenta,#485259|#A79E82|#E72F1D|#F24574,25.4483,23.5692,22.3920,20.6824,18.5100,44.3057,22.1258
836,Dark Grey|Tan|Magenta|Orange,#485259|#A79E82|#F24574|#F67405,25.4483,23.5692,22.3920,20.6824,18.5100,44.3057,22.1258
837,Dark Grey|Tan|Magenta|Yellow,#485259|#A79E82|#F24574|#FFE800,25.4483,23.5692,22.3920,20.6824,18.5100,44.3057,22.1258
838,Dark Grey|Grey|Red|Orange,#485259|#8C9099|#E72F1D|#F67405,26.2206,23.9382,22.4674,20.3173,17.4754,44.4675,22.1277
839,Dark Grey|Grey|Magenta|Orange,#485259|#8C9099|#F24574|#F67405,26.2499,23.9493,22.4680,20.3113,17.4699,44.7779,22.1303
840,Dark Grey|Brown|Tan|Magenta,#485259|#55331A|#A79E82|#F24574,25.4651,23.5791,22.3985,20.6877,18.5118,44.3191,22.1334
841,Dark Grey|Dark Olive Drab|Tan|Magenta,#485259|#575B54|#A79E82|#F24574,25.4431,23.5759,22.4056,20.7034,18.5339,44.2962,22.1397
842,Brown|Purple|Lime Green|Cold White,#55331A|#6C47B2|#D5D701|#D9DFE5,38.3021,26.0485,21.6036,18.2380,15.6845,47.4697,22.1433
843,Blue|Dark Olive Drab|White|Orange,#003776|#575B54|#EBF7FF|#F67405,27.3630,24.0466,22.3547,20.2406,17.7367,52.3194,22.1436
844,Blue|Dark Olive Drab|Purple|White,#003776|#575B54|#6C47B2|#EBF7FF,28.8278,24.4364,22.3045,19.8602,17.2443,64.4688,22.1483
845,Blue|Lime Green|Cold White|Magenta,#003776|#D5D701|#D9DFE5|#F24574,32.0628,25.7702,22.2672,18.5341,15.0630,68.6494,22.1521
846,Blue|Dark Olive Drab|Grey|Tan,#003776|#575B54|#8C9099|#A79E82,28.5518,24.4893,22.4268,19.8296,16.7193,62.2529,22.1595
847,Azure Blue|Brown|Cold White|Yellow,#0066D9|#55331A|#D9DFE5|#FFE800,34.2208,25.2396,21.9103,19.0874,16.5905,48.1554,22.1635
848,Dark Grey|Dark Olive Drab|Purple|Cold White,#485259|#575B54|#6C47B2|#D9DFE5,27.9154,24.3154,22.3809,20.0422,17.3018,69.1732,22.1788
849,Black|Dark Grey|White|Yellow,#080A0D|#485259|#EBF7FF|#FFE800,26.8525,23.7796,22.3437,20.5908,18.5020,48.5619,22.1852
850,Blue|Dark Grey|White|Magenta,#003776|#485259|#EBF7FF|#F24574,26.1101,23.8097,22.4620,20.5820,18.1874,58.4400,22.1958
851,Dark Grey|White|Pink|Magenta,#485259|#EBF7FF|#F1A1AF|#F24574,25.6972,23.7142,22.4844,20.7056,18.3856,47.2263,22.2099
852,Green|Dark Grey|Dark Olive Drab|Tan,#06924D|#485259|#575B54|#A79E82,25.4811,23.6376,22.4762,20.7845,18.6296,44.2632,22.2111
853,Black|Dark Grey|Dark Olive Drab|Tan,#080A0D|#485259|#575B54|#A79E82,25.4811,23.6376,22.4762,20.7845,18.6296,44.2632,22.2111
854,Dark Grey|Dark Olive Drab|Olive Green|Tan,#485259|#575B54|#948902|#A79E82,25.4811,23.6376,22.4762,20.7845,18.6296,44.2632,22.2111
855,Dark Grey|Dark Olive Drab|Tan|Lime Green,#485259|#575B54|#A79E82|#D5D701,25.4811,23.6376,22.4762,20.7845,18.6296,44.2632,22.2111
856,Dark Grey|Dark Olive Drab|Tan|Red,#485259|#575B54|#A79E82|#E72F1D,25.4811,23.6376,22.4762,20.7845,18.6296,44.2632,22.2111
857,Dark Grey|Dark Olive Drab|Tan|Orange,#485259|#575B54|#A79E82|#F67405,25.4811,23.6376,22.4762,20.7845,18.6296,44.2632,22.2111
858,Dark Grey|Dark Olive Drab|Tan|Yellow,#485259|#575B54|#A79E82|#FFE800,25.4811,23.6376,22.4762,20.7845,18.6296,44.2632,22.2111
859,Green|Black|Dark Grey|Tan,#06924D|#080A0D|#485259|#A79E82,25.4948,23.6498,22.4858,20.7894,18.6364,44.3014,22.2196
860,Green|Dark Grey|Olive Green|Tan,#06924D|#485259|#948902|#A79E82,25.4948,23.6498,22.4858,20.7894,18.6364,44.3014,22.2196
861,Green|Dark Grey|Tan|Lime Green,#06924D|#485259|#A79E82|#D5D701,25.4948,23.6498,22.4858,20.7894,18.6364,44.3014,22.2196
862,Green|Dark Grey|Tan|Red,#06924D|#485259|#A79E82|#E72F1D,25.4948,23.6498,22.4858,20.7894,18.6364,44.3014,22.2196
863,Green|Dark Grey|Tan|Orange,#06924D|#485259|#A79E82|#F67405,25.4948,23.6498,22.4858,20.7894,18.6364,44.3014,22.2196
864,Green|Dark Grey|Tan|Yellow,#06924D|#485259|#A79E82|#FFE800,25.4948,23.6498,22.4858,20.7894,18.6364,44.3014,22.2196
865,Black|Dark Grey|Olive Green|Tan,#080A0D|#485259|#948902|#A79E82,25.4948,23.6498,22.4858,20.7894,18.6364,44.3014,22.2196
866,Black|Dark Grey|Tan|Lime Green,#080A0D|#485259|#A79E82|#D5D701,25.4948,23.6498,22.4858,20.7894,18.6364,44.3014,22.2196
867,Black|Dark Grey|Tan|Red,#080A0D|#485259|#A79E82|#E72F1D,25.4948,23.6498,22.4858,20.7894,18.6364,44.3014,22.2196
868,Black|Dark Grey|Tan|Orange,#080A0D|#485259|#A79E82|#F67405,25.4948,23.6498,22.4858,20.7894,18.6364,44.3014,22.2196
869,Black|Dark Grey|Tan|Yellow,#080A0D|#485259|#A79E82|#FFE800,25.4948,23.6498,22.4858,20.7894,18.6364,44.3014,22.2196
870,Dark Grey|Olive Green|Tan|Lime Green,#485259|#948902|#A79E82|#D5D701,25.4948,23.6498,22.4858,20.7894,18.6364,44.3014,22.2196
871,Dark Grey|Olive Green|Tan|Red,#485259|#948902|#A79E82|#E72F1D,25.4948,23.6498,22.4858,20.7894,18.6364,44.3014,22.2196
872,Dark Grey|Olive Green|Tan|Orange,#485259|#948902|#A79E82|#F67405,25.4948,23.6498,22.4858,20.7894,18.6364,44.3014,22.2196
873,Dark Grey|Olive Green|Tan|Yellow,#485259|#948902|#A79E82|#FFE800,25.4948,23.6498,22.4858,20.7894,18.6364,44.3014,22.2196
874,Dark Grey|Tan|Lime Green|Red,#485259|#A79E82|#D5D701|#E72F1D,25.4948,23.6498,22.4858,20.7894,18.6364,44.3014,22.2196
875,Dark Grey|Tan|Lime Green|Orange,#485259|#A79E82|#D5D701|#F67405,25.4948,23.6498,22.4858,20.7894,18.6364,44.3014,22.2196
876,Dark Grey|Tan|Lime Green|Yellow,#485259|#A79E82|#D5D701|#FFE800,25.4948,23.6498,22.4858,20.7894,18.6364,44.3014,22.2196
877,Dark Grey|Tan|Red|Orange,#485259|#A79E82|#E72F1D|#F67405,25.4948,23.6498,22.4858,20.7894,18.6364,44.3014,22.2196
878,Dark Grey|Tan|Red|Yellow,#485259|#A79E82|#E72F1D|#FFE800,25.4948,23.6498,22.4858,20.7894,18.6364,44.3014,22.2196
879,Dark Grey|Tan|Orange|Yellow,#485259|#A79E82|#F67405|#FFE800,25.4948,23.6498,22.4858,20.7894,18.6364,44.3014,22.2196
880,Blue|Grey|Lime Green|White,#003776|#8C9099|#D5D701|#EBF7FF,30.4218,25.0512,22.3404,19.3906,16.6769,61.8699,22.2209
881,Green|Polymaker Teal|Purple|Red,#06924D|#4CC0C7|#6C47B2|#E72F1D,43.2856,26.8373,21.4499,17.6170,14.8681,58.2521,22.2272
882,Dark Grey|Brown|Dark Olive Drab|Tan,#485259|#55331A|#575B54|#A79E82,25.5047,23.6586,22.4961,20.8013,18.6433,44.3566,22.2300
883,Azure Blue|Brown|Grey|Olive Green,#0066D9|#55331A|#8C9099|#948902,32.5012,25.1853,22.3350,19.2826,15.9183,64.6106,22.2340
884,Green|Dark Grey|Brown|Tan,#06924D|#485259|#55331A|#A79E82,25.5185,23.6687,22.5035,20.8061,18.6503,44.3479,22.2374
885,Black|Dark Grey|Brown|Tan,#080A0D|#485259|#55331A|#A79E82,25.5185,23.6687,22.5035,20.8061,18.6503,44.3479,22.2374
886,Dark Grey|Brown|Olive Green|Tan,#485259|#55331A|#948902|#A79E82,25.5185,23.6687,22.5035,20.8061,18.6503,44.3479,22.2374
887,Dark Grey|Brown|Tan|Lime Green,#485259|#55331A|#A79E82|#D5D701,25.5185,23.6687,22.5035,20.8061,18.6503,44.3479,22.2374
888,Dark Grey|Brown|Tan|Red,#485259|#55331A|#A79E82|#E72F1D,25.5185,23.6687,22.5035,20.8061,18.6503,44.3479,22.2374
889,Dark Grey|Brown|Tan|Orange,#485259|#55331A|#A79E82|#F67405,25.5185,23.6687,22.5035,20.8061,18.6503,44.3479,22.2374
890,Dark Grey|Brown|Tan|Yellow,#485259|#55331A|#A79E82|#FFE800,25.5185,23.6687,22.5035,20.8061,18.6503,44.3479,22.2374
891,Dark Grey|Purple|White|Orange,#485259|#6C47B2|#EBF7FF|#F67405,25.8491,23.7743,22.5073,20.7209,18.4458,62.2751,22.2476
892,Dark Grey|Purple|Grey|Orange,#485259|#6C47B2|#8C9099|#F67405,26.5269,24.1174,22.5973,20.4039,17.5361,47.1135,22.2606
893,Azure Blue|Dark Grey|Red|White,#0066D9|#485259|#E72F1D|#EBF7FF,26.0244,23.8879,22.5639,20.6336,18.0476,53.7103,22.2607
894,Green|Dark Grey|Grey|Yellow,#06924D|#485259|#8C9099|#FFE800,26.3430,24.0601,22.5979,20.4663,17.6623,44.0190,22.2632
895,Black|Dark Grey|Grey|Yellow,#080A0D|#485259|#8C9099|#FFE800,27.8581,24.2092,22.5048,20.3186,17.5643,43.5413,22.2639
896,Azure Blue|Dark Olive Drab|Lime Green|Red,#0066D9|#575B54|#D5D701|#E72F1D,29.7782,24.6975,22.4085,19.8348,17.1056,74.1565,22.2661
897,Blue|Dark Grey|Lime Green|Pink,#003776|#485259|#D5D701|#F1A1AF,26.3190,23.6900,22.4178,20.8562,18.9686,42.1978,22.2731
898,Black|Polymaker Teal|Purple|Red,#080A0D|#4CC0C7|#6C47B2|#E72F1D,37.7217,26.9919,22.1256,17.5589,13.8663,53.5722,22.2754
899,Dark Grey|Dark Olive Drab|White|Orange,#485259|#575B54|#EBF7FF|#F67405,25.6286,23.7196,22.5371,20.8355,18.5983,45.3551,22.2776
900,Azure Blue|Black|Polymaker Teal|Grey,#0066D9|#080A0D|#4CC0C7|#8C9099,32.1320,25.0403,22.3007,19.5262,16.6032,49.6692,22.2833
901,Black|Dark Grey|Dark Olive Drab|White,#080A0D|#485259|#575B54|#EBF7FF,25.9897,23.7166,22.5071,20.8606,18.7447,46.7659,22.2886
902,Brown|Purple|Grey|Lime Green,#55331A|#6C47B2|#8C9099|#D5D701,32.0836,24.9718,22.3033,19.6071,16.6894,43.4505,22.2895
903,Black|Dark Grey|Grey|White,#080A0D|#485259|#8C9099|#EBF7FF,29.3224,24.3588,22.3959,20.2253,17.7252,54.1046,22.2921
904,Blue|Dark Grey|Grey|Red,#003776|#485259|#8C9099|#E72F1D,26.8753,24.2407,22.6365,20.3552,17.3960,49.4304,22.2980
905,Black|Dark Olive Drab|Grey|Cold White,#080A0D|#575B54|#8C9099|#D9DFE5,29.9041,24.4289,22.3494,20.1678,17.6623,42.4767,22.2984
906,Blue|Polymaker Teal|Dark Olive Drab|Lime Green,#003776|#4CC0C7|#575B54|#D5D701,31.2605,25.0386,22.1682,19.5606,17.5506,62.4407,22.2996
907,Blue|Lime Green|Cold White|Orange,#003776|#D5D701|#D9DFE5|#F67405,32.2974,25.9860,22.4229,18.6230,15.1420,68.4051,22.3045
908,Dark Grey|Grey|Lime Green|Yellow,#485259|#8C9099|#D5D701|#FFE800,26.3446,24.0760,22.6375,20.5467,17.7792,43.9662,22.3114
909,Green|Polymaker Teal|Purple|Magenta,#06924D|#4CC0C7|#6C47B2|#F24574,44.2758,27.1540,21.5347,17.4809,14.5816,57.3325,22.3174
910,Azure Blue|Brown|Grey|Yellow,#0066D9|#55331A|#8C9099|#FFE800,30.6019,24.6893,22.4248,19.9513,17.0858,44.2575,22.3203
911,Purple|Grey|Olive Green|Cold White,#6C47B2|#8C9099|#948902|#D9DFE5,33.9771,25.3185,22.2331,19.3251,16.2767,47.3689,22.3218
912,Polymaker Teal|Purple|Tan|Red,#4CC0C7|#6C47B2|#A79E82|#E72F1D,35.0251,25.3939,22.0977,19.2558,16.6622,51.3067,22.3248
913,Polymaker Teal|Brown|Purple|White,#4CC0C7|#55331A|#6C47B2|#EBF7FF,37.4871,26.0406,21.8328,18.6177,16.2624,52.4560,22.3292
914,Dark Grey|Polymaker Teal|Dark Olive Drab|White,#485259|#4CC0C7|#575B54|#EBF7FF,25.6382,23.7599,22.5953,20.9287,18.7498,46.8578,22.3443
915,Azure Blue|Dark Grey|White|Magenta,#0066D9|#485259|#EBF7FF|#F24574,25.9740,23.9206,22.6365,20.7719,18.3192,51.2765,22.3463
916,Blue|Dark Grey|Brown|White,#003776|#485259|#55331A|#EBF7FF,28.2531,24.3056,22.4894,20.4096,18.0859,57.8612,22.3576
917,Dark Grey|Brown|Grey|Yellow,#485259|#55331A|#8C9099|#FFE800,26.8035,24.1870,22.6637,20.5316,17.7440,43.4053,22.3593
918,Blue|Dark Grey|Grey|Pink,#003776|#485259|#8C9099|#F1A1AF,26.6012,24.1741,22.6833,20.5467,17.7576,46.3150,22.3604
919,Polymaker Teal|Dark Olive Drab|Purple|Magenta,#4CC0C7|#575B54|#6C47B2|#F24574,33.1150,25.5784,22.3244,19.1529,16.0672,57.3424,22.3657
920,Blue|Dark Olive Drab|Purple|Cold White,#003776|#575B54|#6C47B2|#D9DFE5,28.9656,24.6562,22.5199,20.0853,17.4241,61.7515,22.3708
921,Blue|Dark Olive Drab|Pink|Yellow,#003776|#575B54|#F1A1AF|#FFE800,27.8791,23.9613,22.4322,20.8049,18.9650,41.6623,22.3831
922,Blue|Grey|Lime Green|Pink,#003776|#8C9099|#D5D701|#F1A1AF,31.2499,25.4985,22.5779,19.2793,15.8295,71.9786,22.3889
923,Dark Grey|Grey|Pink|Magenta,#485259|#8C9099|#F1A1AF|#F24574,26.4601,24.1839,22.7232,20.5959,17.7805,45.6848,22.3899
924,Blue|Green|Dark Grey|Polymaker Teal,#003776|#06924D|#485259|#4CC0C7,27.8717,24.0961,22.4227,20.6868,19.0562,57.2657,22.3914
925,Purple|Grey|Olive Green|White,#6C47B2|#8C9099|#948902|#EBF7FF,34.2005,25.4201,22.3037,19.3646,16.3153,49.5051,22.3923
926,Blue|Azure Blue|Cold White|Yellow,#003776|#0066D9|#D9DFE5|#FFE800,31.1833,25.5044,22.4060,19.3026,16.7198,64.8069,22.4035
927,Dark Grey|Dark Olive Drab|Cold White|Magenta,#485259|#575B54|#D9DFE5|#F24574,27.0315,24.2569,22.6596,20.5569,17.9104,43.3009,22.4069
928,Green|Dark Grey|White|Magenta,#06924D|#485259|#EBF7FF|#F24574,26.6669,24.1714,22.6941,20.6499,18.0329,52.5487,22.4107
929,Dark Grey|Brown|Olive Green|White,#485259|#55331A|#948902|#EBF7FF,27.1194,24.1672,22.6157,20.6642,18.4005,47.0454,22.4157
930,Green|Brown|Purple|Grey,#06924D|#55331A|#6C47B2|#8C9099,37.7329,26.3771,22.1517,18.4548,15.2318,54.4812,22.4159
931,Brown|Purple|Grey|Tan,#55331A|#6C47B2|#8C9099|#A79E82,31.9446,25.1239,22.4958,19.7157,16.6292,44.5542,22.4198
932,Polymaker Teal|Purple|Tan|Orange,#4CC0C7|#6C47B2|#A79E82|#F67405,35.0965,25.5182,22.2024,19.3246,16.6898,51.3541,22.4214
933,Dark Grey|Grey|Pink|Yellow,#485259|#8C9099|#F1A1AF|#FFE800,26.4828,24.2184,22.7630,20.6282,17.7761,44.5997,22.4233
934,Black|Dark Grey|Grey|Lime Green,#080A0D|#485259|#8C9099|#D5D701,28.4912,24.4170,22.6373,20.4477,17.7026,44.3180,22.4324
935,Dark Grey|Polymaker Teal|Cold White|Pink,#485259|#4CC0C7|#D9DFE5|#F1A1AF,27.1702,24.4480,22.7627,20.4256,17.4881,49.0275,22.4368
936,Dark Grey|Grey|Red|Pink,#485259|#8C9099|#E72F1D|#F1A1AF,26.6474,24.2993,22.7877,20.5806,17.6706,46.1016,22.4400
937,Blue|Dark Grey|Grey|Magenta,#003776|#485259|#8C9099|#F24574,26.9661,24.3553,22.7682,20.5343,17.6292,51.4042,22.4448
938,Azure Blue|Dark Olive Drab|Grey|Cold White,#0066D9|#575B54|#8C9099|#D9DFE5,28.4094,24.6953,22.7255,20.1966,17.1183,50.8502,22.4459
939,Black|Dark Grey|Grey|Red,#080A0D|#485259|#8C9099|#E72F1D,26.7706,24.3192,22.7916,20.5737,17.6701,45.9914,22.4464
940,Brown|Purple|Cold White|Yellow,#55331A|#6C47B2|#D9DFE5|#FFE800,38.4678,26.3801,21.9357,18.5204,15.9286,47.8254,22.4502
941,Blue|Black|Tan|Cold White,#003776|#080A0D|#A79E82|#D9DFE5,36.8966,26.5485,22.1566,18.3533,15.2533,55.2987,22.4509
942,Dark Grey|Brown|Grey|Pink,#485259|#55331A|#8C9099|#F1A1AF,26.7878,24.2644,22.7674,20.6514,17.8632,44.7318,22.4579
943,Blue|Dark Grey|Polymaker Teal|Magenta,#003776|#485259|#4CC0C7|#F24574,30.3083,25.2356,22.6942,19.6818,16.3252,62.6229,22.4587
944,Green|Purple|Olive Green|Cold White,#06924D|#6C47B2|#948902|#D9DFE5,49.8432,28.4837,21.3959,16.4828,13.2752,67.2485,22.4833
945,Dark Grey|Purple|Grey|Pink,#485259|#6C47B2|#8C9099|#F1A1AF,26.5611,24.2605,22.8082,20.7067,17.9463,46.2496,22.4836
946,Dark Grey|Grey|Red|Magenta,#485259|#8C9099|#E72F1D|#F24574,26.7298,24.3608,22.8374,20.6116,17.6924,46.2016,22.4862
947,Azure Blue|Black|Polymaker Teal|Cold White,#0066D9|#080A0D|#4CC0C7|#D9DFE5,38.3214,26.7631,22.0650,18.2144,15.2266,58.8017,22.4888
948,Purple|Grey|Olive Green|Tan,#6C47B2|#8C9099|#948902|#A79E82,33.7697,25.4239,22.4404,19.5605,16.4687,46.4723,22.4922
949,Azure Blue|Dark Olive Drab|Lime Green|Magenta,#0066D9|#575B54|#D5D701|#F24574,29.8584,24.8877,22.6358,20.1081,17.4622,73.6957,22.4979
950,Dark Grey|Polymaker Teal|White|Pink,#485259|#4CC0C7|#EBF7FF|#F1A1AF,27.1572,24.4604,22.8100,20.5356,17.6934,47.7098,22.4980
951,Black|Dark Grey|Red|White,#080A0D|#485259|#E72F1D|#EBF7FF,26.8467,24.2039,22.7445,20.8063,18.4058,48.9535,22.5051
952,Green|Purple|Tan|Pink,#06924D|#6C47B2|#A79E82|#F1A1AF,42.8650,27.1907,21.9070,17.8314,14.8305,61.3309,22.5111
953,Polymaker Teal|Purple|Tan|White,#4CC0C7|#6C47B2|#A79E82|#EBF7FF,35.2699,25.6282,22.2801,19.3948,16.7953,51.5916,22.5115
954,Azure Blue|Lime Green|Cold White|Red,#0066D9|#D5D701|#D9DFE5|#E72F1D,31.0277,25.2851,22.5869,19.7533,17.1775,48.4064,22.5192
955,Polymaker Teal|Purple|Tan|Magenta,#4CC0C7|#6C47B2|#A79E82|#F24574,35.2331,25.6351,22.3121,19.4068,16.7458,50.8421,22.5210
956,Blue|Grey|Olive Green|Cold White,#003776|#8C9099|#948902|#D9DFE5,34.2883,26.1619,22.5836,18.8805,15.3099,85.3787,22.5212
957,Green|Dark Grey|Grey|Red,#06924D|#485259|#8C9099|#E72F1D,27.1590,24.4904,22.8607,20.5541,17.5668,47.0514,22.5222
958,Azure Blue|Dark Olive Drab|Tan|Cold White,#0066D9|#575B54|#A79E82|#D9DFE5,28.9664,24.9751,22.8483,20.0723,16.6543,61.0904,22.5237
959,Polymaker Teal|Purple|Tan|Cold White,#4CC0C7|#6C47B2|#A79E82|#D9DFE5,35.2246,25.6040,22.2916,19.4448,16.8492,51.2650,22.5244
960,Black|Dark Grey|Grey|Pink,#080A0D|#485259|#8C9099|#F1A1AF,27.2220,24.4074,22.8176,20.6425,17.8632,44.9931,22.5250
961,Blue|Dark Grey|Purple|White,#003776|#485259|#6C47B2|#EBF7FF,27.4855,24.4273,22.7638,20.6305,18.1472,66.5191,22.5289
962,Blue|Azure Blue|Green|Grey,#003776|#0066D9|#06924D|#8C9099,30.7873,25.4446,22.7813,19.6159,16.0246,64.4743,22.5303
963,Azure Blue|Green|Brown|Cold White,#0066D9|#06924D|#55331A|#D9DFE5,35.3592,25.7262,22.2219,19.3581,16.8836,50.4277,22.5421
964,Blue|Black|Polymaker Teal|Pink,#003776|#080A0D|#4CC0C7|#F1A1AF,35.0051,26.2160,22.5220,18.8826,15.6872,52.6197,22.5493
965,Blue|Dark Olive Drab|Red|White,#003776|#575B54|#E72F1D|#EBF7FF,27.7019,24.4708,22.7842,20.6305,18.0521,53.0497,22.5506
966,Green|Purple|Grey|Tan,#06924D|#6C47B2|#8C9099|#A79E82,42.0671,27.1194,22.0029,17.9943,14.9212,61.3277,22.5568
967,Blue|Azure Blue|Green|Yellow,#003776|#0066D9|#06924D|#FFE800,31.9667,25.5455,22.4594,19.5741,17.4875,63.5758,22.5598
968,Dark Grey|Brown|Grey|Red,#485259|#55331A|#8C9099|#E72F1D,26.8931,24.4261,22.8951,20.6961,17.8057,45.5364,22.5611
969,Purple|Grey|Olive Green|Red,#6C47B2|#8C9099|#948902|#E72F1D,33.9869,25.5415,22.4953,19.5819,16.5000,47.7407,22.5617
970,Purple|Grey|Olive Green|Magenta,#6C47B2|#8C9099|#948902|#F24574,33.9869,25.5415,22.4953,19.5819,16.5000,47.7407,22.5617
971,Purple|Grey|Olive Green|Orange,#6C47B2|#8C9099|#948902|#F67405,33.9869,25.5415,22.4953,19.5819,16.5000,47.7407,22.5617
972,Purple|Grey|Olive Green|Yellow,#6C47B2|#8C9099|#948902|#FFE800,33.9869,25.5415,22.4953,19.5819,16.5000,47.7407,22.5617
973,Green|Dark Grey|Grey|Orange,#06924D|#485259|#8C9099|#F67405,27.0374,24.5009,22.9175,20.6277,17.6374,46.6335,22.5643
974,Polymaker Teal|Purple|Tan|Pink,#4CC0C7|#6C47B2|#A79E82|#F1A1AF,35.2469,25.6351,22.3367,19.5086,16.9122,51.2214,22.5719
975,Blue|Green|Magenta|Yellow,#003776|#06924D|#F24574|#FFE800,34.0273,25.8101,22.2353,19.3351,17.4543,59.0185,22.5726
976,Purple|Grey|Olive Green|Lime Green,#6C47B2|#8C9099|#948902|#D5D701,33.9697,25.5596,22.5186,19.5971,16.4913,47.7772,22.5784
977,Dark Grey|Brown|White|Pink,#485259|#55331A|#EBF7FF|#F1A1AF,26.4777,24.0864,22.7833,21.0749,18.9219,47.5303,22.5807
978,Dark Grey|Brown|Tan|White,#485259|#55331A|#A79E82|#EBF7FF,26.6877,24.1656,22.7926,21.0008,18.7780,46.8753,22.5832
979,Blue|Dark Olive Drab|Grey|Yellow,#003776|#575B54|#8C9099|#FFE800,30.0340,25.2180,22.8221,19.9562,16.7077,71.9460,22.5871
980,Black|Dark Grey|Purple|Cold White,#080A0D|#485259|#6C47B2|#D9DFE5,30.4536,25.1174,22.6774,20.0611,17.2738,72.4164,22.5893
981,Green|Dark Grey|White|Pink,#06924D|#485259|#EBF7FF|#F1A1AF,26.6044,24.2811,22.8811,20.9058,18.3397,49.1929,22.5934
982,Dark Grey|Brown|Grey|Magenta,#485259|#55331A|#8C9099|#F24574,26.9394,24.4094,22.9077,20.7783,17.9651,45.5002,22.5938
983,Azure Blue|Dark Olive Drab|Lime Green|Orange,#0066D9|#575B54|#D5D701|#F67405,29.8979,24.9971,22.7552,20.2016,17.4882,73.7228,22.5993
984,Blue|Azure Blue|Tan|Yellow,#003776|#0066D9|#A79E82|#FFE800,30.6285,25.5065,22.8704,19.7095,16.2036,66.8281,22.6080
985,Black|Polymaker Teal|Grey|Olive Green,#080A0D|#4CC0C7|#8C9099|#948902,32.0900,25.2368,22.6705,19.9853,16.9479,44.2527,22.6110
986,Blue|Black|Dark Grey|Polymaker Teal,#003776|#080A0D|#485259|#4CC0C7,27.6785,24.2295,22.6597,20.9953,19.3450,57.0884,22.6124
987,Azure Blue|Polymaker Teal|Dark Olive Drab|Grey,#0066D9|#4CC0C7|#575B54|#8C9099,27.7453,24.5303,22.8790,20.7015,17.9653,46.4825,22.6159
988,Azure Blue|Dark Grey|Purple|White,#0066D9|#485259|#6C47B2|#EBF7FF,27.2079,24.5132,22.9205,20.7220,17.9423,55.5050,22.6176
989,Dark Grey|Purple|Cold White|White,#485259|#6C47B2|#D9DFE5|#EBF7FF,27.3252,24.5182,22.8611,20.7194,18.1342,72.5194,22.6188
990,Blue|Purple|White|Orange,#003776|#6C47B2|#EBF7FF|#F67405,28.8215,24.6656,22.6771,20.5747,18.6015,58.8185,22.6201
991,Dark Grey|Polymaker Teal|Dark Olive Drab|Grey,#485259|#4CC0C7|#575B54|#8C9099,26.7217,24.4379,22.9599,20.8060,17.9374,45.9409,22.6219
992,Brown|Purple|Grey|Yellow,#55331A|#6C47B2|#8C9099|#FFE800,32.0682,25.2720,22.6519,19.9721,17.0465,44.3866,22.6221
993,Blue|Brown|Dark Olive Drab|White,#003776|#55331A|#575B54|#EBF7FF,29.2344,24.7213,22.7148,20.5247,18.1412,57.5110,22.6230
994,Green|Dark Grey|Grey|Magenta,#06924D|#485259|#8C9099|#F24574,27.4702,24.6275,22.9488,20.6257,17.6493,47.3732,22.6266
995,Dark Grey|Brown|Purple|Cold White,#485259|#55331A|#6C47B2|#D9DFE5,28.7559,24.8066,22.7828,20.4520,17.8235,69.1480,22.6293
996,Dark Grey|Polymaker Teal|Tan|Red,#485259|#4CC0C7|#A79E82|#E72F1D,27.4931,24.5940,22.9032,20.6649,17.9873,49.1238,22.6294
997,Dark Grey|Brown|Cold White|White,#485259|#55331A|#D9DFE5|#EBF7FF,27.1053,24.2962,22.8200,20.9723,18.7070,46.8928,22.6343
998,Azure Blue|Polymaker Teal|Dark Olive Drab|Pink,#0066D9|#4CC0C7|#575B54|#F1A1AF,28.3314,24.5528,22.8234,20.7194,18.2052,47.0149,22.6361
999,Dark Grey|Polymaker Teal|Grey|Orange,#485259|#4CC0C7|#8C9099|#F67405,27.0066,24.5425,22.9806,20.7332,17.7864,49.5136,22.6379
1000,Green|Dark Grey|Polymaker Teal|Purple,#06924D|#485259|#4CC0C7|#6C47B2,32.0097,25.6515,22.6400,19.6413,17.1091,58.4649,22.6464
1001,Azure Blue|Lime Green|Red|Yellow,#0066D9|#D5D701|#E72F1D|#FFE800,31.1964,25.4167,22.7075,19.8811,17.2973,49.3002,22.6489
1002,Dark Grey|Polymaker Teal|Lime Green|Red,#485259|#4CC0C7|#D5D701|#E72F1D,27.3970,24.5206,22.9001,20.7811,18.2205,49.6033,22.6509
1003,Blue|White|Magenta|Orange,#003776|#EBF7FF|#F24574|#F67405,28.8426,24.7154,22.7112,20.5866,18.5994,59.0259,22.6510
1004,Blue|Purple|Cold White|Yellow,#003776|#6C47B2|#D9DFE5|#FFE800,31.4797,25.7931,22.6883,19.5099,16.8665,66.6066,22.6515
1005,Dark Grey|Polymaker Teal|Red|Yellow,#485259|#4CC0C7|#E72F1D|#FFE800,27.4232,24.5286,22.8957,20.7781,18.2380,49.0678,22.6534
1006,Purple|Grey|Olive Green|Pink,#6C47B2|#8C9099|#948902|#F1A1AF,33.9592,25.5660,22.6010,19.7436,16.6807,48.6256,22.6548
1007,Dark Grey|Polymaker Teal|Lime Green|Pink,#485259|#4CC0C7|#D5D701|#F1A1AF,27.4016,24.6221,22.9665,20.6926,17.8002,47.7822,22.6574
1008,Blue|Dark Olive Drab|Cold White|Orange,#003776|#575B54|#D9DFE5|#F67405,29.6018,25.1095,22.8176,20.2178,17.3831,60.1728,22.6637
1009,Dark Grey|Brown|White|Magenta,#485259|#55331A|#EBF7FF|#F24574,26.5939,24.2061,22.8884,21.1335,18.9414,47.7675,22.6698
1010,Dark Grey|Brown|Grey|Lime Green,#485259|#55331A|#8C9099|#D5D701,27.2228,24.5047,22.9661,20.8359,18.0325,45.3833,22.6703
1011,Black|Dark Grey|Brown|Grey,#080A0D|#485259|#55331A|#8C9099,27.1013,24.4787,22.9774,20.8636,18.0748,45.5697,22.6711
1012,Azure Blue|Dark Olive Drab|Purple|Cold White,#0066D9|#575B54|#6C47B2|#D9DFE5,29.2342,25.1434,22.9436,20.1994,17.0577,54.1863,22.6714
1013,Dark Grey|Polymaker Teal|Brown|Orange,#485259|#4CC0C7|#55331A|#F67405,26.5418,24.2110,22.8860,21.1348,19.0145,52.0966,22.6729
1014,Azure Blue|Lime Green|Red|Orange,#0066D9|#D5D701|#E72F1D|#F67405,31.1386,25.4361,22.7581,19.9234,17.2971,49.1854,22.6798
1015,Dark Grey|Purple|Grey|Red,#485259|#6C47B2|#8C9099|#E72F1D,27.0926,24.6098,23.0337,20.7506,17.7863,50.6674,22.6802
1016,Azure Blue|Lime Green|Red|White,#0066D9|#D5D701|#E72F1D|#EBF7FF,31.2101,25.4241,22.7388,19.9390,17.3449,48.8852,22.6815
1017,Green|Purple|Grey|Olive Green,#06924D|#6C47B2|#8C9099|#948902,46.3808,28.0672,21.9347,17.2987,13.8913,67.2348,22.6829
1018,Green|Black|Grey|Cold White,#06924D|#080A0D|#8C9099|#D9DFE5,32.1888,25.3326,22.7033,20.0339,17.1451,49.0005,22.6832
1019,Azure Blue|Polymaker Teal|Lime Green|Red,#0066D9|#4CC0C7|#D5D701|#E72F1D,31.2831,25.4794,22.7383,19.8902,17.2922,49.6896,22.6848
1020,Blue|Azure Blue|Polymaker Teal|White,#003776|#0066D9|#4CC0C7|#EBF7FF,31.0349,25.4400,22.6223,19.9346,17.8034,61.0247,22.6873
1021,Blue|Dark Olive Drab|Grey|Olive Green,#003776|#575B54|#8C9099|#948902,30.9774,25.4385,22.9228,19.9370,16.4776,83.1923,22.6878
1022,Green|Dark Grey|Polymaker Teal|Orange,#06924D|#485259|#4CC0C7|#F67405,26.5482,24.2185,22.9029,21.1643,19.0544,52.1121,22.6914
1023,Black|Dark Grey|Polymaker Teal|Orange,#080A0D|#485259|#4CC0C7|#F67405,26.5482,24.2185,22.9029,21.1643,19.0544,52.1121,22.6914
1024,Dark Grey|Polymaker Teal|Olive Green|Orange,#485259|#4CC0C7|#948902|#F67405,26.5482,24.2185,22.9029,21.1643,19.0544,52.1121,22.6914
1025,Dark Grey|Polymaker Teal|Lime Green|Orange,#485259|#4CC0C7|#D5D701|#F67405,26.5482,24.2185,22.9029,21.1643,19.0544,52.1121,22.6914
1026,Dark Grey|Polymaker Teal|Orange|Yellow,#485259|#4CC0C7|#F67405|#FFE800,26.5482,24.2185,22.9029,21.1643,19.0544,52.1121,22.6914
1027,Blue|Azure Blue|White|Orange,#003776|#0066D9|#EBF7FF|#F67405,28.8199,24.7254,22.7531,20.6737,18.7230,58.5342,22.6995
1028,Blue|Polymaker Teal|Purple|White,#003776|#4CC0C7|#6C47B2|#EBF7FF,31.1185,25.4900,22.6353,19.9206,17.8213,61.7780,22.7053
1029,Blue|Green|Polymaker Teal|Brown,#003776|#06924D|#4CC0C7|#55331A,33.9215,25.4220,22.4458,19.9898,18.0421,53.7268,22.7059
1030,Blue|Black|Polymaker Teal|Brown,#003776|#080A0D|#4CC0C7|#55331A,33.9215,25.4220,22.4458,19.9898,18.0421,53.7268,22.7059
1031,Black|Dark Grey|Dark Olive Drab|Grey,#080A0D|#485259|#575B54|#8C9099,27.0571,24.5140,23.0279,20.9058,18.1019,45.5391,22.7099
1032,Blue|Red|White|Orange,#003776|#E72F1D|#EBF7FF|#F67405,28.8468,24.7179,22.7514,20.7103,18.7661,58.7491,22.7141
1033,Dark Grey|Purple|White|Pink,#485259|#6C47B2|#EBF7FF|#F1A1AF,26.2113,24.2014,22.9736,21.2362,18.9969,63.1253,22.7188
1034,Dark Grey|Polymaker Teal|Grey|Pink,#485259|#4CC0C7|#8C9099|#F1A1AF,27.3361,24.6543,23.0258,20.7839,18.0103,47.8306,22.7191
1035,Dark Grey|Polymaker Teal|Dark Olive Drab|Orange,#485259|#4CC0C7|#575B54|#F67405,26.6103,24.2744,22.9423,21.1757,19.0394,52.7966,22.7251
1036,Azure Blue|Lime Green|Red|Magenta,#0066D9|#D5D701|#E72F1D|#F24574,31.2392,25.4816,22.7956,19.9715,17.3551,49.5327,22.7266
1037,Azure Blue|Polymaker Teal|Purple|Tan,#0066D9|#4CC0C7|#6C47B2|#A79E82,35.2787,25.8545,22.5295,19.6022,16.9093,52.0794,22.7283
1038,Green|Purple|Grey|Red,#06924D|#6C47B2|#8C9099|#E72F1D,42.1494,27.3680,22.2264,18.0910,14.6662,60.4826,22.7295
1039,Blue|Green|Polymaker Teal|Lime Green,#003776|#06924D|#4CC0C7|#D5D701,31.4650,25.3658,22.5529,20.0940,18.2226,62.8051,22.7299
1040,Green|Dark Grey|Polymaker Teal|Red,#06924D|#485259|#4CC0C7|#E72F1D,27.6718,24.6052,22.9388,20.8553,18.4187,49.7584,22.7302
1041,Dark Grey|Polymaker Teal|Olive Green|Magenta,#485259|#4CC0C7|#948902|#F24574,29.2394,25.1443,22.9854,20.3183,17.2262,55.8664,22.7313
1042,Dark Grey|Brown|Dark Olive Drab|Grey,#485259|#55331A|#575B54|#8C9099,27.0940,24.5491,23.0481,20.9304,18.1316,45.5691,22.7398
1043,Green|Dark Grey|Dark Olive Drab|White,#06924D|#485259|#575B54|#EBF7FF,26.5008,24.3295,23.0145,21.1632,18.8059,49.5765,22.7464
1044,Blue|Green|Grey|White,#003776|#06924D|#8C9099|#EBF7FF,31.1608,25.7300,22.9393,19.7643,16.4481,63.4643,22.7472
1045,Dark Grey|Polymaker Teal|Red|Orange,#485259|#4CC0C7|#E72F1D|#F67405,27.4601,24.6292,23.0045,20.8764,18.3450,49.5341,22.7528
1046,Brown|Purple|Cold White|Orange,#55331A|#6C47B2|#D9DFE5|#F67405,38.4778,26.5812,22.2743,18.9245,16.3268,48.0733,22.7528
1047,Green|Purple|Red|White,#06924D|#6C47B2|#E72F1D|#EBF7FF,44.9614,27.6718,21.9928,17.8458,14.9275,60.6650,22.7588
1048,Green|Polymaker Teal|Purple|Pink,#06924D|#4CC0C7|#6C47B2|#F1A1AF,44.8759,27.7689,21.9862,17.7510,14.6885,55.4576,22.7599
1049,Azure Blue|Dark Grey|Dark Olive Drab|White,#0066D9|#485259|#575B54|#EBF7FF,27.4791,24.5419,23.0115,20.9979,18.4021,61.1854,22.7699
1050,Blue|Black|Polymaker Teal|Lime Green,#003776|#080A0D|#4CC0C7|#D5D701,31.5280,25.4537,22.6305,20.0925,18.1286,63.0004,22.7731
1051,Green|Black|Grey|Olive Green,#06924D|#080A0D|#8C9099|#948902,32.0933,25.3587,22.8305,20.1889,17.1904,44.1374,22.7738
1052,Brown|Purple|Tan|Cold White,#55331A|#6C47B2|#A79E82|#D9DFE5,35.8891,25.8561,22.4823,19.6925,17.2775,51.2884,22.7743
1053,Dark Grey|Purple|Red|White,#485259|#6C47B2|#E72F1D|#EBF7FF,26.3635,24.3235,23.0597,21.2308,18.7910,62.8427,22.7771
1054,Green|Purple|Grey|Magenta,#06924D|#6C47B2|#8C9099|#F24574,43.0671,27.5403,22.1799,18.0260,14.7694,58.6355,22.7832
1055,Black|Dark Grey|Brown|White,#080A0D|#485259|#55331A|#EBF7FF,27.0209,24.3074,22.9641,21.2649,19.1712,48.2418,22.7862
1056,Dark Grey|Brown|Lime Green|White,#485259|#55331A|#D5D701|#EBF7FF,26.9492,24.3762,22.9888,21.1990,19.0042,47.2679,22.7876
1057,Dark Grey|Purple|White|Magenta,#485259|#6C47B2|#EBF7FF|#F24574,26.3354,24.2970,23.0489,21.2893,19.0316,64.5087,22.7932
1058,Azure Blue|Dark Grey|Polymaker Teal|Purple,#0066D9|#485259|#4CC0C7|#6C47B2,30.1813,25.3515,22.8881,20.2456,17.8274,56.7386,22.7986
1059,Black|Dark Grey|Polymaker Teal|Purple,#080A0D|#485259|#4CC0C7|#6C47B2,30.1813,25.3515,22.8881,20.2456,17.8274,56.7386,22.7986
1060,Dark Grey|Brown|White|Yellow,#485259|#55331A|#EBF7FF|#FFE800,26.8702,24.3532,23.0018,21.2440,19.0572,47.3636,22.7986
1061,Blue|Polymaker Teal|Brown|Dark Olive Drab,#003776|#4CC0C7|#55331A|#575B54,33.9038,25.5625,22.5677,20.0383,18.0361,54.0040,22.8004
1062,Dark Grey|Polymaker Teal|Pink|Yellow,#485259|#4CC0C7|#F1A1AF|#FFE800,27.5182,24.7811,23.1148,20.8251,17.9452,48.4367,22.8031
1063,Dark Grey|Purple|Grey|Magenta,#485259|#6C47B2|#8C9099|#F24574,27.1792,24.7189,23.1591,20.9113,17.9827,52.9549,22.8151
1064,Dark Grey|Purple|Grey|Tan,#485259|#6C47B2|#8C9099|#A79E82,28.0910,25.0337,23.1741,20.6035,17.3821,71.9638,22.8186
1065,Blue|Dark Grey|Polymaker Teal|Purple,#003776|#485259|#4CC0C7|#6C47B2,30.1731,25.3734,22.9332,20.2799,17.8235,56.7615,22.8266
1066,Dark Grey|Dark Olive Drab|Grey|Orange,#485259|#575B54|#8C9099|#F67405,26.9158,24.6358,23.1729,21.0278,18.1617,44.3097,22.8318
1067,Blue|White|Pink|Orange,#003776|#EBF7FF|#F1A1AF|#F67405,28.8979,24.8439,22.8923,20.8207,18.8592,58.7040,22.8323
1068,Dark Grey|Polymaker Teal|Tan|Pink,#485259|#4CC0C7|#A79E82|#F1A1AF,27.5312,24.8705,23.2048,20.8057,17.6425,52.1009,22.8381
1069,Blue|Dark Grey|Grey|Olive Green,#003776|#485259|#8C9099|#948902,31.4814,25.6911,23.0529,19.9885,16.6038,81.6472,22.8398
1070,Black|Polymaker Teal|Grey|Tan,#080A0D|#4CC0C7|#8C9099|#A79E82,31.8742,25.4325,22.9166,20.2519,17.2529,44.0997,22.8422
1071,Azure Blue|Dark Grey|Dark Olive Drab|Cold White,#0066D9|#485259|#575B54|#D9DFE5,28.1761,24.8256,23.0572,20.8601,18.2839,64.4976,22.8429
1072,Azure Blue|Lime Green|Red|Pink,#0066D9|#D5D701|#E72F1D|#F1A1AF,31.4105,25.6424,22.9109,20.0632,17.4303,50.1559,22.8528
1073,Polymaker Teal|Purple|Tan|Yellow,#4CC0C7|#6C47B2|#A79E82|#FFE800,35.5921,25.9543,22.6323,19.7586,17.1173,53.1956,22.8564
1074,Black|Dark Grey|White|Pink,#080A0D|#485259|#EBF7FF|#F1A1AF,27.2969,24.5035,23.0685,21.2102,18.8818,50.5889,22.8568
1075,Azure Blue|Dark Grey|Grey|Magenta,#0066D9|#485259|#8C9099|#F24574,27.2182,24.7488,23.1886,20.9653,18.0574,53.6342,22.8571
1076,Dark Grey|Polymaker Teal|Red|White,#485259|#4CC0C7|#E72F1D|#EBF7FF,26.9321,24.5891,23.1657,21.1528,18.5710,53.7188,22.8709
1077,Azure Blue|Lime Green|Cold White|Orange,#0066D9|#D5D701|#D9DFE5|#F67405,30.9563,25.5311,22.9757,20.2136,17.6371,49.6999,22.8723
1078,Azure Blue|Green|Purple|Pink,#0066D9|#06924D|#6C47B2|#F1A1AF,44.8156,27.9166,22.1657,17.8328,14.6612,57.3732,22.8747
1079,Azure Blue|Dark Grey|Olive Green|Lime Green,#0066D9|#485259|#948902|#D5D701,33.4456,25.6776,22.7245,20.0740,17.7348,72.3775,22.8758
1080,Green|Dark Grey|Grey|Pink,#06924D|#485259|#8C9099|#F1A1AF,27.4272,24.8271,23.2291,20.9295,17.9291,51.4714,22.8783
1081,Green|Brown|Purple|Tan,#06924D|#55331A|#6C47B2|#A79E82,42.4841,27.5976,22.4168,18.1727,14.7776,66.7217,22.8851
1082,Brown|Purple|Cold White|Pink,#55331A|#6C47B2|#D9DFE5|#F1A1AF,38.5141,26.7322,22.4101,19.0485,16.4655,48.3089,22.8904
1083,Azure Blue|Dark Olive Drab|Lime Green|Yellow,#0066D9|#575B54|#D5D701|#FFE800,30.2864,25.3562,23.0891,20.4295,17.4933,71.9677,22.8928
1084,Blue|Black|Grey|Orange,#003776|#080A0D|#8C9099|#F67405,31.6747,25.4106,22.9643,20.3763,17.4197,44.7509,22.8934
1085,Green|Purple|Tan|Red,#06924D|#6C47B2|#A79E82|#E72F1D,44.3742,27.9101,22.2529,17.8779,14.4078,64.9775,22.8940
1086,Black|Dark Grey|Grey|Magenta,#080A0D|#485259|#8C9099|#F24574,27.3398,24.8018,23.2467,21.0056,18.0673,53.6378,22.9037
1087,Azure Blue|Dark Grey|Magenta|Orange,#0066D9|#485259|#F24574|#F67405,27.7492,24.4540,22.9671,21.3537,19.7361,59.0950,22.9039
1088,Black|Grey|Lime Green|Cold White,#080A0D|#8C9099|#D5D701|#D9DFE5,34.7207,26.1037,22.7046,19.7046,16.9795,47.5138,22.9041
1089,Brown|Purple|Cold White|Red,#55331A|#6C47B2|#D9DFE5|#E72F1D,38.4896,26.7498,22.4400,19.0607,16.4249,48.1200,22.9052
1090,Azure Blue|Lime Green|Orange|Yellow,#0066D9|#D5D701|#F67405|#FFE800,31.1246,25.6016,22.9721,20.2089,17.6574,49.9637,22.9053
1091,Azure Blue|Green|Brown|Grey,#0066D9|#06924D|#55331A|#8C9099,32.6959,25.5775,22.8802,20.2342,17.4625,47.9114,22.9059
1092,Azure Blue|Polymaker Teal|Lime Green|Orange,#0066D9|#4CC0C7|#D5D701|#F67405,30.9577,25.5222,22.9775,20.2897,17.7246,49.3605,22.9059
1093,Azure Blue|Dark Grey|Grey|Red,#0066D9|#485259|#8C9099|#E72F1D,27.3613,24.8541,23.2586,20.9597,17.9475,54.0262,22.9069
1094,Azure Blue|Dark Grey|Brown|Orange,#0066D9|#485259|#55331A|#F67405,27.7007,24.4431,22.9694,21.3748,19.7723,58.9388,22.9090
1095,Azure Blue|Green|Tan|Lime Green,#0066D9|#06924D|#A79E82|#D5D701,29.9918,25.1573,23.0348,20.6660,18.0964,48.6999,22.9116
1096,Green|Purple|Cold White|Magenta,#06924D|#6C47B2|#D9DFE5|#F24574,45.3645,27.9985,22.1880,17.8345,14.5880,59.8692,22.9165
1097,Green|Dark Grey|Polymaker Teal|White,#06924D|#485259|#4CC0C7|#EBF7FF,26.7107,24.5073,23.1832,21.3287,18.9743,53.8214,22.9180
1098,Dark Grey|Dark Olive Drab|Purple|Tan,#485259|#575B54|#6C47B2|#A79E82,30.4345,25.6929,23.1757,20.1683,16.8544,74.4140,22.9306
1099,Blue|Azure Blue|Dark Grey|Orange,#003776|#0066D9|#485259|#F67405,27.7959,24.4933,22.9921,21.3715,19.7714,58.6601,22.9324
1100,Black|Dark Grey|Purple|Tan,#080A0D|#485259|#6C47B2|#A79E82,30.4622,25.6817,23.1725,20.1955,16.8930,73.8779,22.9386
1101,Dark Grey|Purple|Olive Green|Tan,#485259|#6C47B2|#948902|#A79E82,30.4622,25.6817,23.1725,20.1955,16.8930,73.8779,22.9386
1102,Dark Grey|Purple|Tan|Lime Green,#485259|#6C47B2|#A79E82|#D5D701,30.4622,25.6817,23.1725,20.1955,16.8930,73.8779,22.9386
1103,Dark Grey|Purple|Tan|Red,#485259|#6C47B2|#A79E82|#E72F1D,30.4622,25.6817,23.1725,20.1955,16.8930,73.8779,22.9386
1104,Dark Grey|Purple|Tan|Magenta,#485259|#6C47B2|#A79E82|#F24574,30.4622,25.6817,23.1725,20.1955,16.8930,73.8779,22.9386
1105,Dark Grey|Purple|Tan|Orange,#485259|#6C47B2|#A79E82|#F67405,30.4622,25.6817,23.1725,20.1955,16.8930,73.8779,22.9386
1106,Dark Grey|Purple|Tan|Yellow,#485259|#6C47B2|#A79E82|#FFE800,30.4622,25.6817,23.1725,20.1955,16.8930,73.8779,22.9386
1107,Azure Blue|Black|Dark Grey|Orange,#0066D9|#080A0D|#485259|#F67405,27.7073,24.4647,23.0009,21.4177,19.8154,58.8843,22.9412
1108,Azure Blue|Dark Grey|Purple|Orange,#0066D9|#485259|#6C47B2|#F67405,27.7073,24.4647,23.0009,21.4177,19.8154,58.8843,22.9412
1109,Azure Blue|Dark Grey|Red|Orange,#0066D9|#485259|#E72F1D|#F67405,27.7073,24.4647,23.0009,21.4177,19.8154,58.8843,22.9412
1110,Dark Grey|Brown|Purple|Tan,#485259|#55331A|#6C47B2|#A79E82,30.4968,25.7140,23.1823,20.1689,16.8642,74.1425,22.9414
1111,Black|Grey|Tan|Cold White,#080A0D|#8C9099|#A79E82|#D9DFE5,35.5984,26.3812,22.7024,19.5017,16.6996,48.1993,22.9415
1112,Brown|Purple|Cold White|Magenta,#55331A|#6C47B2|#D9DFE5|#F24574,38.5092,26.8079,22.4820,19.0964,16.4550,47.9166,22.9521
1113,Azure Blue|Black|Polymaker Teal|Red,#0066D9|#080A0D|#4CC0C7|#E72F1D,35.3521,26.5002,22.8275,19.4095,16.4023,52.8210,22.9549
1114,Azure Blue|Dark Grey|Grey|Pink,#0066D9|#485259|#8C9099|#F1A1AF,27.1179,24.7590,23.2787,21.1529,18.3387,53.8107,22.9559
1115,Black|Grey|Olive Green|Cold White,#080A0D|#8C9099|#948902|#D9DFE5,36.3310,26.4646,22.6468,19.4479,16.7133,57.0555,22.9562
1116,Blue|Tan|Lime Green|White,#003776|#A79E82|#D5D701|#EBF7FF,30.9273,25.7567,23.0891,20.1625,17.2054,67.4292,22.9596
1117,Blue|Dark Grey|Polymaker Teal|Lime Green,#003776|#485259|#4CC0C7|#D5D701,31.5152,25.6451,22.8870,20.3016,18.2927,63.3794,22.9733
1118,Azure Blue|Lime Green|Magenta|Orange,#0066D9|#D5D701|#F24574|#F67405,31.1163,25.6407,23.0667,20.3130,17.7004,49.2164,22.9769
1119,Dark Grey|Grey|Olive Green|Pink,#485259|#8C9099|#948902|#F1A1AF,27.9035,24.9357,23.2827,21.0288,18.1208,63.9503,22.9822
1120,Blue|Black|Lime Green|White,#003776|#080A0D|#D5D701|#EBF7FF,32.0876,25.9479,23.0482,20.0203,17.5941,65.0187,22.9841
1121,Azure Blue|Lime Green|White|Orange,#0066D9|#D5D701|#EBF7FF|#F67405,31.1724,25.6960,23.0815,20.2861,17.6921,50.9206,22.9910
1122,Blue|Azure Blue|Dark Olive Drab|Cold White,#003776|#0066D9|#575B54|#D9DFE5,29.1960,25.1330,23.1603,20.8526,18.0991,73.5205,22.9928
1123,Azure Blue|Green|Dark Olive Drab|Cold White,#0066D9|#06924D|#575B54|#D9DFE5,30.2311,25.3497,23.1334,20.6470,17.9044,62.1512,22.9984
1124,Dark Grey|Purple|Tan|Pink,#485259|#6C47B2|#A79E82|#F1A1AF,30.4531,25.7774,23.2608,20.2215,16.8578,74.3250,22.9994
1125,Azure Blue|Polymaker Teal|Brown|Grey,#0066D9|#4CC0C7|#55331A|#8C9099,32.1767,25.5030,23.0099,20.5097,17.7891,47.7929,23.0063
1126,Green|Dark Grey|Brown|Grey,#06924D|#485259|#55331A|#8C9099,28.0603,24.9709,23.3084,21.0524,18.1528,46.4771,23.0116
1127,Dark Grey|Polymaker Teal|Pink|Orange,#485259|#4CC0C7|#F1A1AF|#F67405,27.6850,24.9972,23.3533,21.0542,18.1491,48.7287,23.0257
1128,Blue|Dark Grey|Olive Green|Pink,#003776|#485259|#948902|#F1A1AF,27.2418,24.5550,23.1908,21.4967,19.5169,43.2489,23.0259
1129,Blue|Dark Olive Drab|Cold White|Pink,#003776|#575B54|#D9DFE5|#F1A1AF,29.5738,25.3927,23.2062,20.6598,17.8167,57.8831,23.0263
1130,Black|Polymaker Teal|Grey|Cold White,#080A0D|#4CC0C7|#8C9099|#D9DFE5,33.5989,25.8730,22.9634,20.1841,17.3269,49.9467,23.0286
1131,Azure Blue|Polymaker Teal|Brown|Pink,#0066D9|#4CC0C7|#55331A|#F1A1AF,34.6384,26.0542,22.8959,20.0451,17.3926,47.8944,23.0497
1132,Green|Purple|Cold White|Pink,#06924D|#6C47B2|#D9DFE5|#F1A1AF,45.1956,28.0694,22.3097,18.0363,14.8911,56.7587,23.0528
1133,Green|Purple|White|Pink,#06924D|#6C47B2|#EBF7FF|#F1A1AF,45.1443,28.0354,22.3054,18.0741,14.8928,56.6878,23.0547
1134,Black|Polymaker Teal|Grey|Lime Green,#080A0D|#4CC0C7|#8C9099|#D5D701,32.1736,25.6324,23.1190,20.4822,17.5433,44.6993,23.0573
1135,Green|Dark Grey|Tan|Pink,#06924D|#485259|#A79E82|#F1A1AF,27.4172,24.8229,23.3207,21.3054,18.8723,53.5447,23.0641
1136,Green|Purple|Magenta|Orange,#06924D|#6C47B2|#F24574|#F67405,45.4605,27.9310,22.2639,18.2118,15.3121,57.7090,23.0714
1137,Blue|Black|Purple|Grey,#003776|#080A0D|#6C47B2|#8C9099,32.1069,25.6154,23.1166,20.5333,17.6564,48.4277,23.0743
1138,Blue|Green|Dark Grey|Olive Green,#003776|#06924D|#485259|#948902,32.8943,25.7594,22.8458,20.3931,18.6264,69.2322,23.0763
1139,Brown|Purple|Tan|White,#55331A|#6C47B2|#A79E82|#EBF7FF,36.0492,26.1160,22.7928,20.0599,17.6279,51.5706,23.0879
1140,Azure Blue|Lime Green|Pink|Orange,#0066D9|#D5D701|#F1A1AF|#F67405,31.2647,25.8035,23.1946,20.3808,17.7416,49.7837,23.0921
1141,Blue|Black|Cold White|Yellow,#003776|#080A0D|#D9DFE5|#FFE800,37.5926,27.4585,22.8019,18.7359,15.5762,60.4289,23.0972
1142,Dark Grey|Brown|Olive Green|Pink,#485259|#55331A|#948902|#F1A1AF,27.2859,24.6182,23.2582,21.5805,19.5993,43.3104,23.0994
1143,Blue|Green|Black|Olive Green,#003776|#06924D|#080A0D|#948902,36.0211,26.6844,22.6281,19.5239,17.7589,71.3807,23.1041
1144,Blue|Dark Grey|Polymaker Teal|Brown,#003776|#485259|#4CC0C7|#55331A,34.2976,25.9603,22.9197,20.2519,18.1053,53.8387,23.1061
1145,Green|Dark Grey|Polymaker Teal|Olive Green,#06924D|#485259|#4CC0C7|#948902,27.8433,24.6777,23.1975,21.5464,19.7650,54.6149,23.1120
1146,Black|Dark Grey|Polymaker Teal|Olive Green,#080A0D|#485259|#4CC0C7|#948902,27.8433,24.6777,23.1975,21.5464,19.7650,54.6149,23.1120
1147,Green|Purple|Cold White|Orange,#06924D|#6C47B2|#D9DFE5|#F67405,45.8506,28.1567,22.2198,18.0718,15.2466,64.4480,23.1142
1148,Azure Blue|Polymaker Teal|Lime Green|Magenta,#0066D9|#4CC0C7|#D5D701|#F24574,31.3443,25.7550,23.1746,20.4750,17.9050,49.0657,23.1150
1149,Blue|Dark Olive Drab|White|Pink,#003776|#575B54|#EBF7FF|#F1A1AF,27.9308,24.9390,23.3538,21.2929,18.7876,51.5275,23.1159
1150,Black|Grey|Olive Green|Lime Green,#080A0D|#8C9099|#948902|#D5D701,32.3545,25.6833,23.1578,20.5611,17.6748,46.0324,23.1222
1151,Polymaker Teal|Brown|Dark Olive Drab|Purple,#4CC0C7|#55331A|#575B54|#6C47B2,38.4448,26.8913,22.6460,19.3678,16.9615,53.2093,23.1296
1152,Green|Purple|Grey|Orange,#06924D|#6C47B2|#8C9099|#F67405,43.9872,28.0069,22.5154,18.2541,15.1024,61.9139,23.1305
1153,Black|Dark Grey|Olive Green|Pink,#080A0D|#485259|#948902|#F1A1AF,27.2449,24.6268,23.3033,21.6347,19.6301,43.0894,23.1308
1154,Dark Grey|Purple|Olive Green|Pink,#485259|#6C47B2|#948902|#F1A1AF,27.2449,24.6268,23.3033,21.6347,19.6301,43.0894,23.1308
1155,Dark Grey|Olive Green|Red|Pink,#485259|#948902|#E72F1D|#F1A1AF,27.2449,24.6268,23.3033,21.6347,19.6301,43.0894,23.1308
1156,Dark Grey|Olive Green|Pink|Magenta,#485259|#948902|#F1A1AF|#F24574,27.2449,24.6268,23.3033,21.6347,19.6301,43.0894,23.1308
1157,Dark Grey|Olive Green|Pink|Orange,#485259|#948902|#F1A1AF|#F67405,27.2449,24.6268,23.3033,21.6347,19.6301,43.0894,23.1308
1158,Blue|Green|Black|Cold White,#003776|#06924D|#080A0D|#D9DFE5,34.4606,27.1642,23.3296,19.1068,15.0767,64.0168,23.1355
1159,Azure Blue|Green|Tan|Yellow,#0066D9|#06924D|#A79E82|#FFE800,30.2143,25.3844,23.2611,20.8944,18.3476,49.6559,23.1394
1160,Azure Blue|Green|Dark Grey|Polymaker Teal,#0066D9|#06924D|#485259|#4CC0C7,27.6834,24.6353,23.2319,21.6523,19.9662,56.4987,23.1438
1161,Azure Blue|Dark Grey|Tan|Lime Green,#0066D9|#485259|#A79E82|#D5D701,29.6232,25.6049,23.4417,20.6844,17.4207,88.6034,23.1446
1162,Green|Black|Grey|White,#06924D|#080A0D|#8C9099|#EBF7FF,32.6149,25.7743,23.1830,20.5224,17.6202,51.8283,23.1484
1163,Black|Dark Grey|Polymaker Teal|Grey,#080A0D|#485259|#4CC0C7|#8C9099,30.5361,25.3987,23.3171,20.9015,17.9751,47.1574,23.1501
1164,Blue|Red|White|Magenta,#003776|#E72F1D|#EBF7FF|#F24574,29.3738,25.2143,23.1989,21.0898,19.1191,58.3335,23.1520
1165,Azure Blue|Black|Dark Grey|Cold White,#0066D9|#080A0D|#485259|#D9DFE5,31.7595,25.7025,23.1768,20.6020,17.9064,79.9394,23.1523
1166,Blue|Dark Grey|Pink|Yellow,#003776|#485259|#F1A1AF|#FFE800,26.7149,24.4912,23.3279,21.8199,19.9369,42.2406,23.1556
1167,Dark Grey|Polymaker Teal|Brown|White,#485259|#4CC0C7|#55331A|#EBF7FF,27.2973,24.7149,23.3568,21.6095,19.4443,48.0206,23.1622
1168,Blue|Azure Blue|Olive Green|Lime Green,#003776|#0066D9|#948902|#D5D701,37.1623,26.9980,23.0078,19.3297,15.9193,77.9664,23.1639
1169,Dark Grey|Grey|Lime Green|Magenta,#485259|#8C9099|#D5D701|#F24574,27.4280,25.0013,23.4873,21.3301,18.4680,71.6662,23.1657
1170,Green|Black|Grey|Tan,#06924D|#080A0D|#8C9099|#A79E82,31.9936,25.7505,23.2753,20.5983,17.5711,45.2444,23.1744
1171,Dark Grey|Polymaker Teal|Cold White|Magenta,#485259|#4CC0C7|#D9DFE5|#F24574,28.4604,25.3948,23.5230,20.9568,17.7529,56.1439,23.1758
1172,Brown|Purple|Cold White|White,#55331A|#6C47B2|#D9DFE5|#EBF7FF,38.4616,26.9812,22.7228,19.3705,16.7721,48.5968,23.1758
1173,Green|Polymaker Teal|Purple|Olive Green,#06924D|#4CC0C7|#6C47B2|#948902,50.6992,29.1091,22.0608,17.2435,14.0336,68.0774,23.1763
1174,Blue|Green|Brown|Olive Green,#003776|#06924D|#55331A|#948902,36.3635,26.9487,22.7047,19.4045,17.7549,71.5463,23.1766
1175,Blue|Green|Lime Green|Magenta,#003776|#06924D|#D5D701|#F24574,34.5103,26.3280,22.8325,20.0300,18.1560,59.8289,23.1790
1176,Blue|Azure Blue|Tan|Lime Green,#003776|#0066D9|#A79E82|#D5D701,32.5237,26.5823,23.4454,19.7763,15.9359,79.1799,23.1793
1177,Azure Blue|Black|Dark Olive Drab|White,#0066D9|#080A0D|#575B54|#EBF7FF,29.3167,25.2404,23.4045,21.1245,18.3837,55.4693,23.1825
1178,Azure Blue|Green|Polymaker Teal|Tan,#0066D9|#06924D|#4CC0C7|#A79E82,30.1839,25.4102,23.2993,20.9615,18.4459,49.3375,23.1858
1179,Blue|Azure Blue|Red|White,#003776|#0066D9|#E72F1D|#EBF7FF,29.3481,25.2390,23.2403,21.1411,19.1709,58.7828,23.1900
1180,Dark Grey|Brown|Dark Olive Drab|White,#485259|#55331A|#575B54|#EBF7FF,27.3479,24.7532,23.3935,21.6414,19.4757,47.9954,23.1973
1181,Green|Dark Grey|Dark Olive Drab|Grey,#06924D|#485259|#575B54|#8C9099,27.7549,25.1870,23.5624,21.2357,18.2270,50.9367,23.2114
1182,Blue|Purple|Red|White,#003776|#6C47B2|#E72F1D|#EBF7FF,29.3913,25.2434,23.2424,21.1815,19.2456,57.5597,23.2125
1183,Dark Grey|Polymaker Teal|Brown|Grey,#485259|#4CC0C7|#55331A|#8C9099,28.0653,25.1771,23.5319,21.2512,18.2668,47.3533,23.2142
1184,Azure Blue|Green|Tan|White,#0066D9|#06924D|#A79E82|#EBF7FF,30.2190,25.4455,23.3440,20.9943,18.4773,49.1757,23.2199
1185,Azure Blue|Dark Grey|Grey|Orange,#0066D9|#485259|#8C9099|#F67405,27.5827,25.1249,23.5690,21.3195,18.3252,67.8385,23.2222
1186,Blue|Red|White|Pink,#003776|#E72F1D|#EBF7FF|#F1A1AF,29.3967,25.2569,23.2679,21.2021,19.2837,57.7277,23.2295
1187,Dark Grey|Purple|Grey|White,#485259|#6C47B2|#8C9099|#EBF7FF,27.7582,25.0729,23.4855,21.3867,18.8600,73.5792,23.2298
1188,Black|Brown|Grey|Orange,#080A0D|#55331A|#8C9099|#F67405,31.8748,25.6824,23.3042,20.7791,17.8494,44.7085,23.2307
1189,Dark Grey|Grey|Lime Green|Red,#485259|#8C9099|#D5D701|#E72F1D,27.4556,25.0613,23.5580,21.4026,18.5285,71.5541,23.2319
1190,Black|Polymaker Teal|Grey|Yellow,#080A0D|#4CC0C7|#8C9099|#FFE800,32.3487,25.8051,23.2735,20.6599,17.7617,44.7513,23.2325
1191,Azure Blue|Lime Green|Cold White|Magenta,#0066D9|#D5D701|#D9DFE5|#F24574,31.5630,25.9535,23.3111,20.5167,17.9106,50.2098,23.2351
1192,Green|Polymaker Teal|Brown|Purple,#06924D|#4CC0C7|#55331A|#6C47B2,38.5131,27.0014,22.7792,19.4701,17.0320,53.2258,23.2357
1193,Azure Blue|Green|Dark Grey|White,#0066D9|#06924D|#485259|#EBF7FF,29.2763,25.2493,23.3439,21.2245,19.0535,64.8765,23.2369
1194,Green|Black|Purple|Magenta,#06924D|#080A0D|#6C47B2|#F24574,45.5851,28.0288,22.4135,18.4476,15.5529,57.9499,23.2382
1195,Black|Grey|Pink|Orange,#080A0D|#8C9099|#F1A1AF|#F67405,32.0303,25.7218,23.3059,20.7557,17.8358,44.5010,23.2387
1196,Azure Blue|Green|Tan|Cold White,#0066D9|#06924D|#A79E82|#D9DFE5,30.2564,25.4549,23.3516,21.0314,18.5313,49.7739,23.2431
1197,Black|Grey|Tan|Lime Green,#080A0D|#8C9099|#A79E82|#D5D701,32.1023,25.7857,23.3153,20.7021,17.7547,45.8711,23.2439
1198,Azure Blue|Black|Tan|Cold White,#0066D9|#080A0D|#A79E82|#D9DFE5,37.8385,27.2697,22.8925,19.2185,16.2133,51.8570,23.2441
1199,Green|Black|Grey|Lime Green,#06924D|#080A0D|#8C9099|#D5D701,32.2546,25.7969,23.3013,20.6953,17.8009,44.8303,23.2461
1200,Azure Blue|Lime Green|White|Magenta,#0066D9|#D5D701|#EBF7FF|#F24574,31.6300,25.9799,23.3136,20.5130,17.8921,50.1458,23.2464
1201,Green|Purple|Olive Green|Pink,#06924D|#6C47B2|#948902|#F1A1AF,48.0227,28.8701,22.4067,17.6230,14.2972,66.0078,23.2466
1202,Black|Grey|Red|Orange,#080A0D|#8C9099|#E72F1D|#F67405,31.9545,25.7144,23.3282,20.7884,17.8636,44.5863,23.2514
1203,Black|Grey|Magenta|Orange,#080A0D|#8C9099|#F24574|#F67405,31.9545,25.7144,23.3282,20.7884,17.8636,44.5863,23.2514
1204,Blue|Black|Grey|Red,#003776|#080A0D|#8C9099|#E72F1D,32.0394,25.7902,23.3491,20.7147,17.6832,48.1952,23.2525
1205,Blue|Brown|Dark Olive Drab|Cold White,#003776|#55331A|#575B54|#D9DFE5,30.6719,25.6587,23.3441,20.8498,18.1718,63.3917,23.2543
1206,Dark Grey|Grey|Lime Green|Orange,#485259|#8C9099|#D5D701|#F67405,27.4289,25.0667,23.5811,21.4446,18.5812,71.4614,23.2557
1207,Azure Blue|Green|Grey|Tan,#0066D9|#06924D|#8C9099|#A79E82,30.2084,25.4758,23.3887,21.0392,18.4816,49.3476,23.2575
1208,Azure Blue|Polymaker Teal|Dark Olive Drab|Red,#0066D9|#4CC0C7|#575B54|#E72F1D,29.6186,25.3610,23.4270,21.1597,18.4614,50.7330,23.2604
1209,Green|Dark Grey|Brown|White,#06924D|#485259|#55331A|#EBF7FF,27.6218,24.8877,23.4530,21.6338,19.4331,48.4506,23.2608
1210,Polymaker Teal|Brown|Purple|Red,#4CC0C7|#55331A|#6C47B2|#E72F1D,39.6132,27.4840,22.9133,19.0397,15.8247,56.3262,23.2619
1211,Azure Blue|Lime Green|Magenta|Yellow,#0066D9|#D5D701|#F24574|#FFE800,31.6016,25.9830,23.3429,20.5408,17.9144,50.6682,23.2619
1212,Blue|Dark Olive Drab|Lime Green|White,#003776|#575B54|#D5D701|#EBF7FF,31.6581,26.1522,23.3848,20.3722,17.6560,64.2138,23.2622
1213,Dark Grey|Polymaker Teal|Brown|Pink,#485259|#4CC0C7|#55331A|#F1A1AF,28.7624,25.3911,23.5457,21.1420,18.1693,48.9625,23.2665
1214,Dark Grey|Dark Olive Drab|White|Pink,#485259|#575B54|#EBF7FF|#F1A1AF,26.6176,24.7306,23.5460,21.8150,19.5039,43.4006,23.2728
1215,Green|Brown|Purple|Magenta,#06924D|#55331A|#6C47B2|#F24574,45.6590,28.1609,22.4676,18.3880,15.4596,58.1970,23.2744
1216,Polymaker Teal|Purple|Grey|Olive Green,#4CC0C7|#6C47B2|#8C9099|#948902,51.4312,29.0833,22.2412,17.4975,14.2241,71.6428,23.2904
1217,Green|Purple|Olive Green|Magenta,#06924D|#6C47B2|#948902|#F24574,45.5155,28.0694,22.4820,18.5138,15.5548,58.2325,23.2916
1218,Azure Blue|Lime Green|Pink|Magenta,#0066D9|#D5D701|#F1A1AF|#F24574,31.6169,26.0426,23.4027,20.5658,17.8910,49.9091,23.3042
1219,Blue|Black|Grey|Pink,#003776|#080A0D|#8C9099|#F1A1AF,32.6379,25.9039,23.3532,20.7194,17.8425,45.3675,23.3116
1220,Dark Grey|Dark Olive Drab|Red|White,#485259|#575B54|#E72F1D|#EBF7FF,26.6818,24.7791,23.5930,21.8449,19.5074,43.5477,23.3120
1221,Blue|Dark Olive Drab|Olive Green|Pink,#003776|#575B54|#948902|#F1A1AF,28.7886,24.9558,23.3931,21.6692,19.7443,43.0082,23.3125
1222,Black|Dark Grey|Polymaker Teal|Red,#080A0D|#485259|#4CC0C7|#E72F1D,28.9756,25.4262,23.5513,21.1990,18.4442,51.5831,23.3126
1223,Azure Blue|Polymaker Teal|Brown|Purple,#0066D9|#4CC0C7|#55331A|#6C47B2,38.5263,27.1098,22.8621,19.5259,17.0962,53.2206,23.3178
1224,Black|Polymaker Teal|Brown|Purple,#080A0D|#4CC0C7|#55331A|#6C47B2,38.5263,27.1098,22.8621,19.5259,17.0962,53.2206,23.3178
1225,Blue|Green|Black|Orange,#003776|#06924D|#080A0D|#F67405,32.9230,26.1529,23.0228,20.4963,18.9569,64.2635,23.3246
1226,Blue|Green|Red|Orange,#003776|#06924D|#E72F1D|#F67405,32.9230,26.1529,23.0228,20.4963,18.9569,64.2635,23.3246
1227,Black|Purple|Grey|Orange,#080A0D|#6C47B2|#8C9099|#F67405,32.0886,25.8506,23.4149,20.8067,17.8290,45.4847,23.3287
1228,Blue|Grey|Olive Green|Tan,#003776|#8C9099|#948902|#A79E82,33.1876,26.5741,23.5237,20.0923,16.3783,84.7921,23.3332
1229,Blue|Green|Brown|Orange,#003776|#06924D|#55331A|#F67405,33.0645,26.2880,23.0603,20.3892,18.7886,64.0312,23.3386
1230,Blue|Dark Grey|Grey|Yellow,#003776|#485259|#8C9099|#FFE800,29.8282,25.7097,23.6052,20.9750,17.8759,81.1440,23.3424
1231,Green|Purple|Olive Green|Tan,#06924D|#6C47B2|#948902|#A79E82,47.3342,28.7663,22.5428,17.9263,14.5740,68.2988,23.3463
1232,Blue|Black|Brown|Grey,#003776|#080A0D|#55331A|#8C9099,31.5789,25.7475,23.4547,20.9529,18.0218,48.5141,23.3502
1233,Blue|Polymaker Teal|Brown|Purple,#003776|#4CC0C7|#55331A|#6C47B2,38.4314,27.0168,22.8922,19.6865,17.2259,53.1415,23.3516
1234,Azure Blue|Green|Dark Olive Drab|Pink,#0066D9|#06924D|#575B54|#F1A1AF,31.4052,25.7384,23.3895,20.9693,18.4912,52.7895,23.3539
1235,Blue|Green|Olive Green|Orange,#003776|#06924D|#948902|#F67405,32.9238,26.2014,23.0811,20.5351,19.0249,64.3613,23.3682
1236,Blue|Dark Grey|Lime Green|White,#003776|#485259|#D5D701|#EBF7FF,31.6983,26.3022,23.5372,20.4447,17.6818,63.6716,23.3734
1237,Azure Blue|Green|Tan|Pink,#0066D9|#06924D|#A79E82|#F1A1AF,30.4556,25.6040,23.4818,21.1433,18.6091,50.1956,23.3736
1238,Green|Dark Grey|Polymaker Teal|Grey,#06924D|#485259|#4CC0C7|#8C9099,27.9515,25.3723,23.7333,21.3757,18.3464,54.7381,23.3740
1239,Dark Grey|Polymaker Teal|Tan|Magenta,#485259|#4CC0C7|#A79E82|#F24574,28.7356,25.6551,23.7345,21.0977,17.8425,56.7700,23.3764
1240,Dark Grey|Polymaker Teal|Dark Olive Drab|Red,#485259|#4CC0C7|#575B54|#E72F1D,28.3147,25.3711,23.6514,21.3863,18.6936,52.1194,23.3787
1241,Dark Grey|Polymaker Teal|Brown|Purple,#485259|#4CC0C7|#55331A|#6C47B2,38.4589,27.1662,22.9724,19.5922,17.0383,53.0511,23.3792
1242,Blue|Green|Dark Olive Drab|Orange,#003776|#06924D|#575B54|#F67405,32.5077,26.0634,23.2073,20.6970,18.8248,64.0469,23.3802
1243,Green|Purple|White|Magenta,#06924D|#6C47B2|#EBF7FF|#F24574,45.8100,28.4024,22.6404,18.3608,15.0987,60.5544,23.3816
1244,Green|Brown|Purple|White,#06924D|#55331A|#6C47B2|#EBF7FF,42.1432,27.8165,22.7212,18.9649,16.4421,55.5717,23.3907
1245,Polymaker Teal|Purple|Grey|Tan,#4CC0C7|#6C47B2|#8C9099|#A79E82,31.8818,26.0071,23.5500,20.7754,17.5792,42.5572,23.3913
1246,Green|Black|Grey|Red,#06924D|#080A0D|#8C9099|#E72F1D,32.2628,25.9902,23.5075,20.8392,17.8053,46.1420,23.4147
1247,Azure Blue|Dark Olive Drab|Purple|White,#0066D9|#575B54|#6C47B2|#EBF7FF,29.4798,25.7640,23.7544,21.0863,17.8007,50.6766,23.4252
1248,Brown|Purple|Olive Green|Tan,#55331A|#6C47B2|#948902|#A79E82,36.3809,26.5564,23.1675,20.2959,17.7734,53.1777,23.4261
1249,Azure Blue|Green|Lime Green|Pink,#0066D9|#06924D|#D5D701|#F1A1AF,32.4353,26.2641,23.4943,20.5941,17.8661,51.9555,23.4291
1250,Polymaker Teal|Purple|Olive Green|Pink,#4CC0C7|#6C47B2|#948902|#F1A1AF,51.7524,29.3159,22.3836,17.5610,14.2371,72.4560,23.4385
1251,Azure Blue|Green|Purple|Orange,#0066D9|#06924D|#6C47B2|#F67405,42.3205,27.9518,22.8750,18.9289,15.9705,60.0341,23.4404
1252,Black|Polymaker Teal|Grey|Orange,#080A0D|#4CC0C7|#8C9099|#F67405,32.8257,26.1252,23.4910,20.7686,17.8049,46.0298,23.4469
1253,Green|Black|Dark Grey|White,#06924D|#080A0D|#485259|#EBF7FF,28.3380,25.1746,23.6548,21.7365,19.3894,54.8428,23.4555
1254,Brown|Purple|Tan|Lime Green,#55331A|#6C47B2|#A79E82|#D5D701,36.3200,26.5129,23.1931,20.4011,17.9120,53.2322,23.4570
1255,Brown|Purple|Tan|Pink,#55331A|#6C47B2|#A79E82|#F1A1AF,36.3585,26.5378,23.1909,20.3789,17.8700,52.5449,23.4584
1256,Green|Purple|Red|Magenta,#06924D|#6C47B2|#E72F1D|#F24574,45.6643,28.2781,22.6620,18.6403,15.6217,58.4616,23.4592
1257,Green|Black|Grey|Yellow,#06924D|#080A0D|#8C9099|#FFE800,32.3458,25.9928,23.5235,20.9287,18.0300,44.9523,23.4608
1258,Dark Grey|Brown|Purple|Grey,#485259|#55331A|#6C47B2|#8C9099,28.2009,25.3899,23.7807,21.5320,18.6010,60.8344,23.4609
1259,Black|Polymaker Teal|Dark Olive Drab|Grey,#080A0D|#4CC0C7|#575B54|#8C9099,31.6342,25.8623,23.5710,21.0631,18.1445,46.3582,23.4627
1260,Polymaker Teal|Purple|Olive Green|Magenta,#4CC0C7|#6C47B2|#948902|#F24574,51.8133,29.2849,22.3413,17.6450,14.3318,72.8893,23.4650
1261,Dark Grey|Dark Olive Drab|Grey|Red,#485259|#575B54|#8C9099|#E72F1D,27.7428,25.3356,23.8108,21.6011,18.6568,45.4341,23.4684
1262,Black|Polymaker Teal|Grey|White,#080A0D|#4CC0C7|#8C9099|#EBF7FF,33.5542,26.1667,23.4118,20.7751,18.0756,54.0748,23.4709
1263,Green|Purple|Tan|Magenta,#06924D|#6C47B2|#A79E82|#F24574,45.0896,28.5269,22.9010,18.4190,14.7923,64.9138,23.4730
1264,Black|Dark Grey|White|Magenta,#080A0D|#485259|#EBF7FF|#F24574,27.7310,25.1482,23.7327,21.8023,19.2765,53.9887,23.4752
1265,Brown|Purple|Tan|Red,#55331A|#6C47B2|#A79E82|#E72F1D,36.2446,26.5815,23.2429,20.3690,17.8159,52.0722,23.4753
1266,Brown|Purple|Tan|Magenta,#55331A|#6C47B2|#A79E82|#F24574,36.2446,26.5815,23.2429,20.3690,17.8159,52.0722,23.4753
1267,Brown|Purple|Tan|Orange,#55331A|#6C47B2|#A79E82|#F67405,36.2446,26.5815,23.2429,20.3690,17.8159,52.0722,23.4753
1268,Azure Blue|Dark Grey|Brown|White,#0066D9|#485259|#55331A|#EBF7FF,28.4082,25.3199,23.7197,21.6324,19.0565,56.4005,23.4762
1269,Brown|Purple|Tan|Yellow,#55331A|#6C47B2|#A79E82|#FFE800,36.2754,26.5497,23.2298,20.4035,17.8524,53.5125,23.4766
1270,Polymaker Teal|Purple|Olive Green|White,#4CC0C7|#6C47B2|#948902|#EBF7FF,51.9943,29.3825,22.3376,17.5767,14.3802,74.2305,23.4796
1271,Green|Polymaker Teal|Purple|Orange,#06924D|#4CC0C7|#6C47B2|#F67405,45.3395,28.2578,22.6419,18.7057,16.0141,61.3373,23.4818
1272,Dark Grey|Dark Olive Drab|Grey|Pink,#485259|#575B54|#8C9099|#F1A1AF,27.5967,25.3026,23.8232,21.6624,18.7892,44.7985,23.4825
1273,Dark Grey|Polymaker Teal|Purple|Magenta,#485259|#4CC0C7|#6C47B2|#F24574,31.6459,26.4930,23.7072,20.4894,17.0207,62.8683,23.4912
1274,Black|Dark Grey|Polymaker Teal|White,#080A0D|#485259|#4CC0C7|#EBF7FF,28.6648,25.2066,23.6510,21.7793,19.5699,56.4170,23.4930
1275,Green|Purple|Olive Green|White,#06924D|#6C47B2|#948902|#EBF7FF,50.2351,29.3355,22.4450,17.6547,14.4707,67.0679,23.4951
1276,Blue|Dark Olive Drab|Cold White|Magenta,#003776|#575B54|#D9DFE5|#F24574,28.6158,25.4235,23.7271,21.5759,18.9757,50.8856,23.4997
1277,Black|Grey|Tan|Yellow,#080A0D|#8C9099|#A79E82|#FFE800,32.4020,26.0881,23.5626,20.9146,17.9770,46.8601,23.5013
1278,Blue|Green|Purple|Magenta,#003776|#06924D|#6C47B2|#F24574,45.7260,28.3337,22.7190,18.6698,15.7508,58.8452,23.5018
1279,Blue|Dark Olive Drab|Cold White|Red,#003776|#575B54|#D9DFE5|#E72F1D,29.4412,25.6227,23.6875,21.3844,18.6956,57.9036,23.5036
1280,Dark Grey|Polymaker Teal|Lime Green|Magenta,#485259|#4CC0C7|#D5D701|#F24574,28.9190,25.7113,23.8087,21.3017,18.2304,57.3271,23.5065
1281,Dark Grey|Polymaker Teal|Grey|Red,#485259|#4CC0C7|#8C9099|#E72F1D,28.0859,25.4808,23.8516,21.5389,18.5782,51.8225,23.5099
1282,Black|Polymaker Teal|Brown|Grey,#080A0D|#4CC0C7|#55331A|#8C9099,32.1180,25.9848,23.5991,21.0445,18.1011,46.4729,23.5146
1283,Black|Brown|Grey|Pink,#080A0D|#55331A|#8C9099|#F1A1AF,31.9741,25.9569,23.5966,21.0822,18.2230,45.1503,23.5195
1284,Azure Blue|Dark Grey|Brown|Pink,#0066D9|#485259|#55331A|#F1A1AF,27.0858,24.8422,23.6868,22.1979,20.3577,44.3062,23.5201
1285,Blue|Dark Grey|Purple|Grey,#003776|#485259|#6C47B2|#8C9099,28.2991,25.5046,23.8549,21.5394,18.5227,71.4395,23.5220
1286,Azure Blue|Black|Grey|Orange,#0066D9|#080A0D|#8C9099|#F67405,32.5093,26.1116,23.6109,20.9447,17.8887,53.7618,23.5282
1287,Blue|Brown|White|Yellow,#003776|#55331A|#EBF7FF|#FFE800,29.6555,25.4079,23.4986,21.6508,20.0416,62.2977,23.5293
1288,Black|Grey|Cold White|Yellow,#080A0D|#8C9099|#D9DFE5|#FFE800,35.8269,26.8566,23.3005,20.2031,17.3965,49.5278,23.5299
1289,Azure Blue|Black|Dark Grey|Pink,#0066D9|#080A0D|#485259|#F1A1AF,27.1014,24.8571,23.6995,22.2039,20.3533,44.3405,23.5305
1290,Azure Blue|Dark Grey|Purple|Pink,#0066D9|#485259|#6C47B2|#F1A1AF,27.1014,24.8571,23.6995,22.2039,20.3533,44.3405,23.5305
1291,Azure Blue|Dark Grey|Red|Pink,#0066D9|#485259|#E72F1D|#F1A1AF,27.1014,24.8571,23.6995,22.2039,20.3533,44.3405,23.5305
1292,Azure Blue|Dark Grey|Pink|Magenta,#0066D9|#485259|#F1A1AF|#F24574,27.1014,24.8571,23.6995,22.2039,20.3533,44.3405,23.5305
1293,Azure Blue|Dark Grey|Pink|Orange,#0066D9|#485259|#F1A1AF|#F67405,27.1014,24.8571,23.6995,22.2039,20.3533,44.3405,23.5305
1294,Dark Grey|Purple|Lime Green|Pink,#485259|#6C47B2|#D5D701|#F1A1AF,26.8379,24.8804,23.7316,22.1826,20.2505,42.9902,23.5315
1295,Black|Brown|Grey|Magenta,#080A0D|#55331A|#8C9099|#F24574,31.9223,25.9188,23.6078,21.1510,18.2915,45.6757,23.5349
1296,Dark Grey|Polymaker Teal|Brown|Red,#485259|#4CC0C7|#55331A|#E72F1D,28.8193,25.5687,23.7913,21.5036,18.7464,52.6460,23.5362
1297,Azure Blue|Black|Grey|Red,#0066D9|#080A0D|#8C9099|#E72F1D,32.4126,26.0762,23.6229,20.9993,17.9582,48.7901,23.5377
1298,Blue|Azure Blue|Dark Grey|Pink,#003776|#0066D9|#485259|#F1A1AF,27.1308,24.8840,23.7057,22.1921,20.3396,44.3967,23.5381
1299,Green|Dark Olive Drab|Purple|Magenta,#06924D|#575B54|#6C47B2|#F24574,45.6707,28.4815,22.7785,18.6012,15.6523,58.3058,23.5413
1300,Black|Brown|Grey|Red,#080A0D|#55331A|#8C9099|#E72F1D,32.1482,25.9906,23.6255,21.0927,18.1462,45.5704,23.5417
1301,Black|Grey|Red|Pink,#080A0D|#8C9099|#E72F1D|#F1A1AF,32.3551,26.0439,23.6245,21.0419,18.0655,46.4788,23.5429
1302,Azure Blue|Polymaker Teal|Tan|Red,#0066D9|#4CC0C7|#A79E82|#E72F1D,28.9600,25.4953,23.7591,21.5985,19.0337,45.8923,23.5469
1303,Dark Olive Drab|Purple|Tan|White,#575B54|#6C47B2|#A79E82|#EBF7FF,30.3146,25.9568,23.7202,21.1373,18.2223,59.0117,23.5470
1304,Black|Grey|Pink|Magenta,#080A0D|#8C9099|#F1A1AF|#F24574,32.5565,26.0631,23.6103,21.0439,18.1653,45.7193,23.5535
1305,Green|Black|Grey|Orange,#06924D|#080A0D|#8C9099|#F67405,32.3391,26.0960,23.6470,21.0158,17.9918,46.3526,23.5559
1306,Azure Blue|Dark Olive Drab|Cold White|Pink,#0066D9|#575B54|#D9DFE5|#F1A1AF,28.6986,25.6159,23.8329,21.4976,18.7377,54.3711,23.5567
1307,Polymaker Teal|Purple|Olive Green|Orange,#4CC0C7|#6C47B2|#948902|#F67405,51.7866,29.4547,22.4835,17.6590,14.3155,72.8050,23.5568
1308,Green|Purple|Grey|Pink,#06924D|#6C47B2|#8C9099|#F1A1AF,45.4425,28.5646,22.8138,18.5544,15.2572,64.5090,23.5595
1309,Green|Purple|White|Orange,#06924D|#6C47B2|#EBF7FF|#F67405,46.0642,28.5823,22.7295,18.5582,15.8144,62.1783,23.5702
1310,Blue|Dark Grey|Brown|Grey,#003776|#485259|#55331A|#8C9099,28.7957,25.5323,23.8478,21.6137,18.7664,67.2063,23.5730
1311,Polymaker Teal|Purple|Olive Green|Cold White,#4CC0C7|#6C47B2|#948902|#D9DFE5,52.2645,29.4410,22.4340,17.7109,14.5110,72.7929,23.5759
1312,Blue|Brown|Lime Green|White,#003776|#55331A|#D5D701|#EBF7FF,31.4871,26.1544,23.6630,21.0050,18.2626,72.0290,23.5797
1313,Blue|Green|Dark Grey|Orange,#003776|#06924D|#485259|#F67405,32.4693,26.3424,23.4879,20.8251,18.8987,63.9224,23.5837
1314,Azure Blue|Polymaker Teal|Tan|Orange,#0066D9|#4CC0C7|#A79E82|#F67405,28.9588,25.5133,23.7976,21.6569,19.1113,45.3582,23.5851
1315,Dark Grey|Polymaker Teal|Dark Olive Drab|Pink,#485259|#4CC0C7|#575B54|#F1A1AF,28.2417,25.6059,23.9494,21.5695,18.4475,49.5252,23.5877
1316,Polymaker Teal|Dark Olive Drab|Purple|Yellow,#4CC0C7|#575B54|#6C47B2|#FFE800,35.8898,26.7841,23.3039,20.3936,18.0555,75.0043,23.5888
1317,Azure Blue|Brown|Grey|Orange,#0066D9|#55331A|#8C9099|#F67405,30.8586,25.8802,23.7931,21.3133,18.3222,47.3276,23.5968
1318,Green|Black|Grey|Magenta,#06924D|#080A0D|#8C9099|#F24574,32.6225,26.2261,23.6646,20.9706,17.9486,47.3859,23.5983
1319,Dark Grey|Brown|Purple|White,#485259|#55331A|#6C47B2|#EBF7FF,27.8151,25.1805,23.7974,22.0226,19.8163,66.7318,23.6015
1320,Black|Dark Grey|Lime Green|Pink,#080A0D|#485259|#D5D701|#F1A1AF,26.6490,24.8601,23.8136,22.3446,20.4456,41.9202,23.6024
1321,Dark Grey|Olive Green|Lime Green|Pink,#485259|#948902|#D5D701|#F1A1AF,26.6490,24.8601,23.8136,22.3446,20.4456,41.9202,23.6024
1322,Dark Grey|Lime Green|Red|Pink,#485259|#D5D701|#E72F1D|#F1A1AF,26.6490,24.8601,23.8136,22.3446,20.4456,41.9202,23.6024
1323,Dark Grey|Lime Green|Pink|Magenta,#485259|#D5D701|#F1A1AF|#F24574,26.6490,24.8601,23.8136,22.3446,20.4456,41.9202,23.6024
1324,Dark Grey|Lime Green|Pink|Orange,#485259|#D5D701|#F1A1AF|#F67405,26.6490,24.8601,23.8136,22.3446,20.4456,41.9202,23.6024
1325,Dark Grey|Lime Green|Pink|Yellow,#485259|#D5D701|#F1A1AF|#FFE800,26.6490,24.8601,23.8136,22.3446,20.4456,41.9202,23.6024
1326,Black|Grey|Red|Magenta,#080A0D|#8C9099|#E72F1D|#F24574,32.3450,26.1311,23.7090,21.0848,18.0590,46.2961,23.6080
1327,Brown|Purple|Grey|Orange,#55331A|#6C47B2|#8C9099|#F67405,31.9214,26.1059,23.7105,21.1101,18.1495,46.8350,23.6080
1328,Blue|Black|Grey|Magenta,#003776|#080A0D|#8C9099|#F24574,32.5381,26.1527,23.6788,21.0823,18.0918,53.5389,23.6175
1329,Green|Black|Brown|Grey,#06924D|#080A0D|#55331A|#8C9099,32.3384,26.1170,23.7023,21.1189,18.1649,46.1154,23.6179
1330,Blue|Lime Green|Cold White|Yellow,#003776|#D5D701|#D9DFE5|#FFE800,33.2898,27.1574,23.7426,20.0898,16.7683,71.6916,23.6236
1331,Blue|Dark Grey|Dark Olive Drab|Grey,#003776|#485259|#575B54|#8C9099,28.6239,25.5696,23.9141,21.6818,18.8047,62.9088,23.6257
1332,Blue|Grey|Olive Green|Yellow,#003776|#8C9099|#948902|#FFE800,33.3170,26.7498,23.7849,20.5110,16.9468,82.9512,23.6304
1333,Azure Blue|Polymaker Teal|Brown|Magenta,#0066D9|#4CC0C7|#55331A|#F24574,35.5578,26.7820,23.4593,20.4805,17.7271,48.8636,23.6312
1334,Green|Dark Olive Drab|Cold White|Red,#06924D|#575B54|#D9DFE5|#E72F1D,27.8291,25.3191,23.8746,21.9446,19.5074,40.3558,23.6319
1335,Black|Brown|Grey|Lime Green,#080A0D|#55331A|#8C9099|#D5D701,32.2727,26.1463,23.7089,21.1176,18.1916,46.0764,23.6320
1336,Dark Olive Drab|Purple|Olive Green|White,#575B54|#6C47B2|#948902|#EBF7FF,32.4437,26.5324,23.7247,20.7408,17.7005,62.6327,23.6366
1337,Dark Olive Drab|Olive Green|Cold White|Red,#575B54|#948902|#D9DFE5|#E72F1D,27.8142,25.3210,23.8805,21.9530,19.5198,40.3761,23.6370
1338,Dark Olive Drab|Lime Green|Cold White|Red,#575B54|#D5D701|#D9DFE5|#E72F1D,27.8142,25.3210,23.8805,21.9530,19.5198,40.3761,23.6370
1339,Dark Olive Drab|Cold White|Red|Orange,#575B54|#D9DFE5|#E72F1D|#F67405,27.8142,25.3210,23.8805,21.9530,19.5198,40.3761,23.6370
1340,Dark Olive Drab|Cold White|Red|Yellow,#575B54|#D9DFE5|#E72F1D|#FFE800,27.8142,25.3210,23.8805,21.9530,19.5198,40.3761,23.6370
1341,Blue|Azure Blue|Lime Green|Yellow,#003776|#0066D9|#D5D701|#FFE800,32.2710,26.4431,23.6626,20.8436,18.3957,66.0460,23.6434
1342,Black|Dark Olive Drab|Grey|Olive Green,#080A0D|#575B54|#8C9099|#948902,30.6603,25.8605,23.8413,21.4402,18.4957,45.0539,23.6504
1343,Polymaker Teal|Purple|Olive Green|Red,#4CC0C7|#6C47B2|#948902|#E72F1D,51.8738,29.5175,22.5891,17.7842,14.4780,72.3465,23.6509
1344,Brown|Dark Olive Drab|Cold White|Red,#55331A|#575B54|#D9DFE5|#E72F1D,27.8404,25.3382,23.8953,21.9668,19.5254,40.5203,23.6525
1345,Dark Grey|Brown|Lime Green|Pink,#485259|#55331A|#D5D701|#F1A1AF,26.7031,24.9094,23.8645,22.3984,20.4964,41.9797,23.6539
1346,Dark Olive Drab|Tan|Cold White|Red,#575B54|#A79E82|#D9DFE5|#E72F1D,27.8485,25.3381,23.8982,21.9732,19.5305,40.4331,23.6557
1347,Black|Grey|Lime Green|Yellow,#080A0D|#8C9099|#D5D701|#FFE800,32.5185,26.1975,23.7155,21.1153,18.2171,46.0378,23.6564
1348,Green|Dark Grey|Purple|Tan,#06924D|#485259|#6C47B2|#A79E82,40.9935,28.3454,23.3890,18.9685,15.3990,69.3625,23.6570
1349,Azure Blue|Purple|Tan|White,#0066D9|#6C47B2|#A79E82|#EBF7FF,30.1885,25.8179,23.8409,21.5059,18.8154,45.3159,23.6619
1350,Polymaker Teal|Purple|Olive Green|Tan,#4CC0C7|#6C47B2|#948902|#A79E82,51.9779,29.5022,22.5836,17.8268,14.5326,72.7200,23.6645
1351,Azure Blue|Tan|Lime Green|Cold White,#0066D9|#A79E82|#D5D701|#D9DFE5,29.0500,25.5988,23.8783,21.7325,19.2028,45.3541,23.6657
1352,Blue|Black|Olive Green|White,#003776|#080A0D|#948902|#EBF7FF,35.2633,27.1216,23.5654,20.2104,17.4847,67.6488,23.6660
1353,Azure Blue|Black|Dark Grey|Polymaker Teal,#0066D9|#080A0D|#485259|#4CC0C7,27.6880,25.0763,23.7904,22.2614,20.5418,56.3362,23.6689
1354,Dark Grey|Dark Olive Drab|Lime Green|Pink,#485259|#575B54|#D5D701|#F1A1AF,26.7182,24.9342,23.8846,22.4090,20.5081,42.0811,23.6716
1355,Azure Blue|Tan|Lime Green|Orange,#0066D9|#A79E82|#D5D701|#F67405,29.0831,25.6270,23.8973,21.7216,19.1227,45.3520,23.6743
1356,Black|Purple|Grey|Pink,#080A0D|#6C47B2|#8C9099|#F1A1AF,32.7561,26.1824,23.7117,21.1715,18.3184,45.5036,23.6770
1357,Dark Grey|Polymaker Teal|Magenta|Yellow,#485259|#4CC0C7|#F24574|#FFE800,28.9152,25.8435,24.0007,21.5114,18.4605,57.0980,23.6775
1358,Azure Blue|Tan|Lime Green|Red,#0066D9|#A79E82|#D5D701|#E72F1D,29.1223,25.6350,23.9007,21.7230,19.1323,45.3453,23.6790
1359,Black|Brown|Purple|Grey,#080A0D|#55331A|#6C47B2|#8C9099,32.0086,26.0829,23.7704,21.2770,18.3775,46.7013,23.6799
1360,Black|Purple|Grey|Red,#080A0D|#6C47B2|#8C9099|#E72F1D,32.4811,26.2427,23.7922,21.1346,18.0635,48.5159,23.6887
1361,Dark Olive Drab|Tan|Cold White|Pink,#575B54|#A79E82|#D9DFE5|#F1A1AF,27.7611,25.3534,23.9398,22.0260,19.5978,39.7466,23.6897
1362,Dark Olive Drab|Olive Green|Cold White|Pink,#575B54|#948902|#D9DFE5|#F1A1AF,27.7625,25.3449,23.9390,22.0347,19.6072,39.8487,23.6898
1363,Dark Olive Drab|Lime Green|Cold White|Pink,#575B54|#D5D701|#D9DFE5|#F1A1AF,27.7625,25.3449,23.9390,22.0347,19.6072,39.8487,23.6898
1364,Dark Olive Drab|Cold White|Red|Pink,#575B54|#D9DFE5|#E72F1D|#F1A1AF,27.7625,25.3449,23.9390,22.0347,19.6072,39.8487,23.6898
1365,Dark Olive Drab|Cold White|Pink|Orange,#575B54|#D9DFE5|#F1A1AF|#F67405,27.7625,25.3449,23.9390,22.0347,19.6072,39.8487,23.6898
1366,Dark Olive Drab|Cold White|Pink|Yellow,#575B54|#D9DFE5|#F1A1AF|#FFE800,27.7625,25.3449,23.9390,22.0347,19.6072,39.8487,23.6898
1367,Blue|Black|Dark Grey|Grey,#003776|#080A0D|#485259|#8C9099,29.5308,25.7334,23.9462,21.6469,18.7597,68.2287,23.6901
1368,Green|Dark Grey|Polymaker Teal|Magenta,#06924D|#485259|#4CC0C7|#F24574,29.8514,26.0601,23.9615,21.3298,18.3430,56.7025,23.6949
1369,Blue|Azure Blue|Dark Grey|Polymaker Teal,#003776|#0066D9|#485259|#4CC0C7,27.6984,25.1146,23.8229,22.2776,20.5425,56.3080,23.6961
1370,Dark Olive Drab|Olive Green|Cold White|Magenta,#575B54|#948902|#D9DFE5|#F24574,27.8758,25.3718,23.9376,22.0282,19.5936,40.3800,23.7000
1371,Dark Olive Drab|Lime Green|Cold White|Magenta,#575B54|#D5D701|#D9DFE5|#F24574,27.8758,25.3718,23.9376,22.0282,19.5936,40.3800,23.7000
1372,Dark Olive Drab|Cold White|Red|Magenta,#575B54|#D9DFE5|#E72F1D|#F24574,27.8758,25.3718,23.9376,22.0282,19.5936,40.3800,23.7000
1373,Dark Olive Drab|Cold White|Magenta|Orange,#575B54|#D9DFE5|#F24574|#F67405,27.8758,25.3718,23.9376,22.0282,19.5936,40.3800,23.7000
1374,Dark Olive Drab|Cold White|Magenta|Yellow,#575B54|#D9DFE5|#F24574|#FFE800,27.8758,25.3718,23.9376,22.0282,19.5936,40.3800,23.7000
1375,Green|Dark Olive Drab|Cold White|Magenta,#06924D|#575B54|#D9DFE5|#F24574,27.9292,25.3836,23.9396,22.0201,19.5766,40.2505,23.7018
1376,Black|Grey|Lime Green|Red,#080A0D|#8C9099|#D5D701|#E72F1D,32.6024,26.2456,23.7609,21.1587,18.2525,46.6867,23.7022
1377,Dark Olive Drab|Cold White|Pink|Magenta,#575B54|#D9DFE5|#F1A1AF|#F24574,27.8868,25.3846,23.9468,22.0274,19.5824,40.1854,23.7060
1378,Green|Dark Olive Drab|Cold White|Pink,#06924D|#575B54|#D9DFE5|#F1A1AF,27.8105,25.3732,23.9534,22.0475,19.6226,39.7852,23.7104
1379,Black|Grey|Lime Green|Magenta,#080A0D|#8C9099|#D5D701|#F24574,32.6198,26.2800,23.7760,21.1431,18.2273,47.0947,23.7116
1380,Brown|Dark Olive Drab|Cold White|Pink,#55331A|#575B54|#D9DFE5|#F1A1AF,27.7915,25.3694,23.9587,22.0575,19.6356,39.8096,23.7134
1381,Dark Olive Drab|Tan|Cold White|Magenta,#575B54|#A79E82|#D9DFE5|#F24574,27.8723,25.3888,23.9629,22.0495,19.6015,40.1962,23.7192
1382,Brown|Dark Olive Drab|Cold White|Magenta,#55331A|#575B54|#D9DFE5|#F24574,27.9035,25.4012,23.9620,22.0424,19.5933,40.1915,23.7218
1383,Black|Brown|Grey|Yellow,#080A0D|#55331A|#8C9099|#FFE800,32.4915,26.2717,23.7811,21.1747,18.2806,47.0286,23.7232
1384,Azure Blue|Polymaker Teal|Tan|Lime Green,#0066D9|#4CC0C7|#A79E82|#D5D701,29.1059,25.6816,23.9665,21.8001,19.2195,45.4809,23.7408
1385,Azure Blue|Brown|Grey|Cold White,#0066D9|#55331A|#8C9099|#D9DFE5,32.1191,26.0996,23.7977,21.4028,18.7198,50.1302,23.7512
1386,Azure Blue|Tan|Lime Green|Yellow,#0066D9|#A79E82|#D5D701|#FFE800,29.1555,25.7012,23.9751,21.8098,19.2198,45.2638,23.7555
1387,Brown|Purple|Grey|Magenta,#55331A|#6C47B2|#8C9099|#F24574,31.9966,26.1814,23.8600,21.3353,18.4180,47.9277,23.7584
1388,Azure Blue|Black|Grey|Pink,#0066D9|#080A0D|#8C9099|#F1A1AF,32.9057,26.2805,23.7987,21.2376,18.3788,46.4448,23.7591
1389,Polymaker Teal|Purple|Olive Green|Yellow,#4CC0C7|#6C47B2|#948902|#FFE800,52.0340,29.5867,22.6939,17.9362,14.6201,72.9918,23.7615
1390,Dark Grey|Polymaker Teal|White|Magenta,#485259|#4CC0C7|#EBF7FF|#F24574,28.8593,25.9474,24.1312,21.6055,18.5431,56.0154,23.7764
1391,Blue|Green|Lime Green|White,#003776|#06924D|#D5D701|#EBF7FF,32.0047,26.6502,23.8996,20.9033,18.2286,63.0664,23.7768
1392,Azure Blue|Purple|Tan|Yellow,#0066D9|#6C47B2|#A79E82|#FFE800,30.1113,25.9209,23.9683,21.6397,18.9514,46.3129,23.7803
1393,Polymaker Teal|Purple|Olive Green|Lime Green,#4CC0C7|#6C47B2|#948902|#D5D701,52.1864,29.6652,22.7071,17.8957,14.5947,73.4718,23.7804
1394,Brown|Purple|Grey|Pink,#55331A|#6C47B2|#8C9099|#F1A1AF,32.1556,26.2540,23.8740,21.3239,18.4369,49.2088,23.7890
1395,Azure Blue|Dark Grey|Cold White|Yellow,#0066D9|#485259|#D9DFE5|#FFE800,29.2238,25.8173,24.0176,21.7710,19.0879,89.9046,23.7941
1396,Green|Purple|Tan|Orange,#06924D|#6C47B2|#A79E82|#F67405,45.3801,28.8255,23.1465,18.7732,15.5622,67.1071,23.7993
1397,Azure Blue|Tan|Lime Green|White,#0066D9|#A79E82|#D5D701|#EBF7FF,29.1518,25.7269,24.0215,21.8800,19.3280,45.8047,23.8035
1398,Azure Blue|Brown|Cold White|Orange,#0066D9|#55331A|#D9DFE5|#F67405,35.6649,26.8803,23.6185,20.7369,18.0291,51.2588,23.8086
1399,Blue|Olive Green|Cold White|Yellow,#003776|#948902|#D9DFE5|#FFE800,36.8750,28.0834,23.8344,19.5356,15.6666,84.7662,23.8095
1400,Green|Dark Grey|Purple|Magenta,#06924D|#485259|#6C47B2|#F24574,46.1997,28.9142,23.0754,18.7060,15.5986,58.5965,23.8101
1401,Azure Blue|Brown|Cold White|Red,#0066D9|#55331A|#D9DFE5|#E72F1D,35.5576,26.8721,23.5999,20.7549,18.1351,50.3189,23.8135
1402,Azure Blue|Dark Grey|Polymaker Teal|Dark Olive Drab,#0066D9|#485259|#4CC0C7|#575B54,28.5237,25.3264,23.9178,22.3067,20.4326,51.4978,23.8165
1403,Black|Grey|Lime Green|Orange,#080A0D|#8C9099|#D5D701|#F67405,32.6484,26.3602,23.8974,21.2928,18.3551,47.2566,23.8265
1404,Blue|Olive Green|Red|Orange,#003776|#948902|#E72F1D|#F67405,37.2495,27.5509,23.3122,20.1076,18.3377,76.3556,23.8292
1405,Brown|Purple|Grey|White,#55331A|#6C47B2|#8C9099|#EBF7FF,32.9935,26.4274,23.8322,21.2320,18.4349,50.4253,23.8297
1406,Brown|Purple|Grey|Red,#55331A|#6C47B2|#8C9099|#E72F1D,32.0214,26.2871,23.9446,21.3761,18.4445,47.6071,23.8316
1407,Azure Blue|Purple|Tan|Cold White,#0066D9|#6C47B2|#A79E82|#D9DFE5,30.2428,25.9656,24.0123,21.7047,19.0200,45.8970,23.8351
1408,Azure Blue|Brown|Purple|Grey,#0066D9|#55331A|#6C47B2|#8C9099,30.9491,26.0361,24.0009,21.6352,18.7756,48.0408,23.8357
1409,Azure Blue|Brown|Grey|Magenta,#0066D9|#55331A|#8C9099|#F24574,30.9491,26.0361,24.0009,21.6352,18.7756,48.0408,23.8357
1410,Azure Blue|Polymaker Teal|Tan|Magenta,#0066D9|#4CC0C7|#A79E82|#F24574,29.1309,25.7484,24.0539,21.9239,19.3796,45.4064,23.8361
1411,Black|Dark Olive Drab|Cold White|Magenta,#080A0D|#575B54|#D9DFE5|#F24574,33.9053,26.5774,23.7472,21.0990,18.4057,47.7533,23.8382
1412,Azure Blue|Tan|Lime Green|Magenta,#0066D9|#A79E82|#D5D701|#F24574,29.2342,25.7889,24.0627,21.8925,19.2757,45.5784,23.8407
1413,Azure Blue|Brown|Grey|Pink,#0066D9|#55331A|#8C9099|#F1A1AF,30.8488,26.0086,24.0280,21.6791,18.8095,48.1354,23.8438
1414,Azure Blue|Purple|Tan|Pink,#0066D9|#6C47B2|#A79E82|#F1A1AF,30.1489,25.9856,24.0364,21.7113,19.0309,45.9720,23.8485
1415,Azure Blue|Dark Olive Drab|Cold White|Red,#0066D9|#575B54|#D9DFE5|#E72F1D,28.9560,25.8644,24.1343,21.8346,18.9561,56.1178,23.8495
1416,Azure Blue|Tan|Cold White|Orange,#0066D9|#A79E82|#D9DFE5|#F67405,29.1713,25.7688,24.0633,21.9325,19.3954,45.5408,23.8506
1417,Blue|Olive Green|Tan|Cold White,#003776|#948902|#A79E82|#D9DFE5,36.8320,28.0704,23.8720,19.6377,15.9062,85.7923,23.8541
1418,Azure Blue|Tan|Cold White|Yellow,#0066D9|#A79E82|#D9DFE5|#FFE800,29.1628,25.7646,24.0652,21.9457,19.4200,45.4379,23.8552
1419,Azure Blue|Dark Olive Drab|Cold White|Magenta,#0066D9|#575B54|#D9DFE5|#F24574,28.5077,25.7282,24.1367,21.9914,19.3226,48.5215,23.8598
1420,Black|Dark Olive Drab|Grey|Tan,#080A0D|#575B54|#8C9099|#A79E82,29.9774,25.9517,24.1158,21.7740,18.8374,44.2798,23.8628
1421,Azure Blue|Black|Grey|Magenta,#0066D9|#080A0D|#8C9099|#F24574,32.8546,26.4115,23.9296,21.3145,18.3189,53.7059,23.8630
1422,Green|Purple|Magenta|Yellow,#06924D|#6C47B2|#F24574|#FFE800,47.0047,28.9961,23.0879,18.7329,15.7683,68.2074,23.8645
1423,Azure Blue|Polymaker Teal|Tan|White,#0066D9|#4CC0C7|#A79E82|#EBF7FF,29.1751,25.7877,24.0752,21.9438,19.4025,45.7552,23.8657
1424,Green|Polymaker Teal|Dark Olive Drab|Cold White,#06924D|#4CC0C7|#575B54|#D9DFE5,28.0098,25.5482,24.1082,22.1841,19.7290,41.1519,23.8662
1425,Green|Dark Olive Drab|Olive Green|Cold White,#06924D|#575B54|#948902|#D9DFE5,28.0098,25.5482,24.1082,22.1841,19.7290,41.1519,23.8662
1426,Green|Dark Olive Drab|Lime Green|Cold White,#06924D|#575B54|#D5D701|#D9DFE5,28.0098,25.5482,24.1082,22.1841,19.7290,41.1519,23.8662
1427,Green|Dark Olive Drab|Cold White|Yellow,#06924D|#575B54|#D9DFE5|#FFE800,28.0098,25.5482,24.1082,22.1841,19.7290,41.1519,23.8662
1428,Polymaker Teal|Dark Olive Drab|Olive Green|Cold White,#4CC0C7|#575B54|#948902|#D9DFE5,28.0098,25.5482,24.1082,22.1841,19.7290,41.1519,23.8662
1429,Polymaker Teal|Dark Olive Drab|Lime Green|Cold White,#4CC0C7|#575B54|#D5D701|#D9DFE5,28.0098,25.5482,24.1082,22.1841,19.7290,41.1519,23.8662
1430,Polymaker Teal|Dark Olive Drab|Cold White|Yellow,#4CC0C7|#575B54|#D9DFE5|#FFE800,28.0098,25.5482,24.1082,22.1841,19.7290,41.1519,23.8662
1431,Dark Olive Drab|Olive Green|Lime Green|Cold White,#575B54|#948902|#D5D701|#D9DFE5,28.0098,25.5482,24.1082,22.1841,19.7290,41.1519,23.8662
1432,Dark Olive Drab|Olive Green|Cold White|Yellow,#575B54|#948902|#D9DFE5|#FFE800,28.0098,25.5482,24.1082,22.1841,19.7290,41.1519,23.8662
1433,Dark Olive Drab|Lime Green|Cold White|Yellow,#575B54|#D5D701|#D9DFE5|#FFE800,28.0098,25.5482,24.1082,22.1841,19.7290,41.1519,23.8662
1434,Dark Grey|Dark Olive Drab|Grey|Magenta,#485259|#575B54|#8C9099|#F24574,28.0241,25.7124,24.2206,22.0217,19.0569,51.5748,23.8670
1435,Azure Blue|Tan|Red|White,#0066D9|#A79E82|#E72F1D|#EBF7FF,29.1609,25.7751,24.0866,21.9605,19.4045,45.6322,23.8678
1436,Blue|Azure Blue|Polymaker Teal|Dark Olive Drab,#003776|#0066D9|#4CC0C7|#575B54,28.5200,25.3459,23.9756,22.3903,20.5334,51.4763,23.8681
1437,Dark Grey|Polymaker Teal|Magenta|Orange,#485259|#4CC0C7|#F24574|#F67405,28.9877,26.0149,24.2039,21.7275,18.7043,55.5736,23.8712
1438,Green|Dark Olive Drab|Tan|Cold White,#06924D|#575B54|#A79E82|#D9DFE5,28.0078,25.5502,24.1167,22.1930,19.7506,41.1480,23.8716
1439,Polymaker Teal|Dark Olive Drab|Tan|Cold White,#4CC0C7|#575B54|#A79E82|#D9DFE5,28.0078,25.5502,24.1167,22.1930,19.7506,41.1480,23.8716
1440,Dark Olive Drab|Olive Green|Tan|Cold White,#575B54|#948902|#A79E82|#D9DFE5,28.0078,25.5502,24.1167,22.1930,19.7506,41.1480,23.8716
1441,Dark Olive Drab|Tan|Lime Green|Cold White,#575B54|#A79E82|#D5D701|#D9DFE5,28.0078,25.5502,24.1167,22.1930,19.7506,41.1480,23.8716
1442,Dark Olive Drab|Tan|Cold White|Yellow,#575B54|#A79E82|#D9DFE5|#FFE800,28.0078,25.5502,24.1167,22.1930,19.7506,41.1480,23.8716
1443,Blue|Black|Grey|Tan,#003776|#080A0D|#8C9099|#A79E82,32.2027,26.3687,23.9710,21.3758,18.5955,49.9219,23.8722
1444,Azure Blue|Purple|Tan|Magenta,#0066D9|#6C47B2|#A79E82|#F24574,30.1858,26.0029,24.0718,21.7511,19.0307,45.6892,23.8770
1445,Green|Purple|Pink|Magenta,#06924D|#6C47B2|#F1A1AF|#F24574,46.4427,29.0895,23.2113,18.6663,15.1844,63.4784,23.8779
1446,Blue|Green|Brown|Red,#003776|#06924D|#55331A|#E72F1D,33.5160,26.6154,23.5018,21.1429,19.8412,66.8637,23.8791
1447,Green|Black|Purple|Olive Green,#06924D|#080A0D|#6C47B2|#948902,51.1259,29.8949,22.8534,17.8654,14.4873,67.8206,23.8801
1448,Dark Grey|Polymaker Teal|Red|Pink,#485259|#4CC0C7|#E72F1D|#F1A1AF,28.7711,25.9769,24.2436,21.7840,18.6181,52.4006,23.8804
1449,Black|Dark Olive Drab|Grey|Lime Green,#080A0D|#575B54|#8C9099|#D5D701,30.9944,26.0483,24.0350,21.7193,18.8934,44.9795,23.8838
1450,Azure Blue|Green|Polymaker Teal|Dark Olive Drab,#0066D9|#06924D|#4CC0C7|#575B54,28.5661,25.3606,23.9917,22.4080,20.5541,51.9282,23.8843
1451,Azure Blue|Tan|Red|Yellow,#0066D9|#A79E82|#E72F1D|#FFE800,29.1968,25.8137,24.1163,21.9646,19.3881,45.7869,23.8891
1452,Azure Blue|Tan|White|Magenta,#0066D9|#A79E82|#EBF7FF|#F24574,29.1793,25.8016,24.1113,21.9784,19.4306,45.3630,23.8900
1453,Dark Grey|Polymaker Teal|Dark Olive Drab|Olive Green,#485259|#4CC0C7|#575B54|#948902,28.3995,25.4347,24.0125,22.3462,20.4720,54.8623,23.8905
1454,Azure Blue|Dark Olive Drab|Cold White|White,#0066D9|#575B54|#D9DFE5|#EBF7FF,29.6697,26.0792,24.1739,21.7038,18.6030,70.6943,23.8915
1455,Green|Dark Olive Drab|Cold White|White,#06924D|#575B54|#D9DFE5|#EBF7FF,28.0084,25.5588,24.1310,22.2252,19.8046,41.0628,23.8920
1456,Polymaker Teal|Dark Olive Drab|Cold White|White,#4CC0C7|#575B54|#D9DFE5|#EBF7FF,28.0084,25.5588,24.1310,22.2252,19.8046,41.0628,23.8920
1457,Dark Olive Drab|Olive Green|Cold White|White,#575B54|#948902|#D9DFE5|#EBF7FF,28.0084,25.5588,24.1310,22.2252,19.8046,41.0628,23.8920
1458,Dark Olive Drab|Lime Green|Cold White|White,#575B54|#D5D701|#D9DFE5|#EBF7FF,28.0084,25.5588,24.1310,22.2252,19.8046,41.0628,23.8920
1459,Dark Olive Drab|Cold White|White|Yellow,#575B54|#D9DFE5|#EBF7FF|#FFE800,28.0084,25.5588,24.1310,22.2252,19.8046,41.0628,23.8920
1460,Azure Blue|Tan|Lime Green|Pink,#0066D9|#A79E82|#D5D701|#F1A1AF,29.2759,25.8355,24.1108,21.9492,19.3640,45.8523,23.8923
1461,Dark Grey|Polymaker Teal|Brown|Yellow,#485259|#4CC0C7|#55331A|#FFE800,27.6072,25.2449,24.0285,22.5399,20.8110,54.7776,23.8924
1462,Azure Blue|Dark Olive Drab|Lime Green|Pink,#0066D9|#575B54|#D5D701|#F1A1AF,30.6915,26.1920,24.0712,21.5946,18.9345,80.9104,23.8933
1463,Azure Blue|Polymaker Teal|Tan|Cold White,#0066D9|#4CC0C7|#A79E82|#D9DFE5,29.1690,25.7972,24.1074,21.9923,19.4627,45.7900,23.8947
1464,Black|Dark Olive Drab|Cold White|Pink,#080A0D|#575B54|#D9DFE5|#F1A1AF,34.0223,26.6867,23.8174,21.1126,18.4002,48.3683,23.8997
1465,Azure Blue|Brown|Grey|Red,#0066D9|#55331A|#8C9099|#E72F1D,31.1082,26.1598,24.0947,21.6413,18.6757,48.3522,23.9005
1466,Blue|Black|Olive Green|Orange,#003776|#080A0D|#948902|#F67405,37.4643,27.6522,23.3620,20.1495,18.3836,76.2873,23.9009
1467,Azure Blue|Polymaker Teal|Tan|Yellow,#0066D9|#4CC0C7|#A79E82|#FFE800,29.1641,25.7982,24.1261,22.0046,19.4483,45.3019,23.9014
1468,Green|Purple|Lime Green|Magenta,#06924D|#6C47B2|#D5D701|#F24574,46.7644,28.9167,23.0931,18.8918,16.0495,65.9463,23.9042
1469,Dark Olive Drab|Tan|Cold White|White,#575B54|#A79E82|#D9DFE5|#EBF7FF,28.0244,25.5766,24.1493,22.2319,19.7989,41.1506,23.9042
1470,Azure Blue|Tan|White|Orange,#0066D9|#A79E82|#EBF7FF|#F67405,29.1765,25.8175,24.1297,21.9916,19.4257,45.4067,23.9045
1471,Black|Brown|Grey|Olive Green,#080A0D|#55331A|#8C9099|#948902,33.5139,26.6114,23.9256,21.2007,18.2422,61.1395,23.9060
1472,Azure Blue|Purple|Tan|Red,#0066D9|#6C47B2|#A79E82|#E72F1D,30.1024,26.0137,24.1052,21.8027,19.1225,45.4043,23.9082
1473,Azure Blue|Purple|Tan|Orange,#0066D9|#6C47B2|#A79E82|#F67405,30.0209,26.0046,24.1000,21.8118,19.1364,45.7406,23.9082
1474,Azure Blue|Black|Brown|Lime Green,#0066D9|#080A0D|#55331A|#D5D701,36.2744,27.5331,23.8641,20.2858,17.1323,84.2480,23.9094
1475,Dark Grey|Polymaker Teal|Dark Olive Drab|Yellow,#485259|#4CC0C7|#575B54|#FFE800,27.2000,25.2133,24.0852,22.6108,20.8544,54.9987,23.9121
1476,Green|Purple|Red|Pink,#06924D|#6C47B2|#E72F1D|#F1A1AF,46.4468,29.1434,23.2400,18.6809,15.2219,65.6368,23.9122
1477,Dark Olive Drab|Purple|Cold White|Pink,#575B54|#6C47B2|#D9DFE5|#F1A1AF,29.1693,25.9396,24.1379,21.8862,19.2436,56.4241,23.9129
1478,Azure Blue|Tan|Cold White|White,#0066D9|#A79E82|#D9DFE5|#EBF7FF,29.1666,25.8130,24.1340,22.0130,19.4627,45.3673,23.9130
1479,Azure Blue|Tan|Cold White|Pink,#0066D9|#A79E82|#D9DFE5|#F1A1AF,29.2192,25.8324,24.1400,22.0090,19.4776,45.5492,23.9207
1480,Azure Blue|Tan|White|Yellow,#0066D9|#A79E82|#EBF7FF|#FFE800,29.1977,25.8203,24.1398,22.0221,19.4921,45.7708,23.9212
1481,Azure Blue|Tan|Cold White|Red,#0066D9|#A79E82|#D9DFE5|#E72F1D,29.2108,25.8320,24.1437,22.0106,19.4410,46.0892,23.9213
1482,Azure Blue|Black|Polymaker Teal|Dark Olive Drab,#0066D9|#080A0D|#4CC0C7|#575B54,28.5359,25.3982,24.0407,22.4549,20.5841,51.5507,23.9265
1483,Black|Purple|Tan|Cold White,#080A0D|#6C47B2|#A79E82|#D9DFE5,39.1546,28.2279,23.5604,19.6400,16.5380,52.8476,23.9340
1484,Azure Blue|Brown|Grey|White,#0066D9|#55331A|#8C9099|#EBF7FF,31.9693,26.2226,24.0083,21.6468,18.9777,50.6784,23.9347
1485,Blue|Green|Black|Red,#003776|#06924D|#080A0D|#E72F1D,33.4854,26.6035,23.5637,21.2676,20.0121,67.4028,23.9356
1486,Azure Blue|Dark Grey|Dark Olive Drab|Orange,#0066D9|#485259|#575B54|#F67405,29.4020,25.5997,24.0012,22.2738,20.4084,56.3987,23.9367
1487,Azure Blue|Tan|White|Pink,#0066D9|#A79E82|#EBF7FF|#F1A1AF,29.2269,25.8394,24.1522,22.0360,19.4938,45.5407,23.9377
1488,Blue|Polymaker Teal|Lime Green|White,#003776|#4CC0C7|#D5D701|#EBF7FF,32.0868,26.7986,24.0885,21.0790,18.2905,64.2637,23.9388
1489,Dark Olive Drab|Grey|Cold White|Magenta,#575B54|#8C9099|#D9DFE5|#F24574,27.8808,25.6225,24.2299,22.2624,19.6683,41.7571,23.9425
1490,Azure Blue|Tan|Red|Pink,#0066D9|#A79E82|#E72F1D|#F1A1AF,29.2853,25.8820,24.1674,22.0078,19.4191,45.6363,23.9449
1491,Azure Blue|Green|Grey|Yellow,#0066D9|#06924D|#8C9099|#FFE800,31.5829,26.3928,24.0857,21.4979,18.6811,50.2772,23.9454
1492,Azure Blue|Brown|Cold White|Magenta,#0066D9|#55331A|#D9DFE5|#F24574,35.7740,27.0201,23.7477,20.8748,18.2283,50.9854,23.9474
1493,Azure Blue|Tan|Cold White|Magenta,#0066D9|#A79E82|#D9DFE5|#F24574,29.2467,25.8570,24.1635,22.0408,19.4986,45.3357,23.9489
1494,Azure Blue|Dark Olive Drab|Cold White|Orange,#0066D9|#575B54|#D9DFE5|#F67405,29.0579,25.9781,24.2426,21.9246,19.0331,57.6803,23.9514
1495,Green|Purple|Olive Green|Red,#06924D|#6C47B2|#948902|#E72F1D,50.8756,29.9734,22.9405,17.9350,14.5963,67.5950,23.9542
1496,Blue|Azure Blue|Dark Olive Drab|Orange,#003776|#0066D9|#575B54|#F67405,29.3128,25.5546,24.0197,22.3620,20.5494,56.3571,23.9583
1497,Dark Grey|Brown|Pink|Yellow,#485259|#55331A|#F1A1AF|#FFE800,26.9221,25.2038,24.1723,22.7139,20.8293,42.3013,23.9589
1498,Azure Blue|Tan|Magenta|Yellow,#0066D9|#A79E82|#F24574|#FFE800,29.2383,25.8687,24.1840,22.0516,19.4687,45.9570,23.9602
1499,Dark Grey|Polymaker Teal|Pink|Magenta,#485259|#4CC0C7|#F1A1AF|#F24574,29.0162,26.1108,24.3093,21.8104,18.8022,54.5727,23.9606
1500,Dark Grey|Grey|Lime Green|Pink,#485259|#8C9099|#D5D701|#F1A1AF,28.1226,25.8105,24.3157,22.1260,19.1670,73.1156,23.9683
1501,Azure Blue|Green|Dark Olive Drab|Grey,#0066D9|#06924D|#575B54|#8C9099,30.2780,26.2495,24.2464,21.6885,18.6376,60.4236,23.9690
1502,Black|Dark Grey|Pink|Yellow,#080A0D|#485259|#F1A1AF|#FFE800,26.9231,25.2207,24.1895,22.7190,20.8181,42.2309,23.9699
1503,Dark Grey|Purple|Pink|Yellow,#485259|#6C47B2|#F1A1AF|#FFE800,26.9231,25.2207,24.1895,22.7190,20.8181,42.2309,23.9699
1504,Dark Grey|Olive Green|Pink|Yellow,#485259|#948902|#F1A1AF|#FFE800,26.9231,25.2207,24.1895,22.7190,20.8181,42.2309,23.9699
1505,Dark Grey|Red|Pink|Yellow,#485259|#E72F1D|#F1A1AF|#FFE800,26.9231,25.2207,24.1895,22.7190,20.8181,42.2309,23.9699
1506,Dark Grey|Pink|Magenta|Yellow,#485259|#F1A1AF|#F24574|#FFE800,26.9231,25.2207,24.1895,22.7190,20.8181,42.2309,23.9699
1507,Dark Grey|Pink|Orange|Yellow,#485259|#F1A1AF|#F67405|#FFE800,26.9231,25.2207,24.1895,22.7190,20.8181,42.2309,23.9699
1508,Brown|Purple|Grey|Cold White,#55331A|#6C47B2|#8C9099|#D9DFE5,33.1738,26.5562,24.0153,21.3902,18.4626,52.7877,23.9732
1509,Polymaker Teal|Brown|Olive Green|Magenta,#4CC0C7|#55331A|#948902|#F24574,36.5277,27.3465,23.7893,20.6050,17.7185,47.8293,23.9757
1510,Azure Blue|Polymaker Teal|Tan|Pink,#0066D9|#4CC0C7|#A79E82|#F1A1AF,29.2741,25.8946,24.2005,22.0587,19.4932,45.7235,23.9766
1511,Green|Purple|Pink|Orange,#06924D|#6C47B2|#F1A1AF|#F67405,46.4963,29.1345,23.2061,18.8239,15.7261,65.4625,23.9792
1512,Dark Grey|Dark Olive Drab|Pink|Yellow,#485259|#575B54|#F1A1AF|#FFE800,26.9274,25.2204,24.1946,22.7441,20.8711,42.4847,23.9823
1513,Azure Blue|Tan|Pink|Orange,#0066D9|#A79E82|#F1A1AF|#F67405,29.2801,25.9065,24.2101,22.0584,19.4865,45.5399,23.9825
1514,Black|Dark Olive Drab|Cold White|Red,#080A0D|#575B54|#D9DFE5|#E72F1D,34.6535,26.8979,23.8700,21.0671,18.3457,48.4331,23.9825
1515,Black|Polymaker Teal|Purple|Pink,#080A0D|#4CC0C7|#6C47B2|#F1A1AF,39.3310,28.6035,23.8251,19.3685,15.6957,53.5628,23.9860
1516,Azure Blue|Black|Dark Olive Drab|Orange,#0066D9|#080A0D|#575B54|#F67405,29.2616,25.5654,24.0524,22.4067,20.5950,56.4385,23.9861
1517,Azure Blue|Dark Olive Drab|Purple|Orange,#0066D9|#575B54|#6C47B2|#F67405,29.2616,25.5654,24.0524,22.4067,20.5950,56.4385,23.9861
1518,Azure Blue|Dark Olive Drab|Red|Orange,#0066D9|#575B54|#E72F1D|#F67405,29.2616,25.5654,24.0524,22.4067,20.5950,56.4385,23.9861
1519,Blue|Brown|Olive Green|Orange,#003776|#55331A|#948902|#F67405,37.5216,27.8320,23.5363,20.1495,18.4332,76.2050,23.9908
1520,Blue|Black|Dark Grey|White,#003776|#080A0D|#485259|#EBF7FF,32.3229,26.4614,24.0144,21.5316,19.1644,67.2707,23.9965
1521,Black|Grey|Olive Green|White,#080A0D|#8C9099|#948902|#EBF7FF,34.7655,26.9347,23.9057,21.0592,18.3254,50.6637,23.9970
1522,Azure Blue|Tan|Pink|Magenta,#0066D9|#A79E82|#F1A1AF|#F24574,29.3452,25.9541,24.2265,22.0407,19.4393,45.6020,23.9974
1523,Azure Blue|Tan|Orange|Yellow,#0066D9|#A79E82|#F67405|#FFE800,29.2954,25.9234,24.2240,22.0725,19.5022,45.5929,23.9979
1524,Blue|Black|Grey|Cold White,#003776|#080A0D|#8C9099|#D9DFE5,38.8610,28.2585,23.6452,19.7414,16.6678,57.9366,24.0000
1525,Azure Blue|Brown|Dark Olive Drab|Orange,#0066D9|#55331A|#575B54|#F67405,29.2352,25.5757,24.0773,22.4276,20.6055,56.7423,24.0017
1526,Azure Blue|Tan|Pink|Yellow,#0066D9|#A79E82|#F1A1AF|#FFE800,29.2867,25.9196,24.2327,22.0851,19.5101,45.6241,24.0024
1527,Black|Dark Olive Drab|Cold White|Orange,#080A0D|#575B54|#D9DFE5|#F67405,34.4581,26.8959,23.8766,21.1152,18.3915,48.6564,24.0056
1528,Green|Dark Grey|Polymaker Teal|Pink,#06924D|#485259|#4CC0C7|#F1A1AF,29.0611,26.1522,24.3755,21.8662,18.6135,54.6424,24.0092
1529,Azure Blue|Polymaker Teal|Brown|White,#0066D9|#4CC0C7|#55331A|#EBF7FF,34.9902,26.7186,23.7775,21.3013,19.0980,53.2102,24.0100
1530,Blue|Green|Olive Green|Red,#003776|#06924D|#948902|#E72F1D,33.4044,26.6776,23.6984,21.3523,20.0320,67.3912,24.0150
1531,Green|Black|Purple|Red,#06924D|#080A0D|#6C47B2|#E72F1D,45.8529,28.7402,23.2271,19.3005,16.4985,62.7236,24.0204
1532,Dark Olive Drab|Grey|Cold White|Pink,#575B54|#8C9099|#D9DFE5|#F1A1AF,27.9191,25.7054,24.3162,22.3366,19.7256,41.9136,24.0210
1533,Dark Grey|Dark Olive Drab|Olive Green|Pink,#485259|#575B54|#948902|#F1A1AF,27.8887,25.5003,24.2195,22.5485,20.5170,43.3356,24.0244
1534,Azure Blue|Tan|Red|Magenta,#0066D9|#A79E82|#E72F1D|#F24574,29.3144,25.9432,24.2479,22.1079,19.5113,45.8105,24.0255
1535,Black|Brown|Dark Olive Drab|Cold White,#080A0D|#55331A|#575B54|#D9DFE5,35.9929,27.2961,23.8144,20.7585,18.0109,48.9155,24.0273
1536,Azure Blue|Brown|Cold White|Pink,#0066D9|#55331A|#D9DFE5|#F1A1AF,35.7961,27.0494,23.8262,21.0069,18.3688,51.2031,24.0282
1537,Dark Olive Drab|Tan|Cold White|Orange,#575B54|#A79E82|#D9DFE5|#F67405,28.2451,25.7386,24.2837,22.3180,19.8106,42.0484,24.0283
1538,Black|Grey|Olive Green|Tan,#080A0D|#8C9099|#948902|#A79E82,33.3926,26.7143,24.0609,21.3486,18.4060,62.4410,24.0314
1539,Blue|Black|Olive Green|Red,#003776|#080A0D|#948902|#E72F1D,37.5427,27.7004,23.4296,20.3628,18.7654,76.5511,24.0316
1540,Blue|Green|Purple|Red,#003776|#06924D|#6C47B2|#E72F1D,45.8353,28.8174,23.2588,19.2493,16.4747,62.5449,24.0333
1541,Black|Dark Olive Drab|Olive Green|Cold White,#080A0D|#575B54|#948902|#D9DFE5,38.1773,27.8981,23.6645,20.1700,17.3217,51.3765,24.0341
1542,Blue|Green|Purple|Olive Green,#003776|#06924D|#6C47B2|#948902,50.8637,29.9693,23.0176,18.1189,14.7869,66.8035,24.0441
1543,Azure Blue|Brown|Purple|Cold White,#0066D9|#55331A|#6C47B2|#D9DFE5,35.8460,27.0730,23.8217,21.0161,18.4054,51.2267,24.0445
1544,Azure Blue|Dark Olive Drab|Grey|White,#0066D9|#575B54|#8C9099|#EBF7FF,29.1325,25.9938,24.3328,22.0966,19.2250,70.3934,24.0452
1545,Green|Dark Olive Drab|Purple|Olive Green,#06924D|#575B54|#6C47B2|#948902,50.8416,30.1196,23.0793,17.9771,14.5856,67.6809,24.0483
1546,Black|Purple|Grey|Magenta,#080A0D|#6C47B2|#8C9099|#F24574,32.9578,26.6209,24.1406,21.4781,18.4288,53.8260,24.0495
1547,Dark Olive Drab|Purple|Cold White|White,#575B54|#6C47B2|#D9DFE5|#EBF7FF,30.1936,26.2954,24.2662,21.8259,19.0686,56.9838,24.0607
1548,Blue|Azure Blue|White|Pink,#003776|#0066D9|#EBF7FF|#F1A1AF,30.2102,26.1216,24.1336,22.0051,19.9238,59.1757,24.0634
1549,Azure Blue|Tan|Magenta|Orange,#0066D9|#A79E82|#F24574|#F67405,29.3419,25.9878,24.2878,22.1392,19.5463,46.0533,24.0635
1550,Blue|Black|Olive Green|Magenta,#003776|#080A0D|#948902|#F24574,36.9698,27.5668,23.5360,20.5640,19.1291,74.6881,24.0654
1551,Blue|Olive Green|Red|Magenta,#003776|#948902|#E72F1D|#F24574,36.9698,27.5668,23.5360,20.5640,19.1291,74.6881,24.0654
1552,Blue|Olive Green|Magenta|Orange,#003776|#948902|#F24574|#F67405,36.9698,27.5668,23.5360,20.5640,19.1291,74.6881,24.0654
1553,Blue|White|Pink|Magenta,#003776|#EBF7FF|#F1A1AF|#F24574,30.2229,26.1150,24.1279,22.0250,19.9902,59.9298,24.0700
1554,Purple|Grey|Tan|White,#6C47B2|#8C9099|#A79E82|#EBF7FF,31.8237,26.5481,24.2700,21.5941,18.3782,42.5348,24.0711
1555,Azure Blue|Tan|Red|Orange,#0066D9|#A79E82|#E72F1D|#F67405,29.3876,25.9991,24.2979,22.1431,19.5380,46.1204,24.0711
1556,Azure Blue|Dark Olive Drab|Magenta|Orange,#0066D9|#575B54|#F24574|#F67405,29.2988,25.6508,24.1514,22.5008,20.6714,56.2390,24.0758
1557,Dark Olive Drab|Grey|Cold White|Red,#575B54|#8C9099|#D9DFE5|#E72F1D,28.0667,25.7990,24.3773,22.3544,19.6961,42.2220,24.0767
1558,Black|Grey|Olive Green|Yellow,#080A0D|#8C9099|#948902|#FFE800,33.4978,26.7246,24.0781,21.4350,18.5844,60.3060,24.0798
1559,Dark Olive Drab|Purple|Cold White|Red,#575B54|#6C47B2|#D9DFE5|#E72F1D,28.9682,25.9824,24.3106,22.1819,19.6303,57.3392,24.0822
1560,Green|Brown|Purple|Olive Green,#06924D|#55331A|#6C47B2|#948902,51.2807,30.1760,23.0595,17.9892,14.6583,68.6993,24.0826
1561,Black|Dark Olive Drab|Grey|Yellow,#080A0D|#575B54|#8C9099|#FFE800,30.7069,26.1924,24.2732,21.9734,19.1386,44.4820,24.0829
1562,Azure Blue|Dark Grey|Purple|Grey,#0066D9|#485259|#6C47B2|#8C9099,28.3409,25.9787,24.4467,22.1884,19.1828,77.6349,24.0836
1563,Blue|Azure Blue|Dark Grey|Grey,#003776|#0066D9|#485259|#8C9099,28.3444,25.9862,24.4529,22.1917,19.1837,77.7361,24.0889
1564,Blue|Green|Dark Olive Drab|Magenta,#003776|#06924D|#575B54|#F24574,35.5108,27.3351,23.7445,20.8509,18.9577,59.8119,24.0930
1565,Blue|Purple|White|Pink,#003776|#6C47B2|#EBF7FF|#F1A1AF,30.2763,26.1498,24.1442,22.0365,20.0052,59.6265,24.0931
1566,Azure Blue|Green|Lime Green|Cold White,#0066D9|#06924D|#D5D701|#D9DFE5,32.6630,26.8350,24.1638,21.3629,18.6887,51.7737,24.0989
1567,Green|Dark Grey|Purple|Pink,#06924D|#485259|#6C47B2|#F1A1AF,43.8320,29.1726,23.6934,19.0416,15.2076,68.9695,24.1071
1568,Azure Blue|Dark Grey|Polymaker Teal|Magenta,#0066D9|#485259|#4CC0C7|#F24574,30.3447,26.5165,24.4273,21.7097,18.3551,63.0752,24.1131
1569,Blue|Brown|Olive Green|Magenta,#003776|#55331A|#948902|#F24574,37.0940,27.6964,23.6036,20.5299,19.0810,74.3224,24.1132
1570,Black|Grey|Orange|Yellow,#080A0D|#8C9099|#F67405|#FFE800,33.0531,26.7050,24.1749,21.5246,18.5874,48.3367,24.1148
1571,Blue|Azure Blue|Polymaker Teal|Yellow,#003776|#0066D9|#4CC0C7|#FFE800,31.6126,26.4247,24.0346,21.8070,19.9981,63.4520,24.1158
1572,Black|Grey|Lime Green|White,#080A0D|#8C9099|#D5D701|#EBF7FF,34.2906,26.8544,24.0234,21.3776,18.7999,49.3003,24.1160
1573,Polymaker Teal|Purple|Orange|Yellow,#4CC0C7|#6C47B2|#F67405|#FFE800,37.0585,27.2019,23.8558,21.0329,18.6581,48.7687,24.1174
1574,Dark Grey|Dark Olive Drab|White|Magenta,#485259|#575B54|#EBF7FF|#F24574,27.5459,25.6141,24.4077,22.6249,20.2492,45.3165,24.1195
1575,Azure Blue|Brown|Dark Olive Drab|Cold White,#0066D9|#55331A|#575B54|#D9DFE5,30.6002,26.4266,24.3268,21.8131,18.9850,61.6111,24.1198
1576,Purple|Grey|Tan|Cold White,#6C47B2|#8C9099|#A79E82|#D9DFE5,31.8114,26.5984,24.3404,21.6476,18.4101,42.4752,24.1230
1577,Azure Blue|Green|Grey|Lime Green,#0066D9|#06924D|#8C9099|#D5D701,32.5857,26.8491,24.2042,21.4041,18.7179,51.4879,24.1266
1578,Azure Blue|Black|Brown|Grey,#0066D9|#080A0D|#55331A|#8C9099,32.5480,26.5826,24.2355,21.6723,18.7080,54.4057,24.1275
1579,Green|Brown|Purple|Pink,#06924D|#55331A|#6C47B2|#F1A1AF,46.0398,29.4123,23.5520,18.8469,15.1341,67.6190,24.1296
1580,Black|Grey|Magenta|Yellow,#080A0D|#8C9099|#F24574|#FFE800,33.1028,26.7585,24.1877,21.5018,18.5569,48.4000,24.1302
1581,Black|Dark Grey|Purple|Grey,#080A0D|#485259|#6C47B2|#8C9099,29.5019,26.1704,24.4322,22.0902,19.0885,73.1487,24.1303
1582,Blue|Black|Brown|Olive Green,#003776|#080A0D|#55331A|#948902,37.6597,27.9764,23.6600,20.2860,18.4747,76.1381,24.1312
1583,Green|Dark Olive Drab|Cold White|Orange,#06924D|#575B54|#D9DFE5|#F67405,28.3255,25.8446,24.3879,22.4191,19.9182,42.9806,24.1318
1584,Dark Olive Drab|Olive Green|Cold White|Orange,#575B54|#948902|#D9DFE5|#F67405,28.3255,25.8446,24.3879,22.4191,19.9182,42.9806,24.1318
1585,Dark Olive Drab|Lime Green|Cold White|Orange,#575B54|#D5D701|#D9DFE5|#F67405,28.3255,25.8446,24.3879,22.4191,19.9182,42.9806,24.1318
1586,Dark Olive Drab|Cold White|Orange|Yellow,#575B54|#D9DFE5|#F67405|#FFE800,28.3255,25.8446,24.3879,22.4191,19.9182,42.9806,24.1318
1587,Dark Grey|Polymaker Teal|Brown|Olive Green,#485259|#4CC0C7|#55331A|#948902,29.9829,25.9570,24.1802,22.3268,20.4455,54.6745,24.1419
1588,Green|Black|Dark Grey|Grey,#06924D|#080A0D|#485259|#8C9099,32.0348,26.6169,24.3189,21.6687,18.5790,55.7444,24.1428
1589,Green|Black|Dark Olive Drab|Grey,#06924D|#080A0D|#575B54|#8C9099,32.7758,26.7147,24.2637,21.5750,18.5072,50.6706,24.1449
1590,Green|Dark Olive Drab|Purple|Tan,#06924D|#575B54|#6C47B2|#A79E82,42.1509,28.7328,23.8424,19.5811,15.9483,68.6330,24.1569
1591,Blue|Brown|Olive Green|Red,#003776|#55331A|#948902|#E72F1D,37.6981,27.9998,23.7054,20.3418,18.5880,76.4869,24.1708
1592,Green|Dark Grey|Polymaker Teal|Yellow,#06924D|#485259|#4CC0C7|#FFE800,27.5751,25.5076,24.3479,22.8427,21.0459,55.0104,24.1752
1593,Black|Dark Grey|Polymaker Teal|Yellow,#080A0D|#485259|#4CC0C7|#FFE800,27.5751,25.5076,24.3479,22.8427,21.0459,55.0104,24.1752
1594,Dark Grey|Polymaker Teal|Lime Green|Yellow,#485259|#4CC0C7|#D5D701|#FFE800,27.5751,25.5076,24.3479,22.8427,21.0459,55.0104,24.1752
1595,Purple|Grey|Tan|Yellow,#6C47B2|#8C9099|#A79E82|#FFE800,31.7992,26.6566,24.4002,21.6986,18.4337,42.4806,24.1776
1596,Azure Blue|Dark Grey|Olive Green|Tan,#0066D9|#485259|#948902|#A79E82,31.1134,26.9333,24.5546,21.4243,17.7761,85.3948,24.1788
1597,Black|Grey|Red|Yellow,#080A0D|#8C9099|#E72F1D|#FFE800,33.1190,26.7713,24.2309,21.5923,18.6714,48.6332,24.1818
1598,Green|Brown|Purple|Red,#06924D|#55331A|#6C47B2|#E72F1D,46.1694,29.0197,23.4024,19.3474,16.4703,63.3787,24.1835
1599,Green|Dark Grey|Polymaker Teal|Lime Green,#06924D|#485259|#4CC0C7|#D5D701,27.6274,25.5077,24.3427,22.8618,21.1019,54.8895,24.1848
1600,Black|Dark Grey|Polymaker Teal|Lime Green,#080A0D|#485259|#4CC0C7|#D5D701,27.6274,25.5077,24.3427,22.8618,21.1019,54.8895,24.1848
1601,Dark Grey|Polymaker Teal|Olive Green|Lime Green,#485259|#4CC0C7|#948902|#D5D701,27.6448,25.5206,24.3435,22.8516,21.0939,55.0942,24.1861
1602,Azure Blue|Green|Dark Olive Drab|White,#0066D9|#06924D|#575B54|#EBF7FF,30.4366,26.2685,24.3548,22.1108,19.5933,61.5933,24.1897
1603,Black|Grey|Cold White|Orange,#080A0D|#8C9099|#D9DFE5|#F67405,38.0843,28.0764,23.9018,20.3156,17.3228,50.4029,24.1960
1604,Azure Blue|Purple|Grey|Tan,#0066D9|#6C47B2|#8C9099|#A79E82,30.4698,26.4804,24.4875,21.9138,18.7062,42.0306,24.1971
1605,Dark Grey|Polymaker Teal|Olive Green|Yellow,#485259|#4CC0C7|#948902|#FFE800,27.5939,25.5243,24.3683,22.8706,21.0815,54.9660,24.1974
1606,Blue|Azure Blue|Green|Orange,#003776|#0066D9|#06924D|#F67405,33.2112,26.4734,23.9429,21.9219,20.4013,57.8527,24.1977
1607,Dark Grey|Polymaker Teal|Brown|Magenta,#485259|#4CC0C7|#55331A|#F24574,30.6496,26.5727,24.4655,21.8261,18.7460,54.7237,24.1994
1608,Blue|Polymaker Teal|Brown|Yellow,#003776|#4CC0C7|#55331A|#FFE800,32.0267,26.6487,24.1215,21.7632,19.7941,65.9573,24.2059
1609,Green|Purple|Red|Orange,#06924D|#6C47B2|#E72F1D|#F67405,46.7226,29.2103,23.3959,19.2016,16.2953,62.0350,24.2060
1610,Azure Blue|Green|Lime Green|White,#0066D9|#06924D|#D5D701|#EBF7FF,32.7012,26.9231,24.2771,21.4898,18.8718,51.7518,24.2065
1611,Blue|Black|Brown|Cold White,#003776|#080A0D|#55331A|#D9DFE5,38.4556,28.2486,23.8595,20.1737,17.2326,52.4449,24.2111
1612,Azure Blue|Dark Olive Drab|White|Yellow,#0066D9|#575B54|#EBF7FF|#FFE800,30.6557,26.4896,24.4689,21.9448,18.8731,71.7305,24.2172
1613,Azure Blue|Green|Lime Green|Yellow,#0066D9|#06924D|#D5D701|#FFE800,32.8436,26.9649,24.3002,21.4744,18.7792,52.0049,24.2196
1614,Black|Brown|Grey|Cold White,#080A0D|#55331A|#8C9099|#D9DFE5,37.4422,27.9004,23.9279,20.5468,17.6484,49.9404,24.2236
1615,Dark Grey|Polymaker Teal|Red|Magenta,#485259|#4CC0C7|#E72F1D|#F24574,29.4965,26.4263,24.5634,22.0287,18.9635,55.7117,24.2275
1616,Black|Dark Olive Drab|Tan|Cold White,#080A0D|#575B54|#A79E82|#D9DFE5,37.4731,27.8738,23.9466,20.5844,17.6902,50.5164,24.2291
1617,Green|Dark Olive Drab|Purple|Red,#06924D|#575B54|#6C47B2|#E72F1D,45.9893,29.0722,23.4960,19.4090,16.4942,63.0005,24.2406
1618,Black|Dark Olive Drab|Grey|White,#080A0D|#575B54|#8C9099|#EBF7FF,32.9519,26.6196,24.2163,21.8671,19.4100,48.3079,24.2433
1619,Polymaker Teal|Brown|Grey|Olive Green,#4CC0C7|#55331A|#8C9099|#948902,31.5723,26.5746,24.4485,21.9291,18.8702,47.8195,24.2519
1620,Green|Black|Purple|Orange,#06924D|#080A0D|#6C47B2|#F67405,46.7292,29.3267,23.5313,19.1786,16.2320,62.8654,24.2527
1621,Azure Blue|Black|Purple|Grey,#0066D9|#080A0D|#6C47B2|#8C9099,33.0853,26.7834,24.3425,21.7237,18.7362,57.0532,24.2535
1622,Azure Blue|Green|Cold White|Yellow,#0066D9|#06924D|#D9DFE5|#FFE800,33.9574,27.1524,24.2269,21.3565,18.7541,54.6992,24.2545
1623,Blue|Azure Blue|Black|Grey,#003776|#0066D9|#080A0D|#8C9099,33.0973,26.8019,24.3512,21.7102,18.7029,57.1943,24.2561
1624,Brown|Dark Olive Drab|Grey|Cold White,#55331A|#575B54|#8C9099|#D9DFE5,28.9079,26.0861,24.5194,22.4306,19.7252,43.7154,24.2583
1625,Blue|Black|Lime Green|Pink,#003776|#080A0D|#D5D701|#F1A1AF,31.7675,26.6326,24.1927,21.8944,19.8273,61.7839,24.2635
1626,Blue|Purple|Lime Green|Pink,#003776|#6C47B2|#D5D701|#F1A1AF,31.7675,26.6326,24.1927,21.8944,19.8273,61.7839,24.2635
1627,Blue|Lime Green|Red|Pink,#003776|#D5D701|#E72F1D|#F1A1AF,31.7675,26.6326,24.1927,21.8944,19.8273,61.7839,24.2635
1628,Blue|Lime Green|Pink|Magenta,#003776|#D5D701|#F1A1AF|#F24574,31.7675,26.6326,24.1927,21.8944,19.8273,61.7839,24.2635
1629,Blue|Lime Green|Pink|Orange,#003776|#D5D701|#F1A1AF|#F67405,31.7675,26.6326,24.1927,21.8944,19.8273,61.7839,24.2635
1630,Blue|Lime Green|Pink|Yellow,#003776|#D5D701|#F1A1AF|#FFE800,31.7675,26.6326,24.1927,21.8944,19.8273,61.7839,24.2635
1631,Blue|Polymaker Teal|Dark Olive Drab|Yellow,#003776|#4CC0C7|#575B54|#FFE800,32.1490,26.7555,24.2003,21.8027,19.8456,66.1377,24.2791
1632,Green|Purple|Grey|Cold White,#06924D|#6C47B2|#8C9099|#D9DFE5,40.9584,28.3995,23.9631,20.1601,16.8086,59.6914,24.2798
1633,Green|Black|Dark Grey|Pink,#06924D|#080A0D|#485259|#F1A1AF,29.4363,26.2110,24.4971,22.3515,19.9179,56.6469,24.2813
1634,Green|Dark Grey|Olive Green|Pink,#06924D|#485259|#948902|#F1A1AF,29.4363,26.2110,24.4971,22.3515,19.9179,56.6469,24.2813
1635,Green|Dark Grey|Lime Green|Pink,#06924D|#485259|#D5D701|#F1A1AF,29.4363,26.2110,24.4971,22.3515,19.9179,56.6469,24.2813
1636,Green|Dark Grey|Red|Pink,#06924D|#485259|#E72F1D|#F1A1AF,29.4363,26.2110,24.4971,22.3515,19.9179,56.6469,24.2813
1637,Green|Dark Grey|Pink|Magenta,#06924D|#485259|#F1A1AF|#F24574,29.4363,26.2110,24.4971,22.3515,19.9179,56.6469,24.2813
1638,Green|Dark Grey|Pink|Orange,#06924D|#485259|#F1A1AF|#F67405,29.4363,26.2110,24.4971,22.3515,19.9179,56.6469,24.2813
1639,Green|Dark Grey|Pink|Yellow,#06924D|#485259|#F1A1AF|#FFE800,29.4363,26.2110,24.4971,22.3515,19.9179,56.6469,24.2813
1640,Green|Purple|Olive Green|Orange,#06924D|#6C47B2|#948902|#F67405,46.9393,29.3249,23.5023,19.2466,16.3501,62.8409,24.2858
1641,Blue|Green|Dark Olive Drab|Olive Green,#003776|#06924D|#575B54|#948902,31.1239,26.1184,24.2371,22.4600,20.7728,64.0735,24.2892
1642,Polymaker Teal|Purple|White|Orange,#4CC0C7|#6C47B2|#EBF7FF|#F67405,37.1571,27.3806,24.0618,21.2004,18.7577,48.7113,24.2905
1643,Azure Blue|Green|Purple|Grey,#0066D9|#06924D|#6C47B2|#8C9099,40.5446,28.2969,23.9593,20.2855,16.8550,59.8717,24.2912
1644,Green|Black|Grey|Pink,#06924D|#080A0D|#8C9099|#F1A1AF,33.2296,26.9109,24.3818,21.6767,18.6002,52.0935,24.2938
1645,Blue|Olive Green|Lime Green|Pink,#003776|#948902|#D5D701|#F1A1AF,31.6753,26.6011,24.2146,21.9879,19.9313,62.1714,24.2945
1646,Green|Polymaker Teal|Purple|Grey,#06924D|#4CC0C7|#6C47B2|#8C9099,40.6349,28.2851,24.0089,20.3142,16.9207,59.3863,24.2996
1647,Purple|Grey|Tan|Magenta,#6C47B2|#8C9099|#A79E82|#F24574,31.8511,26.7829,24.5323,21.8166,18.5218,42.6795,24.2998
1648,Green|Black|Polymaker Teal|Grey,#06924D|#080A0D|#4CC0C7|#8C9099,33.0844,26.9567,24.4338,21.6457,18.5380,55.3322,24.3012
1649,Purple|Grey|Lime Green|Red,#6C47B2|#8C9099|#D5D701|#E72F1D,31.9418,26.7568,24.5017,21.8490,18.6525,41.8252,24.3029
1650,Blue|Green|Brown|Magenta,#003776|#06924D|#55331A|#F24574,35.6253,27.4487,23.9686,21.1584,19.2798,60.6789,24.3036
1651,Blue|Green|Black|Magenta,#003776|#06924D|#080A0D|#F24574,35.5254,27.3729,23.9506,21.2373,19.4289,60.9217,24.3051
1652,Blue|Green|Olive Green|Magenta,#003776|#06924D|#948902|#F24574,35.5254,27.3729,23.9506,21.2373,19.4289,60.9217,24.3051
1653,Blue|Green|Red|Magenta,#003776|#06924D|#E72F1D|#F24574,35.5254,27.3729,23.9506,21.2373,19.4289,60.9217,24.3051
1654,Blue|Green|Magenta|Orange,#003776|#06924D|#F24574|#F67405,35.5254,27.3729,23.9506,21.2373,19.4289,60.9217,24.3051
1655,Green|Purple|Grey|White,#06924D|#6C47B2|#8C9099|#EBF7FF,40.9933,28.4127,23.9612,20.2020,16.7876,60.0772,24.3074
1656,Blue|Black|Dark Olive Drab|Grey,#003776|#080A0D|#575B54|#8C9099,29.7088,26.3121,24.5722,22.3027,19.4375,64.4256,24.3074
1657,Azure Blue|Green|Polymaker Teal|Lime Green,#0066D9|#06924D|#4CC0C7|#D5D701,32.6840,26.9797,24.3780,21.6446,19.0034,51.6147,24.3121
1658,Dark Grey|Brown|Lime Green|Magenta,#485259|#55331A|#D5D701|#F24574,27.9657,25.6899,24.4798,22.9474,21.1604,59.1537,24.3186
1659,Dark Grey|Polymaker Teal|Purple|Yellow,#485259|#4CC0C7|#6C47B2|#FFE800,34.1655,27.1158,24.1319,21.5224,19.4316,77.6215,24.3191
1660,Polymaker Teal|Purple|Pink|Orange,#4CC0C7|#6C47B2|#F1A1AF|#F67405,37.1865,27.4106,24.0717,21.2334,18.8058,48.7377,24.3220
1661,Dark Grey|Purple|White|Yellow,#485259|#6C47B2|#EBF7FF|#FFE800,28.8125,26.1579,24.5868,22.4946,20.0447,79.3033,24.3262
1662,Azure Blue|Polymaker Teal|Lime Green|Pink,#0066D9|#4CC0C7|#D5D701|#F1A1AF,32.1250,26.8903,24.4255,21.7653,19.1581,50.7568,24.3278
1663,Green|Black|Olive Green|Cold White,#06924D|#080A0D|#948902|#D9DFE5,39.7582,28.6026,23.8922,20.0594,17.0889,52.1365,24.3310
1664,Blue|Green|Purple|Orange,#003776|#06924D|#6C47B2|#F67405,46.6421,29.3735,23.5945,19.2910,16.3003,62.6221,24.3323
1665,Azure Blue|Dark Grey|Brown|Grey,#0066D9|#485259|#55331A|#8C9099,29.1624,26.2376,24.6404,22.4293,19.5539,78.2302,24.3335
1666,Dark Olive Drab|Grey|Cold White|Orange,#575B54|#8C9099|#D9DFE5|#F67405,28.3319,26.0900,24.6596,22.5791,19.7938,42.6705,24.3345
1667,Azure Blue|Polymaker Teal|Dark Olive Drab|Magenta,#0066D9|#4CC0C7|#575B54|#F24574,30.5503,26.4717,24.5612,22.1988,19.2411,60.3142,24.3352
1668,Blue|Black|Cold White|Red,#003776|#080A0D|#D9DFE5|#E72F1D,39.3974,28.6782,23.9677,20.0191,16.8627,54.8634,24.3487
1669,Polymaker Teal|Purple|Cold White|Orange,#4CC0C7|#6C47B2|#D9DFE5|#F67405,37.3153,27.4554,24.1008,21.2603,18.8460,49.0032,24.3578
1670,Blue|Green|Polymaker Teal|Yellow,#003776|#06924D|#4CC0C7|#FFE800,32.0797,26.7948,24.2885,21.9217,19.9365,66.0982,24.3582
1671,Blue|Black|Polymaker Teal|Yellow,#003776|#080A0D|#4CC0C7|#FFE800,32.0797,26.7948,24.2885,21.9217,19.9365,66.0982,24.3582
1672,Blue|Polymaker Teal|Lime Green|Yellow,#003776|#4CC0C7|#D5D701|#FFE800,32.0797,26.7948,24.2885,21.9217,19.9365,66.0982,24.3582
1673,Black|Dark Grey|Lime Green|Magenta,#080A0D|#485259|#D5D701|#F24574,27.9672,25.7129,24.5199,23.0059,21.2132,59.0053,24.3594
1674,Dark Grey|Lime Green|Red|Magenta,#485259|#D5D701|#E72F1D|#F24574,27.9672,25.7129,24.5199,23.0059,21.2132,59.0053,24.3594
1675,Dark Grey|Lime Green|Magenta|Orange,#485259|#D5D701|#F24574|#F67405,27.9672,25.7129,24.5199,23.0059,21.2132,59.0053,24.3594
1676,Green|Dark Grey|Dark Olive Drab|Pink,#06924D|#485259|#575B54|#F1A1AF,29.5209,26.2983,24.5740,22.4259,19.9999,57.1268,24.3621
1677,Dark Olive Drab|Purple|Cold White|Magenta,#575B54|#6C47B2|#D9DFE5|#F24574,29.3060,26.2946,24.6071,22.4362,19.8283,64.8375,24.3654
1678,Azure Blue|Brown|Cold White|White,#0066D9|#55331A|#D9DFE5|#EBF7FF,35.5821,27.3084,24.2055,21.4305,18.7936,50.8499,24.3694
1679,Purple|Grey|Tan|Orange,#6C47B2|#8C9099|#A79E82|#F67405,31.7423,26.8262,24.6169,21.9184,18.6316,42.5064,24.3723
1680,Green|Dark Grey|Brown|Pink,#06924D|#485259|#55331A|#F1A1AF,29.5065,26.3019,24.5804,22.4449,20.0322,56.9165,24.3734
1681,Azure Blue|Green|Polymaker Teal|Yellow,#0066D9|#06924D|#4CC0C7|#FFE800,34.1077,27.3174,24.3754,21.4307,18.7007,54.5750,24.3740
1682,Azure Blue|Green|Black|Pink,#0066D9|#06924D|#080A0D|#F1A1AF,35.7617,27.5149,24.1998,21.2458,18.7414,56.9442,24.3804
1683,Azure Blue|Polymaker Teal|Purple|Orange,#0066D9|#4CC0C7|#6C47B2|#F67405,37.2446,27.4438,24.1306,21.3262,18.9161,49.1987,24.3850
1684,Purple|Grey|Tan|Red,#6C47B2|#8C9099|#A79E82|#E72F1D,31.7389,26.8335,24.6187,21.9373,18.6656,42.7004,24.3854
1685,Azure Blue|Black|Dark Grey|Grey,#0066D9|#080A0D|#485259|#8C9099,29.8141,26.3588,24.6734,22.4228,19.5497,77.7925,24.3908
1686,Blue|Brown|Lime Green|Pink,#003776|#55331A|#D5D701|#F1A1AF,31.8284,26.7238,24.3301,22.0603,20.0174,62.5638,24.3921
1687,Azure Blue|Brown|White|Yellow,#0066D9|#55331A|#EBF7FF|#FFE800,34.5258,26.9067,24.1814,21.8785,19.8695,50.1125,24.3926
1688,Polymaker Teal|Purple|Magenta|Orange,#4CC0C7|#6C47B2|#F24574|#F67405,37.3490,27.5488,24.1198,21.2442,18.8338,49.1451,24.3965
1689,Blue|Dark Grey|Brown|Olive Green,#003776|#485259|#55331A|#948902,29.7007,25.9822,24.3895,22.8156,21.2265,63.5843,24.3989
1690,Blue|Black|Cold White|Orange,#003776|#080A0D|#D9DFE5|#F67405,39.1479,28.6823,24.1078,20.1235,16.9401,53.7079,24.4029
1691,Azure Blue|Lime Green|White|Pink,#0066D9|#D5D701|#EBF7FF|#F1A1AF,32.2683,26.9932,24.5022,21.8257,19.2112,51.7643,24.4094
1692,Polymaker Teal|Brown|Lime Green|Magenta,#4CC0C7|#55331A|#D5D701|#F24574,36.2892,27.5517,24.2337,21.2677,18.4722,47.5707,24.4097
1693,Green|Dark Olive Drab|Purple|Pink,#06924D|#575B54|#6C47B2|#F1A1AF,44.6684,29.4749,24.0007,19.3474,15.5255,67.1930,24.4111
1694,Dark Grey|Olive Green|Lime Green|Magenta,#485259|#948902|#D5D701|#F24574,28.0543,25.7854,24.5776,23.0497,21.2531,59.4507,24.4176
1695,Black|Polymaker Teal|Olive Green|Cold White,#080A0D|#4CC0C7|#948902|#D9DFE5,39.9433,28.7277,23.9938,20.1228,17.1632,51.7387,24.4253
1696,Dark Grey|Polymaker Teal|Dark Olive Drab|Lime Green,#485259|#4CC0C7|#575B54|#D5D701,27.7768,25.7310,24.5910,23.1206,21.3476,55.3431,24.4258
1697,Blue|Brown|Dark Olive Drab|Pink,#003776|#55331A|#575B54|#F1A1AF,28.8836,25.8598,24.5508,22.9923,21.0857,43.8308,24.4261
1698,Blue|Azure Blue|White|Magenta,#003776|#0066D9|#EBF7FF|#F24574,30.6749,26.5122,24.4856,22.3505,20.3066,60.6653,24.4314
1699,Blue|Black|Dark Olive Drab|Pink,#003776|#080A0D|#575B54|#F1A1AF,28.8844,25.8583,24.5575,23.0107,21.1051,43.8226,24.4345
1700,Blue|Dark Olive Drab|Purple|Pink,#003776|#575B54|#6C47B2|#F1A1AF,28.8844,25.8583,24.5575,23.0107,21.1051,43.8226,24.4345
1701,Blue|Dark Olive Drab|Red|Pink,#003776|#575B54|#E72F1D|#F1A1AF,28.8844,25.8583,24.5575,23.0107,21.1051,43.8226,24.4345
1702,Blue|Dark Olive Drab|Pink|Magenta,#003776|#575B54|#F1A1AF|#F24574,28.8844,25.8583,24.5575,23.0107,21.1051,43.8226,24.4345
1703,Blue|Dark Olive Drab|Pink|Orange,#003776|#575B54|#F1A1AF|#F67405,28.8844,25.8583,24.5575,23.0107,21.1051,43.8226,24.4345
1704,Polymaker Teal|Brown|Grey|Cold White,#4CC0C7|#55331A|#8C9099|#D9DFE5,31.4702,26.5643,24.5904,22.3093,19.5305,48.0170,24.4368
1705,Black|Olive Green|Tan|Cold White,#080A0D|#948902|#A79E82|#D9DFE5,39.7135,28.6280,23.9833,20.2552,17.2877,52.4771,24.4416
1706,Dark Olive Drab|Cold White|Red|White,#575B54|#D9DFE5|#E72F1D|#EBF7FF,28.2170,25.9917,24.6922,22.8914,20.5310,40.6432,24.4416
1707,Blue|Black|Dark Grey|Olive Green,#003776|#080A0D|#485259|#948902,29.6902,25.9925,24.4346,22.8989,21.3117,63.5681,24.4457
1708,Blue|Dark Grey|Polymaker Teal|Yellow,#003776|#485259|#4CC0C7|#FFE800,32.1565,26.9194,24.4055,21.9935,19.9952,66.5132,24.4564
1709,Dark Olive Drab|Purple|Grey|White,#575B54|#6C47B2|#8C9099|#EBF7FF,30.3285,26.6289,24.6821,22.2912,19.5324,61.6513,24.4600
1710,Blue|Green|White|Yellow,#003776|#06924D|#EBF7FF|#FFE800,32.1958,27.1127,24.5173,21.8207,19.6236,64.2941,24.4667
1711,Azure Blue|Dark Olive Drab|Red|White,#0066D9|#575B54|#E72F1D|#EBF7FF,29.0740,26.4097,24.8322,22.5260,19.4712,48.6816,24.4678
1712,Blue|Dark Olive Drab|Purple|Olive Green,#003776|#575B54|#6C47B2|#948902,42.5588,28.9381,23.8383,20.0104,17.3255,67.9095,24.4742
1713,Dark Grey|Dark Olive Drab|Lime Green|Magenta,#485259|#575B54|#D5D701|#F24574,28.0497,25.8332,24.6441,23.1204,21.3199,59.3774,24.4768
1714,Polymaker Teal|Brown|Grey|Pink,#4CC0C7|#55331A|#8C9099|#F1A1AF,31.6759,26.7056,24.6429,22.2480,19.4110,47.9104,24.4768
1715,Blue|Azure Blue|Olive Green|Cold White,#003776|#0066D9|#948902|#D9DFE5,38.4566,28.7604,24.3912,20.1949,16.5905,86.0285,24.4776
1716,Azure Blue|Green|White|Yellow,#0066D9|#06924D|#EBF7FF|#FFE800,34.1523,27.3970,24.4741,21.5640,18.9502,54.0543,24.4805
1717,Polymaker Teal|Brown|Purple|Yellow,#4CC0C7|#55331A|#6C47B2|#FFE800,40.6705,28.1367,23.9006,20.8491,18.8751,72.8414,24.4929
1718,Brown|Dark Olive Drab|Olive Green|Cold White,#55331A|#575B54|#948902|#D9DFE5,30.1141,26.4703,24.6703,22.5167,19.9593,46.2161,24.4935
1719,Brown|Dark Olive Drab|Lime Green|Cold White,#55331A|#575B54|#D5D701|#D9DFE5,30.1141,26.4703,24.6703,22.5167,19.9593,46.2161,24.4935
1720,Brown|Dark Olive Drab|Cold White|Orange,#55331A|#575B54|#D9DFE5|#F67405,30.1141,26.4703,24.6703,22.5167,19.9593,46.2161,24.4935
1721,Brown|Dark Olive Drab|Cold White|Yellow,#55331A|#575B54|#D9DFE5|#FFE800,30.1141,26.4703,24.6703,22.5167,19.9593,46.2161,24.4935
1722,Dark Grey|Purple|Olive Green|Magenta,#485259|#6C47B2|#948902|#F24574,43.3499,29.3970,23.8695,19.5988,16.6000,72.1368,24.4979
1723,Dark Grey|Purple|Olive Green|Red,#485259|#6C47B2|#948902|#E72F1D,43.5808,29.3922,23.8619,19.6054,16.5644,72.1032,24.4988
1724,Dark Grey|Purple|Olive Green|Orange,#485259|#6C47B2|#948902|#F67405,43.5808,29.3922,23.8619,19.6054,16.5644,72.1032,24.4988
1725,Blue|Polymaker Teal|Olive Green|Yellow,#003776|#4CC0C7|#948902|#FFE800,32.2257,26.9366,24.4288,22.0657,20.1135,66.8151,24.5011
1726,Polymaker Teal|Brown|Magenta|Yellow,#4CC0C7|#55331A|#F24574|#FFE800,36.2249,27.6180,24.3297,21.3904,18.6168,47.5721,24.5042
1727,Dark Olive Drab|Grey|White|Magenta,#575B54|#8C9099|#EBF7FF|#F24574,28.0970,26.0820,24.8015,22.9323,20.4457,42.5696,24.5071
1728,Azure Blue|Black|Dark Olive Drab|Cold White,#0066D9|#080A0D|#575B54|#D9DFE5,30.0908,26.5194,24.7338,22.5018,19.7837,79.8528,24.5106
1729,Azure Blue|Lime Green|Cold White|Pink,#0066D9|#D5D701|#D9DFE5|#F1A1AF,32.2780,27.0534,24.6117,21.9760,19.3668,51.1350,24.5147
1730,Dark Olive Drab|Grey|White|Pink,#575B54|#8C9099|#EBF7FF|#F1A1AF,28.0907,26.1020,24.8184,22.9308,20.4084,42.3075,24.5164
1731,Dark Olive Drab|Purple|Tan|Cold White,#575B54|#6C47B2|#A79E82|#D9DFE5,31.1724,26.9976,24.7532,22.0366,18.9789,70.2266,24.5171
1732,Black|Grey|Cold White|Red,#080A0D|#8C9099|#D9DFE5|#E72F1D,38.6385,28.5725,24.2102,20.4626,17.3853,51.5924,24.5176
1733,Black|Olive Green|Lime Green|Cold White,#080A0D|#948902|#D5D701|#D9DFE5,39.7596,28.7634,24.0582,20.2817,17.3271,52.2118,24.5225
1734,Blue|Purple|White|Magenta,#003776|#6C47B2|#EBF7FF|#F24574,30.7674,26.5999,24.5769,22.4522,20.4011,60.8436,24.5261
1735,Green|Dark Grey|Purple|Red,#06924D|#485259|#6C47B2|#E72F1D,46.5238,29.7676,23.8454,19.2903,16.2519,63.5315,24.5290
1736,Green|Brown|Dark Olive Drab|Cold White,#06924D|#55331A|#575B54|#D9DFE5,30.1323,26.5264,24.7312,22.5448,19.9446,46.3682,24.5356
1737,Black|Dark Olive Drab|Cold White|Yellow,#080A0D|#575B54|#D9DFE5|#FFE800,38.2985,28.3215,24.1992,20.7504,17.8254,52.6771,24.5359
1738,Brown|Dark Olive Drab|Tan|Cold White,#55331A|#575B54|#A79E82|#D9DFE5,30.1775,26.5256,24.7137,22.5492,19.9793,46.4409,24.5374
1739,Green|Polymaker Teal|Brown|Magenta,#06924D|#4CC0C7|#55331A|#F24574,36.7140,27.7569,24.3665,21.3202,18.4458,48.3173,24.5385
1740,Polymaker Teal|Purple|Grey|Orange,#4CC0C7|#6C47B2|#8C9099|#F67405,32.3883,27.0439,24.7351,22.0341,18.8198,44.3007,24.5390
1741,Blue|Dark Grey|Olive Green|Red,#003776|#485259|#948902|#E72F1D,29.6940,26.0925,24.5502,22.9907,21.3418,63.6860,24.5416
1742,Dark Grey|Polymaker Teal|Brown|Lime Green,#485259|#4CC0C7|#55331A|#D5D701,29.2807,26.0826,24.6145,23.0082,21.2492,55.0023,24.5454
1743,Purple|Grey|Tan|Pink,#6C47B2|#8C9099|#A79E82|#F1A1AF,31.9016,26.9794,24.7996,22.1153,18.8235,43.8388,24.5474
1744,Black|Grey|Lime Green|Pink,#080A0D|#8C9099|#D5D701|#F1A1AF,33.3437,27.1236,24.6249,21.9743,18.9769,49.4883,24.5490
1745,Polymaker Teal|Brown|Tan|Magenta,#4CC0C7|#55331A|#A79E82|#F24574,36.1205,27.6382,24.3921,21.4606,18.6510,48.1397,24.5494
1746,Azure Blue|Green|Black|Cold White,#0066D9|#06924D|#080A0D|#D9DFE5,39.0703,28.7458,24.3303,20.3570,17.1127,64.0306,24.5514
1747,Azure Blue|Polymaker Teal|Grey|Lime Green,#0066D9|#4CC0C7|#8C9099|#D5D701,32.2377,27.0916,24.6574,22.0120,19.3867,51.2138,24.5518
1748,Blue|Grey|Olive Green|Red,#003776|#8C9099|#948902|#E72F1D,34.6547,27.8332,24.7491,21.2707,17.4174,84.7551,24.5520
1749,Black|Brown|Cold White|Orange,#080A0D|#55331A|#D9DFE5|#F67405,39.3504,28.6950,24.1595,20.4146,17.3892,52.0168,24.5548
1750,Azure Blue|Green|Dark Grey|Orange,#0066D9|#06924D|#485259|#F67405,32.6248,26.5912,24.3589,22.5242,21.0039,58.2681,24.5577
1751,Azure Blue|Black|Cold White|Yellow,#0066D9|#080A0D|#D9DFE5|#FFE800,39.2574,28.7672,24.1986,20.3499,17.3152,57.6435,24.5586
1752,Brown|Grey|Olive Green|Cold White,#55331A|#8C9099|#948902|#D9DFE5,31.2740,26.7357,24.7960,22.3859,19.3887,46.5066,24.5608
1753,Green|Black|Polymaker Teal|Tan,#06924D|#080A0D|#4CC0C7|#A79E82,34.1932,27.1704,24.4866,21.9567,19.5503,44.8802,24.5636
1754,Black|Polymaker Teal|Olive Green|Tan,#080A0D|#4CC0C7|#948902|#A79E82,34.1932,27.1704,24.4866,21.9567,19.5503,44.8802,24.5636
1755,Black|Polymaker Teal|Tan|Lime Green,#080A0D|#4CC0C7|#A79E82|#D5D701,34.1932,27.1704,24.4866,21.9567,19.5503,44.8802,24.5636
1756,Black|Polymaker Teal|Tan|Orange,#080A0D|#4CC0C7|#A79E82|#F67405,34.1932,27.1704,24.4866,21.9567,19.5503,44.8802,24.5636
1757,Black|Polymaker Teal|Tan|Yellow,#080A0D|#4CC0C7|#A79E82|#FFE800,34.1932,27.1704,24.4866,21.9567,19.5503,44.8802,24.5636
1758,Green|Dark Olive Drab|Purple|Orange,#06924D|#575B54|#6C47B2|#F67405,46.8028,29.6275,23.8410,19.5077,16.4227,64.1490,24.5676
1759,Black|Dark Olive Drab|Purple|Olive Green,#080A0D|#575B54|#6C47B2|#948902,42.6231,29.0147,23.9454,20.1342,17.4380,67.7448,24.5744
1760,Azure Blue|Polymaker Teal|Lime Green|Cold White,#0066D9|#4CC0C7|#D5D701|#D9DFE5,32.3908,27.1282,24.6622,22.0275,19.4907,50.7969,24.5779
1761,Dark Grey|Dark Olive Drab|Purple|White,#485259|#575B54|#6C47B2|#EBF7FF,29.3631,26.4909,24.8316,22.6660,20.1357,75.5779,24.5785
1762,Blue|Dark Olive Drab|White|Magenta,#003776|#575B54|#EBF7FF|#F24574,28.7828,26.2574,24.8483,22.9091,20.4390,53.6820,24.5832
1763,Blue|Azure Blue|Black|Cold White,#003776|#0066D9|#080A0D|#D9DFE5,39.8478,28.9197,24.2003,20.2601,17.2030,58.9521,24.5899
1764,Black|Dark Grey|Purple|Olive Green,#080A0D|#485259|#6C47B2|#948902,43.5745,29.4732,24.0016,19.7100,16.6490,72.5956,24.5916
1765,Polymaker Teal|Brown|Grey|Magenta,#4CC0C7|#55331A|#8C9099|#F24574,31.5510,26.7610,24.7762,22.4314,19.5709,47.9492,24.5962
1766,Black|Polymaker Teal|Brown|Tan,#080A0D|#4CC0C7|#55331A|#A79E82,34.2639,27.2153,24.5178,21.9787,19.5550,44.7929,24.5970
1767,Green|Brown|Purple|Orange,#06924D|#55331A|#6C47B2|#F67405,46.8684,29.5749,23.8365,19.6225,16.6365,63.2878,24.5987
1768,Dark Olive Drab|Cold White|White|Orange,#575B54|#D9DFE5|#EBF7FF|#F67405,28.6554,26.2550,24.8440,22.9425,20.5411,43.8423,24.5987
1769,Dark Olive Drab|Grey|White|Orange,#575B54|#8C9099|#EBF7FF|#F67405,28.4128,26.3002,24.9271,22.9039,20.1916,43.2218,24.6021
1770,Brown|Grey|Olive Green|White,#55331A|#8C9099|#948902|#EBF7FF,31.3683,26.7740,24.8362,22.4302,19.4253,46.5082,24.6021
1771,Azure Blue|Green|Brown|Pink,#0066D9|#06924D|#55331A|#F1A1AF,36.5466,27.5557,24.3674,21.6487,19.3245,53.5560,24.6022
1772,Black|Brown|Grey|Tan,#080A0D|#55331A|#8C9099|#A79E82,32.6992,26.9259,24.6825,22.2867,19.6016,43.8052,24.6063
1773,Brown|Grey|Olive Green|Lime Green,#55331A|#8C9099|#948902|#D5D701,31.3416,26.7823,24.8562,22.4315,19.3934,45.7895,24.6069
1774,Green|Dark Grey|Purple|Olive Green,#06924D|#485259|#6C47B2|#948902,51.5082,31.0152,23.6915,18.2135,14.6460,69.6473,24.6143
1775,Black|Polymaker Teal|Tan|Cold White,#080A0D|#4CC0C7|#A79E82|#D9DFE5,39.5289,28.8041,24.2405,20.4261,17.3780,51.5984,24.6151
1776,Dark Grey|Polymaker Teal|Grey|Magenta,#485259|#4CC0C7|#8C9099|#F24574,29.6492,26.7558,24.9534,22.4795,19.4841,55.3810,24.6176
1777,Azure Blue|Dark Olive Drab|Cold White|Yellow,#0066D9|#575B54|#D9DFE5|#FFE800,31.3651,27.1161,24.9219,22.1200,18.7329,75.9839,24.6181
1778,Black|Tan|Cold White|Pink,#080A0D|#A79E82|#D9DFE5|#F1A1AF,39.5183,28.8156,24.2085,20.4208,17.3932,52.2779,24.6182
1779,Blue|Black|Dark Grey|Pink,#003776|#080A0D|#485259|#F1A1AF,27.4605,25.8202,24.8323,23.4201,21.5747,44.2276,24.6201
1780,Blue|Dark Grey|Purple|Pink,#003776|#485259|#6C47B2|#F1A1AF,27.4605,25.8202,24.8323,23.4201,21.5747,44.2276,24.6201
1781,Blue|Dark Grey|Red|Pink,#003776|#485259|#E72F1D|#F1A1AF,27.4605,25.8202,24.8323,23.4201,21.5747,44.2276,24.6201
1782,Blue|Dark Grey|Pink|Magenta,#003776|#485259|#F1A1AF|#F24574,27.4605,25.8202,24.8323,23.4201,21.5747,44.2276,24.6201
1783,Blue|Dark Grey|Pink|Orange,#003776|#485259|#F1A1AF|#F67405,27.4605,25.8202,24.8323,23.4201,21.5747,44.2276,24.6201
1784,Blue|Dark Grey|Brown|Pink,#003776|#485259|#55331A|#F1A1AF,27.4660,25.8182,24.8316,23.4231,21.5787,44.2482,24.6207
1785,Dark Grey|Brown|Purple|Olive Green,#485259|#55331A|#6C47B2|#948902,43.6865,29.5423,24.0205,19.7031,16.6451,72.7463,24.6227
1786,Black|Tan|Cold White|Orange,#080A0D|#A79E82|#D9DFE5|#F67405,39.6957,28.9033,24.2221,20.3446,17.3312,51.7762,24.6239
1787,Blue|Dark Grey|Purple|Olive Green,#003776|#485259|#6C47B2|#948902,43.6032,29.5454,24.0666,19.7137,16.5615,72.4067,24.6296
1788,Polymaker Teal|Brown|Cold White|Magenta,#4CC0C7|#55331A|#D9DFE5|#F24574,36.2865,27.6713,24.4487,21.5883,18.8491,48.2726,24.6298
1789,Azure Blue|Dark Olive Drab|White|Pink,#0066D9|#575B54|#EBF7FF|#F1A1AF,29.2017,26.5651,25.0013,22.6947,19.5907,49.3042,24.6299
1790,Azure Blue|Grey|Tan|Lime Green,#0066D9|#8C9099|#A79E82|#D5D701,29.3687,26.6508,25.0004,22.6103,19.4673,41.3002,24.6306
1791,Polymaker Teal|Dark Olive Drab|Grey|Olive Green,#4CC0C7|#575B54|#8C9099|#948902,29.5058,26.5871,24.9535,22.6768,19.6894,45.4742,24.6319
1792,Dark Olive Drab|Grey|Red|White,#575B54|#8C9099|#E72F1D|#EBF7FF,28.2978,26.2606,24.9441,23.0055,20.4111,43.0699,24.6330
1793,Black|Polymaker Teal|Grey|Red,#080A0D|#4CC0C7|#8C9099|#E72F1D,34.1735,27.4138,24.6878,21.8535,18.7589,53.8248,24.6336
1794,Black|Dark Olive Drab|Lime Green|Cold White,#080A0D|#575B54|#D5D701|#D9DFE5,38.9542,28.5686,24.2726,20.7022,17.7377,52.2306,24.6354
1795,Black|Brown|Tan|Cold White,#080A0D|#55331A|#A79E82|#D9DFE5,39.0387,28.6898,24.2806,20.5813,17.6149,51.6390,24.6355
1796,Dark Olive Drab|Purple|Olive Green|Magenta,#575B54|#6C47B2|#948902|#F24574,42.3485,29.0548,24.0770,20.2225,17.4599,67.8224,24.6387
1797,Brown|Dark Olive Drab|Purple|Olive Green,#55331A|#575B54|#6C47B2|#948902,42.6317,29.1406,24.0104,20.1370,17.4687,67.8006,24.6388
1798,Black|Dark Olive Drab|Purple|Cold White,#080A0D|#575B54|#6C47B2|#D9DFE5,30.9135,26.9167,24.8604,22.3775,19.6030,70.7049,24.6471
1799,Azure Blue|Lime Green|Pink|Yellow,#0066D9|#D5D701|#F1A1AF|#FFE800,32.5088,27.2469,24.7407,22.0484,19.4318,52.2417,24.6476
1800,Brown|Grey|Olive Green|Red,#55331A|#8C9099|#948902|#E72F1D,31.4278,26.8318,24.8870,22.4679,19.3995,45.7712,24.6499
1801,Brown|Grey|Olive Green|Magenta,#55331A|#8C9099|#948902|#F24574,31.4278,26.8318,24.8870,22.4679,19.3995,45.7712,24.6499
1802,Brown|Grey|Olive Green|Orange,#55331A|#8C9099|#948902|#F67405,31.4278,26.8318,24.8870,22.4679,19.3995,45.7712,24.6499
1803,Brown|Grey|Olive Green|Yellow,#55331A|#8C9099|#948902|#FFE800,31.4278,26.8318,24.8870,22.4679,19.3995,45.7712,24.6499
1804,Brown|Grey|Olive Green|Tan,#55331A|#8C9099|#948902|#A79E82,31.3341,26.8123,24.8891,22.4934,19.4638,46.3111,24.6529
1805,Green|Dark Grey|Purple|Orange,#06924D|#485259|#6C47B2|#F67405,47.2764,30.0355,23.9523,19.2703,16.1302,63.8915,24.6529
1806,Green|Black|Cold White|Orange,#06924D|#080A0D|#D9DFE5|#F67405,39.7223,28.8586,24.2050,20.4494,17.4872,51.8962,24.6540
1807,Black|Tan|Cold White|Magenta,#080A0D|#A79E82|#D9DFE5|#F24574,39.5272,28.8481,24.2889,20.4624,17.4205,51.7544,24.6553
1808,Polymaker Teal|Brown|Grey|Orange,#4CC0C7|#55331A|#8C9099|#F67405,31.7379,26.8536,24.8624,22.4594,19.4928,47.8182,24.6565
1809,Azure Blue|Polymaker Teal|Lime Green|Yellow,#0066D9|#4CC0C7|#D5D701|#FFE800,32.4455,27.2126,24.7407,22.1054,19.5483,50.6459,24.6590
1810,Green|Black|Brown|Cold White,#06924D|#080A0D|#55331A|#D9DFE5,39.2376,28.7640,24.2547,20.5547,17.6208,51.6471,24.6594
1811,Black|Grey|Cold White|Pink,#080A0D|#8C9099|#D9DFE5|#F1A1AF,38.8033,28.6900,24.3249,20.6312,17.6151,51.9730,24.6606
1812,Polymaker Teal|Brown|Grey|White,#4CC0C7|#55331A|#8C9099|#EBF7FF,31.5062,26.7562,24.8396,22.5652,19.7926,48.7644,24.6607
1813,Blue|Dark Grey|Olive Green|Orange,#003776|#485259|#948902|#F67405,29.1635,26.1588,24.7690,23.1813,21.3533,60.6016,24.6700
1814,Dark Olive Drab|Purple|White|Orange,#575B54|#6C47B2|#EBF7FF|#F67405,29.7390,26.6154,24.9135,22.7302,20.0648,59.0592,24.6728
1815,Black|Brown|Cold White|Yellow,#080A0D|#55331A|#D9DFE5|#FFE800,39.2784,28.7597,24.2710,20.5895,17.6861,51.9930,24.6746
1816,Black|Brown|Lime Green|Cold White,#080A0D|#55331A|#D5D701|#D9DFE5,39.1928,28.7727,24.2939,20.5824,17.6276,52.0255,24.6775
1817,Blue|Azure Blue|Lime Green|Red,#003776|#0066D9|#D5D701|#E72F1D,33.9630,27.9470,24.8617,21.4263,18.1555,79.4641,24.6866
1818,Azure Blue|Polymaker Teal|Grey|Tan,#0066D9|#4CC0C7|#8C9099|#A79E82,29.3339,26.7197,25.0798,22.6604,19.4677,41.4138,24.6901
1819,Green|Dark Olive Drab|Grey|Olive Green,#06924D|#575B54|#8C9099|#948902,29.5939,26.6591,24.9991,22.7261,19.7707,45.4301,24.6926
1820,Azure Blue|Polymaker Teal|Lime Green|White,#0066D9|#4CC0C7|#D5D701|#EBF7FF,32.4479,27.2405,24.8096,22.1480,19.5341,51.5770,24.6943
1821,Azure Blue|Dark Grey|Dark Olive Drab|Pink,#0066D9|#485259|#575B54|#F1A1AF,29.0480,26.1998,24.8464,23.1915,21.1611,44.8565,24.6957
1822,Black|Tan|Lime Green|Cold White,#080A0D|#A79E82|#D5D701|#D9DFE5,39.7088,28.8670,24.2725,20.5279,17.4813,51.9823,24.6974
1823,Brown|Grey|Olive Green|Pink,#55331A|#8C9099|#948902|#F1A1AF,31.3954,26.8508,24.9323,22.5473,19.5632,46.6556,24.6991
1824,Blue|Brown|Grey|Olive Green,#003776|#55331A|#8C9099|#948902,34.8203,27.8583,24.8449,21.5400,17.9961,86.9361,24.6991
1825,Black|Olive Green|Cold White|Yellow,#080A0D|#948902|#D9DFE5|#FFE800,40.0273,28.9454,24.2412,20.4645,17.5059,52.7474,24.7050
1826,Black|Dark Grey|Brown|Pink,#080A0D|#485259|#55331A|#F1A1AF,27.4899,25.8942,24.9216,23.5195,21.6704,44.2570,24.7068
1827,Dark Grey|Brown|Purple|Pink,#485259|#55331A|#6C47B2|#F1A1AF,27.4899,25.8942,24.9216,23.5195,21.6704,44.2570,24.7068
1828,Dark Grey|Brown|Red|Pink,#485259|#55331A|#E72F1D|#F1A1AF,27.4899,25.8942,24.9216,23.5195,21.6704,44.2570,24.7068
1829,Dark Grey|Brown|Pink|Magenta,#485259|#55331A|#F1A1AF|#F24574,27.4899,25.8942,24.9216,23.5195,21.6704,44.2570,24.7068
1830,Dark Grey|Brown|Pink|Orange,#485259|#55331A|#F1A1AF|#F67405,27.4899,25.8942,24.9216,23.5195,21.6704,44.2570,24.7068
1831,Black|Dark Grey|Purple|Pink,#080A0D|#485259|#6C47B2|#F1A1AF,27.4946,25.9081,24.9338,23.5264,21.6726,44.2328,24.7173
1832,Black|Dark Grey|Red|Pink,#080A0D|#485259|#E72F1D|#F1A1AF,27.4946,25.9081,24.9338,23.5264,21.6726,44.2328,24.7173
1833,Black|Dark Grey|Pink|Magenta,#080A0D|#485259|#F1A1AF|#F24574,27.4946,25.9081,24.9338,23.5264,21.6726,44.2328,24.7173
1834,Black|Dark Grey|Pink|Orange,#080A0D|#485259|#F1A1AF|#F67405,27.4946,25.9081,24.9338,23.5264,21.6726,44.2328,24.7173
1835,Dark Grey|Purple|Red|Pink,#485259|#6C47B2|#E72F1D|#F1A1AF,27.4946,25.9081,24.9338,23.5264,21.6726,44.2328,24.7173
1836,Dark Grey|Purple|Pink|Magenta,#485259|#6C47B2|#F1A1AF|#F24574,27.4946,25.9081,24.9338,23.5264,21.6726,44.2328,24.7173
1837,Dark Grey|Purple|Pink|Orange,#485259|#6C47B2|#F1A1AF|#F67405,27.4946,25.9081,24.9338,23.5264,21.6726,44.2328,24.7173
1838,Dark Grey|Red|Pink|Magenta,#485259|#E72F1D|#F1A1AF|#F24574,27.4946,25.9081,24.9338,23.5264,21.6726,44.2328,24.7173
1839,Dark Grey|Red|Pink|Orange,#485259|#E72F1D|#F1A1AF|#F67405,27.4946,25.9081,24.9338,23.5264,21.6726,44.2328,24.7173
1840,Dark Grey|Pink|Magenta|Orange,#485259|#F1A1AF|#F24574|#F67405,27.4946,25.9081,24.9338,23.5264,21.6726,44.2328,24.7173
1841,Brown|Dark Olive Drab|Grey|White,#55331A|#575B54|#8C9099|#EBF7FF,29.3037,26.5085,24.9783,22.9339,20.3179,45.5701,24.7212
1842,Purple|Olive Green|Cold White|Magenta,#6C47B2|#948902|#D9DFE5|#F24574,54.5369,30.6940,23.5103,18.7612,15.7631,74.6923,24.7276
1843,Polymaker Teal|Brown|Grey|Tan,#4CC0C7|#55331A|#8C9099|#A79E82,31.3828,26.9148,24.9464,22.5426,19.5581,48.1727,24.7287
1844,Blue|Brown|Dark Olive Drab|Grey,#003776|#55331A|#575B54|#8C9099,30.4562,26.7641,24.9912,22.7081,19.7847,64.3556,24.7361
1845,Black|Brown|Cold White|Red,#080A0D|#55331A|#D9DFE5|#E72F1D,39.7291,28.9730,24.3532,20.5012,17.4253,52.8294,24.7371
1846,Azure Blue|Lime Green|Cold White|White,#0066D9|#D5D701|#D9DFE5|#EBF7FF,32.5200,27.3087,24.8495,22.1689,19.5457,51.0127,24.7388
1847,Azure Blue|Lime Green|Cold White|Yellow,#0066D9|#D5D701|#D9DFE5|#FFE800,32.5230,27.2904,24.8385,22.1894,19.5868,51.4743,24.7399
1848,Polymaker Teal|Dark Olive Drab|Cold White|Orange,#4CC0C7|#575B54|#D9DFE5|#F67405,29.3014,26.6150,25.0181,22.8732,20.1833,47.8687,24.7441
1849,Azure Blue|Dark Grey|Grey|Yellow,#0066D9|#485259|#8C9099|#FFE800,30.1212,26.8505,25.0632,22.6395,19.4440,88.2180,24.7450
1850,Dark Grey|Purple|Olive Green|White,#485259|#6C47B2|#948902|#EBF7FF,33.6404,27.6447,24.8562,21.8471,18.7655,82.9791,24.7459
1851,Azure Blue|Black|Brown|Cold White,#0066D9|#080A0D|#55331A|#D9DFE5,38.9576,28.7927,24.4152,20.7022,17.6783,52.2054,24.7474
1852,Blue|Green|Dark Grey|Red,#003776|#06924D|#485259|#E72F1D,33.0588,27.1701,24.5860,22.3285,20.6754,66.7450,24.7493
1853,Black|Cold White|Magenta|Orange,#080A0D|#D9DFE5|#F24574|#F67405,39.8469,28.9826,24.3422,20.5237,17.4671,52.2068,24.7532
1854,Black|Brown|Purple|Cold White,#080A0D|#55331A|#6C47B2|#D9DFE5,39.2817,28.8766,24.3793,20.6336,17.6741,53.0691,24.7551
1855,Azure Blue|Green|Brown|White,#0066D9|#06924D|#55331A|#EBF7FF,36.1962,27.5721,24.4546,21.9386,19.8751,51.7640,24.7553
1856,Dark Olive Drab|Purple|Olive Green|Red,#575B54|#6C47B2|#948902|#E72F1D,42.6177,29.1852,24.1885,20.3271,17.5502,68.5620,24.7561
1857,Dark Olive Drab|Purple|Olive Green|Orange,#575B54|#6C47B2|#948902|#F67405,42.6177,29.1852,24.1885,20.3271,17.5502,68.5620,24.7561
1858,Black|Tan|Cold White|Yellow,#080A0D|#A79E82|#D9DFE5|#FFE800,39.6849,28.9569,24.3606,20.5580,17.4999,52.2076,24.7575
1859,Azure Blue|Brown|Dark Olive Drab|Pink,#0066D9|#55331A|#575B54|#F1A1AF,29.0284,26.2228,24.9158,23.2926,21.2751,44.9768,24.7577
1860,Polymaker Teal|Brown|Grey|Yellow,#4CC0C7|#55331A|#8C9099|#FFE800,31.4434,26.9159,24.9769,22.6061,19.6592,47.9428,24.7610
1861,Black|Cold White|Red|Orange,#080A0D|#D9DFE5|#E72F1D|#F67405,39.9108,29.0461,24.3807,20.4803,17.4435,53.1508,24.7632
1862,Azure Blue|Lime Green|White|Yellow,#0066D9|#D5D701|#EBF7FF|#FFE800,32.5991,27.3437,24.8507,22.1836,19.6109,51.9123,24.7636
1863,Azure Blue|Black|Cold White|Orange,#0066D9|#080A0D|#D9DFE5|#F67405,39.7049,29.0107,24.4340,20.5185,17.2989,53.5091,24.7646
1864,Green|Black|Cold White|Magenta,#06924D|#080A0D|#D9DFE5|#F24574,39.6699,28.9762,24.3573,20.5543,17.5504,51.8474,24.7652
1865,Dark Olive Drab|Grey|Olive Green|Lime Green,#575B54|#8C9099|#948902|#D5D701,29.5303,26.6889,25.0735,22.8436,19.9205,45.3776,24.7662
1866,Blue|Black|Cold White|Pink,#003776|#080A0D|#D9DFE5|#F1A1AF,39.4885,28.9944,24.4380,20.5518,17.3674,55.7137,24.7731
1867,Black|Brown|Dark Olive Drab|Grey,#080A0D|#55331A|#575B54|#8C9099,29.9841,26.7116,25.0489,22.8399,19.9716,45.7743,24.7757
1868,Polymaker Teal|Brown|Grey|Lime Green,#4CC0C7|#55331A|#8C9099|#D5D701,31.4089,26.9466,25.0090,22.6108,19.6299,47.8771,24.7787
1869,Azure Blue|Black|Grey|Cold White,#0066D9|#080A0D|#8C9099|#D9DFE5,39.7714,29.0247,24.4394,20.5342,17.4451,56.6601,24.7794
1870,Green|Black|Lime Green|Cold White,#06924D|#080A0D|#D5D701|#D9DFE5,40.0053,28.9893,24.3626,20.5746,17.5785,52.3285,24.7819
1871,Azure Blue|Grey|Tan|Orange,#0066D9|#8C9099|#A79E82|#F67405,29.4178,26.8161,25.1733,22.7496,19.5394,41.2226,24.7829
1872,Blue|Azure Blue|Dark Olive Drab|Pink,#003776|#0066D9|#575B54|#F1A1AF,29.0473,26.2448,24.9450,23.3252,21.3139,44.9349,24.7850
1873,Dark Grey|Dark Olive Drab|Purple|Olive Green,#485259|#575B54|#6C47B2|#948902,42.4129,29.3923,24.2645,20.1873,17.3026,69.8296,24.7898
1874,Green|Black|Cold White|Red,#06924D|#080A0D|#D9DFE5|#E72F1D,39.7190,29.0193,24.3774,20.5657,17.5656,53.0331,24.7925
1875,Azure Blue|Grey|Tan|Yellow,#0066D9|#8C9099|#A79E82|#FFE800,29.4477,26.8380,25.1870,22.7484,19.5328,41.2796,24.7932
1876,Dark Grey|Dark Olive Drab|Magenta|Yellow,#485259|#575B54|#F24574|#FFE800,28.1375,26.1192,24.9895,23.4725,21.6441,58.4974,24.7959
1877,Black|Tan|Cold White|Red,#080A0D|#A79E82|#D9DFE5|#E72F1D,39.6400,29.0139,24.4317,20.5784,17.5035,52.0913,24.7962
1878,Black|Grey|Cold White|Magenta,#080A0D|#8C9099|#D9DFE5|#F24574,39.1853,28.9470,24.4557,20.6476,17.5780,52.6565,24.7973
1879,Azure Blue|Black|Dark Grey|Red,#0066D9|#080A0D|#485259|#E72F1D,29.0330,26.1892,24.8796,23.4060,21.8201,62.6352,24.7976
1880,Azure Blue|Dark Grey|Purple|Red,#0066D9|#485259|#6C47B2|#E72F1D,29.0330,26.1892,24.8796,23.4060,21.8201,62.6352,24.7976
1881,Azure Blue|Grey|Tan|Red,#0066D9|#8C9099|#A79E82|#E72F1D,29.4470,26.8395,25.1967,22.7684,19.5494,41.5736,24.8040
1882,Black|Cold White|Pink|Orange,#080A0D|#D9DFE5|#F1A1AF|#F67405,39.8708,29.0422,24.3691,20.5758,17.5502,52.7678,24.8090
1883,Azure Blue|Grey|Tan|White,#0066D9|#8C9099|#A79E82|#EBF7FF,29.4541,26.8408,25.1979,22.7781,19.5810,41.3879,24.8094
1884,Green|Black|Tan|Cold White,#06924D|#080A0D|#A79E82|#D9DFE5,39.7500,28.9926,24.4400,20.6272,17.5369,51.8874,24.8099
1885,Purple|Olive Green|Lime Green|Cold White,#6C47B2|#948902|#D5D701|#D9DFE5,54.5933,30.7304,23.5918,18.9060,15.8588,74.3856,24.8182
1886,Purple|Olive Green|Cold White|Yellow,#6C47B2|#948902|#D9DFE5|#FFE800,54.5933,30.7304,23.5918,18.9060,15.8588,74.3856,24.8182
1887,Black|Cold White|Red|Magenta,#080A0D|#D9DFE5|#E72F1D|#F24574,39.8814,29.0912,24.4249,20.5491,17.4817,52.5937,24.8201
1888,Polymaker Teal|Purple|Grey|Yellow,#4CC0C7|#6C47B2|#8C9099|#FFE800,33.0449,27.3762,24.9972,22.2743,19.1011,52.6168,24.8253
1889,Black|Cold White|Pink|Magenta,#080A0D|#D9DFE5|#F1A1AF|#F24574,39.8979,29.0921,24.4183,20.5595,17.5028,52.5171,24.8258
1890,Blue|Dark Olive Drab|Grey|Orange,#003776|#575B54|#8C9099|#F67405,30.1748,26.8877,25.1255,22.7686,19.7431,63.2739,24.8282
1891,Black|Cold White|Red|Pink,#080A0D|#D9DFE5|#E72F1D|#F1A1AF,39.9093,29.1082,24.4339,20.5534,17.5035,52.5727,24.8308
1892,Black|Dark Grey|Magenta|Yellow,#080A0D|#485259|#F24574|#FFE800,28.1990,26.1681,25.0240,23.4962,21.6719,57.9311,24.8322
1893,Dark Grey|Red|Magenta|Yellow,#485259|#E72F1D|#F24574|#FFE800,28.1990,26.1681,25.0240,23.4962,21.6719,57.9311,24.8322
1894,Dark Grey|Magenta|Orange|Yellow,#485259|#F24574|#F67405|#FFE800,28.1990,26.1681,25.0240,23.4962,21.6719,57.9311,24.8322
1895,Azure Blue|Black|Polymaker Teal|Pink,#0066D9|#080A0D|#4CC0C7|#F1A1AF,37.5452,28.4550,24.7721,21.2138,17.9987,52.5095,24.8344
1896,Azure Blue|Black|Cold White|Red,#0066D9|#080A0D|#D9DFE5|#E72F1D,39.9128,29.1739,24.5113,20.4950,17.2196,55.2924,24.8344
1897,Blue|Azure Blue|Dark Grey|Red,#003776|#0066D9|#485259|#E72F1D,29.0552,26.2229,24.9186,23.4512,21.8633,62.5799,24.8370
1898,Dark Grey|Brown|Magenta|Yellow,#485259|#55331A|#F24574|#FFE800,28.2303,26.1718,25.0248,23.5035,21.6788,58.2125,24.8376
1899,Black|Polymaker Teal|Dark Olive Drab|Cold White,#080A0D|#4CC0C7|#575B54|#D9DFE5,39.2647,28.8431,24.4654,20.8325,17.8078,52.1539,24.8378
1900,Azure Blue|Grey|Tan|Cold White,#0066D9|#8C9099|#A79E82|#D9DFE5,29.4532,26.8609,25.2262,22.8150,19.6262,41.3847,24.8380
1901,Dark Olive Drab|Purple|Grey|Cold White,#575B54|#6C47B2|#8C9099|#D9DFE5,31.0279,27.1803,25.0846,22.4956,19.5244,70.6800,24.8380
1902,Azure Blue|Black|Dark Olive Drab|Pink,#0066D9|#080A0D|#575B54|#F1A1AF,29.0893,26.3074,25.0040,23.3726,21.3507,45.0483,24.8400
1903,Azure Blue|Dark Olive Drab|Purple|Pink,#0066D9|#575B54|#6C47B2|#F1A1AF,29.0893,26.3074,25.0040,23.3726,21.3507,45.0483,24.8400
1904,Azure Blue|Dark Olive Drab|Red|Pink,#0066D9|#575B54|#E72F1D|#F1A1AF,29.0893,26.3074,25.0040,23.3726,21.3507,45.0483,24.8400
1905,Azure Blue|Dark Olive Drab|Pink|Magenta,#0066D9|#575B54|#F1A1AF|#F24574,29.0893,26.3074,25.0040,23.3726,21.3507,45.0483,24.8400
1906,Azure Blue|Dark Olive Drab|Pink|Orange,#0066D9|#575B54|#F1A1AF|#F67405,29.0893,26.3074,25.0040,23.3726,21.3507,45.0483,24.8400
1907,Brown|Dark Olive Drab|Purple|Cold White,#55331A|#575B54|#6C47B2|#D9DFE5,31.3889,27.1927,24.9991,22.4881,19.8022,71.2984,24.8404
1908,Azure Blue|Dark Grey|Brown|Red,#0066D9|#485259|#55331A|#E72F1D,29.0473,26.2216,24.9245,23.4614,21.8681,62.7447,24.8415
1909,Purple|Grey|Red|Yellow,#6C47B2|#8C9099|#E72F1D|#FFE800,32.0705,27.2300,25.0757,22.4656,19.2493,42.2014,24.8478
1910,Dark Olive Drab|Grey|Olive Green|White,#575B54|#8C9099|#948902|#EBF7FF,29.3113,26.7249,25.1656,22.9708,20.0508,44.0642,24.8479
1911,Black|Lime Green|Cold White|Yellow,#080A0D|#D5D701|#D9DFE5|#FFE800,40.0177,29.0812,24.4344,20.6196,17.6222,53.0900,24.8504
1912,Black|Brown|Olive Green|Cold White,#080A0D|#55331A|#948902|#D9DFE5,39.9208,29.0012,24.4178,20.7019,17.8386,59.4535,24.8515
1913,Green|Polymaker Teal|Brown|Grey,#06924D|#4CC0C7|#55331A|#8C9099,31.6222,27.0097,25.0567,22.6943,19.7834,47.8538,24.8520
1914,Dark Grey|Lime Green|Magenta|Yellow,#485259|#D5D701|#F24574|#FFE800,28.2259,26.1817,25.0440,23.5354,21.7088,58.2375,24.8586
1915,Dark Olive Drab|Grey|Olive Green|Cold White,#575B54|#8C9099|#948902|#D9DFE5,29.2817,26.7268,25.1836,22.9957,20.0799,43.0191,24.8613
1916,Dark Olive Drab|Grey|Olive Green|Tan,#575B54|#8C9099|#948902|#A79E82,29.3347,26.7388,25.2001,22.9885,20.0255,45.3395,24.8636
1917,Azure Blue|Grey|Tan|Magenta,#0066D9|#8C9099|#A79E82|#F24574,29.5111,26.9091,25.2608,22.8213,19.5955,41.7387,24.8652
1918,Black|Grey|Tan|Magenta,#080A0D|#8C9099|#A79E82|#F24574,32.9364,27.2148,24.9582,22.5268,19.8074,43.9010,24.8708
1919,Black|Polymaker Teal|Cold White|Orange,#080A0D|#4CC0C7|#D9DFE5|#F67405,39.8953,29.1503,24.5007,20.5944,17.4595,51.9720,24.8723
1920,Polymaker Teal|Dark Olive Drab|Grey|Tan,#4CC0C7|#575B54|#8C9099|#A79E82,29.0842,26.7374,25.2289,23.0077,20.0446,45.5629,24.8725
1921,Blue|Brown|Olive Green|Cold White,#003776|#55331A|#948902|#D9DFE5,37.5875,29.0291,24.8770,20.7175,16.9907,85.9763,24.8733
1922,Polymaker Teal|Brown|Pink|Magenta,#4CC0C7|#55331A|#F1A1AF|#F24574,36.3826,27.9558,24.7320,21.7929,18.9987,48.1842,24.8744
1923,Black|Purple|Cold White|Orange,#080A0D|#6C47B2|#D9DFE5|#F67405,39.9235,29.1314,24.5013,20.6212,17.4988,53.6374,24.8763
1924,Purple|Grey|Orange|Yellow,#6C47B2|#8C9099|#F67405|#FFE800,32.1708,27.2804,25.1066,22.4734,19.2358,42.3181,24.8769
1925,Polymaker Teal|Brown|Magenta|Orange,#4CC0C7|#55331A|#F24574|#F67405,36.6055,28.0214,24.7542,21.7334,18.8480,48.1412,24.8774
1926,Azure Blue|Black|Purple|Cold White,#0066D9|#080A0D|#6C47B2|#D9DFE5,40.2483,29.1674,24.4728,20.5895,17.4569,55.7882,24.8785
1927,Purple|Olive Green|Cold White|White,#6C47B2|#948902|#D9DFE5|#EBF7FF,54.5590,30.8457,23.6580,18.9142,15.8617,75.1455,24.8800
1928,Green|Black|Cold White|Pink,#06924D|#080A0D|#D9DFE5|#F1A1AF,39.6692,29.0929,24.4781,20.6768,17.6480,52.0363,24.8849
1929,Dark Grey|Olive Green|Magenta|Yellow,#485259|#948902|#F24574|#FFE800,28.2629,26.2184,25.0811,23.5579,21.7254,58.4948,24.8882
1930,Dark Olive Drab|Purple|Cold White|Orange,#575B54|#6C47B2|#D9DFE5|#F67405,30.2223,26.9363,25.1274,22.8415,20.1287,65.9101,24.8889
1931,Purple|Olive Green|Cold White|Pink,#6C47B2|#948902|#D9DFE5|#F1A1AF,54.7958,30.8264,23.6987,18.9644,15.9420,74.5524,24.8954
1932,Black|Purple|Grey|Cold White,#080A0D|#6C47B2|#8C9099|#D9DFE5,40.0736,29.1745,24.5193,20.6172,17.5523,55.8024,24.8958
1933,Black|Polymaker Teal|Brown|Cold White,#080A0D|#4CC0C7|#55331A|#D9DFE5,39.4105,29.0192,24.5601,20.7795,17.7165,51.5301,24.8993
1934,Black|Grey|Olive Green|Magenta,#080A0D|#8C9099|#948902|#F24574,34.4202,27.6177,24.9417,22.1826,19.1399,70.0998,24.9001
1935,Blue|Black|Purple|Cold White,#003776|#080A0D|#6C47B2|#D9DFE5,40.0729,29.2151,24.4989,20.5908,17.4994,61.5951,24.9030
1936,Black|Brown|Cold White|Magenta,#080A0D|#55331A|#D9DFE5|#F24574,39.8373,29.1205,24.4922,20.6957,17.6670,52.5937,24.9081
1937,Blue|Dark Olive Drab|Purple|Orange,#003776|#575B54|#6C47B2|#F67405,33.5866,27.3969,24.7336,22.4210,20.4001,56.5614,24.9089
1938,Purple|Grey|Cold White|Yellow,#6C47B2|#8C9099|#D9DFE5|#FFE800,32.5411,27.3333,25.1064,22.4904,19.3333,45.0440,24.9119
1939,Blue|Dark Olive Drab|Lime Green|Magenta,#003776|#575B54|#D5D701|#F24574,33.3202,27.6319,24.9344,22.1994,19.6918,64.2430,24.9157
1940,Azure Blue|Grey|Lime Green|Red,#0066D9|#8C9099|#D5D701|#E72F1D,29.7261,26.9620,25.2824,22.8730,19.7063,40.8852,24.9175
1941,Polymaker Teal|Brown|Grey|Red,#4CC0C7|#55331A|#8C9099|#E72F1D,32.3838,27.2652,25.1217,22.5765,19.4889,50.1022,24.9208
1942,Blue|Polymaker Teal|White|Yellow,#003776|#4CC0C7|#EBF7FF|#FFE800,31.7933,27.1069,24.8968,22.7374,20.8849,64.5882,24.9221
1943,Black|Dark Olive Drab|Grey|Orange,#080A0D|#575B54|#8C9099|#F67405,29.7178,26.8248,25.2392,23.0253,20.0944,44.7188,24.9251
1944,Purple|Olive Green|Cold White|Orange,#6C47B2|#948902|#D9DFE5|#F67405,54.7900,30.8803,23.6887,18.9769,15.9122,74.6289,24.9286
1945,Blue|Black|Purple|Olive Green,#003776|#080A0D|#6C47B2|#948902,50.2961,30.9058,23.9050,18.9530,15.9695,74.0613,24.9294
1946,Brown|Grey|Tan|White,#55331A|#8C9099|#A79E82|#EBF7FF,31.0844,26.9737,25.1967,22.8942,19.9575,47.0235,24.9339
1947,Azure Blue|Green|Purple|Magenta,#0066D9|#06924D|#6C47B2|#F24574,41.7432,28.8285,24.4387,21.0495,18.3959,59.4103,24.9390
1948,Green|Black|Cold White|Yellow,#06924D|#080A0D|#D9DFE5|#FFE800,40.0607,29.2124,24.5249,20.6669,17.6511,52.9154,24.9397
1949,Brown|Grey|Tan|Cold White,#55331A|#8C9099|#A79E82|#D9DFE5,31.0966,26.9766,25.1942,22.9134,19.9863,47.0789,24.9450
1950,Green|Black|Dark Olive Drab|Cold White,#06924D|#080A0D|#575B54|#D9DFE5,39.9165,29.1784,24.5361,20.7235,17.6498,53.9805,24.9509
1951,Purple|Grey|White|Yellow,#6C47B2|#8C9099|#EBF7FF|#FFE800,32.5648,27.3696,25.1608,22.5432,19.3873,45.8024,24.9564
1952,Black|Polymaker Teal|Cold White|Yellow,#080A0D|#4CC0C7|#D9DFE5|#FFE800,40.2256,29.2315,24.4999,20.6827,17.6831,52.9340,24.9571
1953,Black|Dark Olive Drab|Purple|Orange,#080A0D|#575B54|#6C47B2|#F67405,33.5679,27.4591,24.8491,22.4579,20.3574,56.6308,24.9585
1954,Dark Olive Drab|Purple|Red|Orange,#575B54|#6C47B2|#E72F1D|#F67405,33.5679,27.4591,24.8491,22.4579,20.3574,56.6308,24.9585
1955,Green|Brown|Grey|Olive Green,#06924D|#55331A|#8C9099|#948902,31.4439,27.1041,25.1897,22.8150,19.8671,46.6280,24.9595
1956,Polymaker Teal|Brown|White|Magenta,#4CC0C7|#55331A|#EBF7FF|#F24574,36.3772,28.0143,24.8342,21.9132,19.1347,48.8172,24.9638
1957,Brown|Grey|Tan|Red,#55331A|#8C9099|#A79E82|#E72F1D,31.0681,27.0013,25.2212,22.9281,19.9815,47.0725,24.9647
1958,Brown|Grey|Tan|Magenta,#55331A|#8C9099|#A79E82|#F24574,31.0681,27.0013,25.2212,22.9281,19.9815,47.0725,24.9647
1959,Brown|Grey|Tan|Orange,#55331A|#8C9099|#A79E82|#F67405,31.0681,27.0013,25.2212,22.9281,19.9815,47.0725,24.9647
1960,Green|Dark Olive Drab|Red|White,#06924D|#575B54|#E72F1D|#EBF7FF,28.2444,26.3780,25.2344,23.5620,21.3280,41.2157,24.9700
1961,Dark Olive Drab|Olive Green|Red|White,#575B54|#948902|#E72F1D|#EBF7FF,28.2476,26.3791,25.2349,23.5641,21.3298,41.2408,24.9716
1962,Dark Olive Drab|Lime Green|Red|White,#575B54|#D5D701|#E72F1D|#EBF7FF,28.2476,26.3791,25.2349,23.5641,21.3298,41.2408,24.9716
1963,Dark Olive Drab|Red|White|Orange,#575B54|#E72F1D|#EBF7FF|#F67405,28.2476,26.3791,25.2349,23.5641,21.3298,41.2408,24.9716
1964,Dark Olive Drab|Red|White|Yellow,#575B54|#E72F1D|#EBF7FF|#FFE800,28.2476,26.3791,25.2349,23.5641,21.3298,41.2408,24.9716
1965,Green|Black|Dark Grey|Polymaker Teal,#06924D|#080A0D|#485259|#4CC0C7,28.2685,26.2553,25.1374,23.6941,21.9692,57.5319,24.9747
1966,Blue|Azure Blue|Lime Green|Orange,#003776|#0066D9|#D5D701|#F67405,34.1539,28.1785,25.1276,21.7784,18.5282,79.6790,24.9785
1967,Black|Brown|Cold White|Pink,#080A0D|#55331A|#D9DFE5|#F1A1AF,39.8616,29.1824,24.5860,20.7821,17.7682,52.8455,24.9822
1968,Black|Grey|Pink|Yellow,#080A0D|#8C9099|#F1A1AF|#FFE800,33.8075,27.6350,25.0642,22.3329,19.2916,51.0126,24.9839
1969,Blue|Green|Dark Olive Drab|Red,#003776|#06924D|#575B54|#E72F1D,32.0338,26.9069,24.9018,23.0658,21.4963,66.5328,24.9863
1970,Black|Dark Olive Drab|Grey|Red,#080A0D|#575B54|#8C9099|#E72F1D,29.8804,26.9081,25.2958,23.0656,20.1158,45.4245,24.9868
1971,Black|Purple|Cold White|Red,#080A0D|#6C47B2|#D9DFE5|#E72F1D,40.0051,29.2888,24.6343,20.6919,17.4713,53.6635,24.9903
1972,Dark Grey|Polymaker Teal|Dark Olive Drab|Magenta,#485259|#4CC0C7|#575B54|#F24574,30.3274,27.2184,25.3455,22.7630,19.4821,60.9285,24.9907
1973,Dark Olive Drab|Cold White|White|Pink,#575B54|#D9DFE5|#EBF7FF|#F1A1AF,28.2046,26.3863,25.2587,23.5962,21.3398,40.3498,24.9912
1974,Brown|Dark Olive Drab|Purple|Orange,#55331A|#575B54|#6C47B2|#F67405,33.5778,27.4845,24.8724,22.5009,20.4168,56.6540,24.9927
1975,Polymaker Teal|Dark Olive Drab|Grey|Lime Green,#4CC0C7|#575B54|#8C9099|#D5D701,29.1877,26.8381,25.3477,23.1559,20.2167,45.4015,24.9970
1976,Green|Polymaker Teal|Purple|Cold White,#06924D|#4CC0C7|#6C47B2|#D9DFE5,48.2572,30.0885,24.1701,19.9074,17.0420,70.1260,24.9980
1977,Blue|Azure Blue|Lime Green|Magenta,#003776|#0066D9|#D5D701|#F24574,34.0771,28.1312,25.1328,21.8666,18.6767,79.9274,24.9989
1978,Brown|Grey|Lime Green|Cold White,#55331A|#8C9099|#D5D701|#D9DFE5,31.0719,26.9898,25.2365,23.0110,20.1346,46.7589,25.0004
1979,Black|Polymaker Teal|Lime Green|Cold White,#080A0D|#4CC0C7|#D5D701|#D9DFE5,40.1617,29.2526,24.5905,20.7487,17.6930,52.7458,25.0006
1980,Black|Grey|Olive Green|Orange,#080A0D|#8C9099|#948902|#F67405,34.4529,27.7186,25.0449,22.2835,19.2262,70.2885,25.0010
1981,Black|Lime Green|Cold White|Orange,#080A0D|#D5D701|#D9DFE5|#F67405,39.8666,29.2371,24.6011,20.7675,17.7361,52.7763,25.0023
1982,Black|Grey|Olive Green|Red,#080A0D|#8C9099|#948902|#E72F1D,34.4802,27.7263,25.0315,22.2814,19.2517,70.8148,25.0039
1983,Blue|Dark Olive Drab|Purple|Grey,#003776|#575B54|#6C47B2|#8C9099,30.2541,27.0341,25.3089,22.9795,20.0298,68.1817,25.0068
1984,Dark Olive Drab|Cold White|White|Magenta,#575B54|#D9DFE5|#EBF7FF|#F24574,28.3390,26.4373,25.2779,23.5872,21.3148,40.8087,25.0123
1985,Brown|Dark Olive Drab|Red|White,#55331A|#575B54|#E72F1D|#EBF7FF,28.3138,26.4257,25.2793,23.6105,21.3860,41.8802,25.0181
1986,Brown|Grey|Tan|Pink,#55331A|#8C9099|#A79E82|#F1A1AF,31.1036,27.0561,25.2771,22.9822,20.0492,47.2353,25.0191
1987,Purple|Olive Green|Cold White|Red,#6C47B2|#948902|#D9DFE5|#E72F1D,54.7808,30.9922,23.7823,19.0468,16.0000,74.9701,25.0195
1988,Azure Blue|Grey|Lime Green|White,#0066D9|#8C9099|#D5D701|#EBF7FF,29.8313,27.0385,25.3763,23.0028,19.8854,40.7559,25.0206
1989,Blue|Green|Dark Grey|Magenta,#003776|#06924D|#485259|#F24574,35.8025,28.1556,24.8335,21.8876,19.7316,60.9120,25.0216
1990,Purple|Grey|Magenta|Yellow,#6C47B2|#8C9099|#F24574|#FFE800,32.5871,27.4644,25.2294,22.5806,19.3778,45.1831,25.0225
1991,Polymaker Teal|Purple|Red|Yellow,#4CC0C7|#6C47B2|#E72F1D|#FFE800,36.9295,28.0745,24.9070,21.9771,19.2404,47.5022,25.0258
1992,Black|Cold White|Magenta|Yellow,#080A0D|#D9DFE5|#F24574|#FFE800,40.0874,29.2510,24.5677,20.8054,17.8583,52.5790,25.0282
1993,Dark Olive Drab|Grey|Olive Green|Yellow,#575B54|#8C9099|#948902|#FFE800,29.4273,26.8823,25.3664,23.1747,20.2307,45.3762,25.0285
1994,Black|Cold White|Orange|Yellow,#080A0D|#D9DFE5|#F67405|#FFE800,40.0372,29.2744,24.5992,20.7828,17.8126,52.4842,25.0286
1995,Dark Olive Drab|Tan|Red|White,#575B54|#A79E82|#E72F1D|#EBF7FF,28.3263,26.4459,25.2964,23.6147,21.3669,41.7503,25.0303
1996,Black|Cold White|Red|Yellow,#080A0D|#D9DFE5|#E72F1D|#FFE800,40.1374,29.3152,24.5962,20.7460,17.7608,53.1393,25.0306
1997,Blue|Purple|Olive Green|Red,#003776|#6C47B2|#948902|#E72F1D,50.3730,31.0015,23.9877,19.0644,16.0192,74.9441,25.0329
1998,Blue|Purple|Olive Green|Orange,#003776|#6C47B2|#948902|#F67405,50.3730,31.0015,23.9877,19.0644,16.0192,74.9441,25.0329
1999,Azure Blue|Green|Dark Grey|Grey,#0066D9|#06924D|#485259|#8C9099,31.5716,27.4030,25.2727,22.6633,19.7092,67.7572,25.0332
2000,Dark Olive Drab|Grey|Tan|Cold White,#575B54|#8C9099|#A79E82|#D9DFE5,29.1558,26.8671,25.3890,23.2078,20.2607,43.0935,25.0375
2001,Dark Olive Drab|Purple|Magenta|Orange,#575B54|#6C47B2|#F24574|#F67405,33.5623,27.4587,24.8932,22.6228,20.5882,56.6624,25.0407
2002,Azure Blue|Dark Olive Drab|White|Orange,#0066D9|#575B54|#EBF7FF|#F67405,29.8194,27.0383,25.4123,23.0468,19.8576,75.9315,25.0425
2003,Brown|Grey|Lime Green|Red,#55331A|#8C9099|#D5D701|#E72F1D,31.0810,27.0463,25.2952,23.0451,20.1381,46.0611,25.0457
2004,Brown|Grey|Lime Green|Magenta,#55331A|#8C9099|#D5D701|#F24574,31.0810,27.0463,25.2952,23.0451,20.1381,46.0611,25.0457
2005,Brown|Grey|Lime Green|Orange,#55331A|#8C9099|#D5D701|#F67405,31.0810,27.0463,25.2952,23.0451,20.1381,46.0611,25.0457
2006,Brown|Grey|Lime Green|Yellow,#55331A|#8C9099|#D5D701|#FFE800,31.0810,27.0463,25.2952,23.0451,20.1381,46.0611,25.0457
2007,Azure Blue|Grey|Lime Green|Cold White,#0066D9|#8C9099|#D5D701|#D9DFE5,29.8233,27.0607,25.4045,23.0350,19.9249,40.9027,25.0479
2008,Green|Brown|Grey|Red,#06924D|#55331A|#8C9099|#E72F1D,31.3472,27.1197,25.2814,22.9778,20.0755,45.9254,25.0488
2009,Green|Brown|Grey|Orange,#06924D|#55331A|#8C9099|#F67405,31.2989,27.1099,25.2855,22.9894,20.0709,45.9201,25.0496
2010,Green|Black|Polymaker Teal|Cold White,#06924D|#080A0D|#4CC0C7|#D9DFE5,40.0928,29.2688,24.6481,20.8421,17.7494,54.1269,25.0555
2011,Azure Blue|Dark Olive Drab|White|Magenta,#0066D9|#575B54|#EBF7FF|#F24574,29.1143,26.8141,25.4055,23.2981,20.4560,47.4698,25.0561
2012,Green|Brown|Grey|Cold White,#06924D|#55331A|#8C9099|#D9DFE5,31.4965,27.1422,25.2735,22.9719,20.0981,46.4177,25.0570
2013,Purple|Grey|Pink|Yellow,#6C47B2|#8C9099|#F1A1AF|#FFE800,32.4052,27.4608,25.2807,22.6536,19.4332,43.6654,25.0572
2014,Azure Blue|Grey|Lime Green|Orange,#0066D9|#8C9099|#D5D701|#F67405,29.7954,27.0937,25.4321,23.0219,19.8383,40.9687,25.0578
2015,Brown|Dark Olive Drab|Grey|Olive Green,#55331A|#575B54|#8C9099|#948902,30.3053,27.0504,25.3419,23.0654,20.0989,46.7289,25.0579
2016,Green|Brown|Grey|Magenta,#06924D|#55331A|#8C9099|#F24574,31.3662,27.1426,25.2925,22.9779,20.0669,45.8022,25.0602
2017,Green|Dark Olive Drab|White|Pink,#06924D|#575B54|#EBF7FF|#F1A1AF,28.2323,26.4400,25.3272,23.6815,21.4505,40.5481,25.0607
2018,Black|Dark Grey|Purple|Orange,#080A0D|#485259|#6C47B2|#F67405,30.5808,27.0807,25.1520,23.0413,21.0790,62.5961,25.0610
2019,Dark Grey|Purple|Red|Orange,#485259|#6C47B2|#E72F1D|#F67405,30.5808,27.0807,25.1520,23.0413,21.0790,62.5961,25.0610
2020,Brown|Grey|Lime Green|White,#55331A|#8C9099|#D5D701|#EBF7FF,31.1750,27.0671,25.3108,23.0553,20.1511,46.7693,25.0612
2021,Blue|Brown|Purple|Olive Green,#003776|#55331A|#6C47B2|#948902,50.2069,31.1166,24.0893,19.0116,15.9198,74.1312,25.0641
2022,Black|Lime Green|Cold White|Magenta,#080A0D|#D5D701|#D9DFE5|#F24574,39.9602,29.2904,24.6462,20.8463,17.8735,52.6825,25.0683
2023,Blue|Purple|Olive Green|Magenta,#003776|#6C47B2|#948902|#F24574,50.3921,31.0292,24.0484,19.1145,16.1567,74.4799,25.0719
2024,Brown|Grey|Tan|Lime Green,#55331A|#8C9099|#A79E82|#D5D701,31.0779,27.0653,25.3150,23.0808,20.1813,46.5515,25.0731
2025,Azure Blue|Grey|Lime Green|Magenta,#0066D9|#8C9099|#D5D701|#F24574,29.8666,27.1081,25.4447,23.0396,19.8563,41.0455,25.0739
2026,Azure Blue|Grey|Tan|Pink,#0066D9|#8C9099|#A79E82|#F1A1AF,29.7120,27.1220,25.4705,23.0267,19.7933,42.6552,25.0743
2027,Polymaker Teal|Dark Olive Drab|Grey|Yellow,#4CC0C7|#575B54|#8C9099|#FFE800,29.2131,26.9044,25.4234,23.2447,20.3194,45.4177,25.0746
2028,Dark Grey|Brown|Purple|Orange,#485259|#55331A|#6C47B2|#F67405,30.5790,27.0828,25.1579,23.0664,21.1101,62.7478,25.0746
2029,Dark Olive Drab|Grey|Tan|Lime Green,#575B54|#8C9099|#A79E82|#D5D701,29.2463,26.9230,25.4329,23.2291,20.2555,45.3606,25.0760
2030,Dark Olive Drab|Grey|Olive Green|Magenta,#575B54|#8C9099|#948902|#F24574,29.7632,26.9917,25.4006,23.1679,20.2020,46.1176,25.0798
2031,Dark Olive Drab|Purple|White|Pink,#575B54|#6C47B2|#EBF7FF|#F1A1AF,29.8122,26.9606,25.3194,23.1998,20.6251,60.0443,25.0802
2032,Azure Blue|Polymaker Teal|Brown|Red,#0066D9|#4CC0C7|#55331A|#E72F1D,37.3733,28.3652,24.9927,21.8026,18.6563,55.3399,25.0839
2033,Dark Grey|Dark Olive Drab|Purple|Grey,#485259|#575B54|#6C47B2|#8C9099,29.5560,27.0211,25.4337,23.1494,20.0798,80.7869,25.0852
2034,Dark Olive Drab|Grey|Tan|White,#575B54|#8C9099|#A79E82|#EBF7FF,29.1958,26.9141,25.4413,23.2577,20.3002,44.0413,25.0859
2035,Green|Brown|Grey|Tan,#06924D|#55331A|#8C9099|#A79E82,31.3860,27.1882,25.3272,22.9938,20.0753,46.1889,25.0910
2036,Azure Blue|Purple|Tan|Lime Green,#0066D9|#6C47B2|#A79E82|#D5D701,32.3029,27.4383,25.2612,22.7485,19.8696,65.0511,25.0934
2037,Dark Olive Drab|Tan|White|Pink,#575B54|#A79E82|#EBF7FF|#F1A1AF,28.2475,26.4739,25.3641,23.7174,21.4850,40.7728,25.0957
2038,Brown|Grey|White|Yellow,#55331A|#8C9099|#EBF7FF|#FFE800,31.1596,27.0815,25.3514,23.1146,20.2060,46.9248,25.0981
2039,Brown|Grey|Cold White|Yellow,#55331A|#8C9099|#D9DFE5|#FFE800,31.0954,27.0756,25.3489,23.1281,20.2448,46.8769,25.1018
2040,Green|Brown|Grey|Yellow,#06924D|#55331A|#8C9099|#FFE800,31.3578,27.1841,25.3409,23.0205,20.1153,46.0442,25.1023
2041,Black|Lime Green|Cold White|Red,#080A0D|#D5D701|#D9DFE5|#E72F1D,40.0403,29.3823,24.6991,20.8230,17.8161,53.0021,25.1026
2042,Brown|Dark Olive Drab|White|Pink,#55331A|#575B54|#EBF7FF|#F1A1AF,28.2559,26.4865,25.3810,23.7392,21.5094,40.5354,25.1129
2043,Dark Olive Drab|Olive Green|White|Pink,#575B54|#948902|#EBF7FF|#F1A1AF,28.2559,26.4865,25.3810,23.7392,21.5094,40.5354,25.1129
2044,Dark Olive Drab|Lime Green|White|Pink,#575B54|#D5D701|#EBF7FF|#F1A1AF,28.2559,26.4865,25.3810,23.7392,21.5094,40.5354,25.1129
2045,Dark Olive Drab|Red|White|Pink,#575B54|#E72F1D|#EBF7FF|#F1A1AF,28.2559,26.4865,25.3810,23.7392,21.5094,40.5354,25.1129
2046,Dark Olive Drab|White|Pink|Orange,#575B54|#EBF7FF|#F1A1AF|#F67405,28.2559,26.4865,25.3810,23.7392,21.5094,40.5354,25.1129
2047,Dark Olive Drab|White|Pink|Yellow,#575B54|#EBF7FF|#F1A1AF|#FFE800,28.2559,26.4865,25.3810,23.7392,21.5094,40.5354,25.1129
2048,Dark Olive Drab|Grey|Tan|Yellow,#575B54|#8C9099|#A79E82|#FFE800,29.2614,26.9555,25.4704,23.2711,20.2981,45.3349,25.1133
2049,Dark Olive Drab|Olive Green|White|Magenta,#575B54|#948902|#EBF7FF|#F24574,28.3743,26.5086,25.3716,23.7184,21.4970,40.8819,25.1135
2050,Dark Olive Drab|Lime Green|White|Magenta,#575B54|#D5D701|#EBF7FF|#F24574,28.3743,26.5086,25.3716,23.7184,21.4970,40.8819,25.1135
2051,Dark Olive Drab|Red|White|Magenta,#575B54|#E72F1D|#EBF7FF|#F24574,28.3743,26.5086,25.3716,23.7184,21.4970,40.8819,25.1135
2052,Dark Olive Drab|White|Magenta|Orange,#575B54|#EBF7FF|#F24574|#F67405,28.3743,26.5086,25.3716,23.7184,21.4970,40.8819,25.1135
2053,Dark Olive Drab|White|Magenta|Yellow,#575B54|#EBF7FF|#F24574|#FFE800,28.3743,26.5086,25.3716,23.7184,21.4970,40.8819,25.1135
2054,Azure Blue|Dark Grey|Olive Green|Pink,#0066D9|#485259|#948902|#F1A1AF,35.2493,27.6068,24.8376,22.6269,20.9099,76.3894,25.1169
2055,Dark Olive Drab|White|Pink|Magenta,#575B54|#EBF7FF|#F1A1AF|#F24574,28.3806,26.5182,25.3816,23.7219,21.4941,41.0703,25.1200
2056,Brown|Dark Olive Drab|White|Magenta,#55331A|#575B54|#EBF7FF|#F24574,28.3857,26.5210,25.3806,23.7202,21.4944,40.7881,25.1206
2057,Polymaker Teal|Dark Olive Drab|Purple|Lime Green,#4CC0C7|#575B54|#6C47B2|#D5D701,37.6390,28.2832,24.8119,21.9593,19.6029,75.0863,25.1213
2058,Dark Olive Drab|Grey|Cold White|Yellow,#575B54|#8C9099|#D9DFE5|#FFE800,29.2225,26.9350,25.4649,23.3119,20.4018,43.1065,25.1234
2059,Green|Dark Olive Drab|White|Magenta,#06924D|#575B54|#EBF7FF|#F24574,28.3964,26.5297,25.3852,23.7178,21.4905,41.0137,25.1238
2060,Azure Blue|Green|Purple|Cold White,#0066D9|#06924D|#6C47B2|#D9DFE5,48.2606,30.2188,24.2952,20.0347,17.1641,69.5911,25.1268
2061,Brown|Grey|Lime Green|Pink,#55331A|#8C9099|#D5D701|#F1A1AF,31.2099,27.1267,25.3665,23.1278,20.2330,46.9571,25.1272
2062,Dark Olive Drab|Tan|White|Magenta,#575B54|#A79E82|#EBF7FF|#F24574,28.3908,26.5308,25.3914,23.7254,21.4884,40.9800,25.1281
2063,Brown|Dark Olive Drab|Purple|White,#55331A|#575B54|#6C47B2|#EBF7FF,31.1429,27.2485,25.3060,23.0114,20.4016,59.7290,25.1299
2064,Brown|Grey|Red|Yellow,#55331A|#8C9099|#E72F1D|#FFE800,31.1097,27.1063,25.3859,23.1568,20.2544,46.4418,25.1315
2065,Brown|Grey|Magenta|Yellow,#55331A|#8C9099|#F24574|#FFE800,31.1097,27.1063,25.3859,23.1568,20.2544,46.4418,25.1315
2066,Brown|Grey|Orange|Yellow,#55331A|#8C9099|#F67405|#FFE800,31.1097,27.1063,25.3859,23.1568,20.2544,46.4418,25.1315
2067,Green|Purple|Cold White|White,#06924D|#6C47B2|#D9DFE5|#EBF7FF,48.3891,30.1474,24.2424,20.1199,17.3372,70.1326,25.1337
2068,Blue|Dark Grey|Purple|Orange,#003776|#485259|#6C47B2|#F67405,30.4744,27.1019,25.2514,23.1789,21.1944,62.1915,25.1404
2069,Black|Grey|Tan|Orange,#080A0D|#8C9099|#A79E82|#F67405,33.1792,27.4924,25.2379,22.8005,20.0630,43.7601,25.1465
2070,Dark Olive Drab|Grey|Lime Green|Cold White,#575B54|#8C9099|#D5D701|#D9DFE5,29.2667,26.9650,25.4923,23.3347,20.4170,43.1664,25.1498
2071,Dark Olive Drab|Grey|Olive Green|Red,#575B54|#8C9099|#948902|#E72F1D,29.7739,27.0545,25.4757,23.2488,20.2718,46.0948,25.1516
2072,Green|Brown|Grey|Lime Green,#06924D|#55331A|#8C9099|#D5D701,31.4685,27.2659,25.3862,23.0383,20.1066,46.7214,25.1521
2073,Black|Grey|White|Yellow,#080A0D|#8C9099|#EBF7FF|#FFE800,35.0463,27.8815,25.0949,22.4289,19.8046,51.5348,25.1552
2074,Dark Olive Drab|Purple|White|Yellow,#575B54|#6C47B2|#EBF7FF|#FFE800,31.4615,27.4233,25.3414,22.8900,20.1302,69.5663,25.1566
2075,Blue|Dark Grey|Olive Green|Magenta,#003776|#485259|#948902|#F24574,29.5604,26.6934,25.3053,23.6411,21.7033,65.2067,25.1672
2076,Dark Grey|Dark Olive Drab|Purple|Orange,#485259|#575B54|#6C47B2|#F67405,33.5327,27.7157,25.0886,22.6200,20.4538,56.9174,25.1679
2077,Black|Purple|Cold White|Pink,#080A0D|#6C47B2|#D9DFE5|#F1A1AF,40.1150,29.4541,24.8341,20.8837,17.7106,54.7729,25.1689
2078,Green|Dark Olive Drab|Grey|Lime Green,#06924D|#575B54|#8C9099|#D5D701,29.3671,27.0220,25.5253,23.3207,20.3381,45.4390,25.1713
2079,Dark Olive Drab|Grey|White|Yellow,#575B54|#8C9099|#EBF7FF|#FFE800,29.2553,26.9824,25.5223,23.3755,20.4602,44.1610,25.1790
2080,Green|Brown|Grey|Pink,#06924D|#55331A|#8C9099|#F1A1AF,31.4562,27.2609,25.4119,23.0987,20.1988,46.5393,25.1798
2081,Dark Olive Drab|Grey|Lime Green|White,#575B54|#8C9099|#D5D701|#EBF7FF,29.2942,26.9967,25.5284,23.3728,20.4488,44.1211,25.1847
2082,Azure Blue|Grey|Lime Green|Yellow,#0066D9|#8C9099|#D5D701|#FFE800,29.9188,27.1970,25.5490,23.1731,20.0338,41.0730,25.1850
2083,Blue|Green|Purple|Cold White,#003776|#06924D|#6C47B2|#D9DFE5,48.0081,30.3054,24.3597,20.0685,17.2082,71.1744,25.1870
2084,Dark Grey|Purple|Magenta|Orange,#485259|#6C47B2|#F24574|#F67405,30.5388,27.1421,25.2788,23.2327,21.3163,62.5525,25.1874
2085,Azure Blue|Dark Grey|Olive Green|White,#0066D9|#485259|#948902|#EBF7FF,34.3150,27.9304,25.2888,22.4845,19.3236,82.2813,25.2075
2086,Black|Lime Green|Cold White|Pink,#080A0D|#D5D701|#D9DFE5|#F1A1AF,39.9522,29.4491,24.8461,20.9679,17.9296,53.1092,25.2085
2087,Dark Olive Drab|Purple|Red|White,#575B54|#6C47B2|#E72F1D|#EBF7FF,29.4655,26.9493,25.4759,23.4764,20.9913,58.9788,25.2129
2088,Polymaker Teal|Dark Olive Drab|Grey|Pink,#4CC0C7|#575B54|#8C9099|#F1A1AF,29.4507,27.0753,25.5592,23.3534,20.4033,45.8693,25.2143
2089,Azure Blue|Green|Dark Olive Drab|Orange,#0066D9|#06924D|#575B54|#F67405,33.1638,27.2142,25.0659,23.2208,21.6010,57.9267,25.2175
2090,Azure Blue|Dark Grey|Dark Olive Drab|Red,#0066D9|#485259|#575B54|#E72F1D,30.0443,26.7468,25.3043,23.6886,21.8477,56.2067,25.2177
2091,Black|Dark Grey|Polymaker Teal|Pink,#080A0D|#485259|#4CC0C7|#F1A1AF,33.8546,28.0206,25.4040,22.4179,19.1201,52.5493,25.2193
2092,Green|Brown|Grey|White,#06924D|#55331A|#8C9099|#EBF7FF,31.5815,27.3355,25.4679,23.1057,20.1453,47.1949,25.2206
2093,Brown|Grey|Pink|Yellow,#55331A|#8C9099|#F1A1AF|#FFE800,31.1669,27.1902,25.4769,23.2549,20.3567,46.9731,25.2225
2094,Brown|Grey|Tan|Yellow,#55331A|#8C9099|#A79E82|#FFE800,31.1691,27.2191,25.4822,23.2267,20.3182,47.0518,25.2229
2095,Dark Olive Drab|Grey|Olive Green|Orange,#575B54|#8C9099|#948902|#F67405,29.6763,27.0902,25.5637,23.3558,20.3721,46.0181,25.2230
2096,Black|Cold White|Pink|Yellow,#080A0D|#D9DFE5|#F1A1AF|#FFE800,40.1752,29.4665,24.8009,20.9924,17.9909,53.2844,25.2295
2097,Blue|Black|Dark Olive Drab|Olive Green,#003776|#080A0D|#575B54|#948902,30.6380,26.8010,25.2929,23.6901,21.9113,56.7408,25.2455
2098,Blue|Dark Olive Drab|Grey|Red,#003776|#575B54|#8C9099|#E72F1D,30.4700,27.2680,25.5413,23.2232,20.2297,60.0097,25.2456
2099,Purple|Olive Green|Tan|Cold White,#6C47B2|#948902|#A79E82|#D9DFE5,38.4917,28.4118,25.0043,22.0827,19.3095,57.8630,25.2473
2100,Azure Blue|Black|Cold White|Pink,#0066D9|#080A0D|#D9DFE5|#F1A1AF,39.9949,29.5042,24.9501,20.9954,17.7049,55.7985,25.2498
2101,Azure Blue|Dark Olive Drab|Grey|Tan,#0066D9|#575B54|#8C9099|#A79E82,30.4963,27.4179,25.6227,23.0864,19.8231,74.4922,25.2521
2102,Blue|Dark Olive Drab|Purple|Red,#003776|#575B54|#6C47B2|#E72F1D,33.8618,27.7345,25.1082,22.7707,20.7361,56.9893,25.2526
2103,Azure Blue|Black|Olive Green|Cold White,#0066D9|#080A0D|#948902|#D9DFE5,40.8580,29.4580,24.8167,21.0520,18.2239,78.2422,25.2550
2104,Azure Blue|Dark Olive Drab|Olive Green|Lime Green,#0066D9|#575B54|#948902|#D5D701,35.5115,28.0238,25.2133,22.4912,19.8382,79.5157,25.2575
2105,Dark Olive Drab|Grey|Tan|Orange,#575B54|#8C9099|#A79E82|#F67405,29.4052,27.1078,25.6172,23.4077,20.4226,45.2762,25.2577
2106,Azure Blue|Black|Dark Grey|White,#0066D9|#080A0D|#485259|#EBF7FF,32.8641,27.5400,25.3268,22.9821,20.4797,68.4837,25.2611
2107,Black|Purple|Cold White|Magenta,#080A0D|#6C47B2|#D9DFE5|#F24574,40.2745,29.5481,24.9231,20.9744,17.7071,54.7846,25.2612
2108,Brown|Dark Olive Drab|Cold White|White,#55331A|#575B54|#D9DFE5|#EBF7FF,30.7669,27.2004,25.4307,23.3302,20.8587,46.6865,25.2653
2109,Black|Grey|Tan|White,#080A0D|#8C9099|#A79E82|#EBF7FF,34.8091,27.9837,25.2421,22.5477,19.8865,51.8943,25.2657
2110,Green|Dark Olive Drab|Grey|Yellow,#06924D|#575B54|#8C9099|#FFE800,29.3960,27.0964,25.6205,23.4366,20.4787,45.4794,25.2665
2111,Blue|Green|Purple|Grey,#003776|#06924D|#6C47B2|#8C9099,35.1225,28.6896,25.5773,21.8593,17.7123,67.3183,25.2745
2112,Green|Dark Olive Drab|Grey|Tan,#06924D|#575B54|#8C9099|#A79E82,29.5611,27.1630,25.6367,23.3923,20.3720,45.9457,25.2776
2113,Blue|Brown|Dark Olive Drab|Olive Green,#003776|#55331A|#575B54|#948902,30.6458,26.8316,25.3247,23.7290,21.9521,56.7845,25.2803
2114,Brown|Purple|Olive Green|White,#55331A|#6C47B2|#948902|#EBF7FF,38.2746,28.4340,24.9289,22.1315,19.9742,51.0583,25.2827
2115,Dark Olive Drab|Grey|Lime Green|Yellow,#575B54|#8C9099|#D5D701|#FFE800,29.4184,27.1181,25.6413,23.4535,20.4875,45.4574,25.2858
2116,Azure Blue|Purple|Grey|Yellow,#0066D9|#6C47B2|#8C9099|#FFE800,31.9259,27.6083,25.5508,22.9706,19.7757,49.1076,25.2895
2117,Brown|Dark Olive Drab|Purple|Red,#55331A|#575B54|#6C47B2|#E72F1D,33.8875,27.7631,25.1437,22.8182,20.7775,56.9740,25.2907
2118,Blue|Black|Cold White|Magenta,#003776|#080A0D|#D9DFE5|#F24574,39.9293,29.5715,25.0030,21.0112,17.6720,60.5399,25.2913
2119,Azure Blue|Grey|Lime Green|Pink,#0066D9|#8C9099|#D5D701|#F1A1AF,30.0431,27.3202,25.6625,23.2654,20.1042,41.5698,25.2928
2120,Azure Blue|Black|Cold White|Magenta,#0066D9|#080A0D|#D9DFE5|#F24574,40.2052,29.6547,25.0004,20.9346,17.5911,56.2469,25.2947
2121,Dark Olive Drab|Grey|Cold White|White,#575B54|#8C9099|#D9DFE5|#EBF7FF,29.4095,27.1071,25.6406,23.4866,20.5655,44.2949,25.2969
2122,Purple|Olive Green|Tan|White,#6C47B2|#948902|#A79E82|#EBF7FF,38.4676,28.4727,25.0612,22.1230,19.3850,56.5765,25.2978
2123,Black|Dark Olive Drab|Purple|Red,#080A0D|#575B54|#6C47B2|#E72F1D,33.8007,27.7393,25.1458,22.8609,20.8434,56.9579,25.3001
2124,Dark Olive Drab|Grey|Tan|Red,#575B54|#8C9099|#A79E82|#E72F1D,29.4976,27.1796,25.6695,23.4261,20.4093,45.5504,25.3029
2125,Dark Olive Drab|Grey|Tan|Magenta,#575B54|#8C9099|#A79E82|#F24574,29.4871,27.1786,25.6710,23.4316,20.4113,45.5636,25.3051
2126,Blue|Dark Grey|Dark Olive Drab|Olive Green,#003776|#485259|#575B54|#948902,30.7722,26.9471,25.3588,23.6636,21.8756,56.7295,25.3054
2127,Dark Grey|Brown|Lime Green|Red,#485259|#55331A|#D5D701|#E72F1D,28.6379,26.6059,25.4782,24.0050,22.2495,59.4919,25.3054
2128,Dark Grey|Olive Green|Lime Green|Orange,#485259|#948902|#D5D701|#F67405,28.6224,26.6075,25.4843,24.0043,22.2430,59.3915,25.3059
2129,Brown|Grey|White|Orange,#55331A|#8C9099|#EBF7FF|#F67405,31.4379,27.3418,25.5699,23.2891,20.3372,47.7613,25.3154
2130,Blue|Dark Olive Drab|Olive Green|Red,#003776|#575B54|#948902|#E72F1D,30.6650,26.8518,25.3620,23.7804,22.0206,56.7856,25.3161
2131,Dark Olive Drab|Grey|Tan|Pink,#575B54|#8C9099|#A79E82|#F1A1AF,29.4499,27.1701,25.6796,23.4634,20.4665,45.0488,25.3167
2132,Black|Dark Olive Drab|Grey|Magenta,#080A0D|#575B54|#8C9099|#F24574,30.1018,27.2371,25.6411,23.4020,20.4387,48.2931,25.3196
2133,Blue|Cold White|White|Yellow,#003776|#D9DFE5|#EBF7FF|#FFE800,32.0933,27.6338,25.3773,23.0112,20.9217,65.3469,25.3225
2134,Polymaker Teal|Dark Olive Drab|Grey|Cold White,#4CC0C7|#575B54|#8C9099|#D9DFE5,29.4829,27.1558,25.6753,23.4989,20.5489,43.8209,25.3273
2135,Brown|Grey|Red|Orange,#55331A|#8C9099|#E72F1D|#F67405,31.2089,27.3107,25.5862,23.3440,20.4247,46.7420,25.3274
2136,Brown|Grey|Magenta|Orange,#55331A|#8C9099|#F24574|#F67405,31.2089,27.3107,25.5862,23.3440,20.4247,46.7420,25.3274
2137,Brown|Grey|Cold White|Orange,#55331A|#8C9099|#D9DFE5|#F67405,31.3463,27.3178,25.5859,23.3405,20.4130,47.6298,25.3291
2138,Green|Dark Grey|Lime Green|Red,#06924D|#485259|#D5D701|#E72F1D,28.6730,26.6431,25.5175,24.0332,22.2508,59.8610,25.3382
2139,Black|Dark Grey|Lime Green|Red,#080A0D|#485259|#D5D701|#E72F1D,28.6730,26.6431,25.5175,24.0332,22.2508,59.8610,25.3382
2140,Polymaker Teal|Dark Olive Drab|Grey|White,#4CC0C7|#575B54|#8C9099|#EBF7FF,29.4387,27.1641,25.6950,23.5227,20.5812,44.8372,25.3434
2141,Dark Grey|Brown|Lime Green|Orange,#485259|#55331A|#D5D701|#F67405,28.6136,26.6314,25.5257,24.0566,22.2990,59.5824,25.3440
2142,Dark Olive Drab|Grey|Magenta|Yellow,#575B54|#8C9099|#F24574|#FFE800,29.5127,27.1931,25.6989,23.4951,20.5226,45.3519,25.3441
2143,Blue|Dark Grey|Dark Olive Drab|Pink,#003776|#485259|#575B54|#F1A1AF,28.2372,26.5712,25.5714,24.1269,22.1947,44.0452,25.3490
2144,Dark Grey|Olive Green|Lime Green|Red,#485259|#948902|#D5D701|#E72F1D,28.6734,26.6445,25.5279,24.0544,22.2866,59.6260,25.3495
2145,Dark Olive Drab|Grey|Orange|Yellow,#575B54|#8C9099|#F67405|#FFE800,29.4821,27.1920,25.7069,23.5080,20.5425,45.3369,25.3500
2146,Polymaker Teal|Brown|Red|Magenta,#4CC0C7|#55331A|#E72F1D|#F24574,37.1291,28.5307,25.2276,22.1703,19.1966,49.9860,25.3505
2147,Polymaker Teal|Brown|Dark Olive Drab|Tan,#4CC0C7|#55331A|#575B54|#A79E82,29.1326,26.9658,25.6389,23.7391,21.2839,48.9332,25.3525
2148,Dark Olive Drab|Grey|Red|Yellow,#575B54|#8C9099|#E72F1D|#FFE800,29.5207,27.2105,25.7183,23.5067,20.5282,45.5042,25.3586
2149,Green|Polymaker Teal|Dark Olive Drab|Tan,#06924D|#4CC0C7|#575B54|#A79E82,29.1344,26.9727,25.6488,23.7507,21.2989,48.9450,25.3617
2150,Black|Polymaker Teal|Dark Olive Drab|Tan,#080A0D|#4CC0C7|#575B54|#A79E82,29.1344,26.9727,25.6488,23.7507,21.2989,48.9450,25.3617
2151,Polymaker Teal|Dark Olive Drab|Olive Green|Tan,#4CC0C7|#575B54|#948902|#A79E82,29.1344,26.9727,25.6488,23.7507,21.2989,48.9450,25.3617
2152,Polymaker Teal|Dark Olive Drab|Tan|Lime Green,#4CC0C7|#575B54|#A79E82|#D5D701,29.1344,26.9727,25.6488,23.7507,21.2989,48.9450,25.3617
2153,Polymaker Teal|Dark Olive Drab|Tan|Orange,#4CC0C7|#575B54|#A79E82|#F67405,29.1344,26.9727,25.6488,23.7507,21.2989,48.9450,25.3617
2154,Polymaker Teal|Dark Olive Drab|Tan|Yellow,#4CC0C7|#575B54|#A79E82|#FFE800,29.1344,26.9727,25.6488,23.7507,21.2989,48.9450,25.3617
2155,Green|Dark Olive Drab|Grey|Cold White,#06924D|#575B54|#8C9099|#D9DFE5,29.6496,27.2432,25.7173,23.4931,20.5123,45.0573,25.3681
2156,Purple|Tan|Lime Green|Cold White,#6C47B2|#A79E82|#D5D701|#D9DFE5,36.5612,28.2430,25.2635,22.5097,19.8303,53.5926,25.3764
2157,Purple|Tan|Lime Green|White,#6C47B2|#A79E82|#D5D701|#EBF7FF,36.5297,28.2355,25.2702,22.5190,19.8458,53.3607,25.3772
2158,Black|Polymaker Teal|Olive Green|Magenta,#080A0D|#4CC0C7|#948902|#F24574,38.5149,29.4414,25.3665,21.3185,17.7669,55.8171,25.3800
2159,Purple|Tan|Cold White|Red,#6C47B2|#A79E82|#D9DFE5|#E72F1D,36.5532,28.2423,25.2665,22.5179,19.8423,53.9212,25.3801
2160,Purple|Tan|Cold White|Pink,#6C47B2|#A79E82|#D9DFE5|#F1A1AF,36.4810,28.2644,25.2982,22.4990,19.8039,53.6231,25.3817
2161,Green|Dark Grey|Lime Green|Orange,#06924D|#485259|#D5D701|#F67405,28.6745,26.6844,25.5697,24.0847,22.3031,59.7221,25.3846
2162,Black|Dark Grey|Lime Green|Orange,#080A0D|#485259|#D5D701|#F67405,28.6745,26.6844,25.5697,24.0847,22.3031,59.7221,25.3846
2163,Dark Grey|Lime Green|Red|Orange,#485259|#D5D701|#E72F1D|#F67405,28.6745,26.6844,25.5697,24.0847,22.3031,59.7221,25.3846
2164,Black|Polymaker Teal|Olive Green|Pink,#080A0D|#4CC0C7|#948902|#F1A1AF,38.0019,29.1726,25.3369,21.5991,18.3993,51.6329,25.3859
2165,Blue|Dark Grey|Lime Green|Magenta,#003776|#485259|#D5D701|#F24574,33.4807,28.0500,25.4141,22.7271,20.2638,64.7348,25.3886
2166,Brown|Dark Olive Drab|Grey|Orange,#55331A|#575B54|#8C9099|#F67405,29.6979,27.2654,25.7383,23.5129,20.5265,45.6798,25.3892
2167,Black|Olive Green|Cold White|Pink,#080A0D|#948902|#D9DFE5|#F1A1AF,41.0579,29.6925,24.9175,21.0925,18.2304,65.0920,25.3925
2168,Polymaker Teal|Purple|Red|Orange,#4CC0C7|#6C47B2|#E72F1D|#F67405,37.0892,28.3967,25.2823,22.3965,19.6872,48.4698,25.3966
2169,Brown|Grey|Pink|Orange,#55331A|#8C9099|#F1A1AF|#F67405,31.2096,27.3672,25.6708,23.4445,20.5300,47.1048,25.4058
2170,Purple|Tan|Cold White|White,#6C47B2|#A79E82|#D9DFE5|#EBF7FF,36.5896,28.2999,25.2979,22.5133,19.8115,54.3257,25.4066
2171,Dark Grey|Dark Olive Drab|Lime Green|Red,#485259|#575B54|#D5D701|#E72F1D,28.5050,26.6574,25.5992,24.1640,22.4260,58.9682,25.4107
2172,Purple|Grey|Lime Green|Orange,#6C47B2|#8C9099|#D5D701|#F67405,33.6566,27.9462,25.5747,22.8772,19.7325,59.2965,25.4117
2173,Purple|Tan|Cold White|Orange,#6C47B2|#A79E82|#D9DFE5|#F67405,36.5961,28.2926,25.3036,22.5313,19.8439,53.7448,25.4120
2174,Dark Olive Drab|Grey|Magenta|Orange,#575B54|#8C9099|#F24574|#F67405,29.5669,27.2700,25.7769,23.5622,20.5699,45.4194,25.4161
2175,Black|Olive Green|Cold White|Magenta,#080A0D|#948902|#D9DFE5|#F24574,41.1644,29.7405,24.9214,21.0936,18.2255,65.5760,25.4171
2176,Blue|Azure Blue|Dark Olive Drab|Red,#003776|#0066D9|#575B54|#E72F1D,30.0552,26.8631,25.5193,23.9728,22.1594,56.2596,25.4179
2177,Brown|Dark Olive Drab|Grey|Magenta,#55331A|#575B54|#8C9099|#F24574,29.8249,27.3034,25.7609,23.5383,20.5530,45.7052,25.4209
2178,Blue|Grey|Olive Green|Magenta,#003776|#8C9099|#948902|#F24574,35.5421,28.7341,25.6313,22.1087,18.1575,86.3252,25.4214
2179,Green|Polymaker Teal|Dark Olive Drab|White,#06924D|#4CC0C7|#575B54|#EBF7FF,28.4699,26.7777,25.6958,24.0656,21.8441,42.5537,25.4216
2180,Green|Dark Olive Drab|Olive Green|White,#06924D|#575B54|#948902|#EBF7FF,28.4699,26.7777,25.6958,24.0656,21.8441,42.5537,25.4216
2181,Green|Dark Olive Drab|Lime Green|White,#06924D|#575B54|#D5D701|#EBF7FF,28.4699,26.7777,25.6958,24.0656,21.8441,42.5537,25.4216
2182,Green|Dark Olive Drab|White|Yellow,#06924D|#575B54|#EBF7FF|#FFE800,28.4699,26.7777,25.6958,24.0656,21.8441,42.5537,25.4216
2183,Polymaker Teal|Dark Olive Drab|Olive Green|White,#4CC0C7|#575B54|#948902|#EBF7FF,28.4699,26.7777,25.6958,24.0656,21.8441,42.5537,25.4216
2184,Polymaker Teal|Dark Olive Drab|Lime Green|White,#4CC0C7|#575B54|#D5D701|#EBF7FF,28.4699,26.7777,25.6958,24.0656,21.8441,42.5537,25.4216
2185,Polymaker Teal|Dark Olive Drab|White|Yellow,#4CC0C7|#575B54|#EBF7FF|#FFE800,28.4699,26.7777,25.6958,24.0656,21.8441,42.5537,25.4216
2186,Dark Olive Drab|Olive Green|Lime Green|White,#575B54|#948902|#D5D701|#EBF7FF,28.4699,26.7777,25.6958,24.0656,21.8441,42.5537,25.4216
2187,Dark Olive Drab|Olive Green|White|Yellow,#575B54|#948902|#EBF7FF|#FFE800,28.4699,26.7777,25.6958,24.0656,21.8441,42.5537,25.4216
2188,Dark Olive Drab|Lime Green|White|Yellow,#575B54|#D5D701|#EBF7FF|#FFE800,28.4699,26.7777,25.6958,24.0656,21.8441,42.5537,25.4216
2189,Azure Blue|Green|Brown|Orange,#0066D9|#06924D|#55331A|#F67405,35.3094,27.6532,25.1253,23.1902,21.7003,57.4999,25.4217
2190,Blue|Black|Polymaker Teal|White,#003776|#080A0D|#4CC0C7|#EBF7FF,36.1018,28.5620,25.3529,22.2836,19.7478,66.3304,25.4228
2191,Azure Blue|Dark Grey|Brown|Magenta,#0066D9|#485259|#55331A|#F24574,29.5059,26.7888,25.5125,24.0628,22.4730,65.1069,25.4258
2192,Dark Olive Drab|Grey|Red|Orange,#575B54|#8C9099|#E72F1D|#F67405,29.5881,27.2854,25.7903,23.5734,20.5822,45.5277,25.4294
2193,Green|Dark Olive Drab|Tan|White,#06924D|#575B54|#A79E82|#EBF7FF,28.4698,26.7801,25.7021,24.0837,21.8801,42.7230,25.4319
2194,Polymaker Teal|Dark Olive Drab|Tan|White,#4CC0C7|#575B54|#A79E82|#EBF7FF,28.4698,26.7801,25.7021,24.0837,21.8801,42.7230,25.4319
2195,Dark Olive Drab|Olive Green|Tan|White,#575B54|#948902|#A79E82|#EBF7FF,28.4698,26.7801,25.7021,24.0837,21.8801,42.7230,25.4319
2196,Dark Olive Drab|Tan|Lime Green|White,#575B54|#A79E82|#D5D701|#EBF7FF,28.4698,26.7801,25.7021,24.0837,21.8801,42.7230,25.4319
2197,Dark Olive Drab|Tan|White|Yellow,#575B54|#A79E82|#EBF7FF|#FFE800,28.4698,26.7801,25.7021,24.0837,21.8801,42.7230,25.4319
2198,Green|Dark Olive Drab|Grey|White,#06924D|#575B54|#8C9099|#EBF7FF,29.7132,27.3136,25.7862,23.5514,20.5594,46.6754,25.4325
2199,Purple|Tan|White|Orange,#6C47B2|#A79E82|#EBF7FF|#F67405,36.6010,28.3057,25.3302,22.5594,19.8809,53.6357,25.4326
2200,Polymaker Teal|Brown|Purple|Lime Green,#4CC0C7|#55331A|#6C47B2|#D5D701,41.5259,28.8978,24.8030,21.9719,20.0385,73.2549,25.4349
2201,Azure Blue|Green|Black|Orange,#0066D9|#06924D|#080A0D|#F67405,34.7488,27.6226,25.1488,23.2480,21.8392,58.3202,25.4353
2202,Dark Grey|Dark Olive Drab|Lime Green|Orange,#485259|#575B54|#D5D701|#F67405,28.4612,26.6571,25.6223,24.2150,22.4862,59.4744,25.4361
2203,Purple|Tan|White|Pink,#6C47B2|#A79E82|#EBF7FF|#F1A1AF,36.6367,28.2933,25.3397,22.5959,19.9374,54.4000,25.4446
2204,Azure Blue|Black|Dark Grey|Magenta,#0066D9|#080A0D|#485259|#F24574,29.5017,26.8038,25.5362,24.0907,22.4978,65.2826,25.4473
2205,Azure Blue|Dark Grey|Purple|Magenta,#0066D9|#485259|#6C47B2|#F24574,29.5017,26.8038,25.5362,24.0907,22.4978,65.2826,25.4473
2206,Azure Blue|Dark Grey|Red|Magenta,#0066D9|#485259|#E72F1D|#F24574,29.5017,26.8038,25.5362,24.0907,22.4978,65.2826,25.4473
2207,Dark Grey|Brown|Olive Green|Magenta,#485259|#55331A|#948902|#F24574,29.6358,26.9543,25.6052,23.9433,21.9736,65.1831,25.4488
2208,Brown|Grey|Red|Magenta,#55331A|#8C9099|#E72F1D|#F24574,31.2873,27.4480,25.7245,23.4544,20.4936,47.4260,25.4512
2209,Purple|Tan|Red|Magenta,#6C47B2|#A79E82|#E72F1D|#F24574,36.6399,28.3285,25.3337,22.5753,19.8857,53.4650,25.4519
2210,Purple|Tan|Red|Orange,#6C47B2|#A79E82|#E72F1D|#F67405,36.6399,28.3285,25.3337,22.5753,19.8857,53.4650,25.4519
2211,Purple|Tan|Magenta|Orange,#6C47B2|#A79E82|#F24574|#F67405,36.6399,28.3285,25.3337,22.5753,19.8857,53.4650,25.4519
2212,Azure Blue|Brown|Dark Olive Drab|Red,#0066D9|#55331A|#575B54|#E72F1D,30.0255,26.8851,25.5603,24.0198,22.1936,56.2532,25.4524
2213,Brown|Dark Olive Drab|Grey|Tan,#55331A|#575B54|#8C9099|#A79E82,30.1859,27.4011,25.7817,23.5048,20.4904,46.9428,25.4529
2214,Purple|Tan|Cold White|Magenta,#6C47B2|#A79E82|#D9DFE5|#F24574,36.6932,28.3083,25.3369,22.6046,19.9204,54.5813,25.4565
2215,Green|Dark Olive Drab|Grey|Orange,#06924D|#575B54|#8C9099|#F67405,29.7721,27.3467,25.8180,23.5728,20.5437,46.1991,25.4598
2216,Azure Blue|Green|Black|Grey,#0066D9|#06924D|#080A0D|#8C9099,35.2481,28.4152,25.5752,22.5056,19.2282,68.8167,25.4604
2217,Azure Blue|Black|Dark Grey|Dark Olive Drab,#0066D9|#080A0D|#485259|#575B54,30.1402,26.9612,25.5644,23.9649,22.1229,56.8268,25.4631
2218,Azure Blue|Dark Grey|Brown|Dark Olive Drab,#0066D9|#485259|#55331A|#575B54,30.1402,26.9612,25.5644,23.9649,22.1229,56.8268,25.4631
2219,Azure Blue|Dark Grey|Dark Olive Drab|Purple,#0066D9|#485259|#575B54|#6C47B2,30.1402,26.9612,25.5644,23.9649,22.1229,56.8268,25.4631
2220,Azure Blue|Dark Olive Drab|Olive Green|Pink,#0066D9|#575B54|#948902|#F1A1AF,34.3350,27.7245,25.3244,23.2071,21.3109,70.1089,25.4658
2221,Dark Grey|Brown|Dark Olive Drab|Pink,#485259|#55331A|#575B54|#F1A1AF,28.2592,26.6758,25.6936,24.2570,22.3207,44.0307,25.4664
2222,Dark Olive Drab|Grey|Red|Magenta,#575B54|#8C9099|#E72F1D|#F24574,29.6854,27.3383,25.8260,23.5991,20.5990,45.5444,25.4687
2223,Green|Dark Olive Drab|Grey|Red,#06924D|#575B54|#8C9099|#E72F1D,29.8904,27.3862,25.8281,23.5542,20.4838,46.3622,25.4702
2224,Brown|Grey|Cold White|White,#55331A|#8C9099|#D9DFE5|#EBF7FF,31.4996,27.4801,25.7211,23.4633,20.5401,47.9747,25.4717
2225,Blue|Purple|Olive Green|Cold White,#003776|#6C47B2|#948902|#D9DFE5,39.9617,29.9996,25.4236,20.9443,17.1033,85.8052,25.4719
2226,Brown|Dark Olive Drab|Grey|Red,#55331A|#575B54|#8C9099|#E72F1D,29.6956,27.3431,25.8299,23.6035,20.6031,45.6378,25.4733
2227,Black|Dark Grey|Olive Green|Magenta,#080A0D|#485259|#948902|#F24574,29.6598,26.9602,25.6151,23.9877,22.0307,65.2967,25.4739
2228,Dark Grey|Olive Green|Red|Magenta,#485259|#948902|#E72F1D|#F24574,29.6598,26.9602,25.6151,23.9877,22.0307,65.2967,25.4739
2229,Dark Grey|Olive Green|Magenta|Orange,#485259|#948902|#F24574|#F67405,29.6598,26.9602,25.6151,23.9877,22.0307,65.2967,25.4739
2230,Brown|Grey|Red|White,#55331A|#8C9099|#E72F1D|#EBF7FF,31.4696,27.4757,25.7285,23.4733,20.5703,47.8728,25.4745
2231,Black|Dark Grey|Dark Olive Drab|Pink,#080A0D|#485259|#575B54|#F1A1AF,28.2674,26.6850,25.7048,24.2654,22.3242,44.0248,25.4752
2232,Dark Grey|Dark Olive Drab|Purple|Pink,#485259|#575B54|#6C47B2|#F1A1AF,28.2674,26.6850,25.7048,24.2654,22.3242,44.0248,25.4752
2233,Dark Grey|Dark Olive Drab|Red|Pink,#485259|#575B54|#E72F1D|#F1A1AF,28.2674,26.6850,25.7048,24.2654,22.3242,44.0248,25.4752
2234,Dark Grey|Dark Olive Drab|Pink|Magenta,#485259|#575B54|#F1A1AF|#F24574,28.2674,26.6850,25.7048,24.2654,22.3242,44.0248,25.4752
2235,Dark Grey|Dark Olive Drab|Pink|Orange,#485259|#575B54|#F1A1AF|#F67405,28.2674,26.6850,25.7048,24.2654,22.3242,44.0248,25.4752
2236,Blue|Black|Dark Olive Drab|Purple,#003776|#080A0D|#575B54|#6C47B2,34.0022,27.9636,25.3500,22.9896,20.9542,57.3297,25.4766
2237,Blue|Brown|Dark Olive Drab|Purple,#003776|#55331A|#575B54|#6C47B2,34.0022,27.9636,25.3500,22.9896,20.9542,57.3297,25.4766
2238,Black|Grey|Tan|Red,#080A0D|#8C9099|#A79E82|#E72F1D,33.4125,27.7990,25.5667,23.1543,20.3928,43.8704,25.4767
2239,Purple|Tan|Cold White|Yellow,#6C47B2|#A79E82|#D9DFE5|#FFE800,36.6493,28.3360,25.3775,22.6200,19.9208,54.4726,25.4780
2240,Dark Olive Drab|Grey|Lime Green|Red,#575B54|#8C9099|#D5D701|#E72F1D,29.6585,27.3281,25.8372,23.6289,20.6381,46.2039,25.4785
2241,Brown|Grey|White|Pink,#55331A|#8C9099|#EBF7FF|#F1A1AF,31.5610,27.4896,25.7352,23.4719,20.5315,48.2313,25.4808
2242,Azure Blue|Grey|Red|Yellow,#0066D9|#8C9099|#E72F1D|#FFE800,30.0863,27.4722,25.8578,23.4905,20.3147,41.1532,25.4813
2243,Blue|Azure Blue|Purple|White,#003776|#0066D9|#6C47B2|#EBF7FF,31.7568,27.5527,25.5355,23.4128,21.3530,62.7389,25.4827
2244,Azure Blue|Grey|Orange|Yellow,#0066D9|#8C9099|#F67405|#FFE800,30.0695,27.4759,25.8640,23.4911,20.3144,41.0195,25.4835
2245,Azure Blue|Black|Dark Olive Drab|Red,#0066D9|#080A0D|#575B54|#E72F1D,30.0419,26.9092,25.5904,24.0600,22.2532,56.2902,25.4846
2246,Azure Blue|Dark Olive Drab|Purple|Red,#0066D9|#575B54|#6C47B2|#E72F1D,30.0419,26.9092,25.5904,24.0600,22.2532,56.2902,25.4846
2247,Dark Olive Drab|Grey|Pink|Orange,#575B54|#8C9099|#F1A1AF|#F67405,29.6184,27.3317,25.8484,23.6424,20.6532,45.0620,25.4870
2248,Brown|Dark Olive Drab|Grey|Pink,#55331A|#575B54|#8C9099|#F1A1AF,29.7079,27.3410,25.8385,23.6352,20.6637,45.1975,25.4881
2249,Dark Olive Drab|Grey|Red|Pink,#575B54|#8C9099|#E72F1D|#F1A1AF,29.6548,27.3438,25.8490,23.6359,20.6470,45.1726,25.4899
2250,Brown|Grey|White|Magenta,#55331A|#8C9099|#EBF7FF|#F24574,31.5313,27.5016,25.7513,23.4793,20.5263,48.4721,25.4905
2251,Brown|Dark Olive Drab|Grey|Yellow,#55331A|#575B54|#8C9099|#FFE800,30.2497,27.4191,25.8086,23.5675,20.5972,46.8116,25.4933
2252,Brown|Grey|Cold White|Magenta,#55331A|#8C9099|#D9DFE5|#F24574,31.5724,27.4957,25.7335,23.4911,20.5747,47.8697,25.4934
2253,Black|Brown|Dark Olive Drab|Purple,#080A0D|#55331A|#575B54|#6C47B2,33.9381,27.9423,25.3609,23.0510,21.0257,57.3262,25.4967
2254,Purple|Tan|White|Magenta,#6C47B2|#A79E82|#EBF7FF|#F24574,36.6924,28.3527,25.3808,22.6410,19.9604,53.5012,25.4969
2255,Brown|Grey|Pink|Magenta,#55331A|#8C9099|#F1A1AF|#F24574,31.3206,27.4724,25.7586,23.5232,20.6205,47.6590,25.4978
2256,Green|Polymaker Teal|Dark Olive Drab|Grey,#06924D|#4CC0C7|#575B54|#8C9099,29.9215,27.4445,25.8620,23.5512,20.5012,47.8100,25.4979
2257,Brown|Grey|Cold White|Pink,#55331A|#8C9099|#D9DFE5|#F1A1AF,31.5812,27.5137,25.7423,23.4839,20.5654,47.8467,25.4988
2258,Dark Olive Drab|Grey|Lime Green|Magenta,#575B54|#8C9099|#D5D701|#F24574,29.6570,27.3406,25.8598,23.6626,20.6819,46.1536,25.5016
2259,Black|Olive Green|Cold White|Red,#080A0D|#948902|#D9DFE5|#E72F1D,41.1444,29.7919,24.9821,21.2141,18.3314,64.8463,25.5030
2260,Dark Olive Drab|Grey|Lime Green|Orange,#575B54|#8C9099|#D5D701|#F67405,29.6209,27.3347,25.8639,23.6721,20.7009,46.2291,25.5034
2261,Dark Grey|Brown|Olive Green|Orange,#485259|#55331A|#948902|#F67405,29.2747,26.8892,25.6611,24.1206,22.2535,59.9984,25.5049
2262,Blue|Black|Grey|Olive Green,#003776|#080A0D|#8C9099|#948902,35.2043,28.6486,25.6860,22.3648,18.7849,86.1399,25.5067
2263,Purple|Tan|Red|White,#6C47B2|#A79E82|#E72F1D|#EBF7FF,36.6225,28.3710,25.3983,22.6557,19.9633,53.5504,25.5134
2264,Brown|Grey|Red|Pink,#55331A|#8C9099|#E72F1D|#F1A1AF,31.2997,27.5040,25.7941,23.5286,20.5811,47.5475,25.5163
2265,Black|Dark Grey|Olive Green|Orange,#080A0D|#485259|#948902|#F67405,29.2610,26.8867,25.6721,24.1460,22.2733,59.9960,25.5163
2266,Dark Grey|Olive Green|Red|Orange,#485259|#948902|#E72F1D|#F67405,29.2610,26.8867,25.6721,24.1460,22.2733,59.9960,25.5163
2267,Blue|Purple|Grey|Lime Green,#003776|#6C47B2|#8C9099|#D5D701,34.3581,28.5525,25.6928,22.4828,19.0578,81.7161,25.5177
2268,Black|Dark Olive Drab|Grey|Pink,#080A0D|#575B54|#8C9099|#F1A1AF,29.6662,27.3724,25.8833,23.6677,20.6781,45.0896,25.5200
2269,Polymaker Teal|Dark Olive Drab|White|Pink,#4CC0C7|#575B54|#EBF7FF|#F1A1AF,29.8736,27.3427,25.8108,23.6979,21.0092,46.3658,25.5203
2270,Blue|Dark Olive Drab|Olive Green|Orange,#003776|#575B54|#948902|#F67405,30.5892,27.0443,25.5865,23.9973,22.1910,56.5566,25.5208
2271,Dark Grey|Dark Olive Drab|Purple|Red,#485259|#575B54|#6C47B2|#E72F1D,33.8482,28.0974,25.4533,22.9478,20.7594,57.0979,25.5226
2272,Blue|Azure Blue|Dark Grey|Magenta,#003776|#0066D9|#485259|#F24574,29.5625,26.8972,25.6264,24.1527,22.5390,65.4486,25.5250
2273,Purple|Tan|White|Yellow,#6C47B2|#A79E82|#EBF7FF|#FFE800,36.7144,28.4061,25.4248,22.6447,19.9658,54.2628,25.5254
2274,Purple|Grey|White|Orange,#6C47B2|#8C9099|#EBF7FF|#F67405,32.0150,27.7921,25.7987,23.2684,20.0637,42.7113,25.5302
2275,Azure Blue|Dark Grey|Dark Olive Drab|Magenta,#0066D9|#485259|#575B54|#F24574,30.3959,27.0882,25.6312,23.9808,22.0880,57.7344,25.5345
2276,Green|Dark Olive Drab|Grey|Magenta,#06924D|#575B54|#8C9099|#F24574,30.0795,27.4766,25.8849,23.5994,20.5515,46.4362,25.5380
2277,Azure Blue|Grey|Magenta|Yellow,#0066D9|#8C9099|#F24574|#FFE800,30.1610,27.5407,25.9202,23.5467,20.3770,41.4004,25.5437
2278,Polymaker Teal|Dark Olive Drab|Cold White|Pink,#4CC0C7|#575B54|#D9DFE5|#F1A1AF,29.9464,27.3953,25.8407,23.6996,20.9890,46.2892,25.5474
2279,Dark Olive Drab|Grey|Pink|Magenta,#575B54|#8C9099|#F1A1AF|#F24574,29.7582,27.4324,25.9212,23.6748,20.6593,45.4786,25.5536
2280,Green|Dark Grey|Dark Olive Drab|Lime Green,#06924D|#485259|#575B54|#D5D701,28.5925,26.7828,25.7455,24.3255,22.5792,59.3828,25.5541
2281,Black|Dark Grey|Dark Olive Drab|Lime Green,#080A0D|#485259|#575B54|#D5D701,28.5925,26.7828,25.7455,24.3255,22.5792,59.3828,25.5541
2282,Dark Grey|Dark Olive Drab|Olive Green|Lime Green,#485259|#575B54|#948902|#D5D701,28.5925,26.7828,25.7455,24.3255,22.5792,59.3828,25.5541
2283,Brown|Grey|Cold White|Red,#55331A|#8C9099|#D9DFE5|#E72F1D,31.5489,27.5381,25.8137,23.5775,20.6652,49.1115,25.5578
2284,Purple|Grey|Cold White|Orange,#6C47B2|#8C9099|#D9DFE5|#F67405,32.0027,27.8198,25.8288,23.3012,20.1052,42.8676,25.5605
2285,Blue|Dark Olive Drab|Grey|Pink,#003776|#575B54|#8C9099|#F1A1AF,30.5368,27.5532,25.8855,23.5756,20.6147,63.3842,25.5644
2286,Polymaker Teal|Dark Olive Drab|Olive Green|Magenta,#4CC0C7|#575B54|#948902|#F24574,31.5944,27.8205,25.8152,23.3158,20.3217,53.5495,25.5681
2287,Dark Grey|Brown|Dark Olive Drab|Lime Green,#485259|#55331A|#575B54|#D5D701,28.5920,26.7978,25.7640,24.3436,22.5902,59.5046,25.5707
2288,Azure Blue|Dark Olive Drab|Tan|Lime Green,#0066D9|#575B54|#A79E82|#D5D701,33.3573,28.4136,25.9115,22.7288,18.9986,86.8614,25.5712
2289,Green|Black|Polymaker Teal|Orange,#06924D|#080A0D|#4CC0C7|#F67405,36.5168,28.6035,25.4338,22.5392,20.0234,50.4231,25.5713
2290,Black|Polymaker Teal|Olive Green|Orange,#080A0D|#4CC0C7|#948902|#F67405,36.5168,28.6035,25.4338,22.5392,20.0234,50.4231,25.5713
2291,Black|Polymaker Teal|Lime Green|Orange,#080A0D|#4CC0C7|#D5D701|#F67405,36.5168,28.6035,25.4338,22.5392,20.0234,50.4231,25.5713
2292,Black|Polymaker Teal|Orange|Yellow,#080A0D|#4CC0C7|#F67405|#FFE800,36.5168,28.6035,25.4338,22.5392,20.0234,50.4231,25.5713
2293,Green|Black|Dark Grey|Lime Green,#06924D|#080A0D|#485259|#D5D701,28.8098,26.8435,25.7520,24.3003,22.5503,59.1359,25.5719
2294,Azure Blue|Dark Grey|Polymaker Teal|Brown,#0066D9|#485259|#4CC0C7|#55331A,36.4949,28.2916,25.3527,22.8526,20.6873,53.5154,25.5721
2295,Green|Dark Grey|Brown|Lime Green,#06924D|#485259|#55331A|#D5D701,28.8145,26.8584,25.7662,24.3096,22.5542,59.5208,25.5840
2296,Black|Dark Grey|Brown|Lime Green,#080A0D|#485259|#55331A|#D5D701,28.8145,26.8584,25.7662,24.3096,22.5542,59.5208,25.5840
2297,Azure Blue|Polymaker Teal|Grey|Yellow,#0066D9|#4CC0C7|#8C9099|#FFE800,30.2144,27.5857,25.9666,23.5953,20.4266,41.5865,25.5905
2298,Azure Blue|Dark Grey|Dark Olive Drab|Grey,#0066D9|#485259|#575B54|#8C9099,29.8635,27.4634,25.9472,23.7180,20.7428,78.9984,25.5907
2299,Green|Dark Grey|Olive Green|Lime Green,#06924D|#485259|#948902|#D5D701,28.8229,26.8652,25.7741,24.3219,22.5603,59.1775,25.5935
2300,Black|Dark Grey|Olive Green|Lime Green,#080A0D|#485259|#948902|#D5D701,28.8229,26.8652,25.7741,24.3219,22.5603,59.1775,25.5935
2301,Dark Grey|Brown|Olive Green|Lime Green,#485259|#55331A|#948902|#D5D701,28.8229,26.8652,25.7741,24.3219,22.5603,59.1775,25.5935
2302,Brown|Dark Olive Drab|Grey|Lime Green,#55331A|#575B54|#8C9099|#D5D701,30.4152,27.5312,25.9101,23.6573,20.6789,47.4588,25.5942
2303,Blue|Dark Olive Drab|Grey|Magenta,#003776|#575B54|#8C9099|#F24574,30.8488,27.6354,25.9036,23.5695,20.5476,66.2432,25.6025
2304,Blue|Olive Green|Cold White|Pink,#003776|#948902|#D9DFE5|#F1A1AF,38.8056,29.8854,25.6591,21.3237,17.4024,86.6216,25.6046
2305,Azure Blue|Grey|White|Yellow,#0066D9|#8C9099|#EBF7FF|#FFE800,30.2314,27.6141,25.9955,23.6236,20.4606,41.5194,25.6189
2306,Blue|Azure Blue|Dark Grey|Dark Olive Drab,#003776|#0066D9|#485259|#575B54,30.2467,27.1166,25.7332,24.1405,22.2967,56.8275,25.6286
2307,Purple|Olive Green|Tan|Red,#6C47B2|#948902|#A79E82|#E72F1D,38.2187,28.7794,25.4796,22.4855,19.6444,59.2550,25.6324
2308,Purple|Olive Green|Tan|Magenta,#6C47B2|#948902|#A79E82|#F24574,38.2187,28.7794,25.4796,22.4855,19.6444,59.2550,25.6324
2309,Purple|Olive Green|Tan|Orange,#6C47B2|#948902|#A79E82|#F67405,38.2187,28.7794,25.4796,22.4855,19.6444,59.2550,25.6324
2310,Purple|Olive Green|Tan|Yellow,#6C47B2|#948902|#A79E82|#FFE800,38.2187,28.7794,25.4796,22.4855,19.6444,59.2550,25.6324
2311,Blue|Azure Blue|Polymaker Teal|Brown,#003776|#0066D9|#4CC0C7|#55331A,36.5803,28.3091,25.3964,22.9715,20.8273,53.5994,25.6403
2312,Green|Purple|Olive Green|Yellow,#06924D|#6C47B2|#948902|#FFE800,51.7109,31.0508,24.5412,20.2367,17.5709,75.3146,25.6437
2313,Green|Dark Grey|Polymaker Teal|Dark Olive Drab,#06924D|#485259|#4CC0C7|#575B54,28.9280,26.9440,25.8307,24.3470,22.4830,56.4023,25.6455
2314,Black|Dark Grey|Polymaker Teal|Dark Olive Drab,#080A0D|#485259|#4CC0C7|#575B54,28.9280,26.9440,25.8307,24.3470,22.4830,56.4023,25.6455
2315,Azure Blue|Polymaker Teal|Brown|Dark Olive Drab,#0066D9|#4CC0C7|#55331A|#575B54,36.5372,28.3281,25.4106,22.9782,20.8290,53.4986,25.6532
2316,Green|Brown|Dark Olive Drab|Grey,#06924D|#55331A|#575B54|#8C9099,30.7052,27.6380,25.9626,23.6805,20.6763,47.2703,25.6592
2317,Dark Grey|Brown|Olive Green|Yellow,#485259|#55331A|#948902|#FFE800,28.6803,26.9024,25.8574,24.4163,22.6494,58.0772,25.6594
2318,Blue|Dark Olive Drab|Purple|Magenta,#003776|#575B54|#6C47B2|#F24574,33.6894,28.0700,25.5501,23.2566,21.2074,57.2028,25.6633
2319,Black|Dark Grey|Dark Olive Drab|Purple,#080A0D|#485259|#575B54|#6C47B2,33.9519,28.2220,25.5865,23.1059,20.9469,57.3578,25.6640
2320,Dark Grey|Brown|Dark Olive Drab|Purple,#485259|#55331A|#575B54|#6C47B2,33.9519,28.2220,25.5865,23.1059,20.9469,57.3578,25.6640
2321,Black|Olive Green|Cold White|Orange,#080A0D|#948902|#D9DFE5|#F67405,41.1493,29.9778,25.1955,21.3527,18.3905,65.7321,25.6653
2322,Azure Blue|Green|Grey|Cold White,#0066D9|#06924D|#8C9099|#D9DFE5,31.5931,27.8299,25.9415,23.5015,20.4262,48.2098,25.6657
2323,Black|Purple|Cold White|Yellow,#080A0D|#6C47B2|#D9DFE5|#FFE800,40.7392,30.0016,25.2797,21.3416,18.2442,59.4700,25.6716
2324,Azure Blue|Black|Dark Grey|Brown,#0066D9|#080A0D|#485259|#55331A,29.3985,26.9572,25.7840,24.3894,22.8040,62.6074,25.6733
2325,Azure Blue|Black|Dark Grey|Purple,#0066D9|#080A0D|#485259|#6C47B2,29.3985,26.9572,25.7840,24.3894,22.8040,62.6074,25.6733
2326,Azure Blue|Dark Grey|Brown|Purple,#0066D9|#485259|#55331A|#6C47B2,29.3985,26.9572,25.7840,24.3894,22.8040,62.6074,25.6733
2327,Polymaker Teal|Purple|Grey|Red,#4CC0C7|#6C47B2|#8C9099|#E72F1D,33.3142,28.1639,25.8821,23.1846,19.9594,46.6286,25.6742
2328,Polymaker Teal|Dark Olive Drab|Grey|Orange,#4CC0C7|#575B54|#8C9099|#F67405,29.9432,27.5879,26.0523,23.7608,20.6580,47.3228,25.6744
2329,Azure Blue|Grey|Cold White|Yellow,#0066D9|#8C9099|#D9DFE5|#FFE800,30.2511,27.6552,26.0478,23.6941,20.5492,41.4350,25.6747
2330,Dark Grey|Brown|Olive Green|Red,#485259|#55331A|#948902|#E72F1D,29.6557,27.0632,25.7916,24.2895,22.4775,61.1026,25.6763
2331,Black|Dark Grey|Purple|White,#080A0D|#485259|#6C47B2|#EBF7FF,32.1603,27.7593,25.8185,23.5959,21.1400,77.2093,25.6776
2332,Green|Black|Purple|Tan,#06924D|#080A0D|#6C47B2|#A79E82,44.5736,30.6910,25.2894,20.6694,16.8159,82.0493,25.6802
2333,Blue|Azure Blue|Black|Dark Grey,#003776|#0066D9|#080A0D|#485259,29.4420,26.9974,25.7941,24.3642,22.7683,62.6916,25.6808
2334,Blue|Azure Blue|Dark Grey|Brown,#003776|#0066D9|#485259|#55331A,29.4420,26.9974,25.7941,24.3642,22.7683,62.6916,25.6808
2335,Blue|Azure Blue|Dark Grey|Purple,#003776|#0066D9|#485259|#6C47B2,29.4420,26.9974,25.7941,24.3642,22.7683,62.6916,25.6808
2336,Green|Dark Grey|Dark Olive Drab|Yellow,#06924D|#485259|#575B54|#FFE800,28.6458,26.9080,25.8857,24.4539,22.6828,57.5165,25.6809
2337,Black|Dark Grey|Dark Olive Drab|Yellow,#080A0D|#485259|#575B54|#FFE800,28.6458,26.9080,25.8857,24.4539,22.6828,57.5165,25.6809
2338,Dark Grey|Dark Olive Drab|Olive Green|Yellow,#485259|#575B54|#948902|#FFE800,28.6458,26.9080,25.8857,24.4539,22.6828,57.5165,25.6809
2339,Dark Grey|Dark Olive Drab|Lime Green|Yellow,#485259|#575B54|#D5D701|#FFE800,28.6458,26.9080,25.8857,24.4539,22.6828,57.5165,25.6809
2340,Dark Grey|Dark Olive Drab|Red|Yellow,#485259|#575B54|#E72F1D|#FFE800,28.6458,26.9080,25.8857,24.4539,22.6828,57.5165,25.6809
2341,Dark Grey|Dark Olive Drab|Orange|Yellow,#485259|#575B54|#F67405|#FFE800,28.6458,26.9080,25.8857,24.4539,22.6828,57.5165,25.6809
2342,Dark Grey|Brown|Lime Green|Yellow,#485259|#55331A|#D5D701|#FFE800,28.6990,26.9338,25.8859,24.4347,22.6586,57.9204,25.6842
2343,Blue|White|Orange|Yellow,#003776|#EBF7FF|#F67405|#FFE800,31.8543,27.6661,25.6908,23.7047,21.8998,65.3130,25.6854
2344,Green|Dark Grey|Brown|Yellow,#06924D|#485259|#55331A|#FFE800,28.6757,26.9186,25.8836,24.4527,22.6903,58.0714,25.6856
2345,Black|Dark Grey|Brown|Yellow,#080A0D|#485259|#55331A|#FFE800,28.6757,26.9186,25.8836,24.4527,22.6903,58.0714,25.6856
2346,Dark Grey|Brown|Red|Yellow,#485259|#55331A|#E72F1D|#FFE800,28.6757,26.9186,25.8836,24.4527,22.6903,58.0714,25.6856
2347,Dark Grey|Brown|Orange|Yellow,#485259|#55331A|#F67405|#FFE800,28.6757,26.9186,25.8836,24.4527,22.6903,58.0714,25.6856
2348,Purple|Tan|Red|Yellow,#6C47B2|#A79E82|#E72F1D|#FFE800,36.9320,28.5930,25.5816,22.7801,20.0890,56.1068,25.6865
2349,Purple|Tan|Magenta|Yellow,#6C47B2|#A79E82|#F24574|#FFE800,36.9320,28.5930,25.5816,22.7801,20.0890,56.1068,25.6865
2350,Purple|Tan|Orange|Yellow,#6C47B2|#A79E82|#F67405|#FFE800,36.9320,28.5930,25.5816,22.7801,20.0890,56.1068,25.6865
2351,Purple|Grey|Red|Orange,#6C47B2|#8C9099|#E72F1D|#F67405,32.1157,27.9728,25.9695,23.4147,20.1833,42.9454,25.6937
2352,Purple|Grey|Magenta|Orange,#6C47B2|#8C9099|#F24574|#F67405,32.1157,27.9728,25.9695,23.4147,20.1833,42.9454,25.6937
2353,Green|Dark Olive Drab|Grey|Pink,#06924D|#575B54|#8C9099|#F1A1AF,30.0071,27.5883,26.0495,23.8043,20.7964,47.6039,25.6963
2354,Purple|Tan|Lime Green|Red,#6C47B2|#A79E82|#D5D701|#E72F1D,36.8549,28.5784,25.5862,22.8203,20.1226,55.6540,25.6994
2355,Purple|Tan|Lime Green|Magenta,#6C47B2|#A79E82|#D5D701|#F24574,36.8549,28.5784,25.5862,22.8203,20.1226,55.6540,25.6994
2356,Purple|Tan|Lime Green|Orange,#6C47B2|#A79E82|#D5D701|#F67405,36.8549,28.5784,25.5862,22.8203,20.1226,55.6540,25.6994
2357,Purple|Tan|Lime Green|Yellow,#6C47B2|#A79E82|#D5D701|#FFE800,36.8549,28.5784,25.5862,22.8203,20.1226,55.6540,25.6994
2358,Black|Dark Grey|Brown|Olive Green,#080A0D|#485259|#55331A|#948902,29.6410,27.0784,25.8170,24.3227,22.5259,60.7318,25.7005
2359,Blue|Purple|Lime Green|Cold White,#003776|#6C47B2|#D5D701|#D9DFE5,35.2384,29.0617,25.7820,22.3432,19.1489,78.2484,25.7025
2360,Purple|Tan|Lime Green|Pink,#6C47B2|#A79E82|#D5D701|#F1A1AF,36.9761,28.5974,25.5845,22.8076,20.0989,55.1364,25.7025
2361,Azure Blue|Green|Polymaker Teal|Grey,#0066D9|#06924D|#4CC0C7|#8C9099,31.5899,27.8641,25.9876,23.5429,20.4531,48.9840,25.7035
2362,Polymaker Teal|Dark Olive Drab|Tan|Pink,#4CC0C7|#575B54|#A79E82|#F1A1AF,30.1179,27.5565,26.0008,23.8531,21.1147,48.0251,25.7048
2363,Dark Grey|Olive Green|Lime Green|Yellow,#485259|#948902|#D5D701|#FFE800,28.6885,26.9444,25.9120,24.4715,22.7001,57.9101,25.7079
2364,Dark Grey|Brown|Dark Olive Drab|Yellow,#485259|#55331A|#575B54|#FFE800,28.6945,26.9509,25.9159,24.4673,22.6903,57.8006,25.7091
2365,Green|Dark Grey|Olive Green|Yellow,#06924D|#485259|#948902|#FFE800,28.7123,26.9534,25.9118,24.4658,22.6893,57.9887,25.7096
2366,Black|Dark Grey|Olive Green|Yellow,#080A0D|#485259|#948902|#FFE800,28.7123,26.9534,25.9118,24.4658,22.6893,57.9887,25.7096
2367,Dark Grey|Olive Green|Red|Yellow,#485259|#948902|#E72F1D|#FFE800,28.7123,26.9534,25.9118,24.4658,22.6893,57.9887,25.7096
2368,Dark Grey|Olive Green|Orange|Yellow,#485259|#948902|#F67405|#FFE800,28.7123,26.9534,25.9118,24.4658,22.6893,57.9887,25.7096
2369,Azure Blue|Red|Magenta|Yellow,#0066D9|#E72F1D|#F24574|#FFE800,32.8500,28.0264,25.7480,23.4013,21.2481,53.0731,25.7138
2370,Green|Black|Dark Grey|Yellow,#06924D|#080A0D|#485259|#FFE800,28.7052,26.9530,25.9206,24.4920,22.7298,57.5907,25.7225
2371,Green|Dark Grey|Red|Yellow,#06924D|#485259|#E72F1D|#FFE800,28.7052,26.9530,25.9206,24.4920,22.7298,57.5907,25.7225
2372,Green|Dark Grey|Orange|Yellow,#06924D|#485259|#F67405|#FFE800,28.7052,26.9530,25.9206,24.4920,22.7298,57.5907,25.7225
2373,Black|Dark Grey|Red|Yellow,#080A0D|#485259|#E72F1D|#FFE800,28.7052,26.9530,25.9206,24.4920,22.7298,57.5907,25.7225
2374,Black|Dark Grey|Orange|Yellow,#080A0D|#485259|#F67405|#FFE800,28.7052,26.9530,25.9206,24.4920,22.7298,57.5907,25.7225
2375,Dark Grey|Red|Orange|Yellow,#485259|#E72F1D|#F67405|#FFE800,28.7052,26.9530,25.9206,24.4920,22.7298,57.5907,25.7225
2376,Dark Olive Drab|Purple|White|Magenta,#575B54|#6C47B2|#EBF7FF|#F24574,29.7939,27.4266,26.0066,24.0212,21.5018,59.1352,25.7239
2377,Purple|Tan|Pink|Yellow,#6C47B2|#A79E82|#F1A1AF|#FFE800,36.9226,28.6385,25.6244,22.8105,20.0563,54.6365,25.7245
2378,Azure Blue|Black|Dark Olive Drab|Magenta,#0066D9|#080A0D|#575B54|#F24574,30.4035,27.1931,25.8318,24.2602,22.4043,57.9134,25.7266
2379,Azure Blue|Dark Olive Drab|Purple|Magenta,#0066D9|#575B54|#6C47B2|#F24574,30.4035,27.1931,25.8318,24.2602,22.4043,57.9134,25.7266
2380,Azure Blue|Dark Olive Drab|Red|Magenta,#0066D9|#575B54|#E72F1D|#F24574,30.4035,27.1931,25.8318,24.2602,22.4043,57.9134,25.7266
2381,Azure Blue|Black|Brown|Dark Olive Drab,#0066D9|#080A0D|#55331A|#575B54,30.1221,27.1248,25.8437,24.3352,22.5270,56.8362,25.7300
2382,Azure Blue|Black|Dark Olive Drab|Purple,#0066D9|#080A0D|#575B54|#6C47B2,30.1221,27.1248,25.8437,24.3352,22.5270,56.8362,25.7300
2383,Azure Blue|Brown|Dark Olive Drab|Purple,#0066D9|#55331A|#575B54|#6C47B2,30.1221,27.1248,25.8437,24.3352,22.5270,56.8362,25.7300
2384,Black|Dark Olive Drab|Purple|Magenta,#080A0D|#575B54|#6C47B2|#F24574,33.6242,28.0690,25.6239,23.3930,21.3275,57.2064,25.7310
2385,Dark Olive Drab|Purple|Red|Magenta,#575B54|#6C47B2|#E72F1D|#F24574,33.6242,28.0690,25.6239,23.3930,21.3275,57.2064,25.7310
2386,Azure Blue|Green|Grey|White,#0066D9|#06924D|#8C9099|#EBF7FF,31.6667,27.8996,26.0161,23.5647,20.4736,48.4514,25.7322
2387,Blue|Grey|Olive Green|Orange,#003776|#8C9099|#948902|#F67405,35.7025,29.0400,25.9622,22.4244,18.4720,86.5100,25.7322
2388,Black|Dark Grey|Olive Green|Red,#080A0D|#485259|#948902|#E72F1D,29.6465,27.1115,25.8673,24.3573,22.5420,61.0793,25.7344
2389,Blue|Azure Blue|Dark Olive Drab|Magenta,#003776|#0066D9|#575B54|#F24574,30.3841,27.1976,25.8489,24.2714,22.3995,57.6661,25.7345
2390,Brown|Purple|Lime Green|White,#55331A|#6C47B2|#D5D701|#EBF7FF,38.1908,28.7243,25.3564,22.7486,20.7639,50.7763,25.7364
2391,Purple|Olive Green|Tan|Lime Green,#6C47B2|#948902|#A79E82|#D5D701,38.1219,28.7789,25.5802,22.6984,19.9250,58.1604,25.7387
2392,Purple|Tan|Red|Pink,#6C47B2|#A79E82|#E72F1D|#F1A1AF,36.9168,28.6530,25.6485,22.8275,20.0931,55.2361,25.7402
2393,Purple|Tan|Pink|Magenta,#6C47B2|#A79E82|#F1A1AF|#F24574,36.9168,28.6530,25.6485,22.8275,20.0931,55.2361,25.7402
2394,Purple|Tan|Pink|Orange,#6C47B2|#A79E82|#F1A1AF|#F67405,36.9168,28.6530,25.6485,22.8275,20.0931,55.2361,25.7402
2395,Dark Olive Drab|Purple|Lime Green|Pink,#575B54|#6C47B2|#D5D701|#F1A1AF,30.7695,27.5299,25.8672,23.9521,21.7453,54.5524,25.7410
2396,Blue|Azure Blue|Black|Dark Olive Drab,#003776|#0066D9|#080A0D|#575B54,30.1542,27.1383,25.8536,24.3444,22.5373,56.8461,25.7413
2397,Blue|Azure Blue|Brown|Dark Olive Drab,#003776|#0066D9|#55331A|#575B54,30.1542,27.1383,25.8536,24.3444,22.5373,56.8461,25.7413
2398,Blue|Azure Blue|Dark Olive Drab|Purple,#003776|#0066D9|#575B54|#6C47B2,30.1542,27.1383,25.8536,24.3444,22.5373,56.8461,25.7413
2399,Azure Blue|Polymaker Teal|Grey|Orange,#0066D9|#4CC0C7|#8C9099|#F67405,30.4710,27.7804,26.1151,23.7028,20.5237,44.3013,25.7416
2400,Azure Blue|Grey|Pink|Yellow,#0066D9|#8C9099|#F1A1AF|#FFE800,30.3379,27.7436,26.1270,23.7443,20.5603,42.1825,25.7439
2401,Green|Polymaker Teal|Dark Olive Drab|Pink,#06924D|#4CC0C7|#575B54|#F1A1AF,30.1896,27.6155,26.0429,23.8822,21.1213,48.1846,25.7489
2402,Polymaker Teal|Brown|Dark Olive Drab|Pink,#4CC0C7|#55331A|#575B54|#F1A1AF,30.1896,27.6155,26.0429,23.8822,21.1213,48.1846,25.7489
2403,Polymaker Teal|Dark Olive Drab|Olive Green|Pink,#4CC0C7|#575B54|#948902|#F1A1AF,30.1896,27.6155,26.0429,23.8822,21.1213,48.1846,25.7489
2404,Polymaker Teal|Dark Olive Drab|Lime Green|Pink,#4CC0C7|#575B54|#D5D701|#F1A1AF,30.1896,27.6155,26.0429,23.8822,21.1213,48.1846,25.7489
2405,Polymaker Teal|Dark Olive Drab|Pink|Orange,#4CC0C7|#575B54|#F1A1AF|#F67405,30.1896,27.6155,26.0429,23.8822,21.1213,48.1846,25.7489
2406,Polymaker Teal|Dark Olive Drab|Pink|Yellow,#4CC0C7|#575B54|#F1A1AF|#FFE800,30.1896,27.6155,26.0429,23.8822,21.1213,48.1846,25.7489
2407,Green|Dark Grey|Lime Green|Yellow,#06924D|#485259|#D5D701|#FFE800,28.7432,26.9963,25.9554,24.5035,22.7188,57.9258,25.7499
2408,Black|Dark Grey|Lime Green|Yellow,#080A0D|#485259|#D5D701|#FFE800,28.7432,26.9963,25.9554,24.5035,22.7188,57.9258,25.7499
2409,Dark Grey|Lime Green|Red|Yellow,#485259|#D5D701|#E72F1D|#FFE800,28.7432,26.9963,25.9554,24.5035,22.7188,57.9258,25.7499
2410,Dark Grey|Lime Green|Orange|Yellow,#485259|#D5D701|#F67405|#FFE800,28.7432,26.9963,25.9554,24.5035,22.7188,57.9258,25.7499
2411,Azure Blue|Dark Olive Drab|Purple|Tan,#0066D9|#575B54|#6C47B2|#A79E82,31.2759,28.0113,26.1211,23.5010,20.2339,77.4067,25.7561
2412,Azure Blue|Dark Olive Drab|Tan|Red,#0066D9|#575B54|#A79E82|#E72F1D,31.2759,28.0113,26.1211,23.5010,20.2339,77.4067,25.7561
2413,Azure Blue|Dark Olive Drab|Tan|Magenta,#0066D9|#575B54|#A79E82|#F24574,31.2759,28.0113,26.1211,23.5010,20.2339,77.4067,25.7561
2414,Azure Blue|Dark Olive Drab|Tan|Orange,#0066D9|#575B54|#A79E82|#F67405,31.2759,28.0113,26.1211,23.5010,20.2339,77.4067,25.7561
2415,Azure Blue|Brown|Dark Olive Drab|Magenta,#0066D9|#55331A|#575B54|#F24574,30.4196,27.2303,25.8662,24.2867,22.4223,57.6226,25.7585
2416,Polymaker Teal|Dark Olive Drab|Red|Pink,#4CC0C7|#575B54|#E72F1D|#F1A1AF,30.2073,27.6250,26.0593,23.8945,21.1258,48.9797,25.7598
2417,Azure Blue|Brown|Dark Olive Drab|Tan,#0066D9|#55331A|#575B54|#A79E82,31.2792,28.0013,26.1206,23.5207,20.2698,77.8211,25.7610
2418,Azure Blue|Green|Polymaker Teal|Brown,#0066D9|#06924D|#4CC0C7|#55331A,36.6399,28.4236,25.5217,23.1000,20.9657,53.6689,25.7618
2419,Azure Blue|Black|Polymaker Teal|Brown,#0066D9|#080A0D|#4CC0C7|#55331A,36.6399,28.4236,25.5217,23.1000,20.9657,53.6689,25.7618
2420,Brown|Dark Olive Drab|Purple|Magenta,#55331A|#575B54|#6C47B2|#F24574,33.6273,28.1111,25.6703,23.4163,21.3582,57.1749,25.7637
2421,Azure Blue|Cold White|Red|Yellow,#0066D9|#D9DFE5|#E72F1D|#FFE800,32.8262,28.0557,25.8122,23.4728,21.3364,52.8754,25.7643
2422,Green|Dark Olive Drab|Purple|Grey,#06924D|#575B54|#6C47B2|#8C9099,37.5739,29.3967,25.8213,22.1628,18.3987,70.1538,25.7797
2423,Purple|Grey|Pink|Orange,#6C47B2|#8C9099|#F1A1AF|#F67405,32.1282,28.0220,26.0592,23.5481,20.3402,44.0028,25.7850
2424,Dark Olive Drab|Tan|White|Orange,#575B54|#A79E82|#EBF7FF|#F67405,28.9823,27.2025,26.0669,24.3693,22.0889,46.9829,25.7859
2425,Azure Blue|Cold White|Orange|Yellow,#0066D9|#D9DFE5|#F67405|#FFE800,32.6851,28.0411,25.8580,23.5372,21.3364,52.4231,25.7891
2426,Brown|Dark Olive Drab|Tan|Pink,#55331A|#575B54|#A79E82|#F1A1AF,28.9665,27.1971,26.0708,24.3875,22.1523,43.8664,25.7923
2427,Black|Dark Olive Drab|Tan|Pink,#080A0D|#575B54|#A79E82|#F1A1AF,28.9617,27.1961,26.0734,24.3923,22.1537,43.8401,25.7942
2428,Dark Olive Drab|Olive Green|Tan|Pink,#575B54|#948902|#A79E82|#F1A1AF,28.9617,27.1961,26.0734,24.3923,22.1537,43.8401,25.7942
2429,Dark Olive Drab|Tan|Lime Green|Pink,#575B54|#A79E82|#D5D701|#F1A1AF,28.9617,27.1961,26.0734,24.3923,22.1537,43.8401,25.7942
2430,Dark Olive Drab|Tan|Red|Pink,#575B54|#A79E82|#E72F1D|#F1A1AF,28.9617,27.1961,26.0734,24.3923,22.1537,43.8401,25.7942
2431,Dark Olive Drab|Tan|Pink|Magenta,#575B54|#A79E82|#F1A1AF|#F24574,28.9617,27.1961,26.0734,24.3923,22.1537,43.8401,25.7942
2432,Dark Olive Drab|Tan|Pink|Orange,#575B54|#A79E82|#F1A1AF|#F67405,28.9617,27.1961,26.0734,24.3923,22.1537,43.8401,25.7942
2433,Dark Olive Drab|Tan|Pink|Yellow,#575B54|#A79E82|#F1A1AF|#FFE800,28.9617,27.1961,26.0734,24.3923,22.1537,43.8401,25.7942
2434,Polymaker Teal|Purple|Grey|Magenta,#4CC0C7|#6C47B2|#8C9099|#F24574,32.4210,28.1140,26.0625,23.4773,20.2433,45.6647,25.7956
2435,Blue|Olive Green|Cold White|Magenta,#003776|#948902|#D9DFE5|#F24574,38.9766,30.1149,25.8752,21.5115,17.5350,86.4370,25.8132
2436,Blue|Azure Blue|Dark Olive Drab|Tan,#003776|#0066D9|#575B54|#A79E82,31.2382,27.9983,26.1617,23.6288,20.4118,78.0984,25.8136
2437,Purple|Olive Green|Tan|Pink,#6C47B2|#948902|#A79E82|#F1A1AF,38.3579,28.9024,25.6486,22.7350,19.9566,59.3571,25.8187
2438,Azure Blue|White|Orange|Yellow,#0066D9|#EBF7FF|#F67405|#FFE800,32.6899,28.0792,25.8863,23.5609,21.3800,53.2458,25.8201
2439,Polymaker Teal|Dark Olive Drab|Cold White|Red,#4CC0C7|#575B54|#D9DFE5|#E72F1D,30.9475,27.9375,26.1387,23.7207,20.7591,52.4607,25.8291
2440,Blue|Lime Green|Red|White,#003776|#D5D701|#E72F1D|#EBF7FF,33.6925,28.6576,26.0160,23.0030,19.8200,78.1077,25.8303
2441,Azure Blue|Dark Olive Drab|Grey|Yellow,#0066D9|#575B54|#8C9099|#FFE800,31.9496,28.1723,26.1629,23.4962,20.1313,76.5314,25.8343
2442,Blue|Red|White|Yellow,#003776|#E72F1D|#EBF7FF|#FFE800,31.9368,27.7727,25.8289,23.8959,22.1101,65.2067,25.8343
2443,Polymaker Teal|Purple|Grey|Pink,#4CC0C7|#6C47B2|#8C9099|#F1A1AF,32.4680,28.1344,26.0952,23.5422,20.3544,45.8103,25.8383
2444,Dark Grey|Dark Olive Drab|Purple|Magenta,#485259|#575B54|#6C47B2|#F24574,33.5992,28.2837,25.7981,23.3973,21.2378,57.4721,25.8405
2445,Polymaker Teal|Purple|Grey|Cold White,#4CC0C7|#6C47B2|#8C9099|#D9DFE5,32.3891,28.1155,26.0986,23.5676,20.3790,45.8415,25.8415
2446,Azure Blue|Red|White|Yellow,#0066D9|#E72F1D|#EBF7FF|#FFE800,32.8874,28.1434,25.9024,23.5471,21.3845,53.2910,25.8453
2447,Polymaker Teal|Purple|Grey|White,#4CC0C7|#6C47B2|#8C9099|#EBF7FF,32.3840,28.1142,26.1009,23.5829,20.4125,45.7355,25.8485
2448,Blue|Dark Grey|Dark Olive Drab|Purple,#003776|#485259|#575B54|#6C47B2,33.9473,28.3571,25.8232,23.3446,21.0882,57.5401,25.8508
2449,Green|Dark Olive Drab|White|Orange,#06924D|#575B54|#EBF7FF|#F67405,29.0208,27.2701,26.1434,24.4468,22.1602,47.2289,25.8585
2450,Dark Olive Drab|Olive Green|White|Orange,#575B54|#948902|#EBF7FF|#F67405,29.0208,27.2701,26.1434,24.4468,22.1602,47.2289,25.8585
2451,Dark Olive Drab|Lime Green|White|Orange,#575B54|#D5D701|#EBF7FF|#F67405,29.0208,27.2701,26.1434,24.4468,22.1602,47.2289,25.8585
2452,Dark Olive Drab|White|Orange|Yellow,#575B54|#EBF7FF|#F67405|#FFE800,29.0208,27.2701,26.1434,24.4468,22.1602,47.2289,25.8585
2453,Blue|Dark Olive Drab|Olive Green|Magenta,#003776|#575B54|#948902|#F24574,31.1888,27.4606,25.9148,24.2563,22.3824,60.3173,25.8585
2454,Blue|Olive Green|Cold White|Red,#003776|#948902|#D9DFE5|#E72F1D,38.8887,30.0809,25.8982,21.6395,17.6844,86.6139,25.8602
2455,Dark Grey|Purple|Grey|Yellow,#485259|#6C47B2|#8C9099|#FFE800,30.8529,27.9297,26.1862,23.7969,20.6534,84.4004,25.8633
2456,Azure Blue|Red|Orange|Yellow,#0066D9|#E72F1D|#F67405|#FFE800,32.7820,28.1386,25.9468,23.6046,21.4019,53.2293,25.8716
2457,Blue|White|Magenta|Yellow,#003776|#EBF7FF|#F24574|#FFE800,31.9483,27.7979,25.8814,23.9550,22.1551,64.9174,25.8764
2458,Purple|Grey|Cold White|Red,#6C47B2|#8C9099|#D9DFE5|#E72F1D,32.1219,28.0918,26.1578,23.6650,20.4708,44.6824,25.8784
2459,Blue|Brown|Lime Green|Magenta,#003776|#55331A|#D5D701|#F24574,33.9945,28.4997,25.8373,23.2596,20.8787,64.4098,25.8797
2460,Black|Polymaker Teal|Tan|Magenta,#080A0D|#4CC0C7|#A79E82|#F24574,38.0472,29.8084,25.9171,21.9709,18.4193,55.7098,25.8896
2461,Azure Blue|Black|Dark Olive Drab|Tan,#0066D9|#080A0D|#575B54|#A79E82,31.2870,28.0878,26.2425,23.6922,20.4732,78.2835,25.8900
2462,Black|Polymaker Teal|Grey|Pink,#080A0D|#4CC0C7|#8C9099|#F1A1AF,37.0151,29.0631,25.9181,22.7350,19.4383,52.3799,25.8990
2463,Azure Blue|Magenta|Orange|Yellow,#0066D9|#F24574|#F67405|#FFE800,32.7723,28.1597,25.9805,23.6387,21.3982,52.6725,25.8992
2464,Azure Blue|Green|Dark Olive Drab|Purple,#0066D9|#06924D|#575B54|#6C47B2,45.2830,30.5601,25.3039,21.2414,18.3198,64.7873,25.9008
2465,Purple|Grey|Red|White,#6C47B2|#8C9099|#E72F1D|#EBF7FF,32.1575,28.1266,26.1802,23.6755,20.4665,44.7603,25.9010
2466,Blue|Black|Tan|White,#003776|#080A0D|#A79E82|#EBF7FF,35.9389,28.9650,25.8962,22.8434,20.0546,61.3271,25.9042
2467,Purple|Grey|Cold White|Magenta,#6C47B2|#8C9099|#D9DFE5|#F24574,32.3718,28.1834,26.1873,23.6674,20.4829,45.6189,25.9254
2468,Dark Olive Drab|Grey|Pink|Yellow,#575B54|#8C9099|#F1A1AF|#FFE800,30.0044,27.7587,26.2915,24.0929,21.0795,48.3391,25.9258
2469,Purple|Grey|White|Magenta,#6C47B2|#8C9099|#EBF7FF|#F24574,32.3512,28.1883,26.2118,23.6921,20.4922,45.6401,25.9402
2470,Black|Polymaker Teal|Tan|Pink,#080A0D|#4CC0C7|#A79E82|#F1A1AF,37.5502,29.4714,25.9900,22.4279,19.1022,51.5847,25.9497
2471,Azure Blue|Red|Pink|Yellow,#0066D9|#E72F1D|#F1A1AF|#FFE800,33.0769,28.3063,26.0235,23.6038,21.3722,53.9624,25.9550
2472,Blue|Olive Green|Lime Green|Magenta,#003776|#948902|#D5D701|#F24574,34.0311,28.6016,25.9469,23.3230,20.9136,65.2545,25.9623
2473,Green|Dark Olive Drab|Tan|Magenta,#06924D|#575B54|#A79E82|#F24574,29.1319,27.3696,26.2393,24.5591,22.3707,45.3152,25.9643
2474,Black|Dark Olive Drab|Tan|Magenta,#080A0D|#575B54|#A79E82|#F24574,29.1319,27.3696,26.2393,24.5591,22.3707,45.3152,25.9643
2475,Dark Olive Drab|Olive Green|Tan|Magenta,#575B54|#948902|#A79E82|#F24574,29.1319,27.3696,26.2393,24.5591,22.3707,45.3152,25.9643
2476,Dark Olive Drab|Tan|Lime Green|Magenta,#575B54|#A79E82|#D5D701|#F24574,29.1319,27.3696,26.2393,24.5591,22.3707,45.3152,25.9643
2477,Dark Olive Drab|Tan|Red|Magenta,#575B54|#A79E82|#E72F1D|#F24574,29.1319,27.3696,26.2393,24.5591,22.3707,45.3152,25.9643
2478,Dark Olive Drab|Tan|Magenta|Orange,#575B54|#A79E82|#F24574|#F67405,29.1319,27.3696,26.2393,24.5591,22.3707,45.3152,25.9643
2479,Dark Olive Drab|Tan|Magenta|Yellow,#575B54|#A79E82|#F24574|#FFE800,29.1319,27.3696,26.2393,24.5591,22.3707,45.3152,25.9643
2480,Green|Purple|Olive Green|Lime Green,#06924D|#6C47B2|#948902|#D5D701,51.8468,31.3130,24.8405,20.6180,18.0324,75.8908,25.9655
2481,Purple|Grey|Cold White|Pink,#6C47B2|#8C9099|#D9DFE5|#F1A1AF,32.3648,28.2195,26.2447,23.7325,20.5454,45.7719,25.9760
2482,Blue|Black|Lime Green|Magenta,#003776|#080A0D|#D5D701|#F24574,33.9563,28.5886,25.9792,23.3643,20.9462,64.3479,25.9764
2483,Blue|Lime Green|Red|Magenta,#003776|#D5D701|#E72F1D|#F24574,33.9563,28.5886,25.9792,23.3643,20.9462,64.3479,25.9764
2484,Blue|Lime Green|Magenta|Orange,#003776|#D5D701|#F24574|#F67405,33.9563,28.5886,25.9792,23.3643,20.9462,64.3479,25.9764
2485,Brown|Dark Olive Drab|Tan|Magenta,#55331A|#575B54|#A79E82|#F24574,29.1370,27.3818,26.2525,24.5711,22.3839,45.2986,25.9764
2486,Purple|Grey|White|Pink,#6C47B2|#8C9099|#EBF7FF|#F1A1AF,32.3822,28.2235,26.2445,23.7329,20.5516,45.8483,25.9782
2487,Purple|Grey|Cold White|White,#6C47B2|#8C9099|#D9DFE5|#EBF7FF,32.3503,28.2211,26.2459,23.7403,20.5514,45.7528,25.9807
2488,Azure Blue|Pink|Orange|Yellow,#0066D9|#F1A1AF|#F67405|#FFE800,32.8849,28.2927,26.0739,23.6752,21.4516,53.6183,25.9839
2489,Purple|Grey|Red|Magenta,#6C47B2|#8C9099|#E72F1D|#F24574,32.1384,28.1942,26.2708,23.7743,20.5444,44.7506,25.9842
2490,Polymaker Teal|Dark Olive Drab|Cold White|Magenta,#4CC0C7|#575B54|#D9DFE5|#F24574,31.2485,28.1371,26.2984,23.8510,20.8640,51.3672,25.9941
2491,Azure Blue|Grey|Cold White|Orange,#0066D9|#8C9099|#D9DFE5|#F67405,30.4656,27.9645,26.3762,24.0285,20.8687,41.8303,25.9965
2492,Polymaker Teal|Dark Olive Drab|White|Magenta,#4CC0C7|#575B54|#EBF7FF|#F24574,31.2251,28.1044,26.2917,23.9076,20.9691,50.9625,26.0060
2493,Dark Grey|Purple|Cold White|Yellow,#485259|#6C47B2|#D9DFE5|#FFE800,31.8613,28.2238,26.2242,23.8049,21.0181,89.4297,26.0143
2494,Blue|Lime Green|White|Magenta,#003776|#D5D701|#EBF7FF|#F24574,33.9154,28.8358,26.1980,23.2033,19.9956,78.6578,26.0195
2495,Azure Blue|Grey|White|Orange,#0066D9|#8C9099|#EBF7FF|#F67405,30.4862,27.9883,26.4039,24.0542,20.8806,41.7896,26.0212
2496,Polymaker Teal|Dark Olive Drab|White|Orange,#4CC0C7|#575B54|#EBF7FF|#F67405,29.2955,27.4672,26.3056,24.5778,22.2597,49.3871,26.0225
2497,Azure Blue|Grey|Red|Orange,#0066D9|#8C9099|#E72F1D|#F67405,30.4870,28.0036,26.4161,24.0603,20.8724,41.9388,26.0319
2498,Azure Blue|Grey|Magenta|Orange,#0066D9|#8C9099|#F24574|#F67405,30.4870,28.0036,26.4161,24.0603,20.8724,41.9388,26.0319
2499,Azure Blue|Brown|Dark Olive Drab|White,#0066D9|#55331A|#575B54|#EBF7FF,31.7171,28.1142,26.3061,23.9509,20.9126,76.4454,26.0326
2500,Blue|Azure Blue|White|Yellow,#003776|#0066D9|#EBF7FF|#FFE800,32.1187,27.9366,26.0308,24.1289,22.3679,65.2546,26.0327
2501,Azure Blue|Purple|Grey|Orange,#0066D9|#6C47B2|#8C9099|#F67405,30.5021,28.0106,26.4208,24.0618,20.8772,41.9828,26.0362
2502,Purple|Grey|Red|Pink,#6C47B2|#8C9099|#E72F1D|#F1A1AF,32.2351,28.2603,26.3271,23.8163,20.5819,45.8712,26.0383
2503,Polymaker Teal|Dark Olive Drab|Lime Green|Magenta,#4CC0C7|#575B54|#D5D701|#F24574,31.4071,28.1802,26.3367,23.9079,20.9051,53.2346,26.0441
2504,Blue|Olive Green|Cold White|Orange,#003776|#948902|#D9DFE5|#F67405,38.9782,30.2867,26.1098,21.8225,17.9446,86.7355,26.0546
2505,Brown|Purple|White|Yellow,#55331A|#6C47B2|#EBF7FF|#FFE800,38.0661,29.0434,25.7638,23.0750,20.9529,51.1130,26.0592
2506,Blue|Purple|Grey|Olive Green,#003776|#6C47B2|#8C9099|#948902,36.7796,29.4624,26.2274,22.6635,18.7705,87.3997,26.0629
2507,Polymaker Teal|Purple|Tan|Lime Green,#4CC0C7|#6C47B2|#A79E82|#D5D701,39.1291,29.1758,25.8132,22.9521,20.4109,72.0632,26.0639
2508,Dark Olive Drab|Grey|Lime Green|Pink,#575B54|#8C9099|#D5D701|#F1A1AF,30.1582,27.9061,26.4355,24.2256,21.2204,48.3483,26.0659
2509,Polymaker Teal|Dark Olive Drab|Grey|Magenta,#4CC0C7|#575B54|#8C9099|#F24574,30.8199,28.0835,26.4180,24.0522,20.9235,52.4991,26.0678
2510,Blue|Lime Green|White|Orange,#003776|#D5D701|#EBF7FF|#F67405,33.7343,28.8065,26.2522,23.3530,20.2493,78.1991,26.0797
2511,Polymaker Teal|Dark Olive Drab|Magenta|Yellow,#4CC0C7|#575B54|#F24574|#FFE800,31.3710,28.1984,26.3675,23.9634,21.0033,53.2552,26.0809
2512,Blue|White|Pink|Yellow,#003776|#EBF7FF|#F1A1AF|#FFE800,32.0894,28.0284,26.1143,24.1436,22.3054,65.2030,26.0860
2513,Polymaker Teal|Dark Olive Drab|Grey|Red,#4CC0C7|#575B54|#8C9099|#E72F1D,30.7354,28.1274,26.4712,24.0655,20.8236,53.0165,26.0964
2514,Green|Polymaker Teal|Dark Olive Drab|Olive Green,#06924D|#4CC0C7|#575B54|#948902,30.5424,27.6702,26.2665,24.5417,22.4766,53.3606,26.1060
2515,Black|Polymaker Teal|Dark Olive Drab|Olive Green,#080A0D|#4CC0C7|#575B54|#948902,30.5424,27.6702,26.2665,24.5417,22.4766,53.3606,26.1060
2516,Black|Polymaker Teal|Lime Green|Magenta,#080A0D|#4CC0C7|#D5D701|#F24574,38.6606,30.0578,26.0898,22.1622,18.8050,56.1939,26.1100
2517,Green|Black|Purple|Pink,#06924D|#080A0D|#6C47B2|#F1A1AF,47.6067,31.8945,25.7662,20.3389,15.9144,80.8006,26.1167
2518,Green|Black|Polymaker Teal|Magenta,#06924D|#080A0D|#4CC0C7|#F24574,38.7489,30.0276,26.0678,22.2144,18.8197,57.1307,26.1210
2519,Green|Brown|Dark Olive Drab|Tan,#06924D|#55331A|#575B54|#A79E82,29.1865,27.5037,26.4037,24.7455,22.5793,45.4840,26.1246
2520,Black|Brown|Dark Olive Drab|Tan,#080A0D|#55331A|#575B54|#A79E82,29.1865,27.5037,26.4037,24.7455,22.5793,45.4840,26.1246
2521,Brown|Dark Olive Drab|Olive Green|Tan,#55331A|#575B54|#948902|#A79E82,29.1865,27.5037,26.4037,24.7455,22.5793,45.4840,26.1246
2522,Brown|Dark Olive Drab|Tan|Lime Green,#55331A|#575B54|#A79E82|#D5D701,29.1865,27.5037,26.4037,24.7455,22.5793,45.4840,26.1246
2523,Brown|Dark Olive Drab|Tan|Red,#55331A|#575B54|#A79E82|#E72F1D,29.1865,27.5037,26.4037,24.7455,22.5793,45.4840,26.1246
2524,Brown|Dark Olive Drab|Tan|Orange,#55331A|#575B54|#A79E82|#F67405,29.1865,27.5037,26.4037,24.7455,22.5793,45.4840,26.1246
2525,Brown|Dark Olive Drab|Tan|Yellow,#55331A|#575B54|#A79E82|#FFE800,29.1865,27.5037,26.4037,24.7455,22.5793,45.4840,26.1246
2526,Green|Black|Dark Olive Drab|Tan,#06924D|#080A0D|#575B54|#A79E82,29.1861,27.5038,26.4038,24.7457,22.5796,45.4840,26.1248
2527,Green|Dark Olive Drab|Olive Green|Tan,#06924D|#575B54|#948902|#A79E82,29.1861,27.5038,26.4038,24.7457,22.5796,45.4840,26.1248
2528,Green|Dark Olive Drab|Tan|Lime Green,#06924D|#575B54|#A79E82|#D5D701,29.1861,27.5038,26.4038,24.7457,22.5796,45.4840,26.1248
2529,Green|Dark Olive Drab|Tan|Red,#06924D|#575B54|#A79E82|#E72F1D,29.1861,27.5038,26.4038,24.7457,22.5796,45.4840,26.1248
2530,Green|Dark Olive Drab|Tan|Orange,#06924D|#575B54|#A79E82|#F67405,29.1861,27.5038,26.4038,24.7457,22.5796,45.4840,26.1248
2531,Green|Dark Olive Drab|Tan|Yellow,#06924D|#575B54|#A79E82|#FFE800,29.1861,27.5038,26.4038,24.7457,22.5796,45.4840,26.1248
2532,Black|Dark Olive Drab|Olive Green|Tan,#080A0D|#575B54|#948902|#A79E82,29.1861,27.5038,26.4038,24.7457,22.5796,45.4840,26.1248
2533,Black|Dark Olive Drab|Tan|Lime Green,#080A0D|#575B54|#A79E82|#D5D701,29.1861,27.5038,26.4038,24.7457,22.5796,45.4840,26.1248
2534,Black|Dark Olive Drab|Tan|Red,#080A0D|#575B54|#A79E82|#E72F1D,29.1861,27.5038,26.4038,24.7457,22.5796,45.4840,26.1248
2535,Black|Dark Olive Drab|Tan|Orange,#080A0D|#575B54|#A79E82|#F67405,29.1861,27.5038,26.4038,24.7457,22.5796,45.4840,26.1248
2536,Black|Dark Olive Drab|Tan|Yellow,#080A0D|#575B54|#A79E82|#FFE800,29.1861,27.5038,26.4038,24.7457,22.5796,45.4840,26.1248
2537,Dark Olive Drab|Olive Green|Tan|Lime Green,#575B54|#948902|#A79E82|#D5D701,29.1861,27.5038,26.4038,24.7457,22.5796,45.4840,26.1248
2538,Dark Olive Drab|Olive Green|Tan|Red,#575B54|#948902|#A79E82|#E72F1D,29.1861,27.5038,26.4038,24.7457,22.5796,45.4840,26.1248
2539,Dark Olive Drab|Olive Green|Tan|Orange,#575B54|#948902|#A79E82|#F67405,29.1861,27.5038,26.4038,24.7457,22.5796,45.4840,26.1248
2540,Dark Olive Drab|Olive Green|Tan|Yellow,#575B54|#948902|#A79E82|#FFE800,29.1861,27.5038,26.4038,24.7457,22.5796,45.4840,26.1248
2541,Dark Olive Drab|Tan|Lime Green|Red,#575B54|#A79E82|#D5D701|#E72F1D,29.1861,27.5038,26.4038,24.7457,22.5796,45.4840,26.1248
2542,Dark Olive Drab|Tan|Lime Green|Orange,#575B54|#A79E82|#D5D701|#F67405,29.1861,27.5038,26.4038,24.7457,22.5796,45.4840,26.1248
2543,Dark Olive Drab|Tan|Lime Green|Yellow,#575B54|#A79E82|#D5D701|#FFE800,29.1861,27.5038,26.4038,24.7457,22.5796,45.4840,26.1248
2544,Dark Olive Drab|Tan|Red|Orange,#575B54|#A79E82|#E72F1D|#F67405,29.1861,27.5038,26.4038,24.7457,22.5796,45.4840,26.1248
2545,Dark Olive Drab|Tan|Red|Yellow,#575B54|#A79E82|#E72F1D|#FFE800,29.1861,27.5038,26.4038,24.7457,22.5796,45.4840,26.1248
2546,Dark Olive Drab|Tan|Orange|Yellow,#575B54|#A79E82|#F67405|#FFE800,29.1861,27.5038,26.4038,24.7457,22.5796,45.4840,26.1248
2547,Polymaker Teal|Dark Olive Drab|Red|White,#4CC0C7|#575B54|#E72F1D|#EBF7FF,30.6742,28.0723,26.4636,24.1787,21.3139,53.0606,26.1255
2548,Dark Grey|Brown|Purple|Red,#485259|#55331A|#6C47B2|#E72F1D,31.3024,28.0327,26.2089,24.2270,22.3575,61.7413,26.1299
2549,Black|Purple|Olive Green|Cold White,#080A0D|#6C47B2|#948902|#D9DFE5,42.4606,30.6407,25.6271,21.6253,18.6996,75.6931,26.1330
2550,Black|Dark Grey|Purple|Red,#080A0D|#485259|#6C47B2|#E72F1D,31.3129,28.0534,26.2251,24.2188,22.3279,61.6925,26.1361
2551,Polymaker Teal|Dark Olive Drab|Tan|Magenta,#4CC0C7|#575B54|#A79E82|#F24574,31.3752,28.2625,26.4533,24.0104,20.9659,53.3004,26.1364
2552,Azure Blue|Green|Dark Grey|Dark Olive Drab,#0066D9|#06924D|#485259|#575B54,32.4523,27.8974,26.1060,24.3895,22.7791,61.6605,26.1435
2553,Purple|Grey|Pink|Magenta,#6C47B2|#8C9099|#F1A1AF|#F24574,32.4083,28.3758,26.4265,23.9134,20.6906,46.5574,26.1446
2554,Dark Grey|Polymaker Teal|Purple|Lime Green,#485259|#4CC0C7|#6C47B2|#D5D701,36.2830,28.9686,25.9475,23.3343,21.2056,78.6201,26.1514
2555,Azure Blue|Polymaker Teal|Purple|Grey,#0066D9|#4CC0C7|#6C47B2|#8C9099,31.9781,28.3209,26.4676,23.9995,20.7918,45.7353,26.1602
2556,Dark Olive Drab|Purple|Grey|Orange,#575B54|#6C47B2|#8C9099|#F67405,31.0329,28.2277,26.5352,24.1389,21.0144,70.8438,26.1833
2557,Green|Polymaker Teal|Dark Olive Drab|Magenta,#06924D|#4CC0C7|#575B54|#F24574,31.9309,28.4213,26.4782,23.9972,20.9971,54.2477,26.2092
2558,Dark Olive Drab|Purple|Lime Green|White,#575B54|#6C47B2|#D5D701|#EBF7FF,33.1600,28.6595,26.3949,23.7648,20.7598,73.2109,26.2122
2559,Black|Polymaker Teal|Olive Green|Red,#080A0D|#4CC0C7|#948902|#E72F1D,37.9396,29.8219,26.1935,22.6037,19.3548,57.4215,26.2128
2560,Blue|Lime Green|White|Pink,#003776|#D5D701|#EBF7FF|#F1A1AF,33.9666,28.9947,26.4012,23.4349,20.2433,78.7944,26.2148
2561,Azure Blue|Purple|Grey|White,#0066D9|#6C47B2|#8C9099|#EBF7FF,31.9453,28.3695,26.5298,24.0696,20.8787,45.7326,26.2196
2562,Black|Polymaker Teal|Lime Green|Pink,#080A0D|#4CC0C7|#D5D701|#F1A1AF,38.2009,29.8647,26.1981,22.5825,19.4063,52.2124,26.2236
2563,Azure Blue|Black|Lime Green|Yellow,#0066D9|#080A0D|#D5D701|#FFE800,38.6790,29.9989,26.2426,22.4579,19.2392,87.8823,26.2284
2564,Azure Blue|Grey|Pink|Orange,#0066D9|#8C9099|#F1A1AF|#F67405,30.6855,28.2069,26.6190,24.2599,21.0717,43.0527,26.2334
2565,Green|Dark Grey|Purple|Cold White,#06924D|#485259|#6C47B2|#D9DFE5,37.3134,29.8082,26.3440,22.6588,19.0384,68.4867,26.2335
2566,Azure Blue|Purple|Grey|Cold White,#0066D9|#6C47B2|#8C9099|#D9DFE5,31.8700,28.3627,26.5629,24.1329,20.9482,45.7163,26.2478
2567,Azure Blue|Polymaker Teal|Magenta|Yellow,#0066D9|#4CC0C7|#F24574|#FFE800,33.1628,28.5427,26.3405,23.9613,21.6727,54.3907,26.2520
2568,Azure Blue|White|Magenta|Yellow,#0066D9|#EBF7FF|#F24574|#FFE800,33.2094,28.5616,26.3399,23.9546,21.6761,53.9633,26.2581
2569,Polymaker Teal|Purple|Cold White|Red,#4CC0C7|#6C47B2|#D9DFE5|#E72F1D,37.4856,29.1910,26.1731,23.3258,20.5537,48.2547,26.2584
2570,Polymaker Teal|Brown|Dark Olive Drab|Magenta,#4CC0C7|#55331A|#575B54|#F24574,32.3015,28.5305,26.5161,23.9928,21.0164,52.9985,26.2617
2571,Blue|Dark Grey|Purple|Red,#003776|#485259|#6C47B2|#E72F1D,31.2526,28.1408,26.3867,24.4056,22.4660,61.7815,26.2732
2572,Dark Olive Drab|Purple|Pink|Yellow,#575B54|#6C47B2|#F1A1AF|#FFE800,30.7648,27.9392,26.4246,24.6174,22.4571,53.6757,26.2783
2573,Polymaker Teal|Purple|Red|White,#4CC0C7|#6C47B2|#E72F1D|#EBF7FF,37.4099,29.1960,26.2135,23.3688,20.6089,48.0392,26.2824
2574,Dark Olive Drab|Purple|Grey|Tan,#575B54|#6C47B2|#8C9099|#A79E82,31.9442,28.5772,26.6283,23.9890,20.6739,77.6684,26.2831
2575,Blue|Black|Polymaker Teal|Magenta,#003776|#080A0D|#4CC0C7|#F24574,38.8997,30.1610,26.3727,22.4052,18.5649,65.9747,26.2831
2576,Azure Blue|Polymaker Teal|Purple|Red,#0066D9|#4CC0C7|#6C47B2|#E72F1D,37.4446,29.2056,26.2182,23.3706,20.5878,48.2924,26.2881
2577,Green|Black|Dark Olive Drab|Purple,#06924D|#080A0D|#575B54|#6C47B2,46.2150,30.9264,25.6410,21.6639,18.9632,65.8340,26.2951
2578,Green|Purple|Orange|Yellow,#06924D|#6C47B2|#F67405|#FFE800,48.8432,31.1752,25.4296,21.4202,18.7844,73.1092,26.2977
2579,Azure Blue|Green|Brown|Dark Olive Drab,#0066D9|#06924D|#55331A|#575B54,32.4334,27.9464,26.2595,24.6502,23.0712,61.4354,26.2983
2580,Azure Blue|Green|Black|Dark Olive Drab,#0066D9|#06924D|#080A0D|#575B54,32.3901,27.9362,26.2685,24.6684,23.0921,61.3889,26.3023
2581,Polymaker Teal|Dark Olive Drab|Magenta|Orange,#4CC0C7|#575B54|#F24574|#F67405,31.4837,28.3728,26.5979,24.2350,21.2673,53.1421,26.3039
2582,Azure Blue|Cold White|Magenta|Yellow,#0066D9|#D9DFE5|#F24574|#FFE800,33.1855,28.5800,26.3962,24.0406,21.7847,55.3532,26.3103
2583,Blue|Azure Blue|Green|Magenta,#003776|#0066D9|#06924D|#F24574,36.7208,28.7046,25.9444,23.9174,22.3665,58.4247,26.3110
2584,Green|Purple|Lime Green|Orange,#06924D|#6C47B2|#D5D701|#F67405,48.6362,31.2040,25.4848,21.4193,18.6769,73.7581,26.3117
2585,Green|Dark Grey|Brown|Olive Green,#06924D|#485259|#55331A|#948902,30.3059,27.6809,26.4041,24.9429,23.2803,63.1071,26.3119
2586,Black|Polymaker Teal|Cold White|Red,#080A0D|#4CC0C7|#D9DFE5|#E72F1D,41.0337,30.7101,26.0980,21.9304,18.3426,68.5633,26.3203
2587,Green|Dark Grey|Polymaker Teal|Brown,#06924D|#485259|#4CC0C7|#55331A,32.8339,28.1607,26.3294,24.4819,22.5071,56.0870,26.3213
2588,Black|Dark Grey|Polymaker Teal|Brown,#080A0D|#485259|#4CC0C7|#55331A,32.8339,28.1607,26.3294,24.4819,22.5071,56.0870,26.3213
2589,Blue|Azure Blue|Green|Dark Olive Drab,#003776|#0066D9|#06924D|#575B54,32.4876,27.9769,26.2798,24.6787,23.1018,61.6298,26.3278
2590,Green|Black|Dark Grey|Olive Green,#06924D|#080A0D|#485259|#948902,30.2955,27.6850,26.4304,24.9734,23.2927,62.9975,26.3292
2591,Blue|Green|Dark Olive Drab|Purple,#003776|#06924D|#575B54|#6C47B2,46.1869,30.9309,25.6439,21.7332,18.9954,64.7596,26.3321
2592,Green|Brown|Dark Olive Drab|Purple,#06924D|#55331A|#575B54|#6C47B2,46.1984,30.9375,25.6505,21.7275,19.0262,65.0339,26.3325
2593,Polymaker Teal|Dark Olive Drab|Pink|Magenta,#4CC0C7|#575B54|#F1A1AF|#F24574,31.5674,28.4742,26.6537,24.2015,21.1659,52.0552,26.3378
2594,Dark Grey|Polymaker Teal|Brown|Dark Olive Drab,#485259|#4CC0C7|#55331A|#575B54,32.6907,28.1772,26.3610,24.5050,22.5230,56.2561,26.3411
2595,Polymaker Teal|Purple|Red|Magenta,#4CC0C7|#6C47B2|#E72F1D|#F24574,37.3889,29.2510,26.2734,23.4338,20.6556,47.9053,26.3424
2596,Polymaker Teal|Brown|Dark Olive Drab|Olive Green,#4CC0C7|#55331A|#575B54|#948902,31.9047,28.1217,26.4468,24.5943,22.5332,53.9543,26.3580
2597,Blue|Green|Black|Polymaker Teal,#003776|#06924D|#080A0D|#4CC0C7,36.7244,29.1403,26.1589,23.5888,21.7212,61.2995,26.3646
2598,Dark Grey|Brown|Purple|Magenta,#485259|#55331A|#6C47B2|#F24574,31.0220,28.1678,26.5041,24.6188,22.7778,64.0337,26.3933
2599,Azure Blue|Purple|Grey|Pink,#0066D9|#6C47B2|#8C9099|#F1A1AF,31.8289,28.4946,26.7263,24.2963,21.0990,46.3414,26.3954
2600,Black|Polymaker Teal|Brown|Magenta,#080A0D|#4CC0C7|#55331A|#F24574,38.4627,30.1676,26.3925,22.6326,19.2399,55.3562,26.4001
2601,Azure Blue|Green|Dark Grey|Magenta,#0066D9|#06924D|#485259|#F24574,36.0839,28.6645,26.0885,24.1377,22.5772,58.6289,26.4011
2602,Black|Dark Grey|Purple|Magenta,#080A0D|#485259|#6C47B2|#F24574,31.0184,28.1724,26.5201,24.6327,22.7812,64.0344,26.4025
2603,Dark Grey|Purple|Red|Magenta,#485259|#6C47B2|#E72F1D|#F24574,31.0184,28.1724,26.5201,24.6327,22.7812,64.0344,26.4025
2604,Black|Polymaker Teal|Dark Olive Drab|Pink,#080A0D|#4CC0C7|#575B54|#F1A1AF,37.1714,29.7175,26.4530,23.0890,19.8548,51.1533,26.4032
2605,Polymaker Teal|Brown|Dark Olive Drab|Orange,#4CC0C7|#55331A|#575B54|#F67405,30.0480,27.9124,26.6529,24.9037,22.6423,52.4166,26.4080
2606,Blue|Lime Green|White|Yellow,#003776|#D5D701|#EBF7FF|#FFE800,33.5907,28.9078,26.5478,23.9096,21.1072,70.8290,26.4087
2607,Green|Polymaker Teal|Dark Olive Drab|Orange,#06924D|#4CC0C7|#575B54|#F67405,30.0508,27.9089,26.6583,24.9228,22.6672,52.0705,26.4158
2608,Black|Polymaker Teal|Dark Olive Drab|Orange,#080A0D|#4CC0C7|#575B54|#F67405,30.0508,27.9089,26.6583,24.9228,22.6672,52.0705,26.4158
2609,Polymaker Teal|Dark Olive Drab|Olive Green|Orange,#4CC0C7|#575B54|#948902|#F67405,30.0508,27.9089,26.6583,24.9228,22.6672,52.0705,26.4158
2610,Polymaker Teal|Dark Olive Drab|Lime Green|Orange,#4CC0C7|#575B54|#D5D701|#F67405,30.0508,27.9089,26.6583,24.9228,22.6672,52.0705,26.4158
2611,Polymaker Teal|Dark Olive Drab|Orange|Yellow,#4CC0C7|#575B54|#F67405|#FFE800,30.0508,27.9089,26.6583,24.9228,22.6672,52.0705,26.4158
2612,Black|Polymaker Teal|Magenta|Yellow,#080A0D|#4CC0C7|#F24574|#FFE800,38.8485,30.3451,26.4257,22.4921,19.0782,55.9072,26.4186
2613,Black|Polymaker Teal|Brown|Pink,#080A0D|#4CC0C7|#55331A|#F1A1AF,37.8489,29.9330,26.4335,22.9048,19.6797,51.7553,26.4189
2614,Polymaker Teal|Purple|Red|Pink,#4CC0C7|#6C47B2|#E72F1D|#F1A1AF,37.4935,29.3333,26.3375,23.5062,20.7348,48.4196,26.4197
2615,Green|Black|Polymaker Teal|Red,#06924D|#080A0D|#4CC0C7|#E72F1D,37.9829,29.9898,26.4191,22.8572,19.5971,57.2014,26.4235
2616,Black|Polymaker Teal|Red|Yellow,#080A0D|#4CC0C7|#E72F1D|#FFE800,37.9327,30.0164,26.4370,22.8350,19.5903,56.5855,26.4257
2617,Azure Blue|Dark Olive Drab|Purple|Lime Green,#0066D9|#575B54|#6C47B2|#D5D701,34.6965,29.1660,26.5969,23.6900,20.6016,81.5321,26.4280
2618,Blue|Green|Black|Dark Olive Drab,#003776|#06924D|#080A0D|#575B54,31.3871,27.9273,26.5027,24.9300,23.1818,63.7902,26.4287
2619,Blue|Green|Brown|Dark Olive Drab,#003776|#06924D|#55331A|#575B54,31.3871,27.9273,26.5027,24.9300,23.1818,63.7902,26.4287
2620,Purple|Olive Green|White|Yellow,#6C47B2|#948902|#EBF7FF|#FFE800,55.8735,32.5124,25.2838,20.3526,17.1681,74.5466,26.4325
2621,Black|Polymaker Teal|Lime Green|Red,#080A0D|#4CC0C7|#D5D701|#E72F1D,37.9423,30.0242,26.4542,22.8481,19.5331,57.6006,26.4362
2622,Azure Blue|Purple|Grey|Magenta,#0066D9|#6C47B2|#8C9099|#F24574,31.5852,28.4975,26.7846,24.3798,21.1869,45.4439,26.4387
2623,Grey|Olive Green|Cold White|Magenta,#8C9099|#948902|#D9DFE5|#F24574,31.5226,28.5106,26.7996,24.3740,21.1469,42.3021,26.4423
2624,Azure Blue|Grey|Red|White,#0066D9|#8C9099|#E72F1D|#EBF7FF,30.8776,28.4086,26.8331,24.4933,21.3195,44.2078,26.4510
2625,Grey|Olive Green|White|Magenta,#8C9099|#948902|#EBF7FF|#F24574,31.5241,28.5159,26.8086,24.3932,21.1664,42.2460,26.4545
2626,Azure Blue|Grey|Cold White|Red,#0066D9|#8C9099|#D9DFE5|#E72F1D,30.8853,28.4134,26.8423,24.5119,21.3515,44.2464,26.4626
2627,Grey|Olive Green|Tan|Magenta,#8C9099|#948902|#A79E82|#F24574,31.5460,28.5424,26.8363,24.4110,21.1678,42.3133,26.4767
2628,Grey|Olive Green|Cold White|Red,#8C9099|#948902|#D9DFE5|#E72F1D,31.4914,28.5196,26.8375,24.4393,21.2264,42.2588,26.4795
2629,Black|Grey|Tan|Pink,#080A0D|#8C9099|#A79E82|#F1A1AF,34.1418,28.7959,26.6253,24.1651,21.2846,44.8236,26.4805
2630,Blue|Dark Grey|Purple|Magenta,#003776|#485259|#6C47B2|#F24574,30.9632,28.2163,26.6137,24.7535,22.8806,64.0462,26.4849
2631,Azure Blue|Dark Olive Drab|Grey|Orange,#0066D9|#575B54|#8C9099|#F67405,31.1791,28.4956,26.8486,24.4792,21.3353,73.6600,26.4874
2632,Black|Polymaker Teal|Brown|Orange,#080A0D|#4CC0C7|#55331A|#F67405,36.6973,29.6662,26.4824,23.3185,20.3392,52.7998,26.4924
2633,Grey|Olive Green|Lime Green|Magenta,#8C9099|#948902|#D5D701|#F24574,31.5638,28.5583,26.8559,24.4293,21.1754,42.2503,26.4938
2634,Grey|Olive Green|Magenta|Orange,#8C9099|#948902|#F24574|#F67405,31.5638,28.5583,26.8559,24.4293,21.1754,42.2503,26.4938
2635,Grey|Olive Green|Magenta|Yellow,#8C9099|#948902|#F24574|#FFE800,31.5638,28.5583,26.8559,24.4293,21.1754,42.2503,26.4938
2636,Blue|Green|Dark Grey|White,#003776|#06924D|#485259|#EBF7FF,33.9499,29.3146,26.8246,23.6890,20.0825,67.9975,26.5018
2637,Grey|Olive Green|Red|White,#8C9099|#948902|#E72F1D|#EBF7FF,31.5008,28.5447,26.8680,24.4658,21.2450,42.2172,26.5052
2638,Polymaker Teal|Grey|Olive Green|Magenta,#4CC0C7|#8C9099|#948902|#F24574,31.5711,28.5736,26.8668,24.4379,21.1901,42.2314,26.5058
2639,Azure Blue|Grey|Red|Magenta,#0066D9|#8C9099|#E72F1D|#F24574,30.9192,28.4700,26.8996,24.5570,21.3662,44.3825,26.5135
2640,Grey|Olive Green|Tan|Red,#8C9099|#948902|#A79E82|#E72F1D,31.5190,28.5701,26.8789,24.4618,21.2229,42.3757,26.5160
2641,Green|Black|Cold White|White,#06924D|#080A0D|#D9DFE5|#EBF7FF,40.5567,30.6602,26.1946,22.3842,19.3619,55.8357,26.5222
2642,Grey|Olive Green|Lime Green|Red,#8C9099|#948902|#D5D701|#E72F1D,31.5263,28.5772,26.8910,24.4682,21.2246,42.2153,26.5227
2643,Grey|Olive Green|Red|Orange,#8C9099|#948902|#E72F1D|#F67405,31.5263,28.5772,26.8910,24.4682,21.2246,42.2153,26.5227
2644,Grey|Olive Green|Red|Yellow,#8C9099|#948902|#E72F1D|#FFE800,31.5263,28.5772,26.8910,24.4682,21.2246,42.2153,26.5227
2645,Black|Polymaker Teal|Pink|Yellow,#080A0D|#4CC0C7|#F1A1AF|#FFE800,38.3973,30.1000,26.4913,22.9558,19.8188,51.7409,26.5279
2646,Polymaker Teal|Grey|Olive Green|Cold White,#4CC0C7|#8C9099|#948902|#D9DFE5,31.5522,28.5671,26.8861,24.4986,21.2940,42.2671,26.5328
2647,Green|Dark Grey|Olive Green|Orange,#06924D|#485259|#948902|#F67405,29.8106,27.7427,26.6688,25.3233,23.7228,63.8105,26.5330
2648,Azure Blue|Purple|Grey|Red,#0066D9|#6C47B2|#8C9099|#E72F1D,30.9507,28.4962,26.9231,24.5738,21.3792,44.4616,26.5350
2649,Grey|Olive Green|White|Pink,#8C9099|#948902|#EBF7FF|#F1A1AF,31.5648,28.5728,26.8984,24.5106,21.3004,42.2511,26.5417
2650,Grey|Olive Green|Cold White|White,#8C9099|#948902|#D9DFE5|#EBF7FF,31.5547,28.5752,26.8937,24.5085,21.3060,42.2750,26.5419
2651,Brown|Purple|White|Magenta,#55331A|#6C47B2|#EBF7FF|#F24574,38.2644,29.5338,26.2556,23.5536,21.3446,52.0243,26.5437
2652,Brown|Purple|White|Orange,#55331A|#6C47B2|#EBF7FF|#F67405,38.3033,29.5677,26.2521,23.5201,21.3138,51.9077,26.5439
2653,Grey|Olive Green|Tan|White,#8C9099|#948902|#A79E82|#EBF7FF,31.5688,28.5824,26.9024,24.5058,21.2913,42.2192,26.5441
2654,Polymaker Teal|Grey|Olive Green|White,#4CC0C7|#8C9099|#948902|#EBF7FF,31.5601,28.5787,26.9085,24.5199,21.3079,42.2082,26.5493
2655,Dark Olive Drab|Purple|Grey|Pink,#575B54|#6C47B2|#8C9099|#F1A1AF,31.2666,28.5687,26.9019,24.5303,21.4192,71.0785,26.5495
2656,Grey|Olive Green|Lime Green|Cold White,#8C9099|#948902|#D5D701|#D9DFE5,31.5656,28.5888,26.9094,24.5118,21.2922,42.2733,26.5503
2657,Grey|Olive Green|Cold White|Yellow,#8C9099|#948902|#D9DFE5|#FFE800,31.5656,28.5888,26.9094,24.5118,21.2922,42.2733,26.5503
2658,Grey|Olive Green|Tan|Cold White,#8C9099|#948902|#A79E82|#D9DFE5,31.5507,28.5871,26.9064,24.5187,21.3099,42.2735,26.5529
2659,Polymaker Teal|Grey|Olive Green|Lime Green,#4CC0C7|#8C9099|#948902|#D5D701,31.6031,28.6002,26.9117,24.5079,21.2776,42.2417,26.5541
2660,Polymaker Teal|Grey|Olive Green|Yellow,#4CC0C7|#8C9099|#948902|#FFE800,31.6031,28.6002,26.9117,24.5079,21.2776,42.2417,26.5541
2661,Polymaker Teal|Grey|Olive Green|Red,#4CC0C7|#8C9099|#948902|#E72F1D,31.5407,28.6078,26.9298,24.5082,21.2665,42.3309,26.5580
2662,Azure Blue|Polymaker Teal|Cold White|Yellow,#0066D9|#4CC0C7|#D9DFE5|#FFE800,33.3801,28.8027,26.6200,24.3170,22.0952,54.2689,26.5598
2663,Grey|Olive Green|Lime Green|White,#8C9099|#948902|#D5D701|#EBF7FF,31.5605,28.5960,26.9205,24.5245,21.3060,42.2034,26.5602
2664,Grey|Olive Green|White|Yellow,#8C9099|#948902|#EBF7FF|#FFE800,31.5605,28.5960,26.9205,24.5245,21.3060,42.2034,26.5602
2665,Blue|Grey|Olive Green|Pink,#003776|#8C9099|#948902|#F1A1AF,36.4653,29.8584,26.8039,23.2634,19.3339,86.4727,26.5609
2666,Grey|Olive Green|Pink|Magenta,#8C9099|#948902|#F1A1AF|#F24574,31.6294,28.6382,26.9215,24.4853,21.2352,42.8306,26.5618
2667,Green|Dark Grey|Brown|Orange,#06924D|#485259|#55331A|#F67405,29.8607,27.7868,26.6988,25.3387,23.7360,63.9118,26.5628
2668,Azure Blue|Brown|White|Magenta,#0066D9|#55331A|#EBF7FF|#F24574,35.8805,28.9921,26.4030,24.1346,21.9865,53.2652,26.5634
2669,Grey|Olive Green|Cold White|Orange,#8C9099|#948902|#D9DFE5|#F67405,31.5576,28.5959,26.9224,24.5311,21.3172,42.3063,26.5635
2670,Black|Grey|Cold White|White,#080A0D|#8C9099|#D9DFE5|#EBF7FF,37.0898,29.6035,26.5054,23.5267,20.7215,54.6766,26.5651
2671,Grey|Olive Green|Red|Magenta,#8C9099|#948902|#E72F1D|#F24574,31.5433,28.6246,26.9323,24.5066,21.2602,42.2717,26.5656
2672,Polymaker Teal|Dark Olive Drab|Red|Magenta,#4CC0C7|#575B54|#E72F1D|#F24574,31.9350,28.7365,26.8875,24.3990,21.2879,54.1579,26.5678
2673,Grey|Olive Green|Red|Pink,#8C9099|#948902|#E72F1D|#F1A1AF,31.6083,28.6222,26.9206,24.5141,21.2853,42.8181,26.5682
2674,Green|Grey|Olive Green|White,#06924D|#8C9099|#948902|#EBF7FF,31.5839,28.5997,26.9230,24.5409,21.3318,42.6331,26.5703
2675,Dark Olive Drab|Purple|Olive Green|Pink,#575B54|#6C47B2|#948902|#F1A1AF,30.8213,28.1743,26.7259,24.9707,22.8832,52.3809,26.5725
2676,Green|Grey|Olive Green|Cold White,#06924D|#8C9099|#948902|#D9DFE5,31.5674,28.6058,26.9284,24.5401,21.3354,42.6223,26.5730
2677,Grey|Olive Green|White|Orange,#8C9099|#948902|#EBF7FF|#F67405,31.5712,28.6049,26.9333,24.5430,21.3216,42.3145,26.5740
2678,Dark Grey|Purple|Grey|Olive Green,#485259|#6C47B2|#8C9099|#948902,34.6793,29.3432,26.8286,23.8073,20.1387,84.6011,26.5753
2679,Polymaker Teal|Grey|Olive Green|Pink,#4CC0C7|#8C9099|#948902|#F1A1AF,31.6005,28.6140,26.9433,24.5395,21.3101,42.1987,26.5768
2680,Green|Black|Dark Grey|Orange,#06924D|#080A0D|#485259|#F67405,29.8674,27.7981,26.7158,25.3607,23.7587,63.8905,26.5794
2681,Green|Dark Grey|Red|Orange,#06924D|#485259|#E72F1D|#F67405,29.8674,27.7981,26.7158,25.3607,23.7587,63.8905,26.5794
2682,Green|Grey|Olive Green|Orange,#06924D|#8C9099|#948902|#F67405,31.5472,28.5980,26.9362,24.5614,21.3511,42.7506,26.5797
2683,Purple|Olive Green|Lime Green|White,#6C47B2|#948902|#D5D701|#EBF7FF,56.0364,32.6563,25.4428,20.5094,17.3665,74.5425,26.5828
2684,Grey|Olive Green|Cold White|Pink,#8C9099|#948902|#D9DFE5|#F1A1AF,31.5459,28.6084,26.9444,24.5626,21.3500,42.2801,26.5855
2685,Blue|Green|Black|Dark Grey,#003776|#06924D|#080A0D|#485259,30.9476,28.0113,26.6685,25.1671,23.5550,66.1885,26.5892
2686,Polymaker Teal|Grey|Olive Green|Tan,#4CC0C7|#8C9099|#948902|#A79E82,31.5921,28.6298,26.9492,24.5524,21.3251,42.3177,26.5911
2687,Black|Dark Grey|Brown|Purple,#080A0D|#485259|#55331A|#6C47B2,31.8480,28.4983,26.6696,24.6898,22.8381,62.9275,26.5940
2688,Azure Blue|Black|Dark Olive Drab|Grey,#0066D9|#080A0D|#575B54|#8C9099,31.0876,28.5253,26.9433,24.6634,21.6697,75.8269,26.5943
2689,Blue|Azure Blue|Dark Olive Drab|Grey,#003776|#0066D9|#575B54|#8C9099,31.0681,28.5246,26.9495,24.6707,21.6702,75.4712,26.5976
2690,Dark Olive Drab|Purple|Grey|Red,#575B54|#6C47B2|#8C9099|#E72F1D,31.3867,28.5998,26.9252,24.5968,21.5650,65.5302,26.5983
2691,Grey|Olive Green|Tan|Lime Green,#8C9099|#948902|#A79E82|#D5D701,31.5861,28.6350,26.9662,24.5626,21.3241,42.3377,26.5988
2692,Grey|Olive Green|Tan|Yellow,#8C9099|#948902|#A79E82|#FFE800,31.5861,28.6350,26.9662,24.5626,21.3241,42.3377,26.5988
2693,Grey|Olive Green|Tan|Orange,#8C9099|#948902|#A79E82|#F67405,31.5707,28.6331,26.9690,24.5674,21.3315,42.3361,26.6003
2694,Blue|Azure Blue|Grey|Olive Green,#003776|#0066D9|#8C9099|#948902,37.3421,30.0495,26.8000,23.1533,19.2534,88.1032,26.6014
2695,Polymaker Teal|Grey|Olive Green|Orange,#4CC0C7|#8C9099|#948902|#F67405,31.5783,28.6432,26.9696,24.5619,21.3299,42.3763,26.6026
2696,Grey|Olive Green|Lime Green|Yellow,#8C9099|#948902|#D5D701|#FFE800,31.5901,28.6357,26.9610,24.5709,21.3405,42.2871,26.6033
2697,Green|Polymaker Teal|Grey|Olive Green,#06924D|#4CC0C7|#8C9099|#948902,31.6169,28.6459,26.9662,24.5624,21.3344,42.6458,26.6041
2698,Azure Blue|Dark Olive Drab|Grey|Pink,#0066D9|#575B54|#8C9099|#F1A1AF,31.2285,28.6022,26.9661,24.6068,21.5621,74.8678,26.6045
2699,Azure Blue|Dark Olive Drab|Purple|Grey,#0066D9|#575B54|#6C47B2|#8C9099,31.0858,28.5362,26.9568,24.6745,21.6805,75.8387,26.6053
2700,Black|Polymaker Teal|Brown|Red,#080A0D|#4CC0C7|#55331A|#E72F1D,37.9995,30.1426,26.6098,23.0729,19.7977,56.6163,26.6078
2701,Grey|Olive Green|Lime Green|Orange,#8C9099|#948902|#D5D701|#F67405,31.5768,28.6406,26.9704,24.5800,21.3474,42.3006,26.6103
2702,Grey|Olive Green|Orange|Yellow,#8C9099|#948902|#F67405|#FFE800,31.5768,28.6406,26.9704,24.5800,21.3474,42.3006,26.6103
2703,Azure Blue|Grey|Red|Pink,#0066D9|#8C9099|#E72F1D|#F1A1AF,31.0239,28.5795,27.0054,24.6499,21.4558,45.4402,26.6147
2704,Green|Grey|Olive Green|Lime Green,#06924D|#8C9099|#948902|#D5D701,31.6339,28.6519,26.9752,24.5807,21.3595,42.7614,26.6163
2705,Green|Grey|Olive Green|Yellow,#06924D|#8C9099|#948902|#FFE800,31.6339,28.6519,26.9752,24.5807,21.3595,42.7614,26.6163
2706,Azure Blue|Brown|White|Orange,#0066D9|#55331A|#EBF7FF|#F67405,36.0708,29.1120,26.5066,24.1265,21.8329,53.3625,26.6192
2707,Blue|Green|Dark Grey|Brown,#003776|#06924D|#485259|#55331A,30.9614,28.0446,26.7086,25.1981,23.5651,66.3672,26.6213
2708,Purple|Olive Green|White|Magenta,#6C47B2|#948902|#EBF7FF|#F24574,56.0637,32.6308,25.4999,20.6137,17.3899,75.4143,26.6222
2709,Brown|Dark Olive Drab|Purple|Grey,#55331A|#575B54|#6C47B2|#8C9099,31.9197,28.7531,26.9576,24.5019,21.3816,79.1933,26.6275
2710,Green|Grey|Olive Green|Tan,#06924D|#8C9099|#948902|#A79E82,31.6041,28.6563,26.9948,24.6029,21.3712,42.7357,26.6296
2711,Blue|Green|Dark Grey|Dark Olive Drab,#003776|#06924D|#485259|#575B54,31.5796,28.2351,26.7360,25.0282,23.1878,63.7735,26.6317
2712,Grey|Olive Green|Lime Green|Pink,#8C9099|#948902|#D5D701|#F1A1AF,31.6230,28.6631,26.9928,24.6010,21.3728,42.5836,26.6321
2713,Black|Polymaker Teal|Magenta|Orange,#080A0D|#4CC0C7|#F24574|#F67405,38.7031,30.4059,26.6070,22.8608,19.5948,55.6709,26.6334
2714,Azure Blue|Brown|Dark Olive Drab|Grey,#0066D9|#55331A|#575B54|#8C9099,31.6300,28.6179,26.9557,24.6515,21.6593,73.8447,26.6347
2715,Azure Blue|Dark Olive Drab|Grey|Red,#0066D9|#575B54|#8C9099|#E72F1D,31.4443,28.6769,26.9902,24.5928,21.4542,73.3873,26.6349
2716,Azure Blue|Cold White|White|Yellow,#0066D9|#D9DFE5|#EBF7FF|#FFE800,33.4798,28.9031,26.7108,24.3686,22.1181,54.1314,26.6358
2717,Azure Blue|Pink|Magenta|Yellow,#0066D9|#F1A1AF|#F24574|#FFE800,33.4800,28.9083,26.7179,24.3684,22.1107,55.0229,26.6383
2718,Brown|Purple|White|Pink,#55331A|#6C47B2|#EBF7FF|#F1A1AF,38.2909,29.6262,26.3795,23.6537,21.4277,51.9875,26.6400
2719,Brown|Purple|Red|White,#55331A|#6C47B2|#E72F1D|#EBF7FF,38.3493,29.6225,26.3572,23.6580,21.4589,51.5476,26.6402
2720,Black|Polymaker Teal|Red|Orange,#080A0D|#4CC0C7|#E72F1D|#F67405,38.0828,30.2205,26.6664,23.0691,19.7494,57.3383,26.6448
2721,Purple|Olive Green|Red|White,#6C47B2|#948902|#E72F1D|#EBF7FF,56.1555,32.7073,25.4794,20.5940,17.3914,74.9823,26.6506
2722,Green|Purple|Lime Green|Red,#06924D|#6C47B2|#D5D701|#E72F1D,48.8885,31.4889,25.8223,21.8160,19.1420,75.3157,26.6524
2723,Grey|Olive Green|Tan|Pink,#8C9099|#948902|#A79E82|#F1A1AF,31.6542,28.7008,27.0248,24.6220,21.3855,42.7586,26.6614
2724,Grey|Olive Green|Pink|Orange,#8C9099|#948902|#F1A1AF|#F67405,31.6664,28.7047,27.0216,24.6201,21.3850,42.7862,26.6624
2725,Grey|Olive Green|Pink|Yellow,#8C9099|#948902|#F1A1AF|#FFE800,31.6664,28.7047,27.0216,24.6201,21.3850,42.7862,26.6624
2726,Azure Blue|Cold White|Pink|Yellow,#0066D9|#D9DFE5|#F1A1AF|#FFE800,33.3780,28.8999,26.7600,24.4363,22.2030,54.0329,26.6681
2727,Azure Blue|Polymaker Teal|Pink|Yellow,#0066D9|#4CC0C7|#F1A1AF|#FFE800,33.5333,28.9312,26.7425,24.4087,22.1593,53.8436,26.6699
2728,Black|Polymaker Teal|Tan|Red,#080A0D|#4CC0C7|#A79E82|#E72F1D,38.1740,30.3406,26.7400,23.0057,19.5912,58.0967,26.6731
2729,Dark Olive Drab|Grey|Olive Green|Pink,#575B54|#8C9099|#948902|#F1A1AF,31.3972,28.6084,27.0023,24.7402,21.6882,70.0823,26.6743
2730,Green|Grey|Olive Green|Pink,#06924D|#8C9099|#948902|#F1A1AF,31.6816,28.7075,27.0398,24.6439,21.4103,43.2816,26.6757
2731,Polymaker Teal|Dark Olive Drab|Olive Green|Lime Green,#4CC0C7|#575B54|#948902|#D5D701,30.0731,28.0148,26.8754,25.3412,23.3692,53.6113,26.6780
2732,Green|Polymaker Teal|Dark Olive Drab|Lime Green,#06924D|#4CC0C7|#575B54|#D5D701,30.0799,28.0248,26.8774,25.3356,23.3681,53.6272,26.6802
2733,Black|Polymaker Teal|Dark Olive Drab|Lime Green,#080A0D|#4CC0C7|#575B54|#D5D701,30.0799,28.0248,26.8774,25.3356,23.3681,53.6272,26.6802
2734,Azure Blue|White|Pink|Yellow,#0066D9|#EBF7FF|#F1A1AF|#FFE800,33.5440,28.9635,26.7830,24.4174,22.1306,54.5199,26.6904
2735,Polymaker Teal|Brown|Dark Olive Drab|Grey,#4CC0C7|#55331A|#575B54|#8C9099,33.4449,29.0594,26.9504,24.3222,21.1204,49.6141,26.6908
2736,Azure Blue|Polymaker Teal|White|Yellow,#0066D9|#4CC0C7|#EBF7FF|#FFE800,33.5583,28.9706,26.7752,24.4214,22.1567,54.7831,26.6960
2737,Black|Polymaker Teal|Pink|Orange,#080A0D|#4CC0C7|#F1A1AF|#F67405,38.1641,30.2039,26.6947,23.1918,20.0316,52.2275,26.6978
2738,Polymaker Teal|Brown|Dark Olive Drab|Yellow,#4CC0C7|#55331A|#575B54|#FFE800,30.6561,28.1371,26.8578,25.2673,23.3231,53.3357,26.7022
2739,Green|Polymaker Teal|Dark Olive Drab|Yellow,#06924D|#4CC0C7|#575B54|#FFE800,30.0479,28.0435,26.9076,25.3620,23.3758,52.8968,26.7027
2740,Black|Polymaker Teal|Dark Olive Drab|Yellow,#080A0D|#4CC0C7|#575B54|#FFE800,30.0479,28.0435,26.9076,25.3620,23.3758,52.8968,26.7027
2741,Polymaker Teal|Dark Olive Drab|Lime Green|Yellow,#4CC0C7|#575B54|#D5D701|#FFE800,30.0479,28.0435,26.9076,25.3620,23.3758,52.8968,26.7027
2742,Azure Blue|Dark Olive Drab|Tan|Pink,#0066D9|#575B54|#A79E82|#F1A1AF,32.0194,28.9115,27.0790,24.5032,21.2280,80.1998,26.7074
2743,Blue|Black|Dark Grey|Orange,#003776|#080A0D|#485259|#F67405,29.1741,27.7860,26.9175,25.6403,23.9382,59.0994,26.7131
2744,Blue|Dark Grey|Red|Orange,#003776|#485259|#E72F1D|#F67405,29.1741,27.7860,26.9175,25.6403,23.9382,59.0994,26.7131
2745,Black|Dark Grey|Red|Orange,#080A0D|#485259|#E72F1D|#F67405,29.1741,27.7860,26.9175,25.6403,23.9382,59.0994,26.7131
2746,Blue|Dark Olive Drab|Lime Green|Red,#003776|#575B54|#D5D701|#E72F1D,35.0206,29.4002,26.6966,24.0440,21.6797,66.8890,26.7221
2747,Green|Purple|Red|Yellow,#06924D|#6C47B2|#E72F1D|#FFE800,49.1608,31.5951,25.8828,21.8514,19.1752,77.5762,26.7232
2748,Azure Blue|Green|Dark Olive Drab|Magenta,#0066D9|#06924D|#575B54|#F24574,36.2167,28.9414,26.4568,24.5080,22.9156,57.8155,26.7247
2749,Azure Blue|Green|Purple|Red,#0066D9|#06924D|#6C47B2|#E72F1D,38.1359,29.3810,26.3678,24.0702,22.3016,62.2279,26.7256
2750,Polymaker Teal|Dark Olive Drab|Olive Green|Yellow,#4CC0C7|#575B54|#948902|#FFE800,30.0591,28.0557,26.9277,25.3961,23.4225,53.1242,26.7259
2751,Azure Blue|Green|Brown|Purple,#0066D9|#06924D|#55331A|#6C47B2,49.0698,31.8007,25.8862,21.6559,18.9436,66.2183,26.7283
2752,Blue|Dark Grey|Brown|Orange,#003776|#485259|#55331A|#F67405,29.1971,27.8063,26.9384,25.6588,23.9542,59.0689,26.7326
2753,Black|Dark Grey|Brown|Orange,#080A0D|#485259|#55331A|#F67405,29.1971,27.8063,26.9384,25.6588,23.9542,59.0689,26.7326
2754,Dark Grey|Brown|Red|Orange,#485259|#55331A|#E72F1D|#F67405,29.1971,27.8063,26.9384,25.6588,23.9542,59.0689,26.7326
2755,Blue|Dark Olive Drab|Lime Green|Orange,#003776|#575B54|#D5D701|#F67405,34.9398,29.3693,26.7149,24.0985,21.7033,66.2371,26.7339
2756,Azure Blue|Brown|White|Pink,#0066D9|#55331A|#EBF7FF|#F1A1AF,36.0582,29.1887,26.6149,24.2989,22.0767,53.5257,26.7438
2757,Purple|Olive Green|White|Pink,#6C47B2|#948902|#EBF7FF|#F1A1AF,56.1078,32.7672,25.6022,20.7445,17.4678,74.9838,26.7559
2758,Black|Dark Olive Drab|Purple|White,#080A0D|#575B54|#6C47B2|#EBF7FF,32.9354,28.7014,26.8974,24.8287,22.4518,77.5601,26.7650
2759,Purple|Grey|Lime Green|Cold White,#6C47B2|#8C9099|#D5D701|#D9DFE5,35.3423,29.3350,26.8907,24.1975,21.1203,68.7609,26.7663
2760,Azure Blue|Polymaker Teal|Grey|Red,#0066D9|#4CC0C7|#8C9099|#E72F1D,31.7247,28.8448,27.1229,24.6930,21.5284,46.6600,26.7689
2761,Polymaker Teal|Brown|Dark Olive Drab|Lime Green,#4CC0C7|#55331A|#575B54|#D5D701,31.3880,28.3029,26.8916,25.2466,23.2947,53.8078,26.7748
2762,Azure Blue|Polymaker Teal|Grey|Magenta,#0066D9|#4CC0C7|#8C9099|#F24574,31.1440,28.7243,27.1634,24.8260,21.6480,45.3801,26.7751
2763,Azure Blue|Grey|Cold White|Magenta,#0066D9|#8C9099|#D9DFE5|#F24574,31.1432,28.7259,27.1639,24.8289,21.6618,45.4088,26.7774
2764,Blue|Black|Dark Grey|Purple,#003776|#080A0D|#485259|#6C47B2,31.8559,28.6602,26.8927,24.9151,22.9950,63.0638,26.7877
2765,Blue|Dark Grey|Brown|Purple,#003776|#485259|#55331A|#6C47B2,31.8559,28.6602,26.8927,24.9151,22.9950,63.0638,26.7877
2766,Green|Dark Grey|Magenta|Yellow,#06924D|#485259|#F24574|#FFE800,32.4026,28.4415,26.7809,25.1555,23.4964,60.4183,26.7985
2767,Azure Blue|Grey|White|Magenta,#0066D9|#8C9099|#EBF7FF|#F24574,31.1591,28.7495,27.1894,24.8523,21.6718,45.4546,26.8009
2768,Purple|Grey|Lime Green|Magenta,#6C47B2|#8C9099|#D5D701|#F24574,35.2617,29.3617,26.9528,24.2475,21.1325,67.8829,26.8046
2769,Purple|Grey|Lime Green|Yellow,#6C47B2|#8C9099|#D5D701|#FFE800,35.2617,29.3617,26.9528,24.2475,21.1325,67.8829,26.8046
2770,Azure Blue|Grey|Cold White|White,#0066D9|#8C9099|#D9DFE5|#EBF7FF,31.1461,28.7486,27.1922,24.8649,21.7013,45.6572,26.8068
2771,Purple|Grey|Lime Green|White,#6C47B2|#8C9099|#D5D701|#EBF7FF,35.3833,29.3716,26.9357,24.2453,21.1580,68.4039,26.8084
2772,Azure Blue|Dark Olive Drab|Grey|Magenta,#0066D9|#575B54|#8C9099|#F24574,31.5494,28.8584,27.1808,24.7668,21.6322,73.5262,26.8126
2773,Azure Blue|Polymaker Teal|Grey|White,#0066D9|#4CC0C7|#8C9099|#EBF7FF,31.1602,28.7574,27.2002,24.8692,21.7023,45.6631,26.8133
2774,Azure Blue|Grey|Cold White|Pink,#0066D9|#8C9099|#D9DFE5|#F1A1AF,31.1533,28.7612,27.2030,24.8740,21.7134,45.6499,26.8176
2775,Azure Blue|Grey|White|Pink,#0066D9|#8C9099|#EBF7FF|#F1A1AF,31.1573,28.7663,27.2114,24.8808,21.7125,45.6479,26.8235
2776,Purple|Olive Green|White|Orange,#6C47B2|#948902|#EBF7FF|#F67405,56.2834,32.9049,25.6980,20.7485,17.4710,76.0293,26.8267
2777,Green|Dark Grey|Dark Olive Drab|Purple,#06924D|#485259|#575B54|#6C47B2,46.5243,31.7032,26.2608,21.9541,18.9879,65.7303,26.8287
2778,Purple|Grey|Tan|Lime Green,#6C47B2|#8C9099|#A79E82|#D5D701,35.3449,29.3978,26.9704,24.2699,21.1345,68.1482,26.8339
2779,Azure Blue|Polymaker Teal|Grey|Pink,#0066D9|#4CC0C7|#8C9099|#F1A1AF,31.1903,28.7832,27.2217,24.8861,21.7091,45.6523,26.8346
2780,Black|Dark Olive Drab|Lime Green|Pink,#080A0D|#575B54|#D5D701|#F1A1AF,29.7165,28.0766,27.0754,25.5961,23.5771,42.3990,26.8364
2781,Dark Olive Drab|Olive Green|Lime Green|Pink,#575B54|#948902|#D5D701|#F1A1AF,29.7165,28.0766,27.0754,25.5961,23.5771,42.3990,26.8364
2782,Dark Olive Drab|Lime Green|Red|Pink,#575B54|#D5D701|#E72F1D|#F1A1AF,29.7165,28.0766,27.0754,25.5961,23.5771,42.3990,26.8364
2783,Dark Olive Drab|Lime Green|Pink|Magenta,#575B54|#D5D701|#F1A1AF|#F24574,29.7165,28.0766,27.0754,25.5961,23.5771,42.3990,26.8364
2784,Dark Olive Drab|Lime Green|Pink|Orange,#575B54|#D5D701|#F1A1AF|#F67405,29.7165,28.0766,27.0754,25.5961,23.5771,42.3990,26.8364
2785,Dark Olive Drab|Lime Green|Pink|Yellow,#575B54|#D5D701|#F1A1AF|#FFE800,29.7165,28.0766,27.0754,25.5961,23.5771,42.3990,26.8364
2786,Azure Blue|Polymaker Teal|Grey|Cold White,#0066D9|#4CC0C7|#8C9099|#D9DFE5,31.1748,28.7808,27.2242,24.8965,21.7350,45.6543,26.8387
2787,Brown|Dark Olive Drab|Lime Green|Pink,#55331A|#575B54|#D5D701|#F1A1AF,29.7205,28.0809,27.0789,25.5980,23.5775,42.3936,26.8394
2788,Blue|Dark Grey|Lime Green|Orange,#003776|#485259|#D5D701|#F67405,34.9345,29.5049,26.8420,24.1818,21.7935,66.8916,26.8433
2789,Dark Olive Drab|Purple|Grey|Magenta,#575B54|#6C47B2|#8C9099|#F24574,31.6443,28.8659,27.1845,24.8235,21.7139,71.5562,26.8447
2790,Black|Dark Grey|Polymaker Teal|Magenta,#080A0D|#485259|#4CC0C7|#F24574,34.8933,29.5721,27.0615,24.1331,20.8226,58.9175,26.8526
2791,Purple|Grey|Lime Green|Pink,#6C47B2|#8C9099|#D5D701|#F1A1AF,35.3415,29.4417,26.9942,24.2867,21.1850,68.5479,26.8642
2792,Green|Grey|Cold White|Red,#06924D|#8C9099|#D9DFE5|#E72F1D,31.5196,28.8868,27.2546,24.8636,21.6526,42.8268,26.8752
2793,Black|Polymaker Teal|Dark Olive Drab|Red,#080A0D|#4CC0C7|#575B54|#E72F1D,35.4444,29.7481,27.0528,24.0026,20.7556,58.8321,26.8754
2794,Black|Dark Olive Drab|White|Magenta,#080A0D|#575B54|#EBF7FF|#F24574,33.9469,28.9515,26.9460,24.8007,22.4110,53.0349,26.8761
2795,Blue|Purple|White|Yellow,#003776|#6C47B2|#EBF7FF|#FFE800,32.7975,28.7776,26.8882,24.9788,23.2200,68.8539,26.8782
2796,Azure Blue|Brown|Purple|White,#0066D9|#55331A|#6C47B2|#EBF7FF,36.0322,29.2755,26.7697,24.4831,22.2475,53.4125,26.8793
2797,Dark Olive Drab|Purple|Cold White|Yellow,#575B54|#6C47B2|#D9DFE5|#FFE800,33.5474,29.3907,27.1153,24.3717,21.2269,77.6524,26.8812
2798,Dark Grey|Brown|Magenta|Orange,#485259|#55331A|#F24574|#F67405,29.5354,27.9912,27.0714,25.7746,24.0986,62.6899,26.8829
2799,Green|Grey|Olive Green|Red,#06924D|#8C9099|#948902|#E72F1D,31.5413,28.9110,27.2777,24.8733,21.6479,42.8720,26.8922
2800,Green|Grey|Lime Green|Red,#06924D|#8C9099|#D5D701|#E72F1D,31.5413,28.9110,27.2777,24.8733,21.6479,42.8720,26.8922
2801,Green|Grey|Red|Orange,#06924D|#8C9099|#E72F1D|#F67405,31.5413,28.9110,27.2777,24.8733,21.6479,42.8720,26.8922
2802,Green|Grey|Red|Yellow,#06924D|#8C9099|#E72F1D|#FFE800,31.5413,28.9110,27.2777,24.8733,21.6479,42.8720,26.8922
2803,Azure Blue|Brown|Red|White,#0066D9|#55331A|#E72F1D|#EBF7FF,36.1997,29.3699,26.7779,24.4315,22.1976,53.9021,26.9007
2804,Azure Blue|Grey|Pink|Magenta,#0066D9|#8C9099|#F1A1AF|#F24574,31.2581,28.8679,27.3026,24.9484,21.7491,46.1483,26.9082
2805,Green|Grey|Cold White|Magenta,#06924D|#8C9099|#D9DFE5|#F24574,31.8249,28.9662,27.2670,24.8508,21.6433,44.1108,26.9085
2806,Azure Blue|Green|Black|Dark Grey,#0066D9|#06924D|#080A0D|#485259,32.9234,28.5283,26.8090,25.2894,24.0678,61.9380,26.9089
2807,Green|Grey|Red|White,#06924D|#8C9099|#E72F1D|#EBF7FF,31.5456,28.9290,27.2937,24.8968,21.6745,42.9082,26.9129
2808,Blue|Brown|Dark Olive Drab|Orange,#003776|#55331A|#575B54|#F67405,30.5701,28.1655,27.0599,25.6620,23.8706,55.9773,26.9137
2809,Blue|Black|Dark Olive Drab|Orange,#003776|#080A0D|#575B54|#F67405,30.5567,28.1573,27.0610,25.6734,23.8844,55.9815,26.9154
2810,Blue|Dark Olive Drab|Red|Orange,#003776|#575B54|#E72F1D|#F67405,30.5567,28.1573,27.0610,25.6734,23.8844,55.9815,26.9154
2811,Blue|Dark Grey|Magenta|Orange,#003776|#485259|#F24574|#F67405,29.5653,28.0192,27.1026,25.8130,24.1391,62.7987,26.9161
2812,Black|Dark Grey|Magenta|Orange,#080A0D|#485259|#F24574|#F67405,29.5653,28.0192,27.1026,25.8130,24.1391,62.7987,26.9161
2813,Dark Grey|Red|Magenta|Orange,#485259|#E72F1D|#F24574|#F67405,29.5653,28.0192,27.1026,25.8130,24.1391,62.7987,26.9161
2814,Green|Grey|Tan|Red,#06924D|#8C9099|#A79E82|#E72F1D,31.5357,28.9431,27.3130,24.9053,21.6694,43.1540,26.9242
2815,Black|Dark Olive Drab|Purple|Grey,#080A0D|#575B54|#6C47B2|#8C9099,31.9817,29.0249,27.2685,24.8254,21.7044,80.4299,26.9252
2816,Green|Grey|White|Magenta,#06924D|#8C9099|#EBF7FF|#F24574,31.8635,29.0049,27.2994,24.8643,21.6449,44.2263,26.9346
2817,Blue|Brown|Dark Olive Drab|Lime Green,#003776|#55331A|#575B54|#D5D701,35.2387,29.6410,26.9259,24.2282,21.8643,66.2165,26.9346
2818,Black|Polymaker Teal|Purple|White,#080A0D|#4CC0C7|#6C47B2|#EBF7FF,40.6047,31.2153,26.7726,22.6632,19.6802,67.6393,26.9392
2819,Blue|Dark Grey|Dark Olive Drab|Orange,#003776|#485259|#575B54|#F67405,30.6502,28.2680,27.0964,25.6164,23.8168,55.9844,26.9422
2820,Green|Grey|Tan|Magenta,#06924D|#8C9099|#A79E82|#F24574,31.8628,29.0022,27.3043,24.8838,21.6629,44.3070,26.9430
2821,Green|Polymaker Teal|Grey|Magenta,#06924D|#4CC0C7|#8C9099|#F24574,31.8981,29.0243,27.3121,24.8714,21.6391,44.2521,26.9479
2822,Green|Grey|Olive Green|Magenta,#06924D|#8C9099|#948902|#F24574,31.8780,29.0200,27.3158,24.8799,21.6467,44.1872,26.9500
2823,Green|Grey|Lime Green|Magenta,#06924D|#8C9099|#D5D701|#F24574,31.8780,29.0200,27.3158,24.8799,21.6467,44.1872,26.9500
2824,Green|Grey|Magenta|Orange,#06924D|#8C9099|#F24574|#F67405,31.8780,29.0200,27.3158,24.8799,21.6467,44.1872,26.9500
2825,Green|Grey|Magenta|Yellow,#06924D|#8C9099|#F24574|#FFE800,31.8780,29.0200,27.3158,24.8799,21.6467,44.1872,26.9500
2826,Blue|Green|Brown|Purple,#003776|#06924D|#55331A|#6C47B2,49.4120,32.0470,26.1658,21.8587,19.1009,68.3576,26.9528
2827,Green|Polymaker Teal|Grey|Red,#06924D|#4CC0C7|#8C9099|#E72F1D,31.6001,28.9879,27.3588,24.9475,21.7082,43.0798,26.9677
2828,Green|Grey|Red|Magenta,#06924D|#8C9099|#E72F1D|#F24574,31.8991,29.0328,27.3317,24.9061,21.6775,44.3620,26.9694
2829,Blue|Azure Blue|Brown|Pink,#003776|#0066D9|#55331A|#F1A1AF,32.4272,28.4866,26.9268,25.4704,24.3055,57.4834,26.9785
2830,Blue|Dark Grey|Lime Green|Red,#003776|#485259|#D5D701|#E72F1D,34.9991,29.6392,26.9992,24.3186,21.9346,66.7407,26.9789
2831,Green|Black|Polymaker Teal|Dark Olive Drab,#06924D|#080A0D|#4CC0C7|#575B54,30.2845,28.3000,27.1829,25.6682,23.7189,54.4770,26.9841
2832,Green|Grey|Red|Pink,#06924D|#8C9099|#E72F1D|#F1A1AF,31.6525,29.0191,27.3728,24.9576,21.7220,43.7808,26.9884
2833,Green|Brown|Dark Olive Drab|White,#06924D|#55331A|#575B54|#EBF7FF,31.5477,28.6036,27.1811,25.3832,23.1251,47.9320,26.9934
2834,Brown|Dark Olive Drab|Olive Green|White,#55331A|#575B54|#948902|#EBF7FF,31.5477,28.6036,27.1811,25.3832,23.1251,47.9320,26.9934
2835,Brown|Dark Olive Drab|Lime Green|White,#55331A|#575B54|#D5D701|#EBF7FF,31.5477,28.6036,27.1811,25.3832,23.1251,47.9320,26.9934
2836,Brown|Dark Olive Drab|White|Orange,#55331A|#575B54|#EBF7FF|#F67405,31.5477,28.6036,27.1811,25.3832,23.1251,47.9320,26.9934
2837,Brown|Dark Olive Drab|White|Yellow,#55331A|#575B54|#EBF7FF|#FFE800,31.5477,28.6036,27.1811,25.3832,23.1251,47.9320,26.9934
2838,Green|Black|Brown|Purple,#06924D|#080A0D|#55331A|#6C47B2,49.2894,32.0234,26.2102,21.9842,19.2717,67.3991,27.0038
2839,Green|Grey|Pink|Magenta,#06924D|#8C9099|#F1A1AF|#F24574,31.9551,29.0745,27.3686,24.9396,21.7153,44.8906,27.0071
2840,Black|Polymaker Teal|Dark Olive Drab|Magenta,#080A0D|#4CC0C7|#575B54|#F24574,38.1031,30.6013,27.1232,23.4507,19.8939,59.7786,27.0260
2841,Green|Grey|Cold White|Orange,#06924D|#8C9099|#D9DFE5|#F67405,31.4930,29.0074,27.4107,25.0451,21.8314,43.0425,27.0263
2842,Black|Grey|Olive Green|Pink,#080A0D|#8C9099|#948902|#F1A1AF,35.9424,29.7419,27.1277,24.3196,21.1946,77.8043,27.0308
2843,Green|Grey|White|Orange,#06924D|#8C9099|#EBF7FF|#F67405,31.4950,29.0175,27.4259,25.0545,21.8264,43.0605,27.0360
2844,Black|Polymaker Teal|Red|Magenta,#080A0D|#4CC0C7|#E72F1D|#F24574,39.0188,30.7849,27.0419,23.2897,19.9072,55.4630,27.0373
2845,Black|Dark Olive Drab|Pink|Yellow,#080A0D|#575B54|#F1A1AF|#FFE800,29.8256,28.2583,27.2807,25.8227,23.8110,42.8411,27.0405
2846,Brown|Dark Olive Drab|Pink|Yellow,#55331A|#575B54|#F1A1AF|#FFE800,29.8256,28.2583,27.2807,25.8227,23.8110,42.8411,27.0405
2847,Dark Olive Drab|Olive Green|Pink|Yellow,#575B54|#948902|#F1A1AF|#FFE800,29.8256,28.2583,27.2807,25.8227,23.8110,42.8411,27.0405
2848,Dark Olive Drab|Red|Pink|Yellow,#575B54|#E72F1D|#F1A1AF|#FFE800,29.8256,28.2583,27.2807,25.8227,23.8110,42.8411,27.0405
2849,Dark Olive Drab|Pink|Magenta|Yellow,#575B54|#F1A1AF|#F24574|#FFE800,29.8256,28.2583,27.2807,25.8227,23.8110,42.8411,27.0405
2850,Dark Olive Drab|Pink|Orange|Yellow,#575B54|#F1A1AF|#F67405|#FFE800,29.8256,28.2583,27.2807,25.8227,23.8110,42.8411,27.0405
2851,Brown|Dark Olive Drab|Tan|White,#55331A|#575B54|#A79E82|#EBF7FF,31.5928,28.6679,27.2371,25.4147,23.1394,48.0996,27.0413
2852,Green|Polymaker Teal|Grey|Orange,#06924D|#4CC0C7|#8C9099|#F67405,31.5044,29.0354,27.4410,25.0593,21.8207,43.2046,27.0474
2853,Green|Grey|Tan|Orange,#06924D|#8C9099|#A79E82|#F67405,31.4921,29.0284,27.4394,25.0668,21.8293,43.1756,27.0476
2854,Polymaker Teal|Brown|Dark Olive Drab|Cold White,#4CC0C7|#55331A|#575B54|#D9DFE5,34.8295,29.6678,27.2086,24.4442,21.3659,49.4706,27.0560
2855,Green|Grey|Lime Green|Orange,#06924D|#8C9099|#D5D701|#F67405,31.5187,29.0461,27.4496,25.0678,21.8247,43.1650,27.0569
2856,Green|Grey|Orange|Yellow,#06924D|#8C9099|#F67405|#FFE800,31.5187,29.0461,27.4496,25.0678,21.8247,43.1650,27.0569
2857,Grey|Tan|Cold White|Magenta,#8C9099|#A79E82|#D9DFE5|#F24574,31.2597,29.0234,27.4744,25.1012,21.8647,44.2116,27.0623
2858,Polymaker Teal|Grey|Tan|Cold White,#4CC0C7|#8C9099|#A79E82|#D9DFE5,31.2399,29.0204,27.4760,25.1044,21.8673,44.1097,27.0624
2859,Grey|Tan|Cold White|White,#8C9099|#A79E82|#D9DFE5|#EBF7FF,31.2392,29.0228,27.4780,25.1048,21.8660,44.1065,27.0638
2860,Polymaker Teal|Grey|Tan|White,#4CC0C7|#8C9099|#A79E82|#EBF7FF,31.2447,29.0267,27.4812,25.1063,21.8646,44.1104,27.0665
2861,Grey|Tan|White|Magenta,#8C9099|#A79E82|#EBF7FF|#F24574,31.2617,29.0288,27.4812,25.1062,21.8638,44.2084,27.0675
2862,Grey|Tan|Cold White|Pink,#8C9099|#A79E82|#D9DFE5|#F1A1AF,31.2447,29.0274,27.4829,25.1097,21.8697,44.1077,27.0685
2863,Grey|Tan|Cold White|Yellow,#8C9099|#A79E82|#D9DFE5|#FFE800,31.2458,29.0278,27.4830,25.1102,21.8709,44.1144,27.0690
2864,Grey|Tan|White|Yellow,#8C9099|#A79E82|#EBF7FF|#FFE800,31.2479,29.0308,27.4851,25.1082,21.8634,44.1065,27.0695
2865,Azure Blue|Green|Lime Green|Orange,#0066D9|#06924D|#D5D701|#F67405,35.3569,29.1577,26.9152,24.9884,23.2985,56.4358,27.0731
2866,Grey|Tan|White|Pink,#8C9099|#A79E82|#EBF7FF|#F1A1AF,31.2528,29.0345,27.4885,25.1120,21.8674,44.1044,27.0732
2867,Green|Dark Grey|Lime Green|Magenta,#06924D|#485259|#D5D701|#F24574,32.6664,28.7301,27.0596,25.4218,23.7487,60.1018,27.0759
2868,Polymaker Teal|Grey|Tan|Pink,#4CC0C7|#8C9099|#A79E82|#F1A1AF,31.2844,29.0514,27.5008,25.1175,21.8638,44.0780,27.0845
2869,Green|Black|Polymaker Teal|Pink,#06924D|#080A0D|#4CC0C7|#F1A1AF,38.8410,30.7604,27.1265,23.4088,19.9128,53.9357,27.0846
2870,Grey|Tan|Magenta|Yellow,#8C9099|#A79E82|#F24574|#FFE800,31.2749,29.0505,27.5022,25.1204,21.8656,44.2087,27.0854
2871,Green|Grey|Pink|Orange,#06924D|#8C9099|#F1A1AF|#F67405,31.5685,29.0797,27.4824,25.1006,21.8578,43.7506,27.0902
2872,Black|Dark Olive Drab|Purple|Pink,#080A0D|#575B54|#6C47B2|#F1A1AF,30.6866,28.5261,27.2836,25.6566,23.5886,49.7118,27.0914
2873,Dark Olive Drab|Purple|Red|Pink,#575B54|#6C47B2|#E72F1D|#F1A1AF,30.6866,28.5261,27.2836,25.6566,23.5886,49.7118,27.0914
2874,Dark Olive Drab|Purple|Pink|Magenta,#575B54|#6C47B2|#F1A1AF|#F24574,30.6866,28.5261,27.2836,25.6566,23.5886,49.7118,27.0914
2875,Dark Olive Drab|Purple|Pink|Orange,#575B54|#6C47B2|#F1A1AF|#F67405,30.6866,28.5261,27.2836,25.6566,23.5886,49.7118,27.0914
2876,Brown|Dark Olive Drab|Purple|Pink,#55331A|#575B54|#6C47B2|#F1A1AF,30.6904,28.5289,27.2859,25.6576,23.5884,49.7141,27.0932
2877,Polymaker Teal|Grey|Tan|Magenta,#4CC0C7|#8C9099|#A79E82|#F24574,31.2991,29.0626,27.5100,25.1251,21.8684,44.2478,27.0939
2878,Grey|Tan|Lime Green|Cold White,#8C9099|#A79E82|#D5D701|#D9DFE5,31.2627,29.0424,27.5066,25.1524,21.9335,43.5619,27.0974
2879,Polymaker Teal|Grey|Tan|Yellow,#4CC0C7|#8C9099|#A79E82|#FFE800,31.2765,29.0635,27.5167,25.1327,21.8727,44.1104,27.0981
2880,Azure Blue|Polymaker Teal|Orange|Yellow,#0066D9|#4CC0C7|#F67405|#FFE800,32.7312,28.9978,27.2312,25.1985,22.9744,48.7008,27.0981
2881,Blue|Green|Dark Olive Drab|Lime Green,#003776|#06924D|#575B54|#D5D701,35.3136,29.7501,27.0879,24.4472,22.0785,66.2680,27.0987
2882,Blue|Dark Olive Drab|Olive Green|Lime Green,#003776|#575B54|#948902|#D5D701,35.3136,29.7501,27.0879,24.4472,22.0785,66.2680,27.0987
2883,Grey|Tan|Lime Green|White,#8C9099|#A79E82|#D5D701|#EBF7FF,31.2686,29.0483,27.5105,25.1499,21.9215,43.5843,27.0991
2884,Blue|Brown|Purple|Pink,#003776|#55331A|#6C47B2|#F1A1AF,32.5046,28.6089,27.0544,25.5952,24.4338,58.6832,27.1021
2885,Blue|Brown|Red|Pink,#003776|#55331A|#E72F1D|#F1A1AF,32.5046,28.6089,27.0544,25.5952,24.4338,58.6832,27.1021
2886,Blue|Brown|Pink|Magenta,#003776|#55331A|#F1A1AF|#F24574,32.5046,28.6089,27.0544,25.5952,24.4338,58.6832,27.1021
2887,Blue|Brown|Pink|Orange,#003776|#55331A|#F1A1AF|#F67405,32.5046,28.6089,27.0544,25.5952,24.4338,58.6832,27.1021
2888,Grey|Tan|Red|White,#8C9099|#A79E82|#E72F1D|#EBF7FF,31.3038,29.0622,27.5147,25.1420,21.9049,43.9960,27.1021
2889,Blue|Green|Lime Green|Red,#003776|#06924D|#D5D701|#E72F1D,35.0690,29.6565,27.0751,24.5558,22.2505,66.6845,27.1062
2890,Grey|Tan|Pink|Magenta,#8C9099|#A79E82|#F1A1AF|#F24574,31.2959,29.0715,27.5228,25.1416,21.8872,44.3556,27.1065
2891,Grey|Tan|Red|Pink,#8C9099|#A79E82|#E72F1D|#F1A1AF,31.3077,29.0733,27.5239,25.1413,21.8908,44.1434,27.1073
2892,Azure Blue|Polymaker Teal|Cold White|Orange,#0066D9|#4CC0C7|#D9DFE5|#F67405,32.7347,29.0375,27.2503,25.1787,22.9613,48.5986,27.1081
2893,Grey|Tan|Red|Magenta,#8C9099|#A79E82|#E72F1D|#F24574,31.3054,29.0727,27.5254,25.1452,21.8948,43.9631,27.1089
2894,Polymaker Teal|Purple|Grey|Lime Green,#4CC0C7|#6C47B2|#8C9099|#D5D701,36.5082,29.8198,27.1820,24.3982,21.3238,72.0954,27.1090
2895,Dark Olive Drab|Purple|Lime Green|Cold White,#575B54|#6C47B2|#D5D701|#D9DFE5,34.7668,29.9237,27.3604,24.2952,20.7756,81.3481,27.1094
2896,Grey|Tan|Red|Yellow,#8C9099|#A79E82|#E72F1D|#FFE800,31.3036,29.0753,27.5313,25.1561,21.9098,43.9872,27.1157
2897,Azure Blue|Green|Tan|Red,#0066D9|#06924D|#A79E82|#E72F1D,35.8110,29.2026,26.9373,25.0296,23.3320,59.0287,27.1161
2898,Grey|Tan|Cold White|Red,#8C9099|#A79E82|#D9DFE5|#E72F1D,31.3121,29.0777,27.5331,25.1622,21.9263,43.9945,27.1199
2899,Grey|Tan|Pink|Yellow,#8C9099|#A79E82|#F1A1AF|#FFE800,31.2957,29.0827,27.5380,25.1586,21.9063,44.3346,27.1207
2900,Blue|Azure Blue|Green|Dark Grey,#003776|#0066D9|#06924D|#485259,33.1310,28.7611,27.0364,25.4812,24.2562,62.1188,27.1212
2901,Grey|Tan|Lime Green|Yellow,#8C9099|#A79E82|#D5D701|#FFE800,31.2925,29.0729,27.5346,25.1714,21.9352,43.5632,27.1222
2902,Grey|Tan|Red|Orange,#8C9099|#A79E82|#E72F1D|#F67405,31.3168,29.0857,27.5414,25.1645,21.9144,43.9795,27.1251
2903,Azure Blue|Green|Black|Magenta,#0066D9|#06924D|#080A0D|#F24574,37.5673,29.4685,26.7555,24.7962,23.2879,58.2474,27.1323
2904,Azure Blue|Green|Tan|Orange,#0066D9|#06924D|#A79E82|#F67405,35.2747,29.2003,26.9813,25.0647,23.3770,56.5679,27.1325
2905,Polymaker Teal|Grey|Tan|Lime Green,#4CC0C7|#8C9099|#A79E82|#D5D701,31.3046,29.0909,27.5521,25.1833,21.9395,43.6649,27.1371
2906,Polymaker Teal|Grey|Tan|Red,#4CC0C7|#8C9099|#A79E82|#E72F1D,31.3438,29.1042,27.5541,25.1724,21.9177,44.0430,27.1383
2907,Grey|Tan|Pink|Orange,#8C9099|#A79E82|#F1A1AF|#F67405,31.3027,29.0850,27.5492,25.1982,21.9770,43.5371,27.1416
2908,Azure Blue|Polymaker Teal|White|Orange,#0066D9|#4CC0C7|#EBF7FF|#F67405,32.8237,29.0836,27.2855,25.2127,22.9844,48.4242,27.1481
2909,Azure Blue|Green|Pink|Yellow,#0066D9|#06924D|#F1A1AF|#FFE800,35.8243,29.4403,27.0435,24.8724,22.8943,55.7696,27.1564
2910,Blue|Green|Black|White,#003776|#06924D|#080A0D|#EBF7FF,35.9253,30.0358,27.3355,24.2830,20.9820,66.6900,27.1594
2911,Grey|Tan|Magenta|Orange,#8C9099|#A79E82|#F24574|#F67405,31.3221,29.1069,27.5729,25.2213,21.9947,43.4445,27.1641
2912,Blue|Dark Grey|Dark Olive Drab|Lime Green,#003776|#485259|#575B54|#D5D701,35.2340,29.8480,27.1831,24.4834,22.1145,65.8901,27.1657
2913,Blue|Black|Dark Olive Drab|Lime Green,#003776|#080A0D|#575B54|#D5D701,35.3232,29.8100,27.1889,24.5547,22.1832,66.2649,27.1824
2914,Grey|Tan|Lime Green|Pink,#8C9099|#A79E82|#D5D701|#F1A1AF,31.3436,29.1272,27.5914,25.2407,22.0194,43.9046,27.1840
2915,Blue|Olive Green|Lime Green|Orange,#003776|#948902|#D5D701|#F67405,35.1086,29.7234,27.1378,24.6492,22.3349,66.9303,27.1863
2916,Green|Dark Grey|Brown|Red,#06924D|#485259|#55331A|#E72F1D,30.6386,28.4281,27.3112,25.9493,24.3411,64.3657,27.1887
2917,Azure Blue|Green|Brown|Magenta,#0066D9|#06924D|#55331A|#F24574,37.9791,29.5566,26.8069,24.8245,23.3367,58.2202,27.1905
2918,Grey|Tan|Cold White|Orange,#8C9099|#A79E82|#D9DFE5|#F67405,31.3659,29.1377,27.6010,25.2577,22.0489,43.4951,27.1977
2919,Black|Polymaker Teal|Grey|Magenta,#080A0D|#4CC0C7|#8C9099|#F24574,38.2680,30.6415,27.2499,23.7540,20.3530,56.0280,27.1977
2920,Grey|Tan|Orange|Yellow,#8C9099|#A79E82|#F67405|#FFE800,31.3578,29.1409,27.6069,25.2567,22.0329,43.4131,27.1988
2921,Green|Dark Olive Drab|Tan|Pink,#06924D|#575B54|#A79E82|#F1A1AF,31.4060,28.9141,27.4627,25.4967,23.0417,56.0252,27.2054
2922,Grey|Tan|White|Orange,#8C9099|#A79E82|#EBF7FF|#F67405,31.3752,29.1497,27.6132,25.2658,22.0518,43.4651,27.2078
2923,Grey|Lime Green|Cold White|Magenta,#8C9099|#D5D701|#D9DFE5|#F24574,31.4512,29.1625,27.6178,25.2787,22.0693,43.4330,27.2206
2924,Blue|Green|Lime Green|Orange,#003776|#06924D|#D5D701|#F67405,35.1170,29.7701,27.1922,24.6716,22.3709,66.2965,27.2209
2925,Green|Dark Grey|Olive Green|Red,#06924D|#485259|#948902|#E72F1D,30.6679,28.4480,27.3447,25.9979,24.3937,64.2488,27.2230
2926,Grey|Lime Green|White|Magenta,#8C9099|#D5D701|#EBF7FF|#F24574,31.4633,29.1715,27.6224,25.2772,22.0626,43.4284,27.2244
2927,Green|Black|Dark Grey|Red,#06924D|#080A0D|#485259|#E72F1D,30.6408,28.4435,27.3489,26.0058,24.3919,64.3195,27.2247
2928,Black|Polymaker Teal|Cold White|Pink,#080A0D|#4CC0C7|#D9DFE5|#F1A1AF,38.9339,30.8566,27.2782,23.5972,20.1410,53.1890,27.2269
2929,Green|Polymaker Teal|Grey|Tan,#06924D|#4CC0C7|#8C9099|#A79E82,31.5136,29.1901,27.6331,25.2712,22.0404,44.4746,27.2306
2930,Azure Blue|Polymaker Teal|Pink|Orange,#0066D9|#4CC0C7|#F1A1AF|#F67405,32.9036,29.1692,27.3667,25.2954,23.0685,49.0881,27.2323
2931,Azure Blue|Green|White|Orange,#0066D9|#06924D|#EBF7FF|#F67405,35.4159,29.2679,27.0693,25.2013,23.5472,57.1739,27.2346
2932,Blue|Brown|Lime Green|Orange,#003776|#55331A|#D5D701|#F67405,35.1406,29.7917,27.2128,24.6828,22.3632,67.1986,27.2373
2933,Green|Grey|Tan|White,#06924D|#8C9099|#A79E82|#EBF7FF,31.5520,29.1998,27.6410,25.2833,22.0629,44.4148,27.2416
2934,Green|Grey|Tan|Cold White,#06924D|#8C9099|#A79E82|#D9DFE5,31.5514,29.1988,27.6387,25.2868,22.0735,44.3883,27.2428
2935,Grey|Lime Green|Cold White|Red,#8C9099|#D5D701|#D9DFE5|#E72F1D,31.4529,29.1832,27.6440,25.3044,22.0941,43.2052,27.2438
2936,Azure Blue|Green|Orange|Yellow,#0066D9|#06924D|#F67405|#FFE800,35.4483,29.3057,27.0816,25.1838,23.5353,57.0320,27.2447
2937,Grey|Lime Green|Red|Orange,#8C9099|#D5D701|#E72F1D|#F67405,31.4578,29.1906,27.6474,25.2997,22.0711,43.1647,27.2451
2938,Grey|Lime Green|Red|Yellow,#8C9099|#D5D701|#E72F1D|#FFE800,31.4578,29.1906,27.6474,25.2997,22.0711,43.1647,27.2451
2939,Polymaker Teal|Grey|Tan|Orange,#4CC0C7|#8C9099|#A79E82|#F67405,31.4132,29.1910,27.6547,25.3007,22.0669,43.5190,27.2458
2940,Grey|Lime Green|Red|Magenta,#8C9099|#D5D701|#E72F1D|#F24574,31.4552,29.1905,27.6509,25.3051,22.0741,43.1942,27.2478
2941,Blue|Black|Lime Green|Red,#003776|#080A0D|#D5D701|#E72F1D,35.2316,29.7944,27.2146,24.7079,22.4241,67.3469,27.2511
2942,Grey|Lime Green|Red|White,#8C9099|#D5D701|#E72F1D|#EBF7FF,31.4748,29.1980,27.6528,25.3067,22.0884,43.2565,27.2524
2943,Polymaker Teal|Grey|Lime Green|Magenta,#4CC0C7|#8C9099|#D5D701|#F24574,31.5059,29.2060,27.6544,25.2993,22.0673,43.2212,27.2527
2944,Polymaker Teal|Grey|Lime Green|Red,#4CC0C7|#8C9099|#D5D701|#E72F1D,31.4859,29.2091,27.6631,25.3093,22.0754,43.2873,27.2592
2945,Grey|Lime Green|Magenta|Yellow,#8C9099|#D5D701|#F24574|#FFE800,31.4877,29.2107,27.6658,25.3157,22.0861,43.2398,27.2632
2946,Azure Blue|Green|Polymaker Teal|Orange,#0066D9|#06924D|#4CC0C7|#F67405,35.4928,29.3334,27.0921,25.2038,23.5693,57.0261,27.2686
2947,Grey|Tan|Lime Green|Red,#8C9099|#A79E82|#D5D701|#E72F1D,31.4785,29.2149,27.6745,25.3241,22.0919,43.3068,27.2695
2948,Green|Grey|Tan|Lime Green,#06924D|#8C9099|#A79E82|#D5D701,31.5728,29.2319,27.6727,25.3113,22.0788,44.4128,27.2716
2949,Green|Grey|Tan|Yellow,#06924D|#8C9099|#A79E82|#FFE800,31.5728,29.2319,27.6727,25.3113,22.0788,44.4128,27.2716
2950,Grey|Tan|Lime Green|Magenta,#8C9099|#A79E82|#D5D701|#F24574,31.4970,29.2189,27.6744,25.3257,22.0947,43.4444,27.2723
2951,Azure Blue|Green|Grey|Red,#0066D9|#06924D|#8C9099|#E72F1D,35.9712,29.4341,27.1340,25.1186,23.2141,58.4740,27.2763
2952,Grey|Lime Green|White|Orange,#8C9099|#D5D701|#EBF7FF|#F67405,31.4713,29.2216,27.6821,25.3400,22.1275,43.3921,27.2808
2953,Grey|Lime Green|Pink|Magenta,#8C9099|#D5D701|#F1A1AF|#F24574,31.5126,29.2309,27.6822,25.3308,22.0976,43.8061,27.2808
2954,Blue|Brown|Lime Green|Red,#003776|#55331A|#D5D701|#E72F1D,35.1152,29.8175,27.2758,24.7514,22.4465,67.3025,27.2844
2955,Blue|Olive Green|Lime Green|Red,#003776|#948902|#D5D701|#E72F1D,35.1045,29.8019,27.2779,24.7700,22.4460,66.7633,27.2859
2956,Blue|Black|Lime Green|Orange,#003776|#080A0D|#D5D701|#F67405,35.1093,29.7815,27.2470,24.7905,22.5420,66.9016,27.2860
2957,Blue|Lime Green|Red|Orange,#003776|#D5D701|#E72F1D|#F67405,35.1093,29.7815,27.2470,24.7905,22.5420,66.9016,27.2860
2958,Grey|Lime Green|Cold White|Orange,#8C9099|#D5D701|#D9DFE5|#F67405,31.4743,29.2259,27.6884,25.3505,22.1421,43.3953,27.2882
2959,Azure Blue|Green|Lime Green|Red,#0066D9|#06924D|#D5D701|#E72F1D,36.1763,29.3825,27.0837,25.2106,23.6239,58.8092,27.2965
2960,Grey|Lime Green|Magenta|Orange,#8C9099|#D5D701|#F24574|#F67405,31.4760,29.2388,27.7059,25.3567,22.1225,43.0339,27.2977
2961,Black|Polymaker Teal|Red|Pink,#080A0D|#4CC0C7|#E72F1D|#F1A1AF,38.8077,30.9143,27.3753,23.6913,20.1513,55.1209,27.3028
2962,Grey|Lime Green|Red|Pink,#8C9099|#D5D701|#E72F1D|#F1A1AF,31.5189,29.2525,27.7095,25.3584,22.1275,43.6305,27.3054
2963,Grey|Tan|Lime Green|Orange,#8C9099|#A79E82|#D5D701|#F67405,31.4952,29.2549,27.7180,25.3680,22.1341,43.3041,27.3115
2964,Grey|Lime Green|Orange|Yellow,#8C9099|#D5D701|#F67405|#FFE800,31.4946,29.2594,27.7233,25.3743,22.1422,43.0615,27.3169
2965,Black|Olive Green|Cold White|White,#080A0D|#948902|#D9DFE5|#EBF7FF,40.0939,31.1889,27.1137,23.4819,20.6059,55.7953,27.3354
2966,Azure Blue|Green|Cold White|Orange,#0066D9|#06924D|#D9DFE5|#F67405,35.4641,29.3638,27.1801,25.3190,23.7078,56.6241,27.3414
2967,Grey|Lime Green|Pink|Orange,#8C9099|#D5D701|#F1A1AF|#F67405,31.5339,29.2913,27.7545,25.4079,22.1781,43.4898,27.3496
2968,Blue|Green|Dark Grey|Lime Green,#003776|#06924D|#485259|#D5D701,35.3143,29.9700,27.3557,24.7300,22.3945,66.7389,27.3500
2969,Blue|Black|Dark Grey|Lime Green,#003776|#080A0D|#485259|#D5D701,35.3143,29.9700,27.3557,24.7300,22.3945,66.7389,27.3500
2970,Polymaker Teal|Grey|Lime Green|Orange,#4CC0C7|#8C9099|#D5D701|#F67405,31.5477,29.2988,27.7561,25.4022,22.1666,43.4417,27.3505
2971,Green|Grey|Tan|Pink,#06924D|#8C9099|#A79E82|#F1A1AF,31.7034,29.3346,27.7671,25.3947,22.1526,44.8520,27.3646
2972,Black|Dark Olive Drab|Olive Green|Pink,#080A0D|#575B54|#948902|#F1A1AF,30.1108,28.5840,27.6270,26.1886,24.1960,44.0767,27.3863
2973,Black|Dark Olive Drab|Red|Pink,#080A0D|#575B54|#E72F1D|#F1A1AF,30.1108,28.5840,27.6270,26.1886,24.1960,44.0767,27.3863
2974,Black|Dark Olive Drab|Pink|Magenta,#080A0D|#575B54|#F1A1AF|#F24574,30.1108,28.5840,27.6270,26.1886,24.1960,44.0767,27.3863
2975,Black|Dark Olive Drab|Pink|Orange,#080A0D|#575B54|#F1A1AF|#F67405,30.1108,28.5840,27.6270,26.1886,24.1960,44.0767,27.3863
2976,Dark Olive Drab|Olive Green|Red|Pink,#575B54|#948902|#E72F1D|#F1A1AF,30.1108,28.5840,27.6270,26.1886,24.1960,44.0767,27.3863
2977,Dark Olive Drab|Olive Green|Pink|Magenta,#575B54|#948902|#F1A1AF|#F24574,30.1108,28.5840,27.6270,26.1886,24.1960,44.0767,27.3863
2978,Dark Olive Drab|Olive Green|Pink|Orange,#575B54|#948902|#F1A1AF|#F67405,30.1108,28.5840,27.6270,26.1886,24.1960,44.0767,27.3863
2979,Dark Olive Drab|Red|Pink|Magenta,#575B54|#E72F1D|#F1A1AF|#F24574,30.1108,28.5840,27.6270,26.1886,24.1960,44.0767,27.3863
2980,Dark Olive Drab|Red|Pink|Orange,#575B54|#E72F1D|#F1A1AF|#F67405,30.1108,28.5840,27.6270,26.1886,24.1960,44.0767,27.3863
2981,Dark Olive Drab|Pink|Magenta|Orange,#575B54|#F1A1AF|#F24574|#F67405,30.1108,28.5840,27.6270,26.1886,24.1960,44.0767,27.3863
2982,Black|Brown|Dark Olive Drab|Pink,#080A0D|#55331A|#575B54|#F1A1AF,30.1149,28.5879,27.6307,26.1912,24.1967,44.0767,27.3895
2983,Brown|Dark Olive Drab|Olive Green|Pink,#55331A|#575B54|#948902|#F1A1AF,30.1149,28.5879,27.6307,26.1912,24.1967,44.0767,27.3895
2984,Brown|Dark Olive Drab|Red|Pink,#55331A|#575B54|#E72F1D|#F1A1AF,30.1149,28.5879,27.6307,26.1912,24.1967,44.0767,27.3895
2985,Brown|Dark Olive Drab|Pink|Magenta,#55331A|#575B54|#F1A1AF|#F24574,30.1149,28.5879,27.6307,26.1912,24.1967,44.0767,27.3895
2986,Brown|Dark Olive Drab|Pink|Orange,#55331A|#575B54|#F1A1AF|#F67405,30.1149,28.5879,27.6307,26.1912,24.1967,44.0767,27.3895
2987,Green|Grey|Cold White|Pink,#06924D|#8C9099|#D9DFE5|#F1A1AF,31.7963,29.3615,27.7774,25.4190,22.2095,44.4190,27.3902
2988,Azure Blue|Green|Red|Yellow,#0066D9|#06924D|#E72F1D|#FFE800,36.2073,29.4206,27.1452,25.3641,23.8363,58.2276,27.3924
2989,Grey|Lime Green|Cold White|White,#8C9099|#D5D701|#D9DFE5|#EBF7FF,31.5722,29.3292,27.7950,25.4575,22.2492,43.7109,27.3934
2990,Green|Polymaker Teal|Grey|Lime Green,#06924D|#4CC0C7|#8C9099|#D5D701,31.7176,29.3535,27.7927,25.4381,22.2111,44.4143,27.3958
2991,Green|Grey|White|Pink,#06924D|#8C9099|#EBF7FF|#F1A1AF,31.8038,29.3678,27.7900,25.4301,22.2120,44.4498,27.3990
2992,Green|Grey|Lime Green|Pink,#06924D|#8C9099|#D5D701|#F1A1AF,31.8094,29.3767,27.7930,25.4228,22.1933,44.9900,27.3998
2993,Grey|Lime Green|White|Pink,#8C9099|#D5D701|#EBF7FF|#F1A1AF,31.5825,29.3398,27.8040,25.4630,22.2485,43.6674,27.4014
2994,Polymaker Teal|Grey|Lime Green|Cold White,#4CC0C7|#8C9099|#D5D701|#D9DFE5,31.5857,29.3401,27.8054,25.4689,22.2608,43.6786,27.4045
2995,Azure Blue|Polymaker Teal|Magenta|Orange,#0066D9|#4CC0C7|#F24574|#F67405,32.9858,29.3148,27.5489,25.4983,23.2493,48.6636,27.4066
2996,Grey|Lime Green|Cold White|Yellow,#8C9099|#D5D701|#D9DFE5|#FFE800,31.5851,29.3432,27.8096,25.4748,22.2693,43.6860,27.4090
2997,Green|Grey|Lime Green|White,#06924D|#8C9099|#D5D701|#EBF7FF,31.7258,29.3604,27.8050,25.4600,22.2491,44.4251,27.4102
2998,Grey|Red|White|Yellow,#8C9099|#E72F1D|#EBF7FF|#FFE800,31.5816,29.3458,27.8152,25.4770,22.2594,44.5785,27.4114
2999,Black|Dark Olive Drab|Cold White|White,#080A0D|#575B54|#D9DFE5|#EBF7FF,39.0551,30.8594,27.2435,23.9657,21.0997,55.5173,27.4126
3000,Grey|Lime Green|White|Yellow,#8C9099|#D5D701|#EBF7FF|#FFE800,31.5927,29.3530,27.8175,25.4769,22.2637,43.7266,27.4150
3001,Grey|Red|Magenta|Yellow,#8C9099|#E72F1D|#F24574|#FFE800,31.5721,29.3515,27.8235,25.4787,22.2435,44.0038,27.4151
3002,Blue|Dark Grey|Brown|Lime Green,#003776|#485259|#55331A|#D5D701,35.3727,30.0533,27.4329,24.7775,22.4314,66.9447,27.4154
3003,Grey|Cold White|Red|Yellow,#8C9099|#D9DFE5|#E72F1D|#FFE800,31.5834,29.3480,27.8189,25.4852,22.2737,44.5554,27.4166
3004,Grey|Cold White|Magenta|Yellow,#8C9099|#D9DFE5|#F24574|#FFE800,31.5893,29.3538,27.8222,25.4844,22.2728,44.1024,27.4191
3005,Green|Polymaker Teal|Grey|Yellow,#06924D|#4CC0C7|#8C9099|#FFE800,31.7302,29.3760,27.8186,25.4647,22.2376,44.3855,27.4204
3006,Green|Grey|Lime Green|Yellow,#06924D|#8C9099|#D5D701|#FFE800,31.7485,29.3829,27.8181,25.4602,22.2301,44.3737,27.4216
3007,Green|Grey|Lime Green|Cold White,#06924D|#8C9099|#D5D701|#D9DFE5,31.7154,29.3677,27.8178,25.4767,22.2685,44.4524,27.4222
3008,Polymaker Teal|Grey|Cold White|Orange,#4CC0C7|#8C9099|#D9DFE5|#F67405,31.5808,29.3571,27.8270,25.4916,22.2857,43.4241,27.4243
3009,Polymaker Teal|Grey|Lime Green|White,#4CC0C7|#8C9099|#D5D701|#EBF7FF,31.6012,29.3623,27.8264,25.4867,22.2743,43.7199,27.4245
3010,Green|Polymaker Teal|Grey|Pink,#06924D|#4CC0C7|#8C9099|#F1A1AF,31.8874,29.4034,27.8134,25.4457,22.2240,44.6682,27.4245
3011,Green|Polymaker Teal|Brown|Dark Olive Drab,#06924D|#4CC0C7|#55331A|#575B54,33.3195,29.1732,27.4745,25.6803,23.6677,54.9295,27.4267
3012,Black|Polymaker Teal|Brown|Dark Olive Drab,#080A0D|#4CC0C7|#55331A|#575B54,33.3195,29.1732,27.4745,25.6803,23.6677,54.9295,27.4267
3013,Grey|Lime Green|Cold White|Pink,#8C9099|#D5D701|#D9DFE5|#F1A1AF,31.5984,29.3618,27.8289,25.4919,22.2824,43.6843,27.4269
3014,Polymaker Teal|Grey|Lime Green|Pink,#4CC0C7|#8C9099|#D5D701|#F1A1AF,31.6300,29.3715,27.8316,25.4840,22.2633,43.7128,27.4278
3015,Grey|White|Orange|Yellow,#8C9099|#EBF7FF|#F67405|#FFE800,31.5794,29.3610,27.8325,25.4950,22.2800,43.4923,27.4280
3016,Grey|White|Magenta|Yellow,#8C9099|#EBF7FF|#F24574|#FFE800,31.6035,29.3654,27.8318,25.4912,22.2739,44.1226,27.4283
3017,Dark Olive Drab|Purple|Olive Green|Cold White,#575B54|#6C47B2|#948902|#D9DFE5,35.9648,30.2960,27.5647,24.5630,21.3137,86.8951,27.4295
3018,Blue|Dark Grey|Olive Green|Lime Green,#003776|#485259|#948902|#D5D701,35.2918,29.9904,27.4302,24.8699,22.5603,66.4111,27.4302
3019,Grey|Cold White|White|Orange,#8C9099|#D9DFE5|#EBF7FF|#F67405,31.5781,29.3622,27.8350,25.5013,22.2940,43.4833,27.4318
3020,Green|Grey|White|Yellow,#06924D|#8C9099|#EBF7FF|#FFE800,31.7454,29.3845,27.8302,25.4851,22.2744,44.5280,27.4348
3021,Grey|Red|Orange|Yellow,#8C9099|#E72F1D|#F67405|#FFE800,31.5856,29.3727,27.8443,25.4988,22.2656,43.9753,27.4358
3022,Polymaker Teal|Grey|Magenta|Orange,#4CC0C7|#8C9099|#F24574|#F67405,31.6219,29.3826,27.8429,25.4892,22.2503,43.3847,27.4359
3023,Polymaker Teal|Grey|Lime Green|Yellow,#4CC0C7|#8C9099|#D5D701|#FFE800,31.6222,29.3793,27.8430,25.4936,22.2644,43.5944,27.4364
3024,Grey|Cold White|Orange|Yellow,#8C9099|#D9DFE5|#F67405|#FFE800,31.5840,29.3676,27.8403,25.5055,22.2971,43.4851,27.4366
3025,Polymaker Teal|Grey|White|Orange,#4CC0C7|#8C9099|#EBF7FF|#F67405,31.5925,29.3695,27.8404,25.5037,22.2933,43.4795,27.4366
3026,Grey|Magenta|Orange|Yellow,#8C9099|#F24574|#F67405|#FFE800,31.5829,29.3739,27.8477,25.5042,22.2720,43.3919,27.4390
3027,Polymaker Teal|Grey|Magenta|Yellow,#4CC0C7|#8C9099|#F24574|#FFE800,31.6236,29.3832,27.8473,25.4962,22.2622,43.9146,27.4397
3028,Grey|Cold White|Pink|Orange,#8C9099|#D9DFE5|#F1A1AF|#F67405,31.5892,29.3700,27.8431,25.5096,22.3007,43.5034,27.4398
3029,Green|Grey|Cold White|Yellow,#06924D|#8C9099|#D9DFE5|#FFE800,31.7312,29.3868,27.8374,25.4963,22.2881,44.5553,27.4416
3030,Polymaker Teal|Grey|Red|Yellow,#4CC0C7|#8C9099|#E72F1D|#FFE800,31.6244,29.3858,27.8498,25.4983,22.2620,44.3369,27.4421
3031,Grey|Cold White|Magenta|Orange,#8C9099|#D9DFE5|#F24574|#F67405,31.5968,29.3756,27.8474,25.5121,22.3021,43.4149,27.4439
3032,Grey|White|Magenta|Orange,#8C9099|#EBF7FF|#F24574|#F67405,31.5958,29.3777,27.8495,25.5113,22.2959,43.5117,27.4445
3033,Grey|White|Pink|Orange,#8C9099|#EBF7FF|#F1A1AF|#F67405,31.5928,29.3796,27.8520,25.5144,22.3001,43.5176,27.4470
3034,Azure Blue|Green|Grey|Orange,#0066D9|#06924D|#8C9099|#F67405,35.5719,29.5417,27.3137,25.3568,23.6107,56.6067,27.4493
3035,Polymaker Teal|Grey|Pink|Orange,#4CC0C7|#8C9099|#F1A1AF|#F67405,31.6243,29.3913,27.8596,25.5173,22.2981,43.4607,27.4543
3036,Grey|Red|Pink|Yellow,#8C9099|#E72F1D|#F1A1AF|#FFE800,31.6129,29.3899,27.8625,25.5204,22.2927,44.6118,27.4552
3037,Green|Grey|Cold White|White,#06924D|#8C9099|#D9DFE5|#EBF7FF,31.7837,29.4104,27.8518,25.5100,22.3072,44.6317,27.4602
3038,Green|Polymaker Teal|Grey|Cold White,#06924D|#4CC0C7|#8C9099|#D9DFE5,31.7896,29.4096,27.8529,25.5123,22.3098,44.6269,27.4610
3039,Polymaker Teal|Grey|Orange|Yellow,#4CC0C7|#8C9099|#F67405|#FFE800,31.6174,29.4006,27.8697,25.5219,22.2897,43.5550,27.4612
3040,Grey|Pink|Magenta|Orange,#8C9099|#F1A1AF|#F24574|#F67405,31.6123,29.3991,27.8704,25.5282,22.3010,43.4937,27.4636
3041,Blue|Green|Brown|Lime Green,#003776|#06924D|#55331A|#D5D701,35.5300,30.0488,27.4146,24.8807,22.6199,66.9754,27.4648
3042,Blue|Green|Black|Lime Green,#003776|#06924D|#080A0D|#D5D701,35.5023,30.0474,27.4392,24.8835,22.5667,66.2379,27.4655
3043,Azure Blue|Green|Pink|Orange,#0066D9|#06924D|#F1A1AF|#F67405,35.7079,29.5350,27.3047,25.3964,23.7357,57.0819,27.4657
3044,Green|Polymaker Teal|Grey|White,#06924D|#4CC0C7|#8C9099|#EBF7FF,31.7952,29.4199,27.8637,25.5190,22.3106,44.6023,27.4694
3045,Azure Blue|Black|Grey|Tan,#0066D9|#080A0D|#8C9099|#A79E82,35.2455,29.7931,27.6003,25.1470,22.3887,65.7260,27.4701
3046,Grey|Cold White|Red|Orange,#8C9099|#D9DFE5|#E72F1D|#F67405,31.6193,29.4043,27.8794,25.5463,22.3350,44.4725,27.4753
3047,Grey|Pink|Orange|Yellow,#8C9099|#F1A1AF|#F67405|#FFE800,31.6241,29.4123,27.8855,25.5442,22.3152,43.5424,27.4782
3048,Grey|Lime Green|Pink|Yellow,#8C9099|#D5D701|#F1A1AF|#FFE800,31.6532,29.4181,27.8855,25.5420,22.3139,44.0146,27.4801
3049,Grey|Pink|Magenta|Yellow,#8C9099|#F1A1AF|#F24574|#FFE800,31.6457,29.4201,27.8885,25.5437,22.3149,44.2505,27.4819
3050,Green|Grey|Pink|Yellow,#06924D|#8C9099|#F1A1AF|#FFE800,31.9167,29.4694,27.8779,25.4988,22.2620,45.1024,27.4841
3051,Blue|Green|Olive Green|Lime Green,#003776|#06924D|#948902|#D5D701,35.4873,30.0716,27.4451,24.9017,22.6222,66.9178,27.4867
3052,Azure Blue|Dark Olive Drab|Tan|Yellow,#0066D9|#575B54|#A79E82|#FFE800,32.6575,29.5047,27.7942,25.4740,22.5586,86.0580,27.4894
3053,Polymaker Teal|Purple|White|Pink,#4CC0C7|#6C47B2|#EBF7FF|#F1A1AF,39.3473,30.4712,27.3530,24.5135,21.9911,50.8157,27.4923
3054,Grey|Red|White|Orange,#8C9099|#E72F1D|#EBF7FF|#F67405,31.6487,29.4284,27.9013,25.5638,22.3454,44.4455,27.4961
3055,Green|Dark Grey|Red|Magenta,#06924D|#485259|#E72F1D|#F24574,33.1579,29.1685,27.4914,25.8341,24.1429,60.3649,27.5013
3056,Green|Dark Grey|Magenta|Orange,#06924D|#485259|#F24574|#F67405,33.1579,29.1685,27.4914,25.8341,24.1429,60.3649,27.5013
3057,Grey|Red|Magenta|Orange,#8C9099|#E72F1D|#F24574|#F67405,31.6477,29.4363,27.9095,25.5667,22.3339,44.1345,27.5015
3058,Blue|Black|Dark Grey|Red,#003776|#080A0D|#485259|#E72F1D,29.7975,28.5229,27.7136,26.4855,24.8100,60.9116,27.5042
3059,Blue|Dark Grey|Brown|Red,#003776|#485259|#55331A|#E72F1D,29.8097,28.5309,27.7157,26.4813,24.8021,60.8967,27.5061
3060,Black|Dark Grey|Brown|Red,#080A0D|#485259|#55331A|#E72F1D,29.8097,28.5309,27.7157,26.4813,24.8021,60.8967,27.5061
3061,Grey|Red|Pink|Orange,#8C9099|#E72F1D|#F1A1AF|#F67405,31.6544,29.4436,27.9168,25.5744,22.3444,44.2938,27.5090
3062,Blue|Black|Cold White|White,#003776|#080A0D|#D9DFE5|#EBF7FF,39.2240,31.1277,27.4060,23.9086,20.8647,66.5303,27.5181
3063,Dark Grey|Dark Olive Drab|Olive Green|Magenta,#485259|#575B54|#948902|#F24574,31.3792,28.9619,27.6943,26.0846,24.1287,60.6995,27.5232
3064,Grey|White|Pink|Yellow,#8C9099|#EBF7FF|#F1A1AF|#FFE800,31.6674,29.4581,27.9319,25.5945,22.3809,44.2559,27.5263
3065,Polymaker Teal|Grey|Cold White|Yellow,#4CC0C7|#8C9099|#D9DFE5|#FFE800,31.6658,29.4554,27.9307,25.5972,22.3884,44.3469,27.5263
3066,Polymaker Teal|Grey|White|Yellow,#4CC0C7|#8C9099|#EBF7FF|#FFE800,31.6728,29.4605,27.9340,25.5968,22.3823,44.2618,27.5287
3067,Blue|Dark Grey|Brown|Magenta,#003776|#485259|#55331A|#F24574,30.1357,28.6219,27.7181,26.4365,24.7583,65.2460,27.5292
3068,Black|Dark Grey|Brown|Magenta,#080A0D|#485259|#55331A|#F24574,30.1357,28.6219,27.7181,26.4365,24.7583,65.2460,27.5292
3069,Dark Grey|Brown|Red|Magenta,#485259|#55331A|#E72F1D|#F24574,30.1357,28.6219,27.7181,26.4365,24.7583,65.2460,27.5292
3070,Black|Polymaker Teal|Purple|Magenta,#080A0D|#4CC0C7|#6C47B2|#F24574,41.9155,32.0041,27.4939,23.0545,19.2176,66.0431,27.5293
3071,Polymaker Teal|Grey|Red|Orange,#4CC0C7|#8C9099|#E72F1D|#F67405,31.7496,29.4931,27.9440,25.5739,22.3072,44.7160,27.5335
3072,Polymaker Teal|Grey|Pink|Yellow,#4CC0C7|#8C9099|#F1A1AF|#FFE800,31.6982,29.4719,27.9418,25.5984,22.3759,44.1691,27.5351
3073,Grey|Cold White|White|Yellow,#8C9099|#D9DFE5|#EBF7FF|#FFE800,31.6740,29.4657,27.9414,25.6075,22.3975,44.3501,27.5366
3074,Azure Blue|Green|Dark Olive Drab|Red,#0066D9|#06924D|#575B54|#E72F1D,35.9807,29.4392,27.2824,25.6367,24.2680,61.0049,27.5379
3075,Grey|Cold White|Pink|Yellow,#8C9099|#D9DFE5|#F1A1AF|#FFE800,31.6746,29.4665,27.9432,25.6102,22.3996,44.3541,27.5384
3076,Blue|Black|Dark Grey|Magenta,#003776|#080A0D|#485259|#F24574,30.1322,28.6331,27.7355,26.4526,24.7705,65.2406,27.5429
3077,Blue|Dark Grey|Red|Magenta,#003776|#485259|#E72F1D|#F24574,30.1322,28.6331,27.7355,26.4526,24.7705,65.2406,27.5429
3078,Black|Dark Grey|Red|Magenta,#080A0D|#485259|#E72F1D|#F24574,30.1322,28.6331,27.7355,26.4526,24.7705,65.2406,27.5429
3079,Polymaker Teal|Grey|Cold White|Red,#4CC0C7|#8C9099|#D9DFE5|#E72F1D,31.7892,29.5005,27.9531,25.6073,22.3786,45.0133,27.5539
3080,Azure Blue|Dark Olive Drab|Olive Green|White,#0066D9|#575B54|#948902|#EBF7FF,37.0345,30.5337,27.7269,24.5817,20.9857,83.7711,27.5577
3081,Grey|Cold White|Red|Magenta,#8C9099|#D9DFE5|#E72F1D|#F24574,31.7220,29.4891,27.9612,25.6286,22.4172,44.7906,27.5588
3082,Green|Black|Dark Grey|Magenta,#06924D|#080A0D|#485259|#F24574,33.2110,29.2183,27.5432,25.9019,24.2183,60.3721,27.5601
3083,Grey|Cold White|Red|Pink,#8C9099|#D9DFE5|#E72F1D|#F1A1AF,31.7212,29.4906,27.9629,25.6304,22.4197,44.7857,27.5605
3084,Blue|Black|Olive Green|Lime Green,#003776|#080A0D|#948902|#D5D701,35.5528,30.1278,27.5209,25.0008,22.7121,66.8800,27.5643
3085,Azure Blue|Green|Cold White|Pink,#0066D9|#06924D|#D9DFE5|#F1A1AF,36.2089,29.8438,27.4340,25.2872,23.3189,56.1884,27.5655
3086,Green|Dark Grey|Brown|Purple,#06924D|#485259|#55331A|#6C47B2,49.9388,32.9508,26.8098,22.1809,19.2055,68.2966,27.5658
3087,Grey|Red|White|Pink,#8C9099|#E72F1D|#EBF7FF|#F1A1AF,31.7251,29.4983,27.9715,25.6369,22.4213,44.7736,27.5676
3088,Grey|Cold White|Red|White,#8C9099|#D9DFE5|#E72F1D|#EBF7FF,31.7328,29.5067,27.9797,25.6466,22.4364,44.7567,27.5767
3089,Grey|Red|White|Magenta,#8C9099|#E72F1D|#EBF7FF|#F24574,31.7414,29.5127,27.9831,25.6448,22.4271,44.8047,27.5787
3090,Blue|Brown|Olive Green|Lime Green,#003776|#55331A|#948902|#D5D701,35.5120,30.1417,27.5539,25.0161,22.7375,66.9935,27.5789
3091,Green|Dark Grey|Olive Green|Magenta,#06924D|#485259|#948902|#F24574,33.2054,29.2327,27.5646,25.9339,24.2626,60.3170,27.5833
3092,Polymaker Teal|Grey|Red|White,#4CC0C7|#8C9099|#E72F1D|#EBF7FF,31.8128,29.5347,27.9872,25.6348,22.3964,44.9966,27.5847
3093,Black|Polymaker Teal|White|Pink,#080A0D|#4CC0C7|#EBF7FF|#F1A1AF,39.0834,31.1582,27.6295,24.0138,20.6306,53.5661,27.5860
3094,Azure Blue|Polymaker Teal|Purple|Pink,#0066D9|#4CC0C7|#6C47B2|#F1A1AF,39.3799,30.5716,27.4757,24.6065,22.0247,50.9981,27.5891
3095,Polymaker Teal|Grey|Red|Pink,#4CC0C7|#8C9099|#E72F1D|#F1A1AF,31.8509,29.5548,28.0016,25.6431,22.3955,45.0713,27.5989
3096,Grey|Red|Pink|Magenta,#8C9099|#E72F1D|#F1A1AF|#F24574,31.7556,29.5362,28.0095,25.6683,22.4395,44.8696,27.6022
3097,Green|Dark Grey|Dark Olive Drab|Magenta,#06924D|#485259|#575B54|#F24574,33.3368,29.3080,27.5956,25.9073,24.1877,60.5011,27.6077
3098,Azure Blue|Green|Dark Grey|Red,#0066D9|#06924D|#485259|#E72F1D,36.4021,29.6314,27.3480,25.5880,24.1700,61.9424,27.6097
3099,Black|Tan|Cold White|White,#080A0D|#A79E82|#D9DFE5|#EBF7FF,39.6417,31.2050,27.4398,24.0290,21.1287,56.1349,27.6170
3100,Green|Dark Grey|Brown|Magenta,#06924D|#485259|#55331A|#F24574,33.2945,29.2879,27.5944,25.9559,24.2879,60.3785,27.6219
3101,Azure Blue|Green|Cold White|Red,#0066D9|#06924D|#D9DFE5|#E72F1D,36.3927,29.6667,27.4154,25.6226,24.1154,58.8563,27.6447
3102,Azure Blue|Green|Purple|Olive Green,#0066D9|#06924D|#6C47B2|#948902,49.5481,32.5235,26.8985,22.7686,19.8711,76.9453,27.6460
3103,Polymaker Teal|Purple|Cold White|Pink,#4CC0C7|#6C47B2|#D9DFE5|#F1A1AF,39.3381,30.6192,27.5427,24.6764,22.0996,50.9183,27.6478
3104,Black|Polymaker Teal|White|Magenta,#080A0D|#4CC0C7|#EBF7FF|#F24574,39.9844,31.5260,27.6421,23.7746,20.2017,56.2014,27.6503
3105,Azure Blue|Purple|Grey|Lime Green,#0066D9|#6C47B2|#8C9099|#D5D701,34.8602,30.0592,27.8643,25.2465,22.1031,70.2800,27.6529
3106,Polymaker Teal|Grey|Red|Magenta,#4CC0C7|#8C9099|#E72F1D|#F24574,31.9261,29.6189,28.0588,25.6908,22.4280,45.1301,27.6549
3107,Blue|Black|Brown|Lime Green,#003776|#080A0D|#55331A|#D5D701,35.5960,30.2067,27.6249,25.1122,22.8499,66.9082,27.6595
3108,Blue|Olive Green|Pink|Yellow,#003776|#948902|#F1A1AF|#FFE800,33.5648,29.5688,27.6919,25.7570,23.8981,65.6498,27.6629
3109,Green|Dark Olive Drab|Purple|Cold White,#06924D|#575B54|#6C47B2|#D9DFE5,41.1573,31.7675,27.7264,23.5830,19.4227,73.4509,27.6753
3110,Azure Blue|Green|Lime Green|Magenta,#0066D9|#06924D|#D5D701|#F24574,37.8027,29.9961,27.3665,25.3607,23.6976,57.3562,27.6784
3111,Azure Blue|Green|Polymaker Teal|Red,#0066D9|#06924D|#4CC0C7|#E72F1D,36.3586,29.7121,27.4627,25.6459,24.0637,58.7516,27.6790
3112,Azure Blue|Green|Red|White,#0066D9|#06924D|#E72F1D|#EBF7FF,36.5501,29.7322,27.4463,25.6338,24.1292,59.5268,27.6830
3113,Polymaker Teal|Grey|Cold White|Magenta,#4CC0C7|#8C9099|#D9DFE5|#F24574,31.8379,29.6206,28.0967,25.7672,22.5588,45.4751,27.6939
3114,Polymaker Teal|Grey|White|Magenta,#4CC0C7|#8C9099|#EBF7FF|#F24574,31.8494,29.6291,28.1020,25.7676,22.5555,45.5140,27.6984
3115,Grey|Cold White|Pink|Magenta,#8C9099|#D9DFE5|#F1A1AF|#F24574,31.8333,29.6243,28.1026,25.7726,22.5640,45.5169,27.6985
3116,Grey|Cold White|White|Magenta,#8C9099|#D9DFE5|#EBF7FF|#F24574,31.8380,29.6285,28.1058,25.7749,22.5649,45.5108,27.7017
3117,Azure Blue|Black|Olive Green|Lime Green,#0066D9|#080A0D|#948902|#D5D701,41.3841,31.5548,27.6072,23.8520,20.4273,82.0405,27.7034
3118,Grey|White|Pink|Magenta,#8C9099|#EBF7FF|#F1A1AF|#F24574,31.8434,29.6347,28.1103,25.7764,22.5622,45.4955,27.7056
3119,Polymaker Teal|Grey|Pink|Magenta,#4CC0C7|#8C9099|#F1A1AF|#F24574,31.8740,29.6446,28.1155,25.7753,22.5538,45.4640,27.7099
3120,Blue|Azure Blue|Green|Red,#003776|#0066D9|#06924D|#E72F1D,36.4140,29.6799,27.4231,25.7497,24.4130,62.0006,27.7148
3121,Black|Polymaker Teal|Cold White|Magenta,#080A0D|#4CC0C7|#D9DFE5|#F24574,39.8974,31.5799,27.7466,23.8668,20.2864,57.5878,27.7234
3122,Azure Blue|Black|Tan|White,#0066D9|#080A0D|#A79E82|#EBF7FF,37.6438,30.7671,27.7403,24.6857,21.8204,61.4101,27.7264
3123,Azure Blue|Dark Grey|Olive Green|Cold White,#0066D9|#485259|#948902|#D9DFE5,36.9930,30.5388,27.8260,24.9264,21.6707,87.8258,27.7326
3124,Polymaker Teal|Grey|Cold White|White,#4CC0C7|#8C9099|#D9DFE5|#EBF7FF,31.8711,29.6805,28.1626,25.8358,22.6300,45.7332,27.7581
3125,Polymaker Teal|Grey|Cold White|Pink,#4CC0C7|#8C9099|#D9DFE5|#F1A1AF,31.8768,29.6840,28.1660,25.8394,22.6329,45.7361,27.7617
3126,Polymaker Teal|Grey|White|Pink,#4CC0C7|#8C9099|#EBF7FF|#F1A1AF,31.8836,29.6904,28.1708,25.8411,22.6302,45.7332,27.7657
3127,Grey|Cold White|White|Pink,#8C9099|#D9DFE5|#EBF7FF|#F1A1AF,31.8767,29.6901,28.1731,25.8459,22.6376,45.7393,27.7680
3128,Blue|Black|Dark Olive Drab|Red,#003776|#080A0D|#575B54|#E72F1D,30.9980,28.9388,27.9459,26.6002,24.8153,56.7580,27.7695
3129,Azure Blue|Black|Polymaker Teal|White,#0066D9|#080A0D|#4CC0C7|#EBF7FF,38.9150,31.0590,27.6413,24.4885,21.8234,67.2601,27.7737
3130,Black|Lime Green|Cold White|White,#080A0D|#D5D701|#D9DFE5|#EBF7FF,40.2681,31.5345,27.6018,24.0645,21.0899,56.0815,27.7995
3131,Blue|Brown|Dark Olive Drab|Red,#003776|#55331A|#575B54|#E72F1D,31.0219,28.9680,27.9759,26.6438,24.8695,56.7614,27.8059
3132,Azure Blue|Green|Red|Pink,#0066D9|#06924D|#E72F1D|#F1A1AF,36.5248,29.8631,27.6022,25.7619,24.1799,58.8393,27.8125
3133,Blue|Dark Olive Drab|Magenta|Orange,#003776|#575B54|#F24574|#F67405,31.2121,29.0264,27.9763,26.6087,24.8050,58.6667,27.8176
3134,Black|Dark Olive Drab|Red|White,#080A0D|#575B54|#E72F1D|#EBF7FF,35.5091,30.0877,27.8732,25.5498,23.0596,54.5942,27.8188
3135,Azure Blue|Black|Olive Green|White,#0066D9|#080A0D|#948902|#EBF7FF,39.7180,31.3482,27.7452,24.3015,21.1448,73.4518,27.8248
3136,Blue|Black|White|Yellow,#003776|#080A0D|#EBF7FF|#FFE800,36.9525,30.6445,27.8218,25.0062,22.5902,67.1130,27.8253
3137,Dark Olive Drab|Purple|Grey|Yellow,#575B54|#6C47B2|#8C9099|#FFE800,33.6502,30.1516,28.1640,25.5253,22.2584,83.2546,27.8384
3138,Azure Blue|Green|White|Pink,#0066D9|#06924D|#EBF7FF|#F1A1AF,36.4669,30.1179,27.7150,25.5640,23.6118,56.7764,27.8410
3139,Blue|Azure Blue|Purple|Lime Green,#003776|#0066D9|#6C47B2|#D5D701,36.6551,30.6739,27.8471,25.0684,22.7609,80.7988,27.8711
3140,Azure Blue|Polymaker Teal|Red|Yellow,#0066D9|#4CC0C7|#E72F1D|#FFE800,34.4803,30.0836,28.0317,25.6629,23.0299,48.4816,27.8733
3141,Blue|Dark Grey|Dark Olive Drab|Red,#003776|#485259|#575B54|#E72F1D,31.1162,29.1046,28.0679,26.6633,24.8754,56.7600,27.8839
3142,Azure Blue|Green|Grey|Pink,#0066D9|#06924D|#8C9099|#F1A1AF,36.4130,30.1523,27.8008,25.6341,23.5786,56.6039,27.8932
3143,Black|Polymaker Teal|Pink|Magenta,#080A0D|#4CC0C7|#F1A1AF|#F24574,39.9186,31.6668,27.9145,24.1452,20.6525,56.4845,27.9060
3144,Black|Polymaker Teal|Cold White|White,#080A0D|#4CC0C7|#D9DFE5|#EBF7FF,40.4182,31.6264,27.7125,24.1990,21.2370,56.1292,27.9127
3145,Azure Blue|Green|Black|Polymaker Teal,#0066D9|#06924D|#080A0D|#4CC0C7,38.9572,30.5848,27.5840,25.2586,23.7402,61.2106,27.9217
3146,Blue|Brown|Pink|Yellow,#003776|#55331A|#F1A1AF|#FFE800,33.7335,29.7994,27.9534,26.0442,24.1632,66.0971,27.9218
3147,Blue|Black|Pink|Yellow,#003776|#080A0D|#F1A1AF|#FFE800,33.7781,29.8324,27.9552,26.0132,24.1252,66.5468,27.9228
3148,Blue|Purple|Pink|Yellow,#003776|#6C47B2|#F1A1AF|#FFE800,33.7781,29.8324,27.9552,26.0132,24.1252,66.5468,27.9228
3149,Blue|Red|Pink|Yellow,#003776|#E72F1D|#F1A1AF|#FFE800,33.7781,29.8324,27.9552,26.0132,24.1252,66.5468,27.9228
3150,Blue|Pink|Magenta|Yellow,#003776|#F1A1AF|#F24574|#FFE800,33.7781,29.8324,27.9552,26.0132,24.1252,66.5468,27.9228
3151,Blue|Pink|Orange|Yellow,#003776|#F1A1AF|#F67405|#FFE800,33.7781,29.8324,27.9552,26.0132,24.1252,66.5468,27.9228
3152,Polymaker Teal|Brown|Lime Green|Pink,#4CC0C7|#55331A|#D5D701|#F1A1AF,39.6460,31.4670,27.7871,24.3801,21.2815,53.2854,27.9235
3153,Blue|Azure Blue|Polymaker Teal|Purple,#003776|#0066D9|#4CC0C7|#6C47B2,40.2926,31.2097,27.5996,24.6541,22.5880,72.1301,27.9319
3154,Green|Black|Polymaker Teal|Olive Green,#06924D|#080A0D|#4CC0C7|#948902,39.2478,30.5944,27.5333,25.2751,23.6126,59.0872,27.9348
3155,Azure Blue|Green|Polymaker Teal|Pink,#0066D9|#06924D|#4CC0C7|#F1A1AF,36.4462,30.1585,27.8257,25.7261,23.7653,56.6085,27.9423
3156,Polymaker Teal|Brown|Olive Green|Pink,#4CC0C7|#55331A|#948902|#F1A1AF,39.6449,31.5147,27.8162,24.3746,21.2243,53.3463,27.9446
3157,Polymaker Teal|Brown|Tan|Pink,#4CC0C7|#55331A|#A79E82|#F1A1AF,39.6320,31.5583,27.8480,24.3462,21.1938,53.9073,27.9523
3158,Dark Grey|Dark Olive Drab|Olive Green|Orange,#485259|#575B54|#948902|#F67405,31.2252,29.2483,28.1468,26.6577,24.7675,56.7306,27.9530
3159,Black|Purple|Lime Green|Cold White,#080A0D|#6C47B2|#D5D701|#D9DFE5,42.8154,32.4856,27.6820,23.4254,20.0356,85.3096,27.9555
3160,Blue|Black|Dark Grey|Brown,#003776|#080A0D|#485259|#55331A,30.0269,28.9413,28.1877,26.9981,25.3499,62.2528,27.9697
3161,Green|Dark Grey|Dark Olive Drab|Orange,#06924D|#485259|#575B54|#F67405,30.9652,29.1803,28.1586,26.7637,25.0092,61.2781,27.9720
3162,Black|Polymaker Teal|Olive Green|Lime Green,#080A0D|#4CC0C7|#948902|#D5D701,39.2667,30.6175,27.5916,25.3453,23.6473,58.9960,27.9814
3163,Azure Blue|Green|Magenta|Orange,#0066D9|#06924D|#F24574|#F67405,37.5797,30.1987,27.6879,25.7719,24.1706,57.6654,27.9853
3164,Blue|Azure Blue|Lime Green|Pink,#003776|#0066D9|#D5D701|#F1A1AF,36.9150,31.3081,28.2553,24.7059,20.9619,92.3449,28.0070
3165,Azure Blue|Green|Brown|Red,#0066D9|#06924D|#55331A|#E72F1D,36.7661,29.9466,27.7425,26.0947,24.7422,62.1073,28.0207
3166,Green|Black|Dark Grey|Brown,#06924D|#080A0D|#485259|#55331A,30.9452,29.1591,28.1839,26.8946,25.2877,63.5015,28.0269
3167,Green|Brown|Dark Olive Drab|Pink,#06924D|#55331A|#575B54|#F1A1AF,32.7612,29.8547,28.2769,26.2296,23.7459,58.8876,28.0421
3168,Azure Blue|Green|Magenta|Yellow,#0066D9|#06924D|#F24574|#FFE800,38.1286,30.3342,27.7328,25.7522,24.0919,57.6949,28.0432
3169,Polymaker Teal|Brown|White|Pink,#4CC0C7|#55331A|#EBF7FF|#F1A1AF,39.7728,31.6200,27.9034,24.4698,21.3051,53.4235,28.0449
3170,Green|Dark Olive Drab|Olive Green|Pink,#06924D|#575B54|#948902|#F1A1AF,32.7563,29.8568,28.2797,26.2373,23.7527,59.1540,28.0470
3171,Green|Dark Olive Drab|Lime Green|Pink,#06924D|#575B54|#D5D701|#F1A1AF,32.7563,29.8568,28.2797,26.2373,23.7527,59.1540,28.0470
3172,Green|Dark Olive Drab|Red|Pink,#06924D|#575B54|#E72F1D|#F1A1AF,32.7563,29.8568,28.2797,26.2373,23.7527,59.1540,28.0470
3173,Green|Dark Olive Drab|Pink|Magenta,#06924D|#575B54|#F1A1AF|#F24574,32.7563,29.8568,28.2797,26.2373,23.7527,59.1540,28.0470
3174,Green|Dark Olive Drab|Pink|Orange,#06924D|#575B54|#F1A1AF|#F67405,32.7563,29.8568,28.2797,26.2373,23.7527,59.1540,28.0470
3175,Green|Dark Olive Drab|Pink|Yellow,#06924D|#575B54|#F1A1AF|#FFE800,32.7563,29.8568,28.2797,26.2373,23.7527,59.1540,28.0470
3176,Green|Polymaker Teal|Brown|Pink,#06924D|#4CC0C7|#55331A|#F1A1AF,39.7249,31.6294,27.9313,24.4976,21.3620,53.5129,28.0635
3177,Green|Black|Dark Olive Drab|Pink,#06924D|#080A0D|#575B54|#F1A1AF,32.7823,29.8851,28.3046,26.2439,23.7548,59.4762,28.0645
3178,Blue|Black|Grey|White,#003776|#080A0D|#8C9099|#EBF7FF,37.9837,31.1097,28.0553,25.0402,22.3495,68.0333,28.0750
3179,Azure Blue|Dark Grey|Grey|Olive Green,#0066D9|#485259|#8C9099|#948902,36.1559,30.7113,28.2804,25.4449,22.0900,84.0899,28.0781
3180,Dark Grey|Dark Olive Drab|Olive Green|Red,#485259|#575B54|#948902|#E72F1D,31.4146,29.3716,28.2725,26.8006,24.9251,57.0657,28.0861
3181,Polymaker Teal|Brown|Red|Pink,#4CC0C7|#55331A|#E72F1D|#F1A1AF,39.7016,31.6220,27.9570,24.5509,21.3924,53.4342,28.0864
3182,Azure Blue|Green|Black|Red,#0066D9|#06924D|#080A0D|#E72F1D,36.6398,29.9720,27.8145,26.2030,24.8774,61.8556,28.0875
3183,Dark Grey|Brown|Dark Olive Drab|Olive Green,#485259|#55331A|#575B54|#948902,31.4346,29.3844,28.2706,26.7932,24.9251,57.0684,28.0888
3184,Blue|Black|Brown|Dark Olive Drab,#003776|#080A0D|#55331A|#575B54,31.1250,29.2202,28.2701,26.9593,25.1971,57.0569,28.0898
3185,Polymaker Teal|Brown|Pink|Orange,#4CC0C7|#55331A|#F1A1AF|#F67405,39.7269,31.6345,27.9703,24.5671,21.4263,53.3588,28.1008
3186,Azure Blue|Green|Red|Orange,#0066D9|#06924D|#E72F1D|#F67405,36.5537,30.0850,27.8965,26.1333,24.6232,59.1115,28.1092
3187,Black|Dark Grey|Dark Olive Drab|Olive Green,#080A0D|#485259|#575B54|#948902,31.4284,29.3976,28.3062,26.8296,24.9323,57.0369,28.1136
3188,Brown|Olive Green|Cold White|Magenta,#55331A|#948902|#D9DFE5|#F24574,39.4045,31.6412,28.0360,24.6084,21.5566,52.3117,28.1248
3189,Brown|Lime Green|Cold White|Magenta,#55331A|#D5D701|#D9DFE5|#F24574,39.4045,31.6412,28.0360,24.6084,21.5566,52.3117,28.1248
3190,Brown|Cold White|White|Magenta,#55331A|#D9DFE5|#EBF7FF|#F24574,39.4045,31.6412,28.0360,24.6084,21.5566,52.3117,28.1248
3191,Brown|Cold White|Magenta|Yellow,#55331A|#D9DFE5|#F24574|#FFE800,39.4045,31.6412,28.0360,24.6084,21.5566,52.3117,28.1248
3192,Polymaker Teal|Brown|Pink|Yellow,#4CC0C7|#55331A|#F1A1AF|#FFE800,39.7358,31.6920,28.0397,24.6018,21.4508,53.6673,28.1469
3193,Azure Blue|Dark Olive Drab|Olive Green|Cold White,#0066D9|#575B54|#948902|#D9DFE5,37.8413,31.2051,28.3178,25.1042,21.6036,86.5333,28.1547
3194,Blue|Black|Dark Grey|Dark Olive Drab,#003776|#080A0D|#485259|#575B54,31.2146,29.3477,28.3541,26.9716,25.1951,57.0569,28.1596
3195,Blue|Dark Grey|Brown|Dark Olive Drab,#003776|#485259|#55331A|#575B54,31.2146,29.3477,28.3541,26.9716,25.1951,57.0569,28.1596
3196,Brown|Tan|Cold White|Pink,#55331A|#A79E82|#D9DFE5|#F1A1AF,39.4030,31.6789,28.0583,24.6515,21.6057,52.4286,28.1652
3197,Black|Dark Olive Drab|White|Pink,#080A0D|#575B54|#EBF7FF|#F1A1AF,35.8377,30.4382,28.2135,25.9040,23.4451,54.8758,28.1711
3198,Brown|Olive Green|Cold White|Pink,#55331A|#948902|#D9DFE5|#F1A1AF,39.4087,31.6825,28.0596,24.6779,21.5917,52.3428,28.1802
3199,Brown|Lime Green|Cold White|Pink,#55331A|#D5D701|#D9DFE5|#F1A1AF,39.4087,31.6825,28.0596,24.6779,21.5917,52.3428,28.1802
3200,Brown|Cold White|Red|Pink,#55331A|#D9DFE5|#E72F1D|#F1A1AF,39.4087,31.6825,28.0596,24.6779,21.5917,52.3428,28.1802
3201,Brown|Cold White|White|Pink,#55331A|#D9DFE5|#EBF7FF|#F1A1AF,39.4087,31.6825,28.0596,24.6779,21.5917,52.3428,28.1802
3202,Brown|Cold White|Pink|Orange,#55331A|#D9DFE5|#F1A1AF|#F67405,39.4087,31.6825,28.0596,24.6779,21.5917,52.3428,28.1802
3203,Brown|Cold White|Pink|Yellow,#55331A|#D9DFE5|#F1A1AF|#FFE800,39.4087,31.6825,28.0596,24.6779,21.5917,52.3428,28.1802
3204,Black|Cold White|White|Yellow,#080A0D|#D9DFE5|#EBF7FF|#FFE800,40.3584,31.8793,28.0082,24.4935,21.5286,56.6821,28.1864
3205,Brown|Cold White|Magenta|Orange,#55331A|#D9DFE5|#F24574|#F67405,39.3830,31.7270,28.1062,24.6750,21.6129,52.4191,28.2010
3206,Brown|Tan|Cold White|Magenta,#55331A|#A79E82|#D9DFE5|#F24574,39.3974,31.6706,28.0791,24.7398,21.6913,52.4881,28.2052
3207,Green|Dark Grey|Dark Olive Drab|Olive Green,#06924D|#485259|#575B54|#948902,31.5605,29.5050,28.4042,26.9200,25.0091,57.0946,28.2125
3208,Green|Dark Olive Drab|Purple|Yellow,#06924D|#575B54|#6C47B2|#FFE800,47.5658,32.3999,27.4809,24.0433,21.7884,80.3384,28.2216
3209,Polymaker Teal|Brown|Cold White|Pink,#4CC0C7|#55331A|#D9DFE5|#F1A1AF,39.7625,31.7771,28.1189,24.6876,21.5208,53.5946,28.2324
3210,Azure Blue|Green|Red|Magenta,#0066D9|#06924D|#E72F1D|#F24574,37.6038,30.3752,27.9484,26.0918,24.5117,59.2110,28.2335
3211,Brown|Tan|Cold White|Red,#55331A|#A79E82|#D9DFE5|#E72F1D,39.3496,31.7314,28.1685,24.7369,21.6107,52.3370,28.2342
3212,Brown|Cold White|Red|Magenta,#55331A|#D9DFE5|#E72F1D|#F24574,39.3982,31.7348,28.1395,24.7527,21.6650,52.3499,28.2437
3213,Black|Tan|Red|Pink,#080A0D|#A79E82|#E72F1D|#F1A1AF,35.4584,30.1395,28.2378,26.3719,24.4471,46.0053,28.2557
3214,Black|Tan|Pink|Magenta,#080A0D|#A79E82|#F1A1AF|#F24574,35.4584,30.1395,28.2378,26.3719,24.4471,46.0053,28.2557
3215,Black|Tan|Pink|Orange,#080A0D|#A79E82|#F1A1AF|#F67405,35.4584,30.1395,28.2378,26.3719,24.4471,46.0053,28.2557
3216,Azure Blue|Polymaker Teal|Red|Orange,#0066D9|#4CC0C7|#E72F1D|#F67405,34.6689,30.4190,28.4246,26.1023,23.4932,48.8886,28.2606
3217,Black|Brown|Purple|Tan,#080A0D|#55331A|#6C47B2|#A79E82,35.7201,30.3286,28.3176,26.2108,23.9650,58.0228,28.2697
3218,Black|Purple|Tan|Red,#080A0D|#6C47B2|#A79E82|#E72F1D,35.7201,30.3286,28.3176,26.2108,23.9650,58.0228,28.2697
3219,Black|Purple|Tan|Magenta,#080A0D|#6C47B2|#A79E82|#F24574,35.7201,30.3286,28.3176,26.2108,23.9650,58.0228,28.2697
3220,Black|Purple|Tan|Orange,#080A0D|#6C47B2|#A79E82|#F67405,35.7201,30.3286,28.3176,26.2108,23.9650,58.0228,28.2697
3221,Black|Brown|Tan|Magenta,#080A0D|#55331A|#A79E82|#F24574,35.1088,30.0887,28.2665,26.4509,24.5356,45.8518,28.2698
3222,Brown|Dark Olive Drab|Lime Green|Magenta,#55331A|#575B54|#D5D701|#F24574,31.3102,29.5098,28.4724,27.0299,25.1438,57.9077,28.2699
3223,Green|Black|Tan|Magenta,#06924D|#080A0D|#A79E82|#F24574,35.0625,30.0955,28.2798,26.4491,24.5333,45.8747,28.2723
3224,Black|Olive Green|Tan|Magenta,#080A0D|#948902|#A79E82|#F24574,35.0625,30.0955,28.2798,26.4491,24.5333,45.8747,28.2723
3225,Black|Tan|Lime Green|Magenta,#080A0D|#A79E82|#D5D701|#F24574,35.0625,30.0955,28.2798,26.4491,24.5333,45.8747,28.2723
3226,Black|Tan|Red|Magenta,#080A0D|#A79E82|#E72F1D|#F24574,35.0625,30.0955,28.2798,26.4491,24.5333,45.8747,28.2723
3227,Black|Tan|Magenta|Orange,#080A0D|#A79E82|#F24574|#F67405,35.0625,30.0955,28.2798,26.4491,24.5333,45.8747,28.2723
3228,Black|Tan|Magenta|Yellow,#080A0D|#A79E82|#F24574|#FFE800,35.0625,30.0955,28.2798,26.4491,24.5333,45.8747,28.2723
3229,Brown|Olive Green|Lime Green|Cold White,#55331A|#948902|#D5D701|#D9DFE5,39.4331,31.7991,28.1809,24.7570,21.6783,52.6079,28.2780
3230,Brown|Olive Green|Cold White|White,#55331A|#948902|#D9DFE5|#EBF7FF,39.4331,31.7991,28.1809,24.7570,21.6783,52.6079,28.2780
3231,Brown|Olive Green|Cold White|Yellow,#55331A|#948902|#D9DFE5|#FFE800,39.4331,31.7991,28.1809,24.7570,21.6783,52.6079,28.2780
3232,Brown|Lime Green|Cold White|White,#55331A|#D5D701|#D9DFE5|#EBF7FF,39.4331,31.7991,28.1809,24.7570,21.6783,52.6079,28.2780
3233,Brown|Lime Green|Cold White|Yellow,#55331A|#D5D701|#D9DFE5|#FFE800,39.4331,31.7991,28.1809,24.7570,21.6783,52.6079,28.2780
3234,Brown|Cold White|White|Yellow,#55331A|#D9DFE5|#EBF7FF|#FFE800,39.4331,31.7991,28.1809,24.7570,21.6783,52.6079,28.2780
3235,Dark Grey|Purple|Lime Green|White,#485259|#6C47B2|#D5D701|#EBF7FF,33.8941,30.5361,28.6137,26.0705,22.9612,86.6031,28.3033
3236,Black|Dark Olive Drab|Lime Green|Magenta,#080A0D|#575B54|#D5D701|#F24574,31.3259,29.5353,28.5087,27.0718,25.1773,57.8886,28.3035
3237,Dark Olive Drab|Olive Green|Lime Green|Magenta,#575B54|#948902|#D5D701|#F24574,31.3259,29.5353,28.5087,27.0718,25.1773,57.8886,28.3035
3238,Dark Olive Drab|Lime Green|Red|Magenta,#575B54|#D5D701|#E72F1D|#F24574,31.3259,29.5353,28.5087,27.0718,25.1773,57.8886,28.3035
3239,Dark Olive Drab|Lime Green|Magenta|Orange,#575B54|#D5D701|#F24574|#F67405,31.3259,29.5353,28.5087,27.0718,25.1773,57.8886,28.3035
3240,Azure Blue|Black|Polymaker Teal|Magenta,#0066D9|#080A0D|#4CC0C7|#F24574,40.9998,32.1093,28.3121,24.5095,20.7656,66.3959,28.3094
3241,Black|Brown|Tan|Pink,#080A0D|#55331A|#A79E82|#F1A1AF,35.5551,30.2218,28.2958,26.3984,24.4515,45.9814,28.3101
3242,Brown|Olive Green|Cold White|Red,#55331A|#948902|#D9DFE5|#E72F1D,39.3903,31.7531,28.1998,24.8692,21.8005,52.5220,28.3111
3243,Brown|Lime Green|Cold White|Red,#55331A|#D5D701|#D9DFE5|#E72F1D,39.3903,31.7531,28.1998,24.8692,21.8005,52.5220,28.3111
3244,Brown|Cold White|Red|White,#55331A|#D9DFE5|#E72F1D|#EBF7FF,39.3903,31.7531,28.1998,24.8692,21.8005,52.5220,28.3111
3245,Brown|Cold White|Red|Orange,#55331A|#D9DFE5|#E72F1D|#F67405,39.3903,31.7531,28.1998,24.8692,21.8005,52.5220,28.3111
3246,Brown|Cold White|Red|Yellow,#55331A|#D9DFE5|#E72F1D|#FFE800,39.3903,31.7531,28.1998,24.8692,21.8005,52.5220,28.3111
3247,Black|Dark Olive Drab|Olive Green|Magenta,#080A0D|#575B54|#948902|#F24574,32.1618,29.7427,28.4906,26.8953,24.9598,59.6840,28.3190
3248,Dark Olive Drab|Olive Green|Red|Magenta,#575B54|#948902|#E72F1D|#F24574,32.1618,29.7427,28.4906,26.8953,24.9598,59.6840,28.3190
3249,Dark Olive Drab|Olive Green|Magenta|Orange,#575B54|#948902|#F24574|#F67405,32.1618,29.7427,28.4906,26.8953,24.9598,59.6840,28.3190
3250,Brown|Olive Green|Tan|Cold White,#55331A|#948902|#A79E82|#D9DFE5,39.4705,31.8298,28.2250,24.8155,21.7159,52.3576,28.3226
3251,Brown|Tan|Lime Green|Cold White,#55331A|#A79E82|#D5D701|#D9DFE5,39.4705,31.8298,28.2250,24.8155,21.7159,52.3576,28.3226
3252,Brown|Tan|Cold White|White,#55331A|#A79E82|#D9DFE5|#EBF7FF,39.4705,31.8298,28.2250,24.8155,21.7159,52.3576,28.3226
3253,Brown|Tan|Cold White|Orange,#55331A|#A79E82|#D9DFE5|#F67405,39.4705,31.8298,28.2250,24.8155,21.7159,52.3576,28.3226
3254,Brown|Tan|Cold White|Yellow,#55331A|#A79E82|#D9DFE5|#FFE800,39.4705,31.8298,28.2250,24.8155,21.7159,52.3576,28.3226
3255,Dark Olive Drab|Purple|Magenta|Yellow,#575B54|#6C47B2|#F24574|#FFE800,38.1795,30.9770,28.0669,25.6777,23.7800,78.7313,28.3273
3256,Green|Black|Olive Green|Tan,#06924D|#080A0D|#948902|#A79E82,35.1389,30.1271,28.3236,26.5299,24.6466,45.8612,28.3285
3257,Green|Black|Tan|Lime Green,#06924D|#080A0D|#A79E82|#D5D701,35.1389,30.1271,28.3236,26.5299,24.6466,45.8612,28.3285
3258,Green|Black|Tan|Red,#06924D|#080A0D|#A79E82|#E72F1D,35.1389,30.1271,28.3236,26.5299,24.6466,45.8612,28.3285
3259,Green|Black|Tan|Orange,#06924D|#080A0D|#A79E82|#F67405,35.1389,30.1271,28.3236,26.5299,24.6466,45.8612,28.3285
3260,Green|Black|Tan|Yellow,#06924D|#080A0D|#A79E82|#FFE800,35.1389,30.1271,28.3236,26.5299,24.6466,45.8612,28.3285
3261,Black|Olive Green|Tan|Lime Green,#080A0D|#948902|#A79E82|#D5D701,35.1389,30.1271,28.3236,26.5299,24.6466,45.8612,28.3285
3262,Black|Olive Green|Tan|Red,#080A0D|#948902|#A79E82|#E72F1D,35.1389,30.1271,28.3236,26.5299,24.6466,45.8612,28.3285
3263,Black|Olive Green|Tan|Orange,#080A0D|#948902|#A79E82|#F67405,35.1389,30.1271,28.3236,26.5299,24.6466,45.8612,28.3285
3264,Black|Olive Green|Tan|Yellow,#080A0D|#948902|#A79E82|#FFE800,35.1389,30.1271,28.3236,26.5299,24.6466,45.8612,28.3285
3265,Black|Tan|Lime Green|Red,#080A0D|#A79E82|#D5D701|#E72F1D,35.1389,30.1271,28.3236,26.5299,24.6466,45.8612,28.3285
3266,Black|Tan|Lime Green|Orange,#080A0D|#A79E82|#D5D701|#F67405,35.1389,30.1271,28.3236,26.5299,24.6466,45.8612,28.3285
3267,Black|Tan|Lime Green|Yellow,#080A0D|#A79E82|#D5D701|#FFE800,35.1389,30.1271,28.3236,26.5299,24.6466,45.8612,28.3285
3268,Black|Tan|Red|Orange,#080A0D|#A79E82|#E72F1D|#F67405,35.1389,30.1271,28.3236,26.5299,24.6466,45.8612,28.3285
3269,Black|Tan|Red|Yellow,#080A0D|#A79E82|#E72F1D|#FFE800,35.1389,30.1271,28.3236,26.5299,24.6466,45.8612,28.3285
3270,Black|Tan|Orange|Yellow,#080A0D|#A79E82|#F67405|#FFE800,35.1389,30.1271,28.3236,26.5299,24.6466,45.8612,28.3285
3271,Brown|Cold White|Pink|Magenta,#55331A|#D9DFE5|#F1A1AF|#F24574,39.3667,31.8105,28.2422,24.8572,21.7136,52.5073,28.3338
3272,Green|Black|Brown|Tan,#06924D|#080A0D|#55331A|#A79E82,35.2075,30.1581,28.3387,26.5246,24.6365,45.9289,28.3413
3273,Black|Brown|Olive Green|Tan,#080A0D|#55331A|#948902|#A79E82,35.2075,30.1581,28.3387,26.5246,24.6365,45.9289,28.3413
3274,Black|Brown|Tan|Lime Green,#080A0D|#55331A|#A79E82|#D5D701,35.2075,30.1581,28.3387,26.5246,24.6365,45.9289,28.3413
3275,Black|Brown|Tan|Red,#080A0D|#55331A|#A79E82|#E72F1D,35.2075,30.1581,28.3387,26.5246,24.6365,45.9289,28.3413
3276,Black|Brown|Tan|Orange,#080A0D|#55331A|#A79E82|#F67405,35.2075,30.1581,28.3387,26.5246,24.6365,45.9289,28.3413
3277,Black|Brown|Tan|Yellow,#080A0D|#55331A|#A79E82|#FFE800,35.2075,30.1581,28.3387,26.5246,24.6365,45.9289,28.3413
3278,Brown|Dark Olive Drab|Olive Green|Magenta,#55331A|#575B54|#948902|#F24574,32.1946,29.7830,28.5266,26.9346,24.9948,60.2012,28.3588
3279,Black|Dark Olive Drab|Purple|Yellow,#080A0D|#575B54|#6C47B2|#FFE800,38.2932,31.0677,28.1214,25.6985,23.7724,78.3283,28.3831
3280,Dark Olive Drab|Purple|Olive Green|Yellow,#575B54|#6C47B2|#948902|#FFE800,38.2932,31.0677,28.1214,25.6985,23.7724,78.3283,28.3831
3281,Dark Olive Drab|Purple|Red|Yellow,#575B54|#6C47B2|#E72F1D|#FFE800,38.2932,31.0677,28.1214,25.6985,23.7724,78.3283,28.3831
3282,Dark Olive Drab|Purple|Orange|Yellow,#575B54|#6C47B2|#F67405|#FFE800,38.2932,31.0677,28.1214,25.6985,23.7724,78.3283,28.3831
3283,Azure Blue|Green|Grey|Magenta,#0066D9|#06924D|#8C9099|#F24574,38.3233,30.7693,28.1531,26.0308,24.1022,59.8682,28.4000
3284,Brown|Olive Green|Cold White|Orange,#55331A|#948902|#D9DFE5|#F67405,39.4329,31.8902,28.3395,24.9445,21.7906,52.4641,28.4173
3285,Brown|Lime Green|Cold White|Orange,#55331A|#D5D701|#D9DFE5|#F67405,39.4329,31.8902,28.3395,24.9445,21.7906,52.4641,28.4173
3286,Brown|Cold White|White|Orange,#55331A|#D9DFE5|#EBF7FF|#F67405,39.4329,31.8902,28.3395,24.9445,21.7906,52.4641,28.4173
3287,Brown|Cold White|Orange|Yellow,#55331A|#D9DFE5|#F67405|#FFE800,39.4329,31.8902,28.3395,24.9445,21.7906,52.4641,28.4173
3288,Black|Dark Olive Drab|Magenta|Yellow,#080A0D|#575B54|#F24574|#FFE800,31.3574,29.6574,28.6535,27.2214,25.3274,57.7586,28.4394
3289,Dark Olive Drab|Olive Green|Magenta|Yellow,#575B54|#948902|#F24574|#FFE800,31.3574,29.6574,28.6535,27.2214,25.3274,57.7586,28.4394
3290,Dark Olive Drab|Lime Green|Magenta|Yellow,#575B54|#D5D701|#F24574|#FFE800,31.3574,29.6574,28.6535,27.2214,25.3274,57.7586,28.4394
3291,Dark Olive Drab|Red|Magenta|Yellow,#575B54|#E72F1D|#F24574|#FFE800,31.3574,29.6574,28.6535,27.2214,25.3274,57.7586,28.4394
3292,Dark Olive Drab|Magenta|Orange|Yellow,#575B54|#F24574|#F67405|#FFE800,31.3574,29.6574,28.6535,27.2214,25.3274,57.7586,28.4394
3293,Brown|Dark Olive Drab|Magenta|Yellow,#55331A|#575B54|#F24574|#FFE800,31.3619,29.6593,28.6590,27.2296,25.3357,57.9814,28.4444
3294,Dark Grey|Dark Olive Drab|Purple|Yellow,#485259|#575B54|#6C47B2|#FFE800,35.8600,30.6875,28.3633,26.2043,24.3809,80.1987,28.4459
3295,Azure Blue|Polymaker Teal|Purple|Cold White,#0066D9|#4CC0C7|#6C47B2|#D9DFE5,44.2269,31.8569,27.9913,25.0511,23.0445,64.0247,28.4540
3296,Blue|Azure Blue|Black|Tan,#003776|#0066D9|#080A0D|#A79E82,36.1383,30.7663,28.6332,26.1912,23.3776,68.1941,28.4787
3297,Azure Blue|Green|Tan|Magenta,#0066D9|#06924D|#A79E82|#F24574,38.3852,30.8211,28.2354,26.1768,24.3944,58.2264,28.4989
3298,Black|Purple|Tan|Pink,#080A0D|#6C47B2|#A79E82|#F1A1AF,35.7638,30.4993,28.5655,26.5087,24.2192,56.8673,28.5040
3299,Blue|Dark Olive Drab|Purple|Yellow,#003776|#575B54|#6C47B2|#FFE800,38.2843,31.1213,28.2764,25.8990,23.9716,79.1024,28.5101
3300,Brown|Dark Olive Drab|Olive Green|Orange,#55331A|#575B54|#948902|#F67405,31.8081,29.8342,28.7124,27.2111,25.3401,56.6637,28.5226
3301,Brown|Dark Olive Drab|Purple|Yellow,#55331A|#575B54|#6C47B2|#FFE800,38.2720,31.1497,28.2741,25.8989,23.9514,78.0986,28.5243
3302,Black|Dark Olive Drab|Olive Green|Orange,#080A0D|#575B54|#948902|#F67405,31.7993,29.8139,28.7250,27.2377,25.3542,56.5820,28.5258
3303,Dark Olive Drab|Olive Green|Red|Orange,#575B54|#948902|#E72F1D|#F67405,31.7993,29.8139,28.7250,27.2377,25.3542,56.5820,28.5258
3304,Azure Blue|Black|White|Yellow,#0066D9|#080A0D|#EBF7FF|#FFE800,38.7848,31.6082,28.4757,25.4633,22.8128,63.0079,28.5357
3305,Polymaker Teal|Purple|Cold White|White,#4CC0C7|#6C47B2|#D9DFE5|#EBF7FF,44.4414,31.9469,28.0502,25.1266,23.0867,63.9673,28.5367
3306,Blue|Black|Dark Olive Drab|Magenta,#003776|#080A0D|#575B54|#F24574,31.6487,29.7391,28.7646,27.3978,25.5515,59.5604,28.5685
3307,Blue|Dark Olive Drab|Red|Magenta,#003776|#575B54|#E72F1D|#F24574,31.6487,29.7391,28.7646,27.3978,25.5515,59.5604,28.5685
3308,Blue|Dark Grey|Dark Olive Drab|Magenta,#003776|#485259|#575B54|#F24574,31.6848,29.7644,28.7701,27.3988,25.5551,59.1931,28.5816
3309,Blue|Brown|Dark Olive Drab|Magenta,#003776|#55331A|#575B54|#F24574,31.6560,29.7574,28.7874,27.4211,25.5795,59.3372,28.5893
3310,Azure Blue|Green|Cold White|Magenta,#0066D9|#06924D|#D9DFE5|#F24574,38.6018,30.8697,28.2755,26.3144,24.6676,58.4125,28.5921
3311,Polymaker Teal|Brown|Cold White|Red,#4CC0C7|#55331A|#D9DFE5|#E72F1D,40.4834,32.2796,28.4863,24.9526,21.7161,56.6018,28.6161
3312,Azure Blue|Green|Polymaker Teal|Magenta,#0066D9|#06924D|#4CC0C7|#F24574,38.4927,30.8691,28.3335,26.3733,24.7038,58.6730,28.6212
3313,Blue|Dark Olive Drab|Magenta|Yellow,#003776|#575B54|#F24574|#FFE800,35.3824,30.8620,28.6998,26.3900,24.1989,67.6996,28.6260
3314,Azure Blue|Green|White|Magenta,#0066D9|#06924D|#EBF7FF|#F24574,38.4811,30.8706,28.3640,26.4619,24.8555,58.3840,28.6662
3315,Green|Dark Olive Drab|Purple|White,#06924D|#575B54|#6C47B2|#EBF7FF,40.8389,32.5032,28.7484,24.8373,21.0347,72.0185,28.6702
3316,Brown|Dark Olive Drab|Olive Green|Red,#55331A|#575B54|#948902|#E72F1D,32.0043,29.9662,28.8584,27.3939,25.5410,56.8188,28.6801
3317,Black|Dark Olive Drab|Olive Green|Red,#080A0D|#575B54|#948902|#E72F1D,32.0050,29.9684,28.8752,27.4158,25.5557,56.7836,28.6921
3318,Dark Grey|Brown|Dark Olive Drab|Orange,#485259|#55331A|#575B54|#F67405,31.0551,29.7777,28.9324,27.6226,25.7999,56.0496,28.7001
3319,Black|Brown|Dark Olive Drab|Olive Green,#080A0D|#55331A|#575B54|#948902,32.0309,29.9952,28.8934,27.4268,25.5609,56.7786,28.7110
3320,Black|Dark Grey|Dark Olive Drab|Orange,#080A0D|#485259|#575B54|#F67405,31.0790,29.7933,28.9432,27.6289,25.8076,56.0471,28.7111
3321,Dark Grey|Dark Olive Drab|Red|Orange,#485259|#575B54|#E72F1D|#F67405,31.0790,29.7933,28.9432,27.6289,25.8076,56.0471,28.7111
3322,Dark Grey|Purple|Olive Green|Yellow,#485259|#6C47B2|#948902|#FFE800,35.5539,30.8754,28.6903,26.5878,24.8178,80.4017,28.7316
3323,Black|Dark Grey|Purple|Yellow,#080A0D|#485259|#6C47B2|#FFE800,35.6475,30.9042,28.6888,26.5900,24.8504,79.7217,28.7471
3324,Dark Grey|Purple|Red|Yellow,#485259|#6C47B2|#E72F1D|#FFE800,35.6475,30.9042,28.6888,26.5900,24.8504,79.7217,28.7471
3325,Dark Grey|Purple|Orange|Yellow,#485259|#6C47B2|#F67405|#FFE800,35.6475,30.9042,28.6888,26.5900,24.8504,79.7217,28.7471
3326,Dark Grey|Brown|Purple|Yellow,#485259|#55331A|#6C47B2|#FFE800,35.6667,30.9213,28.6982,26.6109,24.8827,79.9904,28.7661
3327,Azure Blue|Black|Tan|Lime Green,#0066D9|#080A0D|#A79E82|#D5D701,39.9892,32.3941,28.9134,25.1401,21.4187,87.7733,28.7671
3328,Azure Blue|Green|Pink|Magenta,#0066D9|#06924D|#F1A1AF|#F24574,38.6459,31.0772,28.5062,26.4895,24.7131,59.8663,28.7833
3329,Green|Brown|Dark Olive Drab|Olive Green,#06924D|#55331A|#575B54|#948902,32.0648,30.0699,28.9901,27.5178,25.6123,56.7178,28.7939
3330,Green|Black|Dark Olive Drab|Olive Green,#06924D|#080A0D|#575B54|#948902,32.0634,30.0752,28.9943,27.5276,25.6231,56.6158,28.8014
3331,Black|Brown|Grey|White,#080A0D|#55331A|#8C9099|#EBF7FF,37.5920,31.4562,28.7966,26.1481,23.5848,54.7915,28.8022
3332,Green|Polymaker Teal|Brown|Cold White,#06924D|#4CC0C7|#55331A|#D9DFE5,39.9993,32.3532,28.7302,25.2612,21.9764,53.0448,28.8072
3333,Polymaker Teal|Brown|Olive Green|Cold White,#4CC0C7|#55331A|#948902|#D9DFE5,39.9993,32.3532,28.7302,25.2612,21.9764,53.0448,28.8072
3334,Polymaker Teal|Brown|Lime Green|Cold White,#4CC0C7|#55331A|#D5D701|#D9DFE5,39.9993,32.3532,28.7302,25.2612,21.9764,53.0448,28.8072
3335,Polymaker Teal|Brown|Cold White|Yellow,#4CC0C7|#55331A|#D9DFE5|#FFE800,39.9993,32.3532,28.7302,25.2612,21.9764,53.0448,28.8072
3336,Blue|Dark Grey|Magenta|Yellow,#003776|#485259|#F24574|#FFE800,35.2946,30.9585,28.8695,26.6658,24.6388,67.3402,28.8122
3337,Dark Grey|Purple|Magenta|Yellow,#485259|#6C47B2|#F24574|#FFE800,35.6812,30.9831,28.7733,26.6575,24.9183,80.0879,28.8203
3338,Brown|Dark Olive Drab|Lime Green|Orange,#55331A|#575B54|#D5D701|#F67405,31.3843,29.9561,29.0528,27.7042,25.8702,55.6858,28.8302
3339,Green|Dark Olive Drab|Lime Green|Orange,#06924D|#575B54|#D5D701|#F67405,31.3918,29.9712,29.0730,27.7271,25.8955,55.6755,28.8491
3340,Black|Dark Olive Drab|Lime Green|Orange,#080A0D|#575B54|#D5D701|#F67405,31.3918,29.9712,29.0730,27.7271,25.8955,55.6755,28.8491
3341,Dark Olive Drab|Olive Green|Lime Green|Orange,#575B54|#948902|#D5D701|#F67405,31.3918,29.9712,29.0730,27.7271,25.8955,55.6755,28.8491
3342,Dark Olive Drab|Lime Green|Red|Orange,#575B54|#D5D701|#E72F1D|#F67405,31.3918,29.9712,29.0730,27.7271,25.8955,55.6755,28.8491
3343,Azure Blue|Polymaker Teal|Cold White|Red,#0066D9|#4CC0C7|#D9DFE5|#E72F1D,35.4234,31.0761,29.0163,26.6224,23.9305,48.6814,28.8493
3344,Polymaker Teal|Brown|Cold White|White,#4CC0C7|#55331A|#D9DFE5|#EBF7FF,40.0297,32.3731,28.7591,25.3290,22.1876,54.0840,28.8511
3345,Green|Polymaker Teal|Brown|Olive Green,#06924D|#4CC0C7|#55331A|#948902,39.7485,31.9419,28.7173,25.7684,23.2143,54.2882,28.8551
3346,Black|Polymaker Teal|Brown|Olive Green,#080A0D|#4CC0C7|#55331A|#948902,39.7485,31.9419,28.7173,25.7684,23.2143,54.2882,28.8551
3347,Black|Brown|Cold White|White,#080A0D|#55331A|#D9DFE5|#EBF7FF,39.5303,32.1907,28.8019,25.5314,22.6673,56.5121,28.8610
3348,Azure Blue|Polymaker Teal|Red|White,#0066D9|#4CC0C7|#E72F1D|#EBF7FF,35.3465,31.0630,29.0329,26.6669,23.9916,48.5767,28.8649
3349,Black|Purple|Grey|Tan,#080A0D|#6C47B2|#8C9099|#A79E82,36.3583,31.1707,29.0452,26.5678,23.6270,68.7766,28.8692
3350,Green|Brown|Purple|Yellow,#06924D|#55331A|#6C47B2|#FFE800,49.7134,33.2377,27.9845,24.5182,22.6284,80.7101,28.8779
3351,Blue|Black|Purple|Pink,#003776|#080A0D|#6C47B2|#F1A1AF,35.8986,30.7579,28.7962,27.0317,25.6175,57.7832,28.8948
3352,Blue|Black|Red|Pink,#003776|#080A0D|#E72F1D|#F1A1AF,35.8986,30.7579,28.7962,27.0317,25.6175,57.7832,28.8948
3353,Blue|Black|Pink|Magenta,#003776|#080A0D|#F1A1AF|#F24574,35.8986,30.7579,28.7962,27.0317,25.6175,57.7832,28.8948
3354,Blue|Black|Pink|Orange,#003776|#080A0D|#F1A1AF|#F67405,35.8986,30.7579,28.7962,27.0317,25.6175,57.7832,28.8948
3355,Blue|Black|Brown|Pink,#003776|#080A0D|#55331A|#F1A1AF,35.8895,30.7381,28.7874,27.0551,25.6463,57.1322,28.8966
3356,Polymaker Teal|Brown|Tan|Cold White,#4CC0C7|#55331A|#A79E82|#D9DFE5,40.0009,32.4354,28.8212,25.3606,22.0828,53.3575,28.8980
3357,Polymaker Teal|Brown|Dark Olive Drab|White,#4CC0C7|#55331A|#575B54|#EBF7FF,34.4481,30.8623,29.1160,26.9535,24.2834,50.6919,28.9079
3358,Polymaker Teal|Brown|Cold White|Orange,#4CC0C7|#55331A|#D9DFE5|#F67405,40.0093,32.4104,28.8408,25.4244,22.1396,53.0493,28.9174
3359,Green|Black|Dark Olive Drab|Yellow,#06924D|#080A0D|#575B54|#FFE800,31.4040,30.0336,29.1478,27.8129,25.9832,55.3271,28.9232
3360,Green|Dark Olive Drab|Olive Green|Yellow,#06924D|#575B54|#948902|#FFE800,31.4040,30.0336,29.1478,27.8129,25.9832,55.3271,28.9232
3361,Green|Dark Olive Drab|Lime Green|Yellow,#06924D|#575B54|#D5D701|#FFE800,31.4040,30.0336,29.1478,27.8129,25.9832,55.3271,28.9232
3362,Green|Dark Olive Drab|Red|Yellow,#06924D|#575B54|#E72F1D|#FFE800,31.4040,30.0336,29.1478,27.8129,25.9832,55.3271,28.9232
3363,Green|Dark Olive Drab|Orange|Yellow,#06924D|#575B54|#F67405|#FFE800,31.4040,30.0336,29.1478,27.8129,25.9832,55.3271,28.9232
3364,Black|Dark Olive Drab|Olive Green|Yellow,#080A0D|#575B54|#948902|#FFE800,31.4040,30.0336,29.1478,27.8129,25.9832,55.3271,28.9232
3365,Black|Dark Olive Drab|Lime Green|Yellow,#080A0D|#575B54|#D5D701|#FFE800,31.4040,30.0336,29.1478,27.8129,25.9832,55.3271,28.9232
3366,Black|Dark Olive Drab|Red|Yellow,#080A0D|#575B54|#E72F1D|#FFE800,31.4040,30.0336,29.1478,27.8129,25.9832,55.3271,28.9232
3367,Black|Dark Olive Drab|Orange|Yellow,#080A0D|#575B54|#F67405|#FFE800,31.4040,30.0336,29.1478,27.8129,25.9832,55.3271,28.9232
3368,Dark Olive Drab|Olive Green|Lime Green|Yellow,#575B54|#948902|#D5D701|#FFE800,31.4040,30.0336,29.1478,27.8129,25.9832,55.3271,28.9232
3369,Dark Olive Drab|Olive Green|Red|Yellow,#575B54|#948902|#E72F1D|#FFE800,31.4040,30.0336,29.1478,27.8129,25.9832,55.3271,28.9232
3370,Dark Olive Drab|Olive Green|Orange|Yellow,#575B54|#948902|#F67405|#FFE800,31.4040,30.0336,29.1478,27.8129,25.9832,55.3271,28.9232
3371,Dark Olive Drab|Lime Green|Red|Yellow,#575B54|#D5D701|#E72F1D|#FFE800,31.4040,30.0336,29.1478,27.8129,25.9832,55.3271,28.9232
3372,Dark Olive Drab|Lime Green|Orange|Yellow,#575B54|#D5D701|#F67405|#FFE800,31.4040,30.0336,29.1478,27.8129,25.9832,55.3271,28.9232
3373,Dark Olive Drab|Red|Orange|Yellow,#575B54|#E72F1D|#F67405|#FFE800,31.4040,30.0336,29.1478,27.8129,25.9832,55.3271,28.9232
3374,Green|Brown|Dark Olive Drab|Lime Green,#06924D|#55331A|#575B54|#D5D701,31.4554,30.0422,29.1477,27.8092,25.9826,55.6592,28.9257
3375,Black|Brown|Dark Olive Drab|Lime Green,#080A0D|#55331A|#575B54|#D5D701,31.4554,30.0422,29.1477,27.8092,25.9826,55.6592,28.9257
3376,Brown|Dark Olive Drab|Olive Green|Lime Green,#55331A|#575B54|#948902|#D5D701,31.4554,30.0422,29.1477,27.8092,25.9826,55.6592,28.9257
3377,Green|Black|Dark Olive Drab|Lime Green,#06924D|#080A0D|#575B54|#D5D701,31.4512,30.0445,29.1510,27.8108,25.9836,55.6731,28.9277
3378,Green|Dark Olive Drab|Olive Green|Lime Green,#06924D|#575B54|#948902|#D5D701,31.4512,30.0445,29.1510,27.8108,25.9836,55.6731,28.9277
3379,Black|Dark Olive Drab|Olive Green|Lime Green,#080A0D|#575B54|#948902|#D5D701,31.4512,30.0445,29.1510,27.8108,25.9836,55.6731,28.9277
3380,Green|Brown|Dark Olive Drab|Yellow,#06924D|#55331A|#575B54|#FFE800,31.4047,30.0370,29.1537,27.8183,25.9879,55.3315,28.9277
3381,Black|Brown|Dark Olive Drab|Yellow,#080A0D|#55331A|#575B54|#FFE800,31.4047,30.0370,29.1537,27.8183,25.9879,55.3315,28.9277
3382,Brown|Dark Olive Drab|Olive Green|Yellow,#55331A|#575B54|#948902|#FFE800,31.4047,30.0370,29.1537,27.8183,25.9879,55.3315,28.9277
3383,Brown|Dark Olive Drab|Lime Green|Yellow,#55331A|#575B54|#D5D701|#FFE800,31.4047,30.0370,29.1537,27.8183,25.9879,55.3315,28.9277
3384,Brown|Dark Olive Drab|Red|Yellow,#55331A|#575B54|#E72F1D|#FFE800,31.4047,30.0370,29.1537,27.8183,25.9879,55.3315,28.9277
3385,Brown|Dark Olive Drab|Orange|Yellow,#55331A|#575B54|#F67405|#FFE800,31.4047,30.0370,29.1537,27.8183,25.9879,55.3315,28.9277
3386,Brown|Dark Olive Drab|Lime Green|Red,#55331A|#575B54|#D5D701|#E72F1D,31.4552,30.0431,29.1506,27.8125,25.9833,55.6715,28.9278
3387,Green|Dark Olive Drab|Lime Green|Red,#06924D|#575B54|#D5D701|#E72F1D,31.4517,30.0467,29.1553,27.8155,25.9853,55.6853,28.9311
3388,Black|Dark Olive Drab|Lime Green|Red,#080A0D|#575B54|#D5D701|#E72F1D,31.4517,30.0467,29.1553,27.8155,25.9853,55.6853,28.9311
3389,Dark Olive Drab|Olive Green|Lime Green|Red,#575B54|#948902|#D5D701|#E72F1D,31.4517,30.0467,29.1553,27.8155,25.9853,55.6853,28.9311
3390,Azure Blue|Black|Cold White|White,#0066D9|#080A0D|#D9DFE5|#EBF7FF,40.5742,32.5363,28.8826,25.3323,22.1619,64.5363,28.9343
3391,Green|Dark Grey|Dark Olive Drab|Red,#06924D|#485259|#575B54|#E72F1D,32.1042,30.1964,29.1370,27.7017,25.8829,61.1793,28.9490
3392,Dark Grey|Dark Olive Drab|Magenta|Orange,#485259|#575B54|#F24574|#F67405,31.6217,30.1019,29.1716,27.8015,25.9405,59.0335,28.9517
3393,Green|Dark Olive Drab|Purple|Lime Green,#06924D|#575B54|#6C47B2|#D5D701,47.2223,33.0127,28.3258,24.9096,22.5116,80.1668,28.9612
3394,Blue|Purple|Lime Green|White,#003776|#6C47B2|#D5D701|#EBF7FF,36.6463,31.6073,29.0825,26.3187,23.5072,80.5501,28.9630
3395,Azure Blue|Polymaker Teal|Red|Magenta,#0066D9|#4CC0C7|#E72F1D|#F24574,35.4467,31.1642,29.1412,26.7799,24.0951,48.7986,28.9721
3396,Blue|Green|Black|Brown,#003776|#06924D|#080A0D|#55331A,37.9729,31.5666,28.6622,26.3845,25.1391,69.6923,28.9755
3397,Azure Blue|Polymaker Teal|Red|Pink,#0066D9|#4CC0C7|#E72F1D|#F1A1AF,35.4858,31.2026,29.1642,26.7973,24.1292,48.7167,29.0000
3398,Black|Grey|White|Orange,#080A0D|#8C9099|#EBF7FF|#F67405,38.1626,31.7720,28.9897,26.2317,23.4911,55.5779,29.0018
3399,Polymaker Teal|Purple|White|Magenta,#4CC0C7|#6C47B2|#EBF7FF|#F24574,39.3721,31.7992,28.9820,26.2103,23.3898,50.2002,29.0048
3400,Azure Blue|Green|Black|White,#0066D9|#06924D|#080A0D|#EBF7FF,39.8092,32.1893,28.9341,25.8511,23.1700,64.6256,29.0202
3401,Green|Dark Grey|Purple|White,#06924D|#485259|#6C47B2|#EBF7FF,39.0739,32.4057,29.2024,25.6903,22.2064,72.9336,29.0480
3402,Azure Blue|Dark Olive Drab|Grey|Olive Green,#0066D9|#575B54|#8C9099|#948902,37.7096,32.0666,29.4084,26.0621,21.9595,85.3097,29.0643
3403,Green|Brown|Purple|Lime Green,#06924D|#55331A|#6C47B2|#D5D701,48.8617,33.1564,28.2418,24.9774,23.0714,79.4486,29.0669
3404,Green|Dark Grey|Purple|Yellow,#06924D|#485259|#6C47B2|#FFE800,47.5359,33.2454,28.3740,24.9098,22.7304,81.0468,29.0776
3405,Polymaker Teal|Purple|Pink|Magenta,#4CC0C7|#6C47B2|#F1A1AF|#F24574,39.3494,31.9098,29.0722,26.2671,23.4375,50.2149,29.0885
3406,Blue|Dark Grey|Purple|Yellow,#003776|#485259|#6C47B2|#FFE800,35.8033,31.2322,29.0761,26.9466,25.1555,80.7772,29.0894
3407,Black|Tan|Lime Green|Pink,#080A0D|#A79E82|#D5D701|#F1A1AF,36.3045,31.0511,29.1062,27.1372,25.1133,52.2155,29.0942
3408,Dark Grey|Brown|Dark Olive Drab|Magenta,#485259|#55331A|#575B54|#F24574,31.7641,30.2502,29.3270,27.9591,26.0943,59.6866,29.1046
3409,Blue|Azure Blue|Olive Green|Yellow,#003776|#0066D9|#948902|#FFE800,43.5551,33.6051,29.1845,24.6113,20.1290,87.0749,29.1082
3410,Black|Dark Grey|Dark Olive Drab|Magenta,#080A0D|#485259|#575B54|#F24574,31.7676,30.2593,29.3339,27.9626,26.0956,59.6127,29.1109
3411,Dark Grey|Dark Olive Drab|Red|Magenta,#485259|#575B54|#E72F1D|#F24574,31.7676,30.2593,29.3339,27.9626,26.0956,59.6127,29.1109
3412,Black|Dark Olive Drab|Purple|Tan,#080A0D|#575B54|#6C47B2|#A79E82,36.0411,31.7731,29.4709,26.4523,22.7346,86.7302,29.1127
3413,Dark Olive Drab|Purple|Olive Green|Tan,#575B54|#6C47B2|#948902|#A79E82,36.0411,31.7731,29.4709,26.4523,22.7346,86.7302,29.1127
3414,Dark Olive Drab|Purple|Tan|Lime Green,#575B54|#6C47B2|#A79E82|#D5D701,36.0411,31.7731,29.4709,26.4523,22.7346,86.7302,29.1127
3415,Dark Olive Drab|Purple|Tan|Red,#575B54|#6C47B2|#A79E82|#E72F1D,36.0411,31.7731,29.4709,26.4523,22.7346,86.7302,29.1127
3416,Dark Olive Drab|Purple|Tan|Magenta,#575B54|#6C47B2|#A79E82|#F24574,36.0411,31.7731,29.4709,26.4523,22.7346,86.7302,29.1127
3417,Dark Olive Drab|Purple|Tan|Orange,#575B54|#6C47B2|#A79E82|#F67405,36.0411,31.7731,29.4709,26.4523,22.7346,86.7302,29.1127
3418,Dark Olive Drab|Purple|Tan|Yellow,#575B54|#6C47B2|#A79E82|#FFE800,36.0411,31.7731,29.4709,26.4523,22.7346,86.7302,29.1127
3419,Polymaker Teal|Purple|Cold White|Magenta,#4CC0C7|#6C47B2|#D9DFE5|#F24574,39.3518,31.9232,29.1017,26.3149,23.5312,50.4449,29.1190
3420,Green|Polymaker Teal|Brown|Tan,#06924D|#4CC0C7|#55331A|#A79E82,37.7749,31.9064,29.2347,26.3391,23.2741,53.0427,29.1227
3421,Polymaker Teal|Brown|Olive Green|Tan,#4CC0C7|#55331A|#948902|#A79E82,37.7749,31.9064,29.2347,26.3391,23.2741,53.0427,29.1227
3422,Polymaker Teal|Brown|Tan|Lime Green,#4CC0C7|#55331A|#A79E82|#D5D701,37.7749,31.9064,29.2347,26.3391,23.2741,53.0427,29.1227
3423,Polymaker Teal|Brown|Tan|Orange,#4CC0C7|#55331A|#A79E82|#F67405,37.7749,31.9064,29.2347,26.3391,23.2741,53.0427,29.1227
3424,Polymaker Teal|Brown|Tan|Yellow,#4CC0C7|#55331A|#A79E82|#FFE800,37.7749,31.9064,29.2347,26.3391,23.2741,53.0427,29.1227
3425,Black|Brown|Dark Olive Drab|Orange,#080A0D|#55331A|#575B54|#F67405,31.4822,30.2025,29.3594,28.0522,26.2191,56.1207,29.1273
3426,Brown|Dark Olive Drab|Red|Orange,#55331A|#575B54|#E72F1D|#F67405,31.4822,30.2025,29.3594,28.0522,26.2191,56.1207,29.1273
3427,Black|Dark Olive Drab|Red|Orange,#080A0D|#575B54|#E72F1D|#F67405,31.4932,30.2135,29.3684,28.0562,26.2234,56.1209,29.1348
3428,Azure Blue|Polymaker Teal|Purple|Magenta,#0066D9|#4CC0C7|#6C47B2|#F24574,39.4295,31.9835,29.1253,26.2945,23.4433,50.2973,29.1390
3429,Green|Polymaker Teal|Pink|Magenta,#06924D|#4CC0C7|#F1A1AF|#F24574,37.8581,31.5337,29.0872,26.7449,24.4082,52.4433,29.1393
3430,Azure Blue|Green|Dark Grey|Brown,#0066D9|#06924D|#485259|#55331A,39.5177,31.4905,28.7675,26.7925,25.5284,61.8990,29.1415
3431,Brown|Dark Olive Drab|Purple|Tan,#55331A|#575B54|#6C47B2|#A79E82,36.0973,31.8094,29.5139,26.5027,22.7958,86.8675,29.1560
3432,Green|Black|Dark Olive Drab|Orange,#06924D|#080A0D|#575B54|#F67405,32.0022,30.3608,29.3863,27.9862,26.1438,57.1775,29.1735
3433,Green|Dark Olive Drab|Olive Green|Orange,#06924D|#575B54|#948902|#F67405,32.0022,30.3608,29.3863,27.9862,26.1438,57.1775,29.1735
3434,Green|Dark Olive Drab|Red|Orange,#06924D|#575B54|#E72F1D|#F67405,32.0022,30.3608,29.3863,27.9862,26.1438,57.1775,29.1735
3435,Azure Blue|Black|Tan|Pink,#0066D9|#080A0D|#A79E82|#F1A1AF,36.3422,31.2851,29.3088,27.0731,24.5367,71.0318,29.1791
3436,Polymaker Teal|Olive Green|Cold White|Magenta,#4CC0C7|#948902|#D9DFE5|#F24574,37.8128,31.7160,29.2326,26.6449,23.9120,49.9042,29.1804
3437,Blue|Azure Blue|Polymaker Teal|Olive Green,#003776|#0066D9|#4CC0C7|#948902,42.0570,31.9960,28.7139,26.3956,24.7227,80.2178,29.1958
3438,Green|Brown|Dark Olive Drab|Orange,#06924D|#55331A|#575B54|#F67405,32.0282,30.3916,29.4136,28.0158,26.1762,57.2262,29.2037
3439,Polymaker Teal|Olive Green|Pink|Magenta,#4CC0C7|#948902|#F1A1AF|#F24574,37.8480,31.7385,29.2746,26.6945,23.9625,50.1854,29.2165
3440,Brown|Dark Olive Drab|Magenta|Orange,#55331A|#575B54|#F24574|#F67405,31.8870,30.3713,29.4525,28.0839,26.2021,59.2152,29.2276
3441,Polymaker Teal|Olive Green|White|Magenta,#4CC0C7|#948902|#EBF7FF|#F24574,37.9172,31.7704,29.2945,26.7035,23.9292,50.4527,29.2370
3442,Black|Dark Olive Drab|Magenta|Orange,#080A0D|#575B54|#F24574|#F67405,31.8970,30.3854,29.4623,28.0904,26.2081,59.5280,29.2379
3443,Dark Olive Drab|Red|Magenta|Orange,#575B54|#E72F1D|#F24574|#F67405,31.8970,30.3854,29.4623,28.0904,26.2081,59.5280,29.2379
3444,Green|Polymaker Teal|Cold White|Magenta,#06924D|#4CC0C7|#D9DFE5|#F24574,37.9288,31.6106,29.1788,26.8660,24.5538,52.8021,29.2383
3445,Green|Polymaker Teal|White|Magenta,#06924D|#4CC0C7|#EBF7FF|#F24574,37.8748,31.6078,29.1952,26.8789,24.5835,52.7617,29.2433
3446,Dark Grey|Brown|Dark Olive Drab|Red,#485259|#55331A|#575B54|#E72F1D,31.5153,30.2980,29.4832,28.1988,26.3795,56.8280,29.2484
3447,Black|Dark Grey|Dark Olive Drab|Red,#080A0D|#485259|#575B54|#E72F1D,31.5164,30.3039,29.4916,28.2087,26.3901,56.8479,29.2563
3448,Polymaker Teal|Olive Green|Lime Green|Magenta,#4CC0C7|#948902|#D5D701|#F24574,37.9465,31.7924,29.3086,26.7249,23.9558,49.9055,29.2587
3449,Polymaker Teal|Olive Green|Red|Magenta,#4CC0C7|#948902|#E72F1D|#F24574,37.9465,31.7924,29.3086,26.7249,23.9558,49.9055,29.2587
3450,Polymaker Teal|Olive Green|Magenta|Orange,#4CC0C7|#948902|#F24574|#F67405,37.9465,31.7924,29.3086,26.7249,23.9558,49.9055,29.2587
3451,Polymaker Teal|Olive Green|Magenta|Yellow,#4CC0C7|#948902|#F24574|#FFE800,37.9465,31.7924,29.3086,26.7249,23.9558,49.9055,29.2587
3452,Polymaker Teal|Brown|Olive Green|Lime Green,#4CC0C7|#55331A|#948902|#D5D701,39.2902,32.0898,29.1602,26.4495,24.0297,53.9322,29.2697
3453,Green|Polymaker Teal|Brown|Lime Green,#06924D|#4CC0C7|#55331A|#D5D701,39.3081,32.1385,29.1949,26.4959,24.0495,54.4402,29.3172
3454,Black|Polymaker Teal|Brown|Lime Green,#080A0D|#4CC0C7|#55331A|#D5D701,39.3081,32.1385,29.1949,26.4959,24.0495,54.4402,29.3172
3455,Black|Dark Olive Drab|Red|Magenta,#080A0D|#575B54|#E72F1D|#F24574,31.9859,30.4774,29.5585,28.1927,26.3138,59.4770,29.3351
3456,Black|Brown|Dark Olive Drab|Magenta,#080A0D|#55331A|#575B54|#F24574,31.9835,30.4792,29.5602,28.1914,26.3113,59.5310,29.3353
3457,Brown|Dark Olive Drab|Red|Magenta,#55331A|#575B54|#E72F1D|#F24574,31.9835,30.4792,29.5602,28.1914,26.3113,59.5310,29.3353
3458,Blue|Azure Blue|Black|Polymaker Teal,#003776|#0066D9|#080A0D|#4CC0C7,39.8054,31.8601,29.0495,26.8263,25.1973,63.2465,29.3432
3459,Polymaker Teal|Olive Green|Tan|Magenta,#4CC0C7|#948902|#A79E82|#F24574,37.9605,31.8716,29.3862,26.8241,24.0675,50.1163,29.3479
3460,Polymaker Teal|Brown|Olive Green|Yellow,#4CC0C7|#55331A|#948902|#FFE800,39.2997,32.1836,29.2442,26.5182,24.0799,54.3234,29.3509
3461,Blue|Dark Olive Drab|Purple|Lime Green,#003776|#575B54|#6C47B2|#D5D701,39.8803,32.1397,29.1091,26.6077,24.6896,80.4857,29.3737
3462,Dark Olive Drab|Purple|Tan|Pink,#575B54|#6C47B2|#A79E82|#F1A1AF,36.1323,31.9867,29.7418,26.7647,23.0527,86.9740,29.3757
3463,Blue|Azure Blue|Magenta|Yellow,#003776|#0066D9|#F24574|#FFE800,37.0994,32.2975,29.7114,26.4740,22.8814,84.3893,29.3857
3464,Green|Polymaker Teal|Olive Green|Magenta,#06924D|#4CC0C7|#948902|#F24574,38.0915,31.7886,29.3482,26.9837,24.6249,53.1225,29.3861
3465,Green|Polymaker Teal|Lime Green|Magenta,#06924D|#4CC0C7|#D5D701|#F24574,38.0915,31.7886,29.3482,26.9837,24.6249,53.1225,29.3861
3466,Green|Polymaker Teal|Red|Magenta,#06924D|#4CC0C7|#E72F1D|#F24574,38.0915,31.7886,29.3482,26.9837,24.6249,53.1225,29.3861
3467,Green|Polymaker Teal|Magenta|Orange,#06924D|#4CC0C7|#F24574|#F67405,38.0915,31.7886,29.3482,26.9837,24.6249,53.1225,29.3861
3468,Green|Polymaker Teal|Magenta|Yellow,#06924D|#4CC0C7|#F24574|#FFE800,38.0915,31.7886,29.3482,26.9837,24.6249,53.1225,29.3861
3469,Green|Black|Polymaker Teal|Brown,#06924D|#080A0D|#4CC0C7|#55331A,39.4198,32.1513,29.2260,26.6248,24.2701,55.6869,29.3880
3470,Azure Blue|Black|Grey|White,#0066D9|#080A0D|#8C9099|#EBF7FF,39.5811,32.5184,29.3984,26.2597,23.2539,67.2564,29.3891
3471,Black|Polymaker Teal|Olive Green|Yellow,#080A0D|#4CC0C7|#948902|#FFE800,39.7701,31.8597,29.0438,26.9264,25.3606,59.3613,29.3931
3472,Green|Dark Grey|Brown|Dark Olive Drab,#06924D|#485259|#55331A|#575B54,31.8373,30.4911,29.6238,28.3111,26.4989,56.8458,29.4011
3473,Green|Black|Dark Grey|Dark Olive Drab,#06924D|#080A0D|#485259|#575B54,31.8417,30.5024,29.6351,28.3184,26.5014,56.7832,29.4104
3474,Azure Blue|Black|Grey|Yellow,#0066D9|#080A0D|#8C9099|#FFE800,40.0259,32.7120,29.5502,26.1262,22.3384,85.2576,29.4191
3475,Azure Blue|Green|Black|Brown,#0066D9|#06924D|#080A0D|#55331A,39.8603,31.6931,29.0240,27.1672,25.9569,61.7824,29.4301
3476,Blue|Azure Blue|Orange|Yellow,#003776|#0066D9|#F67405|#FFE800,37.0437,32.2990,29.7287,26.5746,23.0702,86.4798,29.4368
3477,Black|Brown|Dark Olive Drab|Red,#080A0D|#55331A|#575B54|#E72F1D,31.7010,30.4869,29.6748,28.3888,26.5563,56.8431,29.4378
3478,Blue|Polymaker Teal|Purple|Yellow,#003776|#4CC0C7|#6C47B2|#FFE800,37.4243,31.7658,29.3210,27.1206,25.3534,80.2869,29.4432
3479,Blue|Azure Blue|Green|Brown,#003776|#0066D9|#06924D|#55331A,39.8447,31.7037,29.0667,27.2160,26.0048,61.8367,29.4599
3480,Green|Polymaker Teal|Tan|Magenta,#06924D|#4CC0C7|#A79E82|#F24574,38.0539,31.8035,29.4303,27.1285,24.7803,53.0216,29.4660
3481,Black|Dark Grey|Brown|Dark Olive Drab,#080A0D|#485259|#55331A|#575B54,31.6023,30.4938,29.7115,28.4465,26.6356,57.0805,29.4701
3482,Polymaker Teal|Dark Olive Drab|Red|Orange,#4CC0C7|#575B54|#E72F1D|#F67405,34.1419,31.4266,29.8022,27.5196,24.5044,72.9249,29.4731
3483,Black|Polymaker Teal|Purple|Yellow,#080A0D|#4CC0C7|#6C47B2|#FFE800,43.8054,33.3174,29.0795,25.6484,23.2564,81.1951,29.4829
3484,Blue|Brown|Dark Olive Drab|Yellow,#003776|#55331A|#575B54|#FFE800,36.0101,31.6487,29.5260,27.3214,25.2897,67.7653,29.4851
3485,Green|Polymaker Teal|Brown|Yellow,#06924D|#4CC0C7|#55331A|#FFE800,39.4004,32.3045,29.3855,26.6821,24.2336,54.6026,29.4933
3486,Black|Polymaker Teal|Brown|Yellow,#080A0D|#4CC0C7|#55331A|#FFE800,39.4004,32.3045,29.3855,26.6821,24.2336,54.6026,29.4933
3487,Polymaker Teal|Brown|Lime Green|Yellow,#4CC0C7|#55331A|#D5D701|#FFE800,39.4004,32.3045,29.3855,26.6821,24.2336,54.6026,29.4933
3488,Black|Dark Olive Drab|White|Orange,#080A0D|#575B54|#EBF7FF|#F67405,37.7543,31.9906,29.5558,27.0653,24.5145,56.5847,29.5279
3489,Blue|Green|Dark Olive Drab|Yellow,#003776|#06924D|#575B54|#FFE800,35.9959,31.6829,29.5910,27.3982,25.3796,67.6190,29.5405
3490,Green|Dark Grey|Purple|Lime Green,#06924D|#485259|#6C47B2|#D5D701,46.7847,33.6194,28.9679,25.4652,23.0079,80.9675,29.5423
3491,Black|Tan|Pink|Yellow,#080A0D|#A79E82|#F1A1AF|#FFE800,36.9731,31.5328,29.5386,27.5647,25.5429,55.3297,29.5488
3492,Green|Polymaker Teal|Dark Olive Drab|Red,#06924D|#4CC0C7|#575B54|#E72F1D,34.2448,31.5212,29.8816,27.5800,24.5773,74.4001,29.5506
3493,Polymaker Teal|Dark Olive Drab|Olive Green|Red,#4CC0C7|#575B54|#948902|#E72F1D,34.2448,31.5212,29.8816,27.5800,24.5773,74.4001,29.5506
3494,Polymaker Teal|Dark Olive Drab|Lime Green|Red,#4CC0C7|#575B54|#D5D701|#E72F1D,34.2448,31.5212,29.8816,27.5800,24.5773,74.4001,29.5506
3495,Polymaker Teal|Dark Olive Drab|Red|Yellow,#4CC0C7|#575B54|#E72F1D|#FFE800,34.2448,31.5212,29.8816,27.5800,24.5773,74.4001,29.5506
3496,Green|Polymaker Teal|Brown|Orange,#06924D|#4CC0C7|#55331A|#F67405,39.4677,32.6398,29.5829,26.4865,23.4337,55.3813,29.5632
3497,Polymaker Teal|Brown|Olive Green|Orange,#4CC0C7|#55331A|#948902|#F67405,39.4677,32.6398,29.5829,26.4865,23.4337,55.3813,29.5632
3498,Polymaker Teal|Brown|Lime Green|Orange,#4CC0C7|#55331A|#D5D701|#F67405,39.4677,32.6398,29.5829,26.4865,23.4337,55.3813,29.5632
3499,Polymaker Teal|Brown|Orange|Yellow,#4CC0C7|#55331A|#F67405|#FFE800,39.4677,32.6398,29.5829,26.4865,23.4337,55.3813,29.5632
3500,Green|Brown|Dark Olive Drab|Red,#06924D|#55331A|#575B54|#E72F1D,32.5686,30.7810,29.7640,28.3535,26.5089,58.5238,29.5673
3501,Green|Dark Olive Drab|Olive Green|Red,#06924D|#575B54|#948902|#E72F1D,32.6000,30.7960,29.7768,28.3632,26.5208,58.4761,29.5796
3502,Green|Black|Dark Olive Drab|Red,#06924D|#080A0D|#575B54|#E72F1D,32.5918,30.8079,29.7953,28.3811,26.5363,58.5798,29.5945
3503,Polymaker Teal|Brown|Dark Olive Drab|Red,#4CC0C7|#55331A|#575B54|#E72F1D,34.2905,31.5652,29.9323,27.6531,24.6249,73.9092,29.6091
3504,Green|Black|Polymaker Teal|Lime Green,#06924D|#080A0D|#4CC0C7|#D5D701,39.8189,32.0085,29.2749,27.2124,25.6886,59.5117,29.6104
3505,Green|Black|Brown|Dark Olive Drab,#06924D|#080A0D|#55331A|#575B54,32.0477,30.7141,29.8550,28.5423,26.7120,56.8265,29.6282
3506,Blue|Black|Dark Olive Drab|Yellow,#003776|#080A0D|#575B54|#FFE800,36.0466,31.7346,29.6808,27.5529,25.5669,68.1184,29.6437
3507,Blue|Dark Olive Drab|Olive Green|Yellow,#003776|#575B54|#948902|#FFE800,36.0466,31.7346,29.6808,27.5529,25.5669,68.1184,29.6437
3508,Blue|Dark Olive Drab|Lime Green|Yellow,#003776|#575B54|#D5D701|#FFE800,36.0466,31.7346,29.6808,27.5529,25.5669,68.1184,29.6437
3509,Blue|Dark Olive Drab|Red|Yellow,#003776|#575B54|#E72F1D|#FFE800,36.0466,31.7346,29.6808,27.5529,25.5669,68.1184,29.6437
3510,Blue|Dark Olive Drab|Orange|Yellow,#003776|#575B54|#F67405|#FFE800,36.0466,31.7346,29.6808,27.5529,25.5669,68.1184,29.6437
3511,Blue|Azure Blue|Red|Yellow,#003776|#0066D9|#E72F1D|#FFE800,37.2706,32.5271,29.9581,26.7631,23.1375,86.4689,29.6451
3512,Black|Cold White|White|Orange,#080A0D|#D9DFE5|#EBF7FF|#F67405,40.1337,32.9466,29.6156,26.3550,23.4384,57.2380,29.6508
3513,Blue|Dark Grey|Dark Olive Drab|Yellow,#003776|#485259|#575B54|#FFE800,36.1206,31.8112,29.7195,27.5223,25.5164,67.5888,29.6667
3514,Black|Polymaker Teal|Red|White,#080A0D|#4CC0C7|#E72F1D|#EBF7FF,40.1877,33.1000,29.7941,26.2413,22.6098,66.2775,29.6706
3515,Dark Grey|Dark Olive Drab|Purple|Lime Green,#485259|#575B54|#6C47B2|#D5D701,38.1594,32.1485,29.5253,27.2111,25.3154,80.8642,29.6798
3516,Green|Black|Polymaker Teal|Yellow,#06924D|#080A0D|#4CC0C7|#FFE800,39.8625,32.1057,29.3765,27.2832,25.6762,59.6325,29.6944
3517,Black|Polymaker Teal|Lime Green|Yellow,#080A0D|#4CC0C7|#D5D701|#FFE800,39.8625,32.1057,29.3765,27.2832,25.6762,59.6325,29.6944
3518,Azure Blue|Black|Lime Green|Magenta,#0066D9|#080A0D|#D5D701|#F24574,41.5920,33.6817,29.9275,25.7913,21.6900,90.5265,29.7365
3519,Polymaker Teal|Dark Olive Drab|Tan|Red,#4CC0C7|#575B54|#A79E82|#E72F1D,34.4039,31.7014,30.0836,27.8281,24.8610,74.7780,29.7648
3520,Blue|Azure Blue|Black|White,#003776|#0066D9|#080A0D|#EBF7FF,39.5774,32.7522,29.7360,26.7995,24.2149,69.0802,29.7759
3521,Blue|Olive Green|Magenta|Yellow,#003776|#948902|#F24574|#FFE800,35.9667,31.8293,29.8348,27.7433,25.7398,68.3767,29.7863
3522,Blue|Brown|Magenta|Yellow,#003776|#55331A|#F24574|#FFE800,35.9162,31.8231,29.8653,27.7977,25.8329,67.6083,29.8104
3523,Blue|Black|Magenta|Yellow,#003776|#080A0D|#F24574|#FFE800,35.8788,31.8131,29.8787,27.8240,25.8686,67.7027,29.8186
3524,Blue|Red|Magenta|Yellow,#003776|#E72F1D|#F24574|#FFE800,35.8788,31.8131,29.8787,27.8240,25.8686,67.7027,29.8186
3525,Blue|Magenta|Orange|Yellow,#003776|#F24574|#F67405|#FFE800,35.8788,31.8131,29.8787,27.8240,25.8686,67.7027,29.8186
3526,Blue|Green|Dark Grey|Yellow,#003776|#06924D|#485259|#FFE800,36.1963,32.0030,29.8942,27.6699,25.6356,68.2357,29.8364
3527,Blue|Lime Green|Magenta|Yellow,#003776|#D5D701|#F24574|#FFE800,35.9328,31.8478,29.8941,27.8315,25.8500,68.0928,29.8396
3528,Dark Grey|Purple|Lime Green|Magenta,#485259|#6C47B2|#D5D701|#F24574,37.9297,32.2149,29.7280,27.4826,25.6359,80.8980,29.8487
3529,Azure Blue|Green|Cold White|White,#0066D9|#06924D|#D9DFE5|#EBF7FF,37.6900,32.0729,29.8265,27.6667,25.7279,60.3921,29.8698
3530,Azure Blue|Black|Purple|Tan,#0066D9|#080A0D|#6C47B2|#A79E82,37.1009,32.0205,30.0386,27.7373,24.9612,76.6986,29.8789
3531,Azure Blue|Black|Tan|Red,#0066D9|#080A0D|#A79E82|#E72F1D,37.1009,32.0205,30.0386,27.7373,24.9612,76.6986,29.8789
3532,Azure Blue|Black|Tan|Magenta,#0066D9|#080A0D|#A79E82|#F24574,37.1009,32.0205,30.0386,27.7373,24.9612,76.6986,29.8789
3533,Azure Blue|Black|Tan|Orange,#0066D9|#080A0D|#A79E82|#F67405,37.1009,32.0205,30.0386,27.7373,24.9612,76.6986,29.8789
3534,Azure Blue|Black|Brown|Tan,#0066D9|#080A0D|#55331A|#A79E82,37.1103,32.0315,30.0350,27.7370,24.9606,76.5562,29.8843
3535,Azure Blue|Black|Lime Green|Red,#0066D9|#080A0D|#D5D701|#E72F1D,41.6021,33.7356,30.0881,26.1225,22.1909,91.1212,29.9290
3536,Blue|Dark Grey|Brown|Yellow,#003776|#485259|#55331A|#FFE800,36.1426,32.0414,30.0371,27.9038,25.9447,68.0873,29.9726
3537,Blue|Dark Grey|Purple|Lime Green,#003776|#485259|#6C47B2|#D5D701,37.9947,32.3955,29.9072,27.5560,25.6327,80.9545,29.9758
3538,Blue|Black|Dark Grey|Yellow,#003776|#080A0D|#485259|#FFE800,36.1670,32.0602,30.0503,27.8981,25.8621,68.0975,29.9791
3539,Blue|Dark Grey|Red|Yellow,#003776|#485259|#E72F1D|#FFE800,36.1670,32.0602,30.0503,27.8981,25.8621,68.0975,29.9791
3540,Blue|Dark Grey|Orange|Yellow,#003776|#485259|#F67405|#FFE800,36.1670,32.0602,30.0503,27.8981,25.8621,68.0975,29.9791
3541,Blue|Azure Blue|Purple|Yellow,#003776|#0066D9|#6C47B2|#FFE800,37.6129,32.8660,30.2912,27.1446,23.5674,88.9241,30.0053
3542,Dark Grey|Brown|Purple|Lime Green,#485259|#55331A|#6C47B2|#D5D701,38.0871,32.3862,29.8832,27.6448,25.8108,82.2895,30.0155
3543,Green|Dark Olive Drab|Magenta|Yellow,#06924D|#575B54|#F24574|#FFE800,35.0294,31.6199,30.0876,28.4298,26.6173,60.2752,30.0249
3544,Black|Olive Green|Tan|Pink,#080A0D|#948902|#A79E82|#F1A1AF,36.8036,31.8823,30.0651,28.1690,26.1915,73.9453,30.0257
3545,Blue|Green|Brown|Yellow,#003776|#06924D|#55331A|#FFE800,36.2588,32.0815,30.0662,27.9930,26.0778,67.9192,30.0373
3546,Dark Grey|Purple|Lime Green|Yellow,#485259|#6C47B2|#D5D701|#FFE800,38.0505,32.3928,29.9041,27.6856,25.8718,81.6454,30.0392
3547,Blue|Green|Red|Yellow,#003776|#06924D|#E72F1D|#FFE800,36.3756,32.1622,30.0759,27.9220,25.9528,68.3982,30.0421
3548,Blue|Green|Orange|Yellow,#003776|#06924D|#F67405|#FFE800,36.4203,32.1908,30.0824,27.8977,25.9270,68.1245,30.0443
3549,Blue|Dark Grey|Lime Green|Yellow,#003776|#485259|#D5D701|#FFE800,36.2258,32.1470,30.1151,27.9491,25.9376,68.1179,30.0480
3550,Blue|Dark Grey|Olive Green|Yellow,#003776|#485259|#948902|#FFE800,36.2202,32.1475,30.1250,27.9549,25.9356,68.1734,30.0512
3551,Dark Olive Drab|Purple|Lime Green|Yellow,#575B54|#6C47B2|#D5D701|#FFE800,40.5685,32.8382,29.7745,27.2734,25.2108,80.3399,30.0558
3552,Blue|Azure Blue|Brown|Yellow,#003776|#0066D9|#55331A|#FFE800,37.5856,32.7684,30.2641,27.3514,24.2385,89.0497,30.0599
3553,Black|Purple|Olive Green|White,#080A0D|#6C47B2|#948902|#EBF7FF,41.3249,33.5552,30.0217,26.5761,23.6102,74.6962,30.0657
3554,Blue|Azure Blue|Black|Pink,#003776|#0066D9|#080A0D|#F1A1AF,38.7668,32.3062,29.8402,27.8263,26.3647,51.7256,30.0662
3555,Black|Purple|Tan|White,#080A0D|#6C47B2|#A79E82|#EBF7FF,39.4586,33.0760,30.1423,27.0569,24.1180,72.3844,30.0664
3556,Black|Dark Olive Drab|Purple|Lime Green,#080A0D|#575B54|#6C47B2|#D5D701,40.5873,32.8893,29.8659,27.3372,25.2799,80.4152,30.1132
3557,Dark Olive Drab|Purple|Olive Green|Lime Green,#575B54|#6C47B2|#948902|#D5D701,40.5873,32.8893,29.8659,27.3372,25.2799,80.4152,30.1132
3558,Dark Olive Drab|Purple|Lime Green|Red,#575B54|#6C47B2|#D5D701|#E72F1D,40.5873,32.8893,29.8659,27.3372,25.2799,80.4152,30.1132
3559,Dark Olive Drab|Purple|Lime Green|Orange,#575B54|#6C47B2|#D5D701|#F67405,40.5873,32.8893,29.8659,27.3372,25.2799,80.4152,30.1132
3560,Blue|Green|Lime Green|Yellow,#003776|#06924D|#D5D701|#FFE800,36.3145,32.1696,30.1636,28.0666,26.1287,68.3376,30.1181
3561,Azure Blue|Green|Polymaker Teal|Cold White,#0066D9|#06924D|#4CC0C7|#D9DFE5,37.9141,32.3168,30.0989,27.9349,25.9825,60.0779,30.1259
3562,Black|Dark Grey|Purple|Lime Green,#080A0D|#485259|#6C47B2|#D5D701,38.1163,32.4946,30.0236,27.7656,25.9292,82.0931,30.1301
3563,Dark Grey|Purple|Lime Green|Red,#485259|#6C47B2|#D5D701|#E72F1D,38.1163,32.4946,30.0236,27.7656,25.9292,82.0931,30.1301
3564,Dark Grey|Purple|Lime Green|Orange,#485259|#6C47B2|#D5D701|#F67405,38.1163,32.4946,30.0236,27.7656,25.9292,82.0931,30.1301
3565,Dark Olive Drab|Purple|Lime Green|Magenta,#575B54|#6C47B2|#D5D701|#F24574,40.4951,32.8858,29.8847,27.3773,25.3038,79.6318,30.1315
3566,Black|Polymaker Teal|Dark Olive Drab|White,#080A0D|#4CC0C7|#575B54|#EBF7FF,38.3693,32.6919,30.1560,27.5815,25.0656,58.0886,30.1367
3567,Blue|Green|Olive Green|Yellow,#003776|#06924D|#948902|#FFE800,36.4056,32.2361,30.1989,28.0512,26.0776,68.1590,30.1437
3568,Blue|Green|Purple|Yellow,#003776|#06924D|#6C47B2|#FFE800,47.6848,34.1897,29.5552,26.2096,24.1437,81.3034,30.1996
3569,Polymaker Teal|Brown|Red|White,#4CC0C7|#55331A|#E72F1D|#EBF7FF,40.4836,33.4332,30.1230,26.9673,23.9987,57.4300,30.2003
3570,Blue|Polymaker Teal|Purple|Lime Green,#003776|#4CC0C7|#6C47B2|#D5D701,38.9646,32.6189,29.9851,27.7842,26.0528,80.5829,30.2015
3571,Green|Brown|Dark Olive Drab|Magenta,#06924D|#55331A|#575B54|#F24574,35.3091,31.8282,30.2655,28.5804,26.7702,60.0111,30.2043
3572,Blue|Olive Green|Lime Green|Yellow,#003776|#948902|#D5D701|#FFE800,36.2709,32.2237,30.2757,28.2131,26.2516,67.6957,30.2184
3573,Black|Polymaker Teal|Purple|Lime Green,#080A0D|#4CC0C7|#6C47B2|#D5D701,44.6893,33.9265,29.7625,26.5295,24.3725,81.9471,30.2280
3574,Blue|Green|Black|Yellow,#003776|#06924D|#080A0D|#FFE800,36.3982,32.2787,30.2759,28.1803,26.2153,68.4115,30.2295
3575,Dark Grey|Purple|Olive Green|Lime Green,#485259|#6C47B2|#948902|#D5D701,38.2038,32.5911,30.1171,27.8749,26.0246,81.7561,30.2330
3576,Azure Blue|Black|Lime Green|Orange,#0066D9|#080A0D|#D5D701|#F67405,41.7213,34.0607,30.3906,26.4113,22.5536,91.4728,30.2360
3577,Green|Dark Olive Drab|Olive Green|Magenta,#06924D|#575B54|#948902|#F24574,35.3199,31.8373,30.2973,28.6402,26.8348,60.4525,30.2388
3578,Green|Dark Olive Drab|Red|Magenta,#06924D|#575B54|#E72F1D|#F24574,35.3199,31.8373,30.2973,28.6402,26.8348,60.4525,30.2388
3579,Green|Dark Olive Drab|Magenta|Orange,#06924D|#575B54|#F24574|#F67405,35.3199,31.8373,30.2973,28.6402,26.8348,60.4525,30.2388
3580,Blue|Brown|Lime Green|Yellow,#003776|#55331A|#D5D701|#FFE800,36.2590,32.2440,30.3117,28.2653,26.3382,68.3943,30.2547
3581,Blue|Brown|Olive Green|Yellow,#003776|#55331A|#948902|#FFE800,36.2904,32.2664,30.3210,28.2571,26.3276,68.3307,30.2617
3582,Green|Black|Dark Olive Drab|Magenta,#06924D|#080A0D|#575B54|#F24574,35.3203,31.8567,30.3263,28.6669,26.8528,60.4185,30.2618
3583,Azure Blue|Brown|Olive Green|Lime Green,#0066D9|#55331A|#948902|#D5D701,43.3179,33.2282,29.8395,27.2989,25.3834,79.1278,30.2636
3584,Brown|Dark Olive Drab|Purple|Lime Green,#55331A|#575B54|#6C47B2|#D5D701,40.6087,32.9916,30.0161,27.5373,25.5026,80.5586,30.2644
3585,Blue|Black|Olive Green|Yellow,#003776|#080A0D|#948902|#FFE800,36.3066,32.2699,30.3265,28.2706,26.3115,68.0637,30.2703
3586,Blue|Olive Green|Red|Yellow,#003776|#948902|#E72F1D|#FFE800,36.3066,32.2699,30.3265,28.2706,26.3115,68.0637,30.2703
3587,Blue|Olive Green|Orange|Yellow,#003776|#948902|#F67405|#FFE800,36.3066,32.2699,30.3265,28.2706,26.3115,68.0637,30.2703
3588,Green|Dark Olive Drab|Lime Green|Magenta,#06924D|#575B54|#D5D701|#F24574,35.3200,31.8681,30.3406,28.6779,26.8421,60.4746,30.2730
3589,Blue|Black|Red|Yellow,#003776|#080A0D|#E72F1D|#FFE800,36.2981,32.2537,30.3421,28.3171,26.3697,68.0215,30.2854
3590,Blue|Black|Orange|Yellow,#003776|#080A0D|#F67405|#FFE800,36.2981,32.2537,30.3421,28.3171,26.3697,68.0215,30.2854
3591,Blue|Red|Orange|Yellow,#003776|#E72F1D|#F67405|#FFE800,36.2981,32.2537,30.3421,28.3171,26.3697,68.0215,30.2854
3592,Black|Olive Green|Tan|White,#080A0D|#948902|#A79E82|#EBF7FF,39.5642,33.1324,30.2686,27.4679,24.9530,58.5175,30.3002
3593,Black|Olive Green|White|Pink,#080A0D|#948902|#EBF7FF|#F1A1AF,39.7466,33.1462,30.2405,27.4762,25.0230,57.7194,30.3112
3594,Black|Olive Green|White|Magenta,#080A0D|#948902|#EBF7FF|#F24574,39.7787,33.1909,30.2577,27.4526,25.0086,57.6928,30.3218
3595,Black|Grey|Red|White,#080A0D|#8C9099|#E72F1D|#EBF7FF,39.1939,33.1406,30.3692,27.5045,24.6770,56.9700,30.3226
3596,Blue|Black|Brown|Yellow,#003776|#080A0D|#55331A|#FFE800,36.3425,32.3346,30.3877,28.3138,26.3680,68.0197,30.3242
3597,Blue|Brown|Red|Yellow,#003776|#55331A|#E72F1D|#FFE800,36.3425,32.3346,30.3877,28.3138,26.3680,68.0197,30.3242
3598,Blue|Brown|Orange|Yellow,#003776|#55331A|#F67405|#FFE800,36.3425,32.3346,30.3877,28.3138,26.3680,68.0197,30.3242
3599,Azure Blue|Polymaker Teal|Brown|Olive Green,#0066D9|#4CC0C7|#55331A|#948902,42.2911,32.9176,29.9365,27.7605,26.1134,77.7237,30.3390
3600,Green|Black|Purple|Cold White,#06924D|#080A0D|#6C47B2|#D9DFE5,47.2922,35.7005,30.2443,25.0244,20.4138,80.2766,30.3624
3601,Blue|Black|Lime Green|Yellow,#003776|#080A0D|#D5D701|#FFE800,36.2912,32.3289,30.4321,28.4097,26.4934,68.2914,30.3693
3602,Blue|Lime Green|Red|Yellow,#003776|#D5D701|#E72F1D|#FFE800,36.2912,32.3289,30.4321,28.4097,26.4934,68.2914,30.3693
3603,Blue|Lime Green|Orange|Yellow,#003776|#D5D701|#F67405|#FFE800,36.2912,32.3289,30.4321,28.4097,26.4934,68.2914,30.3693
3604,Green|Brown|Cold White|Red,#06924D|#55331A|#D9DFE5|#E72F1D,41.1324,33.8457,30.3340,26.9062,23.6711,54.4644,30.3760
3605,Green|Brown|Tan|Cold White,#06924D|#55331A|#A79E82|#D9DFE5,41.0383,33.8732,30.3878,26.9419,23.7108,54.3147,30.4076
3606,Green|Brown|Olive Green|Cold White,#06924D|#55331A|#948902|#D9DFE5,41.0871,33.8970,30.4393,27.0006,23.7470,54.5958,30.4488
3607,Green|Brown|Lime Green|Cold White,#06924D|#55331A|#D5D701|#D9DFE5,41.0871,33.8970,30.4393,27.0006,23.7470,54.5958,30.4488
3608,Green|Brown|Cold White|Yellow,#06924D|#55331A|#D9DFE5|#FFE800,41.0871,33.8970,30.4393,27.0006,23.7470,54.5958,30.4488
3609,Azure Blue|Green|Olive Green|Red,#0066D9|#06924D|#948902|#E72F1D,40.6995,32.7360,30.1607,28.1742,26.4583,73.4788,30.4551
3610,Blue|Black|Brown|White,#003776|#080A0D|#55331A|#EBF7FF,38.8206,33.0895,30.4613,27.8244,25.3434,62.0067,30.4570
3611,Green|Brown|Cold White|Orange,#06924D|#55331A|#D9DFE5|#F67405,41.0677,33.8921,30.4385,27.0424,23.8379,54.2933,30.4672
3612,Azure Blue|Green|Dark Grey|Purple,#0066D9|#06924D|#485259|#6C47B2,51.8858,35.7794,29.8848,25.1666,21.7690,76.9796,30.4730
3613,Black|Polymaker Teal|Tan|White,#080A0D|#4CC0C7|#A79E82|#EBF7FF,39.3560,33.1593,30.4626,27.8090,25.2991,58.3285,30.4842
3614,Black|Dark Olive Drab|Olive Green|White,#080A0D|#575B54|#948902|#EBF7FF,39.7939,33.3771,30.4813,27.5949,25.0349,58.4102,30.4860
3615,Blue|Green|Dark Grey|Purple,#003776|#06924D|#485259|#6C47B2,52.1721,35.8688,29.9152,25.1355,21.6854,77.1741,30.5022
3616,Green|Brown|Cold White|Magenta,#06924D|#55331A|#D9DFE5|#F24574,41.2230,33.9803,30.4866,27.0359,23.8262,54.5462,30.5081
3617,Black|Grey|White|Pink,#080A0D|#8C9099|#EBF7FF|#F1A1AF,39.3188,33.2793,30.5394,27.7401,24.9464,56.7766,30.5097
3618,Green|Black|Tan|White,#06924D|#080A0D|#A79E82|#EBF7FF,39.4678,33.2333,30.4885,27.8035,25.2629,58.4775,30.5184
3619,Green|Dark Grey|Purple|Grey,#06924D|#485259|#6C47B2|#8C9099,41.7169,34.3938,30.7857,26.6650,22.3369,80.0502,30.5294
3620,Green|Brown|Cold White|White,#06924D|#55331A|#D9DFE5|#EBF7FF,41.0358,33.9266,30.5130,27.1462,23.9712,54.5374,30.5364
3621,Azure Blue|Dark Grey|Polymaker Teal|Olive Green,#0066D9|#485259|#4CC0C7|#948902,41.4471,32.9153,30.1841,28.1764,26.5637,79.5763,30.5459
3622,Green|Brown|Cold White|Pink,#06924D|#55331A|#D9DFE5|#F1A1AF,41.1741,34.0103,30.5429,27.1005,23.8279,54.8595,30.5554
3623,Green|Black|Dark Grey|Purple,#06924D|#080A0D|#485259|#6C47B2,52.4177,35.9053,29.9333,25.2223,21.8437,77.4449,30.5638
3624,Polymaker Teal|Tan|Cold White|Magenta,#4CC0C7|#A79E82|#D9DFE5|#F24574,37.5200,32.9742,30.7853,28.1977,25.2887,50.4881,30.5860
3625,Polymaker Teal|Tan|White|Magenta,#4CC0C7|#A79E82|#EBF7FF|#F24574,37.5411,33.0067,30.8066,28.2077,25.3110,50.1985,30.6072
3626,Polymaker Teal|Olive Green|Lime Green|Pink,#4CC0C7|#948902|#D5D701|#F1A1AF,38.8663,32.9107,30.6319,28.3059,26.0163,54.1913,30.6083
3627,Polymaker Teal|Olive Green|Pink|Orange,#4CC0C7|#948902|#F1A1AF|#F67405,38.8663,32.9107,30.6319,28.3059,26.0163,54.1913,30.6083
3628,Polymaker Teal|Olive Green|Pink|Yellow,#4CC0C7|#948902|#F1A1AF|#FFE800,38.8663,32.9107,30.6319,28.3059,26.0163,54.1913,30.6083
3629,Black|Tan|White|Magenta,#080A0D|#A79E82|#EBF7FF|#F24574,39.4720,33.3737,30.6215,27.8667,25.2855,57.8470,30.6202
3630,Green|Black|Olive Green|White,#06924D|#080A0D|#948902|#EBF7FF,39.9099,33.4451,30.5933,27.7989,25.2343,58.3144,30.6220
3631,Black|Polymaker Teal|Olive Green|White,#080A0D|#4CC0C7|#948902|#EBF7FF,39.9099,33.4451,30.5933,27.7989,25.2343,58.3144,30.6220
3632,Black|Dark Olive Drab|Tan|White,#080A0D|#575B54|#A79E82|#EBF7FF,39.4427,33.3031,30.6221,28.0089,25.5272,58.5841,30.6560
3633,Black|Brown|Olive Green|White,#080A0D|#55331A|#948902|#EBF7FF,39.2697,33.3483,30.6620,27.9877,25.4925,57.9158,30.6680
3634,Polymaker Teal|Tan|Pink|Magenta,#4CC0C7|#A79E82|#F1A1AF|#F24574,37.5349,33.0384,30.8798,28.2983,25.3844,50.6229,30.6684
3635,Polymaker Teal|Olive Green|White|Pink,#4CC0C7|#948902|#EBF7FF|#F1A1AF,38.8670,32.9509,30.6994,28.3973,26.0830,54.4298,30.6741
3636,Polymaker Teal|Tan|Lime Green|Magenta,#4CC0C7|#A79E82|#D5D701|#F24574,37.6455,33.1009,30.9001,28.2699,25.3437,50.5239,30.6854
3637,Polymaker Teal|Tan|Magenta|Orange,#4CC0C7|#A79E82|#F24574|#F67405,37.6455,33.1009,30.9001,28.2699,25.3437,50.5239,30.6854
3638,Polymaker Teal|Tan|Magenta|Yellow,#4CC0C7|#A79E82|#F24574|#FFE800,37.6455,33.1009,30.9001,28.2699,25.3437,50.5239,30.6854
3639,Black|Olive Green|Red|White,#080A0D|#948902|#E72F1D|#EBF7FF,39.9382,33.5418,30.6823,27.8685,25.3308,58.3121,30.7052
3640,Azure Blue|Black|Purple|Pink,#0066D9|#080A0D|#6C47B2|#F1A1AF,39.5439,33.0000,30.4972,28.4653,26.9864,51.1400,30.7327
3641,Azure Blue|Black|Red|Pink,#0066D9|#080A0D|#E72F1D|#F1A1AF,39.5439,33.0000,30.4972,28.4653,26.9864,51.1400,30.7327
3642,Azure Blue|Black|Pink|Magenta,#0066D9|#080A0D|#F1A1AF|#F24574,39.5439,33.0000,30.4972,28.4653,26.9864,51.1400,30.7327
3643,Azure Blue|Black|Pink|Orange,#0066D9|#080A0D|#F1A1AF|#F67405,39.5439,33.0000,30.4972,28.4653,26.9864,51.1400,30.7327
3644,Green|Purple|Pink|Yellow,#06924D|#6C47B2|#F1A1AF|#FFE800,52.3108,35.2846,29.8780,26.2192,23.8072,81.3317,30.7519
3645,Black|Tan|Lime Green|White,#080A0D|#A79E82|#D5D701|#EBF7FF,39.6055,33.4383,30.7212,28.0704,25.5578,58.1380,30.7543
3646,Polymaker Teal|Olive Green|Cold White|Pink,#4CC0C7|#948902|#D9DFE5|#F1A1AF,38.9558,33.0488,30.7780,28.4689,26.1339,55.0775,30.7588
3647,Azure Blue|Black|Brown|Pink,#0066D9|#080A0D|#55331A|#F1A1AF,39.5336,33.0201,30.5138,28.5007,27.0114,51.0468,30.7604
3648,Black|Olive Green|Lime Green|White,#080A0D|#948902|#D5D701|#EBF7FF,40.0025,33.6039,30.7512,27.9220,25.3616,58.4958,30.7630
3649,Blue|Black|White|Orange,#003776|#080A0D|#EBF7FF|#F67405,39.6337,33.5632,30.7724,27.9908,25.4065,62.6364,30.7770
3650,Black|Grey|White|Magenta,#080A0D|#8C9099|#EBF7FF|#F24574,39.7601,33.6960,30.9170,28.0137,25.0621,58.7051,30.8548
3651,Green|Black|Purple|Grey,#06924D|#080A0D|#6C47B2|#8C9099,43.2079,35.0013,31.0945,26.7476,22.0493,82.5677,30.8745
3652,Blue|Green|Purple|Lime Green,#003776|#06924D|#6C47B2|#D5D701,46.8853,34.5101,30.2776,27.2402,25.2612,80.8226,30.8751
3653,Black|Tan|White|Pink,#080A0D|#A79E82|#EBF7FF|#F1A1AF,39.6057,33.5843,30.8901,28.1920,25.6128,58.1504,30.8882
3654,Black|Brown|Tan|White,#080A0D|#55331A|#A79E82|#EBF7FF,39.1314,33.5029,30.9084,28.2836,25.7483,58.2449,30.8933
3655,Green|Polymaker Teal|Cold White|Red,#06924D|#4CC0C7|#D9DFE5|#E72F1D,37.3268,33.0581,31.0833,28.7624,26.1227,50.3720,30.9103
3656,Green|Black|Purple|Yellow,#06924D|#080A0D|#6C47B2|#FFE800,51.5988,35.5788,30.1020,26.2442,24.0195,82.1024,30.9115
3657,Azure Blue|Polymaker Teal|Purple|White,#0066D9|#4CC0C7|#6C47B2|#EBF7FF,46.6380,34.3636,30.4609,27.4827,25.3765,73.1935,30.9232
3658,Azure Blue|Black|Polymaker Teal|Purple,#0066D9|#080A0D|#4CC0C7|#6C47B2,43.9517,34.5317,30.7238,27.3543,24.6192,78.4101,30.9430
3659,Polymaker Teal|Olive Green|Red|Orange,#4CC0C7|#948902|#E72F1D|#F67405,37.6555,33.1666,31.1008,28.7226,26.0230,50.3037,30.9446
3660,Azure Blue|Black|Brown|White,#0066D9|#080A0D|#55331A|#EBF7FF,39.2167,33.5076,30.9477,28.3848,25.9016,61.0068,30.9462
3661,Green|Polymaker Teal|Red|White,#06924D|#4CC0C7|#E72F1D|#EBF7FF,37.2942,33.0437,31.1042,28.8619,26.2610,50.1221,30.9528
3662,Black|Tan|Red|White,#080A0D|#A79E82|#E72F1D|#EBF7FF,39.6903,33.6783,30.9718,28.2325,25.5829,58.2170,30.9554
3663,Black|Tan|White|Yellow,#080A0D|#A79E82|#EBF7FF|#FFE800,39.7391,33.6398,30.9364,28.2879,25.7736,58.4000,30.9638
3664,Green|Black|White|Magenta,#06924D|#080A0D|#EBF7FF|#F24574,40.1111,33.8245,30.9385,28.1163,25.4902,58.2277,30.9704
3665,Polymaker Teal|Olive Green|Cold White|Red,#4CC0C7|#948902|#D9DFE5|#E72F1D,37.6693,33.2189,31.1676,28.7943,26.1094,50.4560,31.0066
3666,Polymaker Teal|Tan|Red|Magenta,#4CC0C7|#A79E82|#E72F1D|#F24574,37.7692,33.3243,31.2057,28.7047,25.8531,50.2385,31.0145
3667,Blue|Black|Polymaker Teal|Purple,#003776|#080A0D|#4CC0C7|#6C47B2,44.0140,34.6019,30.8067,27.4271,24.7021,78.4324,31.0145
3668,Green|Purple|Cold White|Yellow,#06924D|#6C47B2|#D9DFE5|#FFE800,52.5536,35.5298,30.1190,26.5065,24.3103,81.9574,31.0181
3669,Polymaker Teal|Olive Green|Lime Green|Red,#4CC0C7|#948902|#D5D701|#E72F1D,37.7380,33.2533,31.1994,28.8250,26.1261,50.5928,31.0392
3670,Polymaker Teal|Olive Green|Red|Yellow,#4CC0C7|#948902|#E72F1D|#FFE800,37.7380,33.2533,31.1994,28.8250,26.1261,50.5928,31.0392
3671,Polymaker Teal|Olive Green|Red|Pink,#4CC0C7|#948902|#E72F1D|#F1A1AF,37.6831,33.2487,31.2156,28.8360,26.1408,50.4357,31.0424
3672,Dark Olive Drab|Purple|Grey|Lime Green,#575B54|#6C47B2|#8C9099|#D5D701,38.5172,33.7949,31.3008,28.2922,24.8028,101.1678,31.0435
3673,Black|Polymaker Teal|White|Orange,#080A0D|#4CC0C7|#EBF7FF|#F67405,39.8288,33.7873,31.0421,28.3009,25.6409,57.9256,31.0441
3674,Black|Brown|White|Yellow,#080A0D|#55331A|#EBF7FF|#FFE800,39.1992,33.5997,31.0590,28.4938,26.0227,58.2939,31.0468
3675,Azure Blue|Brown|Purple|Pink,#0066D9|#55331A|#6C47B2|#F1A1AF,38.4805,32.9374,30.9277,29.1757,27.7457,50.9063,31.0565
3676,Azure Blue|Brown|Red|Pink,#0066D9|#55331A|#E72F1D|#F1A1AF,38.4805,32.9374,30.9277,29.1757,27.7457,50.9063,31.0565
3677,Azure Blue|Brown|Pink|Magenta,#0066D9|#55331A|#F1A1AF|#F24574,38.4805,32.9374,30.9277,29.1757,27.7457,50.9063,31.0565
3678,Azure Blue|Brown|Pink|Orange,#0066D9|#55331A|#F1A1AF|#F67405,38.4805,32.9374,30.9277,29.1757,27.7457,50.9063,31.0565
3679,Polymaker Teal|Tan|Cold White|Pink,#4CC0C7|#A79E82|#D9DFE5|#F1A1AF,36.1676,33.0570,31.3171,29.0608,26.4571,52.7629,31.0589
3680,Polymaker Teal|Olive Green|Tan|Red,#4CC0C7|#948902|#A79E82|#E72F1D,37.6970,33.2772,31.2260,28.8419,26.1548,50.4040,31.0595
3681,Green|Polymaker Teal|Red|Pink,#06924D|#4CC0C7|#E72F1D|#F1A1AF,37.3813,33.1728,31.2325,28.9652,26.3839,50.4461,31.0690
3682,Green|Polymaker Teal|Red|Orange,#06924D|#4CC0C7|#E72F1D|#F67405,37.4276,33.2083,31.2414,28.9352,26.2794,50.4463,31.0718
3683,Polymaker Teal|Tan|White|Pink,#4CC0C7|#A79E82|#EBF7FF|#F1A1AF,36.1893,33.0688,31.3309,29.0812,26.4955,52.7721,31.0750
3684,Black|Brown|White|Pink,#080A0D|#55331A|#EBF7FF|#F1A1AF,39.4521,33.6733,31.0654,28.4876,26.0582,57.8662,31.0804
3685,Black|Brown|Lime Green|White,#080A0D|#55331A|#D5D701|#EBF7FF,39.2539,33.6305,31.0867,28.5424,26.0826,57.5535,31.0864
3686,Black|Brown|White|Magenta,#080A0D|#55331A|#EBF7FF|#F24574,39.4644,33.6731,31.0837,28.5205,26.0716,57.6259,31.0968
3687,Polymaker Teal|Olive Green|Red|White,#4CC0C7|#948902|#E72F1D|#EBF7FF,37.7395,33.3040,31.2623,28.8986,26.2311,50.4759,31.1013
3688,Black|Cold White|Red|White,#080A0D|#D9DFE5|#E72F1D|#EBF7FF,40.2205,33.9679,31.1320,28.2654,25.4871,58.3837,31.1166
3689,Blue|Black|Purple|White,#003776|#080A0D|#6C47B2|#EBF7FF,40.5058,34.0749,31.1393,28.1622,25.4462,72.4751,31.1185
3690,Polymaker Teal|Olive Green|Tan|Pink,#4CC0C7|#948902|#A79E82|#F1A1AF,36.2354,33.1090,31.3741,29.1323,26.5156,52.8276,31.1206
3691,Polymaker Teal|Tan|Lime Green|Pink,#4CC0C7|#A79E82|#D5D701|#F1A1AF,36.2354,33.1090,31.3741,29.1323,26.5156,52.8276,31.1206
3692,Polymaker Teal|Tan|Pink|Orange,#4CC0C7|#A79E82|#F1A1AF|#F67405,36.2354,33.1090,31.3741,29.1323,26.5156,52.8276,31.1206
3693,Polymaker Teal|Tan|Pink|Yellow,#4CC0C7|#A79E82|#F1A1AF|#FFE800,36.2354,33.1090,31.3741,29.1323,26.5156,52.8276,31.1206
3694,Black|Lime Green|White|Magenta,#080A0D|#D5D701|#EBF7FF|#F24574,39.9980,33.8550,31.1026,28.4008,25.8934,57.8415,31.1279
3695,Green|Black|White|Pink,#06924D|#080A0D|#EBF7FF|#F1A1AF,40.0860,33.9535,31.1702,28.3532,25.5999,57.5794,31.1533
3696,Black|Olive Green|White|Orange,#080A0D|#948902|#EBF7FF|#F67405,40.0134,33.9235,31.1361,28.3869,25.8200,58.7220,31.1552
3697,Green|Polymaker Teal|Tan|Red,#06924D|#4CC0C7|#A79E82|#E72F1D,37.5561,33.3128,31.3339,29.0095,26.3542,50.6850,31.1612
3698,Green|Black|Red|White,#06924D|#080A0D|#E72F1D|#EBF7FF,40.0638,33.9586,31.1644,28.3670,25.7250,58.5412,31.1628
3699,Green|Polymaker Teal|Olive Green|Red,#06924D|#4CC0C7|#948902|#E72F1D,37.5375,33.3206,31.3497,29.0158,26.3626,50.8383,31.1682
3700,Green|Polymaker Teal|Lime Green|Red,#06924D|#4CC0C7|#D5D701|#E72F1D,37.5375,33.3206,31.3497,29.0158,26.3626,50.8383,31.1682
3701,Green|Polymaker Teal|Red|Yellow,#06924D|#4CC0C7|#E72F1D|#FFE800,37.5375,33.3206,31.3497,29.0158,26.3626,50.8383,31.1682
3702,Black|Lime Green|White|Pink,#080A0D|#D5D701|#EBF7FF|#F1A1AF,39.9618,33.8697,31.1498,28.4756,25.9728,57.5723,31.1727
3703,Black|Tan|White|Orange,#080A0D|#A79E82|#EBF7FF|#F67405,39.8261,33.8947,31.2022,28.4863,25.8585,58.1840,31.1905
3704,Blue|Black|Red|White,#003776|#080A0D|#E72F1D|#EBF7FF,40.2575,34.1692,31.2826,28.2442,25.3627,63.5926,31.2067
3705,Azure Blue|Polymaker Teal|Dark Olive Drab|Olive Green,#0066D9|#4CC0C7|#575B54|#948902,41.7650,33.5112,30.8880,28.9096,27.2479,79.5249,31.2104
3706,Black|Lime Green|Red|White,#080A0D|#D5D701|#E72F1D|#EBF7FF,40.0701,33.9590,31.2100,28.4710,25.9165,58.6927,31.2150
3707,Green|Black|Dark Olive Drab|White,#06924D|#080A0D|#575B54|#EBF7FF,39.8410,33.9158,31.2534,28.5198,25.8691,58.7990,31.2178
3708,Black|Polymaker Teal|Brown|White,#080A0D|#4CC0C7|#55331A|#EBF7FF,39.3470,33.7525,31.2217,28.7030,26.2745,57.9295,31.2278
3709,Blue|Azure Blue|Pink|Yellow,#003776|#0066D9|#F1A1AF|#FFE800,38.8442,34.1201,31.5199,28.3393,24.7459,88.9690,31.2297
3710,Dark Grey|Purple|Lime Green|Cold White,#485259|#6C47B2|#D5D701|#D9DFE5,38.3016,34.0261,31.5734,28.4377,24.7579,90.8862,31.2319
3711,Black|Brown|White|Orange,#080A0D|#55331A|#EBF7FF|#F67405,39.6004,33.8472,31.2425,28.6264,26.1445,58.6888,31.2368
3712,Green|Purple|Tan|Yellow,#06924D|#6C47B2|#A79E82|#FFE800,52.4647,35.7188,30.3504,26.7757,24.5561,81.9039,31.2473
3713,Black|Cold White|White|Pink,#080A0D|#D9DFE5|#EBF7FF|#F1A1AF,40.0283,34.0140,31.2796,28.4859,25.7322,57.4383,31.2500
3714,Green|Purple|Grey|Yellow,#06924D|#6C47B2|#8C9099|#FFE800,52.2284,35.7156,30.4377,26.8121,24.5763,81.8817,31.2639
3715,Azure Blue|Green|Purple|Yellow,#0066D9|#06924D|#6C47B2|#FFE800,52.5922,35.7735,30.3742,26.7605,24.5613,82.9948,31.2670
3716,Black|Dark Olive Drab|Lime Green|White,#080A0D|#575B54|#D5D701|#EBF7FF,39.9214,33.9723,31.2638,28.5695,26.0557,58.9735,31.2709
3717,Green|Black|White|Orange,#06924D|#080A0D|#EBF7FF|#F67405,40.0437,34.0361,31.2806,28.5483,25.9598,58.7041,31.2922
3718,Azure Blue|Dark Grey|Olive Green|Orange,#0066D9|#485259|#948902|#F67405,42.4882,33.7169,30.8699,28.8738,27.3845,81.1450,31.2954
3719,Azure Blue|Purple|Orange|Yellow,#0066D9|#6C47B2|#F67405|#FFE800,39.9723,33.7979,31.2460,28.8348,26.7666,79.1405,31.3164
3720,Black|Purple|Cold White|White,#080A0D|#6C47B2|#D9DFE5|#EBF7FF,41.7135,34.6584,31.3296,27.9844,24.9572,78.4016,31.3214
3721,Black|Cold White|White|Magenta,#080A0D|#D9DFE5|#EBF7FF|#F24574,40.2228,34.1914,31.3692,28.4537,25.6074,58.0231,31.3226
3722,Green|Black|Brown|White,#06924D|#080A0D|#55331A|#EBF7FF,39.3769,33.8411,31.3358,28.8247,26.3852,57.8542,31.3329
3723,Black|Olive Green|White|Yellow,#080A0D|#948902|#EBF7FF|#FFE800,40.1966,34.0389,31.2853,28.6366,26.1858,59.0325,31.3377
3724,Dark Olive Drab|Purple|Grey|Olive Green,#575B54|#6C47B2|#8C9099|#948902,39.8763,34.2768,31.5938,28.4015,24.7578,88.2662,31.3392
3725,Polymaker Teal|Tan|Red|Pink,#4CC0C7|#A79E82|#E72F1D|#F1A1AF,37.2954,33.4722,31.5631,29.2159,26.4936,50.0805,31.3441
3726,Black|Brown|Red|White,#080A0D|#55331A|#E72F1D|#EBF7FF,39.8307,34.0012,31.3621,28.6959,26.1379,58.2411,31.3485
3727,Azure Blue|Polymaker Teal|Cold White|Magenta,#0066D9|#4CC0C7|#D9DFE5|#F24574,38.4748,33.6904,31.5040,29.0152,26.2266,50.8196,31.3528
3728,Green|Black|Purple|Lime Green,#06924D|#080A0D|#6C47B2|#D5D701,50.9287,35.7898,30.5816,26.9325,24.7349,83.1017,31.3611
3729,Black|White|Magenta|Yellow,#080A0D|#EBF7FF|#F24574|#FFE800,40.0242,34.0477,31.3549,28.6801,26.1450,58.2319,31.3639
3730,Polymaker Teal|Tan|Cold White|Red,#4CC0C7|#A79E82|#D9DFE5|#E72F1D,37.3594,33.5316,31.6266,29.2917,26.5690,50.4939,31.4116
3731,Azure Blue|Polymaker Teal|White|Magenta,#0066D9|#4CC0C7|#EBF7FF|#F24574,38.6225,33.8171,31.5905,29.0319,26.2023,50.5068,31.4245
3732,Azure Blue|Polymaker Teal|Pink|Magenta,#0066D9|#4CC0C7|#F1A1AF|#F24574,38.6166,33.8107,31.5738,29.0395,26.2173,50.4514,31.4251
3733,Black|Lime Green|White|Orange,#080A0D|#D5D701|#EBF7FF|#F67405,40.0928,34.1508,31.4277,28.6999,26.1111,58.9815,31.4254
3734,Polymaker Teal|Tan|Red|White,#4CC0C7|#A79E82|#E72F1D|#EBF7FF,37.4154,33.5538,31.6357,29.3028,26.5822,50.2309,31.4283
3735,Black|White|Pink|Orange,#080A0D|#EBF7FF|#F1A1AF|#F67405,40.0103,34.0805,31.4366,28.7935,26.2145,57.5349,31.4370
3736,Green|Purple|Lime Green|Pink,#06924D|#6C47B2|#D5D701|#F1A1AF,52.0029,35.7474,30.6761,27.1358,24.7869,82.4405,31.4416
3737,Black|White|Magenta|Orange,#080A0D|#EBF7FF|#F24574|#F67405,40.0231,34.1215,31.4473,28.7618,26.2155,58.3683,31.4416
3738,Black|Brown|Purple|White,#080A0D|#55331A|#6C47B2|#EBF7FF,39.5597,34.0111,31.4677,28.8760,26.3934,65.1510,31.4436
3739,Black|Brown|Dark Olive Drab|White,#080A0D|#55331A|#575B54|#EBF7FF,39.4430,33.9681,31.4753,28.9394,26.4564,58.1384,31.4538
3740,Azure Blue|Black|White|Orange,#0066D9|#080A0D|#EBF7FF|#F67405,40.1506,34.2496,31.5336,28.7428,26.0978,61.8776,31.4962
3741,Black|Dark Olive Drab|White|Yellow,#080A0D|#575B54|#EBF7FF|#FFE800,40.1085,34.1993,31.5038,28.8047,26.2870,59.5069,31.5020
3742,Black|Red|White|Yellow,#080A0D|#E72F1D|#EBF7FF|#FFE800,40.1537,34.2347,31.5384,28.7892,26.1648,58.7187,31.5120
3743,Black|White|Orange|Yellow,#080A0D|#EBF7FF|#F67405|#FFE800,40.1134,34.2277,31.5299,28.8056,26.2136,59.1041,31.5167
3744,Green|Polymaker Teal|Purple|Yellow,#06924D|#4CC0C7|#6C47B2|#FFE800,52.6632,35.8777,30.6232,27.1620,25.0493,81.4847,31.5198
3745,Azure Blue|Black|Purple|White,#0066D9|#080A0D|#6C47B2|#EBF7FF,40.7198,34.4101,31.5331,28.6390,25.9411,68.0123,31.5245
3746,Black|White|Pink|Yellow,#080A0D|#EBF7FF|#F1A1AF|#FFE800,40.1372,34.1999,31.5253,28.8622,26.3286,58.1868,31.5310
3747,Azure Blue|Dark Grey|Olive Green|Magenta,#0066D9|#485259|#948902|#F24574,42.4436,33.9258,31.1389,29.1526,27.6228,80.9338,31.5392
3748,Blue|Black|White|Pink,#003776|#080A0D|#EBF7FF|#F1A1AF,40.3384,34.4015,31.6186,28.7014,25.8244,63.6285,31.5514
3749,Dark Grey|Purple|Grey|Lime Green,#485259|#6C47B2|#8C9099|#D5D701,37.7661,34.0108,31.8890,29.0959,25.6592,96.4149,31.5534
3750,Green|Purple|Tan|Lime Green,#06924D|#6C47B2|#A79E82|#D5D701,51.8233,35.7899,30.7580,27.3553,25.1561,82.0556,31.5726
3751,Black|Red|White|Pink,#080A0D|#E72F1D|#EBF7FF|#F1A1AF,40.2631,34.3262,31.5998,28.8288,26.0758,58.0157,31.5775
3752,Azure Blue|Brown|Magenta|Orange,#0066D9|#55331A|#F24574|#F67405,40.1620,33.3792,31.2355,29.7774,28.9602,60.4790,31.5783
3753,Azure Blue|Purple|Red|Yellow,#0066D9|#6C47B2|#E72F1D|#FFE800,40.3384,34.1004,31.5281,29.0628,26.9677,79.1962,31.5816
3754,Black|Red|White|Orange,#080A0D|#E72F1D|#EBF7FF|#F67405,40.2013,34.3091,31.6182,28.8790,26.2497,58.5616,31.5940
3755,Black|White|Pink|Magenta,#080A0D|#EBF7FF|#F1A1AF|#F24574,40.3267,34.3861,31.6487,28.8420,26.0388,59.2619,31.6141
3756,Black|Red|White|Magenta,#080A0D|#E72F1D|#EBF7FF|#F24574,40.2548,34.3640,31.6738,28.8972,26.1589,57.6373,31.6306
3757,Azure Blue|Black|White|Pink,#0066D9|#080A0D|#EBF7FF|#F1A1AF,40.5474,34.4966,31.6945,28.7697,25.8404,60.5132,31.6331
3758,Polymaker Teal|Lime Green|Cold White|Magenta,#4CC0C7|#D5D701|#D9DFE5|#F24574,38.8265,34.0160,31.7955,29.2643,26.4511,50.6729,31.6401
3759,Green|Black|Lime Green|White,#06924D|#080A0D|#D5D701|#EBF7FF,40.3443,34.3379,31.6284,28.9527,26.4762,59.3175,31.6453
3760,Black|Polymaker Teal|Lime Green|White,#080A0D|#4CC0C7|#D5D701|#EBF7FF,40.3443,34.3379,31.6284,28.9527,26.4762,59.3175,31.6453
3761,Blue|Black|White|Magenta,#003776|#080A0D|#EBF7FF|#F24574,40.6697,34.5763,31.7203,28.7309,25.8437,65.1794,31.6536
3762,Polymaker Teal|Lime Green|Pink|Magenta,#4CC0C7|#D5D701|#F1A1AF|#F24574,38.8460,34.0427,31.8384,29.3060,26.4721,50.6403,31.6744
3763,Polymaker Teal|Lime Green|Magenta|Yellow,#4CC0C7|#D5D701|#F24574|#FFE800,38.8804,34.0687,31.8481,29.3029,26.4588,50.5788,31.6858
3764,Green|Purple|White|Yellow,#06924D|#6C47B2|#EBF7FF|#FFE800,52.9410,36.0467,30.7515,27.3294,25.2019,82.8677,31.6880
3765,Polymaker Teal|Brown|Tan|White,#4CC0C7|#55331A|#A79E82|#EBF7FF,40.1069,34.4848,31.6957,28.8916,26.2276,56.1941,31.6882
3766,Green|Purple|Grey|Lime Green,#06924D|#6C47B2|#8C9099|#D5D701,51.7550,35.8345,30.8486,27.5524,25.4319,81.3255,31.6935
3767,Polymaker Teal|Brown|White|Orange,#4CC0C7|#55331A|#EBF7FF|#F67405,40.1496,34.4993,31.6851,28.9093,26.2207,55.9319,31.7043
3768,Polymaker Teal|Lime Green|White|Magenta,#4CC0C7|#D5D701|#EBF7FF|#F24574,38.8726,34.0894,31.8724,29.3349,26.5095,50.7333,31.7121
3769,Azure Blue|Black|Red|White,#0066D9|#080A0D|#E72F1D|#EBF7FF,40.5799,34.6145,31.8231,28.8108,25.8561,65.9110,31.7127
3770,Azure Blue|Purple|Pink|Yellow,#0066D9|#6C47B2|#F1A1AF|#FFE800,40.3506,34.2598,31.7050,29.2183,27.0350,79.0386,31.7391
3771,Green|Black|Polymaker Teal|White,#06924D|#080A0D|#4CC0C7|#EBF7FF,40.5293,34.4822,31.7729,29.0061,26.2876,59.5465,31.7441
3772,Azure Blue|Black|Dark Grey|Olive Green,#0066D9|#080A0D|#485259|#948902,43.0216,34.2133,31.3420,29.2942,27.7488,81.5003,31.7538
3773,Azure Blue|Purple|Magenta|Yellow,#0066D9|#6C47B2|#F24574|#FFE800,40.4092,34.2646,31.7160,29.2478,27.1341,79.8827,31.7562
3774,Green|Black|White|Yellow,#06924D|#080A0D|#EBF7FF|#FFE800,40.3480,34.4045,31.7428,29.1152,26.5945,59.5462,31.7598
3775,Black|Polymaker Teal|White|Yellow,#080A0D|#4CC0C7|#EBF7FF|#FFE800,40.3480,34.4045,31.7428,29.1152,26.5945,59.5462,31.7598
3776,Black|Lime Green|White|Yellow,#080A0D|#D5D701|#EBF7FF|#FFE800,40.3480,34.4045,31.7428,29.1152,26.5945,59.5462,31.7598
3777,Azure Blue|Purple|Cold White|Yellow,#0066D9|#6C47B2|#D9DFE5|#FFE800,40.4067,34.2570,31.7099,29.2682,27.1488,80.1683,31.7626
3778,Blue|Azure Blue|Dark Grey|Olive Green,#003776|#0066D9|#485259|#948902,42.9918,34.2262,31.3824,29.3148,27.7339,81.0846,31.7705
3779,Polymaker Teal|Tan|Lime Green|Red,#4CC0C7|#A79E82|#D5D701|#E72F1D,37.7542,33.8981,31.9972,29.6619,26.9199,50.5565,31.7800
3780,Polymaker Teal|Tan|Red|Orange,#4CC0C7|#A79E82|#E72F1D|#F67405,37.7542,33.8981,31.9972,29.6619,26.9199,50.5565,31.7800
3781,Polymaker Teal|Tan|Red|Yellow,#4CC0C7|#A79E82|#E72F1D|#FFE800,37.7542,33.8981,31.9972,29.6619,26.9199,50.5565,31.7800
3782,Green|Polymaker Teal|Brown|White,#06924D|#4CC0C7|#55331A|#EBF7FF,40.2175,34.5572,31.7708,29.0134,26.3145,56.0069,31.7853
3783,Polymaker Teal|Brown|Olive Green|White,#4CC0C7|#55331A|#948902|#EBF7FF,40.2175,34.5572,31.7708,29.0134,26.3145,56.0069,31.7853
3784,Polymaker Teal|Brown|Lime Green|White,#4CC0C7|#55331A|#D5D701|#EBF7FF,40.2175,34.5572,31.7708,29.0134,26.3145,56.0069,31.7853
3785,Polymaker Teal|Brown|White|Yellow,#4CC0C7|#55331A|#EBF7FF|#FFE800,40.2175,34.5572,31.7708,29.0134,26.3145,56.0069,31.7853
3786,Azure Blue|Purple|White|Orange,#0066D9|#6C47B2|#EBF7FF|#F67405,36.1532,33.2550,31.8404,30.3204,28.9225,54.8883,31.7877
3787,Blue|Azure Blue|Brown|Orange,#003776|#0066D9|#55331A|#F67405,40.2290,33.5709,31.4721,30.0290,29.1620,60.7279,31.8000
3788,Azure Blue|Polymaker Teal|White|Pink,#0066D9|#4CC0C7|#EBF7FF|#F1A1AF,37.5294,33.8759,32.0009,29.7363,27.2603,51.4633,31.8061
3789,Azure Blue|Polymaker Teal|Cold White|Pink,#0066D9|#4CC0C7|#D9DFE5|#F1A1AF,37.5386,33.8793,32.0011,29.7524,27.2899,51.9175,31.8158
3790,Azure Blue|Dark Grey|Purple|Olive Green,#0066D9|#485259|#6C47B2|#948902,43.0396,34.2887,31.4256,29.3718,27.7961,81.3100,31.8302
3791,Azure Blue|Purple|White|Yellow,#0066D9|#6C47B2|#EBF7FF|#FFE800,40.4742,34.3194,31.7766,29.3525,27.2694,80.9387,31.8360
3792,Azure Blue|White|Pink|Orange,#0066D9|#EBF7FF|#F1A1AF|#F67405,36.2557,33.3349,31.8965,30.3477,28.9450,55.1936,31.8413
3793,Azure Blue|White|Magenta|Orange,#0066D9|#EBF7FF|#F24574|#F67405,36.2839,33.3431,31.8956,30.3397,28.9380,54.8299,31.8414
3794,Blue|Purple|Red|Pink,#003776|#6C47B2|#E72F1D|#F1A1AF,35.7974,33.2250,31.9245,30.4647,28.9575,67.6561,31.8448
3795,Blue|Purple|Pink|Magenta,#003776|#6C47B2|#F1A1AF|#F24574,35.7974,33.2250,31.9245,30.4647,28.9575,67.6561,31.8448
3796,Blue|Red|Pink|Magenta,#003776|#E72F1D|#F1A1AF|#F24574,35.7974,33.2250,31.9245,30.4647,28.9575,67.6561,31.8448
3797,Azure Blue|Dark Grey|Dark Olive Drab|Olive Green,#0066D9|#485259|#575B54|#948902,42.9147,34.2876,31.5150,29.4744,27.8144,80.6707,31.8810
3798,Azure Blue|Red|White|Orange,#0066D9|#E72F1D|#EBF7FF|#F67405,36.2959,33.3885,31.9486,30.3975,28.9986,54.8087,31.8930
3799,Polymaker Teal|Red|Pink|Magenta,#4CC0C7|#E72F1D|#F1A1AF|#F24574,38.5231,34.1658,32.0815,29.6273,26.7942,50.3720,31.8966
3800,Blue|Azure Blue|Purple|Pink,#003776|#0066D9|#6C47B2|#F1A1AF,35.8404,33.3023,32.0011,30.5300,29.0026,67.8855,31.9161
3801,Blue|Azure Blue|Red|Pink,#003776|#0066D9|#E72F1D|#F1A1AF,35.8404,33.3023,32.0011,30.5300,29.0026,67.8855,31.9161
3802,Blue|Azure Blue|Pink|Magenta,#003776|#0066D9|#F1A1AF|#F24574,35.8404,33.3023,32.0011,30.5300,29.0026,67.8855,31.9161
3803,Azure Blue|Black|Brown|Orange,#0066D9|#080A0D|#55331A|#F67405,40.3092,33.7358,31.5955,30.1047,29.2211,60.9184,31.9203
3804,Azure Blue|Brown|Purple|Orange,#0066D9|#55331A|#6C47B2|#F67405,40.3092,33.7358,31.5955,30.1047,29.2211,60.9184,31.9203
3805,Azure Blue|Brown|Red|Orange,#0066D9|#55331A|#E72F1D|#F67405,40.3092,33.7358,31.5955,30.1047,29.2211,60.9184,31.9203
3806,Azure Blue|Dark Grey|Olive Green|Red,#0066D9|#485259|#948902|#E72F1D,43.0727,34.3264,31.5169,29.5388,28.0144,81.0023,31.9326
3807,Blue|Azure Blue|Pink|Orange,#003776|#0066D9|#F1A1AF|#F67405,36.1197,33.4722,32.0647,30.4070,28.6986,69.2723,31.9396
3808,Azure Blue|Black|White|Magenta,#0066D9|#080A0D|#EBF7FF|#F24574,40.9027,34.9018,32.0339,28.9840,25.9648,64.5991,31.9429
3809,Polymaker Teal|Lime Green|Red|Magenta,#4CC0C7|#D5D701|#E72F1D|#F24574,38.5542,34.2184,32.1571,29.6897,26.8307,50.4551,31.9541
3810,Polymaker Teal|Red|White|Magenta,#4CC0C7|#E72F1D|#EBF7FF|#F24574,38.5626,34.2155,32.1408,29.6944,26.8773,50.2260,31.9549
3811,Green|Polymaker Teal|White|Pink,#06924D|#4CC0C7|#EBF7FF|#F1A1AF,38.9890,34.1595,32.0420,29.7639,27.4228,55.3304,31.9617
3812,Blue|Purple|Pink|Orange,#003776|#6C47B2|#F1A1AF|#F67405,36.1680,33.5015,32.0888,30.4317,28.7163,69.4597,31.9666
3813,Blue|Red|Pink|Orange,#003776|#E72F1D|#F1A1AF|#F67405,36.1680,33.5015,32.0888,30.4317,28.7163,69.4597,31.9666
3814,Blue|Pink|Magenta|Orange,#003776|#F1A1AF|#F24574|#F67405,36.1680,33.5015,32.0888,30.4317,28.7163,69.4597,31.9666
3815,Azure Blue|Dark Grey|Brown|Olive Green,#0066D9|#485259|#55331A|#948902,43.1551,34.4637,31.5869,29.4778,27.8999,81.2461,31.9707
3816,Black|Purple|White|Orange,#080A0D|#6C47B2|#EBF7FF|#F67405,40.5778,34.7012,31.9992,29.2470,26.6502,72.5045,31.9741
3817,Polymaker Teal|Cold White|Magenta|Yellow,#4CC0C7|#D9DFE5|#F24574|#FFE800,39.0427,34.3227,32.1404,29.6268,26.7909,50.5808,31.9748
3818,Polymaker Teal|White|Magenta|Yellow,#4CC0C7|#EBF7FF|#F24574|#FFE800,39.1343,34.3520,32.1538,29.6082,26.7640,50.7978,31.9801
3819,Polymaker Teal|Cold White|Red|Magenta,#4CC0C7|#D9DFE5|#E72F1D|#F24574,38.4868,34.2220,32.1748,29.7435,26.9300,50.3959,31.9827
3820,Polymaker Teal|Red|Magenta|Orange,#4CC0C7|#E72F1D|#F24574|#F67405,38.6377,34.2963,32.1967,29.6966,26.8363,50.8435,31.9964
3821,Polymaker Teal|Red|Magenta|Yellow,#4CC0C7|#E72F1D|#F24574|#FFE800,38.6377,34.2963,32.1967,29.6966,26.8363,50.8435,31.9964
3822,Polymaker Teal|Pink|Magenta|Yellow,#4CC0C7|#F1A1AF|#F24574|#FFE800,39.0957,34.3586,32.1653,29.6393,26.7861,50.9624,31.9990
3823,Green|Polymaker Teal|Olive Green|Pink,#06924D|#4CC0C7|#948902|#F1A1AF,39.0385,34.2555,32.1217,29.8066,27.4458,54.9789,32.0310
3824,Green|Polymaker Teal|Lime Green|Pink,#06924D|#4CC0C7|#D5D701|#F1A1AF,39.0385,34.2555,32.1217,29.8066,27.4458,54.9789,32.0310
3825,Green|Polymaker Teal|Pink|Orange,#06924D|#4CC0C7|#F1A1AF|#F67405,39.0385,34.2555,32.1217,29.8066,27.4458,54.9789,32.0310
3826,Green|Polymaker Teal|Pink|Yellow,#06924D|#4CC0C7|#F1A1AF|#FFE800,39.0385,34.2555,32.1217,29.8066,27.4458,54.9789,32.0310
3827,Polymaker Teal|Brown|Red|Orange,#4CC0C7|#55331A|#E72F1D|#F67405,42.5789,35.6214,32.1590,28.4489,24.5247,71.7024,32.0351
3828,Green|Polymaker Teal|Tan|Pink,#06924D|#4CC0C7|#A79E82|#F1A1AF,39.0357,34.2557,32.1339,29.8254,27.4490,55.2533,32.0405
3829,Azure Blue|Dark Olive Drab|Olive Green|Magenta,#0066D9|#575B54|#948902|#F24574,42.2567,34.2660,31.7226,29.8201,28.2096,79.1469,32.0430
3830,Green|Polymaker Teal|Brown|Red,#06924D|#4CC0C7|#55331A|#E72F1D,42.5420,35.6615,32.1847,28.4417,24.5087,72.1598,32.0516
3831,Polymaker Teal|Brown|Olive Green|Red,#4CC0C7|#55331A|#948902|#E72F1D,42.5420,35.6615,32.1847,28.4417,24.5087,72.1598,32.0516
3832,Polymaker Teal|Brown|Lime Green|Red,#4CC0C7|#55331A|#D5D701|#E72F1D,42.5420,35.6615,32.1847,28.4417,24.5087,72.1598,32.0516
3833,Polymaker Teal|Brown|Red|Yellow,#4CC0C7|#55331A|#E72F1D|#FFE800,42.5420,35.6615,32.1847,28.4417,24.5087,72.1598,32.0516
3834,Azure Blue|Black|Polymaker Teal|Olive Green,#0066D9|#080A0D|#4CC0C7|#948902,44.0108,34.6476,31.5809,29.4630,27.8826,81.1317,32.0553
3835,Green|Polymaker Teal|Cold White|Pink,#06924D|#4CC0C7|#D9DFE5|#F1A1AF,39.1029,34.2881,32.1572,29.8697,27.5085,54.6345,32.0789
3836,Brown|Tan|Lime Green|Magenta,#55331A|#A79E82|#D5D701|#F24574,37.5045,33.7945,32.1780,30.3684,28.3624,49.5658,32.0814
3837,Brown|Tan|Lime Green|Red,#55331A|#A79E82|#D5D701|#E72F1D,37.5158,33.8073,32.1828,30.3561,28.3551,49.6184,32.0817
3838,Azure Blue|Green|Purple|Lime Green,#0066D9|#06924D|#6C47B2|#D5D701,51.9562,36.1845,31.2397,27.9870,25.9333,81.9101,32.0857
3839,Polymaker Teal|Lime Green|Red|White,#4CC0C7|#D5D701|#E72F1D|#EBF7FF,38.1403,34.2184,32.2943,29.9532,27.2032,50.3620,32.0858
3840,Polymaker Teal|Red|White|Yellow,#4CC0C7|#E72F1D|#EBF7FF|#FFE800,38.1403,34.2184,32.2943,29.9532,27.2032,50.3620,32.0858
3841,Polymaker Teal|Red|White|Orange,#4CC0C7|#E72F1D|#EBF7FF|#F67405,38.1546,34.2544,32.3080,29.9364,27.1766,50.5647,32.0954
3842,Brown|Olive Green|Tan|Lime Green,#55331A|#948902|#A79E82|#D5D701,37.5292,33.8377,32.2082,30.3598,28.3277,49.6356,32.0988
3843,Brown|Tan|Lime Green|Orange,#55331A|#A79E82|#D5D701|#F67405,37.5292,33.8377,32.2082,30.3598,28.3277,49.6356,32.0988
3844,Brown|Tan|Lime Green|Yellow,#55331A|#A79E82|#D5D701|#FFE800,37.5292,33.8377,32.2082,30.3598,28.3277,49.6356,32.0988
3845,Polymaker Teal|Lime Green|Red|Yellow,#4CC0C7|#D5D701|#E72F1D|#FFE800,38.1381,34.2365,32.3156,29.9672,27.2011,50.1097,32.1019
3846,Polymaker Teal|Lime Green|Magenta|Orange,#4CC0C7|#D5D701|#F24574|#F67405,38.9377,34.4225,32.2905,29.7831,26.9285,51.0164,32.1028
3847,Polymaker Teal|Magenta|Orange|Yellow,#4CC0C7|#F24574|#F67405|#FFE800,38.9377,34.4225,32.2905,29.7831,26.9285,51.0164,32.1028
3848,Polymaker Teal|Lime Green|Cold White|Red,#4CC0C7|#D5D701|#D9DFE5|#E72F1D,38.1218,34.2431,32.3282,29.9795,27.2152,50.2213,32.1113
3849,Polymaker Teal|Cold White|Red|Yellow,#4CC0C7|#D9DFE5|#E72F1D|#FFE800,38.1218,34.2431,32.3282,29.9795,27.2152,50.2213,32.1113
3850,Polymaker Teal|Cold White|Red|White,#4CC0C7|#D9DFE5|#E72F1D|#EBF7FF,38.1574,34.2471,32.3274,29.9772,27.2282,50.6722,32.1122
3851,Brown|Tan|Lime Green|Pink,#55331A|#A79E82|#D5D701|#F1A1AF,37.5290,33.8403,32.2157,30.3913,28.3900,49.8739,32.1158
3852,Brown|Tan|Orange|Yellow,#55331A|#A79E82|#F67405|#FFE800,37.5255,33.8389,32.2267,30.3951,28.3525,49.5986,32.1170
3853,Green|Purple|Lime Green|Cold White,#06924D|#6C47B2|#D5D701|#D9DFE5,52.2913,36.2459,31.2653,27.9931,25.9642,82.4401,32.1195
3854,Azure Blue|Dark Olive Drab|Olive Green|Orange,#0066D9|#575B54|#948902|#F67405,42.3838,34.3295,31.8102,29.9129,28.3155,79.7526,32.1212
3855,Polymaker Teal|Red|White|Pink,#4CC0C7|#E72F1D|#EBF7FF|#F1A1AF,38.1314,34.2528,32.3412,30.0096,27.2780,50.5130,32.1312
3856,Polymaker Teal|Cold White|Red|Orange,#4CC0C7|#D9DFE5|#E72F1D|#F67405,38.1334,34.2438,32.3407,30.0185,27.2904,50.8884,32.1312
3857,Brown|Tan|Red|Yellow,#55331A|#A79E82|#E72F1D|#FFE800,37.5449,33.8614,32.2388,30.4053,28.3740,49.7082,32.1334
3858,Polymaker Teal|Cold White|Magenta|Orange,#4CC0C7|#D9DFE5|#F24574|#F67405,38.9220,34.4469,32.3416,29.8656,27.0539,51.0832,32.1562
3859,Polymaker Teal|White|Magenta|Orange,#4CC0C7|#EBF7FF|#F24574|#F67405,38.9963,34.4827,32.3444,29.8454,27.0130,51.1079,32.1640
3860,Black|Purple|Red|White,#080A0D|#6C47B2|#E72F1D|#EBF7FF,40.8528,34.9862,32.2612,29.3747,26.5266,72.4632,32.1804
3861,Polymaker Teal|Lime Green|Red|Orange,#4CC0C7|#D5D701|#E72F1D|#F67405,38.2307,34.3271,32.3907,30.0350,27.2711,50.3552,32.1810
3862,Polymaker Teal|Red|Orange|Yellow,#4CC0C7|#E72F1D|#F67405|#FFE800,38.2307,34.3271,32.3907,30.0350,27.2711,50.3552,32.1810
3863,Polymaker Teal|Lime Green|Red|Pink,#4CC0C7|#D5D701|#E72F1D|#F1A1AF,38.1693,34.2896,32.3856,30.0747,27.3608,50.3539,32.1822
3864,Polymaker Teal|Red|Pink|Orange,#4CC0C7|#E72F1D|#F1A1AF|#F67405,38.1693,34.2896,32.3856,30.0747,27.3608,50.3539,32.1822
3865,Polymaker Teal|Red|Pink|Yellow,#4CC0C7|#E72F1D|#F1A1AF|#FFE800,38.1693,34.2896,32.3856,30.0747,27.3608,50.3539,32.1822
3866,Brown|Tan|Pink|Yellow,#55331A|#A79E82|#F1A1AF|#FFE800,37.5423,33.9026,32.2948,30.4637,28.4249,49.8001,32.1832
3867,Polymaker Teal|Cold White|Red|Pink,#4CC0C7|#D9DFE5|#E72F1D|#F1A1AF,38.2013,34.3159,32.4072,30.0656,27.3290,50.5234,32.1907
3868,Brown|Tan|Magenta|Yellow,#55331A|#A79E82|#F24574|#FFE800,37.5781,33.9269,32.3064,30.4633,28.4116,49.6850,32.1951
3869,Polymaker Teal|Pink|Magenta|Orange,#4CC0C7|#F1A1AF|#F24574|#F67405,38.9925,34.4951,32.3918,29.9226,27.1089,51.1838,32.2088
3870,Brown|Tan|Red|Pink,#55331A|#A79E82|#E72F1D|#F1A1AF,37.5611,33.9226,32.3280,30.5017,28.4411,49.5884,32.2121
3871,Brown|Tan|Pink|Magenta,#55331A|#A79E82|#F1A1AF|#F24574,37.5611,33.9226,32.3280,30.5017,28.4411,49.5884,32.2121
3872,Brown|Tan|Pink|Orange,#55331A|#A79E82|#F1A1AF|#F67405,37.5611,33.9226,32.3280,30.5017,28.4411,49.5884,32.2121
3873,Purple|Cold White|Magenta|Orange,#6C47B2|#D9DFE5|#F24574|#F67405,45.5650,35.0418,31.8300,29.3932,27.4890,59.1094,32.2175
3874,Brown|Tan|Red|Orange,#55331A|#A79E82|#E72F1D|#F67405,37.5821,33.9326,32.3301,30.5036,28.4489,49.5800,32.2181
3875,Green|Polymaker Teal|Purple|Lime Green,#06924D|#4CC0C7|#6C47B2|#D5D701,52.1360,36.2575,31.3756,28.1822,26.1812,81.9022,32.2199
3876,Azure Blue|Green|Dark Grey|Olive Green,#0066D9|#06924D|#485259|#948902,43.4545,34.6168,31.8395,29.8404,28.3173,80.3310,32.2286
3877,Brown|Tan|Red|Magenta,#55331A|#A79E82|#E72F1D|#F24574,37.5725,33.9454,32.3514,30.5246,28.4644,49.6393,32.2350
3878,Brown|Tan|Magenta|Orange,#55331A|#A79E82|#F24574|#F67405,37.5725,33.9454,32.3514,30.5246,28.4644,49.6393,32.2350
3879,Black|Purple|White|Pink,#080A0D|#6C47B2|#EBF7FF|#F1A1AF,40.9404,35.0719,32.3167,29.4355,26.5980,73.6001,32.2537
3880,Black|Purple|Grey|White,#080A0D|#6C47B2|#8C9099|#EBF7FF,41.3677,35.1476,32.2870,29.3680,26.6682,77.2913,32.2578
3881,Purple|Cold White|Pink|Orange,#6C47B2|#D9DFE5|#F1A1AF|#F67405,45.6189,35.1432,31.9177,29.4135,27.4637,60.1677,32.2783
3882,Polymaker Teal|Brown|Tan|Red,#4CC0C7|#55331A|#A79E82|#E72F1D,42.7324,35.9140,32.4389,28.6430,24.6028,72.2553,32.2785
3883,Green|Purple|Lime Green|White,#06924D|#6C47B2|#D5D701|#EBF7FF,52.2667,36.3158,31.4400,28.2440,26.2784,81.5814,32.2799
3884,Brown|Olive Green|Tan|Magenta,#55331A|#948902|#A79E82|#F24574,37.7398,34.0193,32.3960,30.5571,28.4878,49.8124,32.2882
3885,Purple|Cold White|White|Orange,#6C47B2|#D9DFE5|#EBF7FF|#F67405,45.5541,35.1157,31.9306,29.4674,27.5364,59.3961,32.2916
3886,Brown|Olive Green|Tan|Orange,#55331A|#948902|#A79E82|#F67405,37.7042,34.0266,32.4138,30.5675,28.4953,49.8231,32.2971
3887,Brown|Olive Green|Tan|Yellow,#55331A|#948902|#A79E82|#FFE800,37.7042,34.0266,32.4138,30.5675,28.4953,49.8231,32.2971
3888,Brown|Olive Green|Tan|Red,#55331A|#948902|#A79E82|#E72F1D,37.7210,34.0304,32.4151,30.5745,28.4974,49.7783,32.3025
3889,Brown|Olive Green|Tan|Pink,#55331A|#948902|#A79E82|#F1A1AF,37.6832,34.0178,32.4128,30.5932,28.5420,50.5850,32.3055
3890,Green|Purple|Lime Green|Yellow,#06924D|#6C47B2|#D5D701|#FFE800,52.4959,36.4382,31.5165,28.2481,26.2497,82.6681,32.3432
3891,Purple|Cold White|Red|Orange,#6C47B2|#D9DFE5|#E72F1D|#F67405,45.7317,35.2045,31.9954,29.5088,27.5163,59.7773,32.3566
3892,Black|Purple|White|Magenta,#080A0D|#6C47B2|#EBF7FF|#F24574,41.1411,35.2205,32.4545,29.5312,26.6673,72.0143,32.3759
3893,Polymaker Teal|White|Pink|Magenta,#4CC0C7|#EBF7FF|#F1A1AF|#F24574,39.5672,34.8095,32.6057,30.0761,27.2182,51.1919,32.4428
3894,Polymaker Teal|Tan|Cold White|Orange,#4CC0C7|#A79E82|#D9DFE5|#F67405,36.8090,34.1830,32.6900,30.7131,28.3358,53.8589,32.4480
3895,Polymaker Teal|Cold White|Pink|Magenta,#4CC0C7|#D9DFE5|#F1A1AF|#F24574,39.5597,34.8227,32.6193,30.0782,27.2109,51.0034,32.4504
3896,Green|Polymaker Teal|Tan|White,#06924D|#4CC0C7|#A79E82|#EBF7FF,36.7777,34.1766,32.7040,30.7417,28.3706,53.9977,32.4591
3897,Polymaker Teal|Olive Green|Tan|White,#4CC0C7|#948902|#A79E82|#EBF7FF,36.7777,34.1766,32.7040,30.7417,28.3706,53.9977,32.4591
3898,Polymaker Teal|Tan|Lime Green|White,#4CC0C7|#A79E82|#D5D701|#EBF7FF,36.7777,34.1766,32.7040,30.7417,28.3706,53.9977,32.4591
3899,Polymaker Teal|Tan|White|Yellow,#4CC0C7|#A79E82|#EBF7FF|#FFE800,36.7777,34.1766,32.7040,30.7417,28.3706,53.9977,32.4591
3900,Polymaker Teal|Tan|Cold White|White,#4CC0C7|#A79E82|#D9DFE5|#EBF7FF,36.7643,34.1750,32.7051,30.7448,28.3856,54.0724,32.4599
3901,Polymaker Teal|Tan|White|Orange,#4CC0C7|#A79E82|#EBF7FF|#F67405,36.7792,34.1795,32.7146,30.7543,28.3859,53.9792,32.4669
3902,Green|Polymaker Teal|Tan|Cold White,#06924D|#4CC0C7|#A79E82|#D9DFE5,36.7802,34.1943,32.7304,30.7664,28.3856,53.8448,32.4804
3903,Polymaker Teal|Olive Green|Tan|Cold White,#4CC0C7|#948902|#A79E82|#D9DFE5,36.7802,34.1943,32.7304,30.7664,28.3856,53.8448,32.4804
3904,Polymaker Teal|Tan|Lime Green|Cold White,#4CC0C7|#A79E82|#D5D701|#D9DFE5,36.7802,34.1943,32.7304,30.7664,28.3856,53.8448,32.4804
3905,Polymaker Teal|Tan|Cold White|Yellow,#4CC0C7|#A79E82|#D9DFE5|#FFE800,36.7802,34.1943,32.7304,30.7664,28.3856,53.8448,32.4804
3906,Azure Blue|Green|Polymaker Teal|White,#0066D9|#06924D|#4CC0C7|#EBF7FF,39.3877,34.3520,32.4478,30.7144,29.2216,61.2063,32.5332
3907,Polymaker Teal|Cold White|White|Magenta,#4CC0C7|#D9DFE5|#EBF7FF|#F24574,39.5971,34.8912,32.7107,30.1850,27.3322,51.2298,32.5381
3908,Blue|Azure Blue|Green|Olive Green,#003776|#0066D9|#06924D|#948902,44.7062,35.0337,32.1128,30.2207,28.8644,80.3761,32.6272
3909,Azure Blue|Green|Dark Olive Drab|Olive Green,#0066D9|#06924D|#575B54|#948902,43.2942,34.8451,32.2723,30.4324,29.0305,78.7916,32.6387
3910,Blue|Azure Blue|Black|Orange,#003776|#0066D9|#080A0D|#F67405,40.6254,34.3410,32.2897,30.9710,30.4360,61.2459,32.6560
3911,Azure Blue|Black|Magenta|Orange,#0066D9|#080A0D|#F24574|#F67405,40.6485,34.3398,32.3109,30.9833,30.4009,61.3010,32.6616
3912,Azure Blue|Black|Purple|Orange,#0066D9|#080A0D|#6C47B2|#F67405,40.6099,34.3330,32.3203,31.0005,30.4062,61.4008,32.6668
3913,Azure Blue|Black|Red|Orange,#0066D9|#080A0D|#E72F1D|#F67405,40.7089,34.3937,32.3054,30.9529,30.3888,61.3330,32.6733
3914,Blue|Azure Blue|Dark Olive Drab|Olive Green,#003776|#0066D9|#575B54|#948902,43.1741,34.9176,32.3542,30.4406,28.8063,80.4174,32.6791
3915,Azure Blue|Brown|Dark Olive Drab|Olive Green,#0066D9|#55331A|#575B54|#948902,43.0571,34.8871,32.3653,30.4909,28.9063,79.6266,32.6890
3916,Green|Polymaker Teal|Olive Green|Tan,#06924D|#4CC0C7|#948902|#A79E82,37.0680,34.4705,32.9735,30.9429,28.4884,54.0892,32.7067
3917,Green|Polymaker Teal|Tan|Lime Green,#06924D|#4CC0C7|#A79E82|#D5D701,37.0680,34.4705,32.9735,30.9429,28.4884,54.0892,32.7067
3918,Green|Polymaker Teal|Tan|Yellow,#06924D|#4CC0C7|#A79E82|#FFE800,37.0680,34.4705,32.9735,30.9429,28.4884,54.0892,32.7067
3919,Polymaker Teal|Olive Green|Tan|Lime Green,#4CC0C7|#948902|#A79E82|#D5D701,37.0680,34.4705,32.9735,30.9429,28.4884,54.0892,32.7067
3920,Polymaker Teal|Olive Green|Tan|Yellow,#4CC0C7|#948902|#A79E82|#FFE800,37.0680,34.4705,32.9735,30.9429,28.4884,54.0892,32.7067
3921,Polymaker Teal|Tan|Lime Green|Yellow,#4CC0C7|#A79E82|#D5D701|#FFE800,37.0680,34.4705,32.9735,30.9429,28.4884,54.0892,32.7067
3922,Green|Polymaker Teal|Tan|Orange,#06924D|#4CC0C7|#A79E82|#F67405,37.0985,34.4914,32.9922,30.9666,28.5103,54.0232,32.7290
3923,Polymaker Teal|Olive Green|Tan|Orange,#4CC0C7|#948902|#A79E82|#F67405,37.0985,34.4914,32.9922,30.9666,28.5103,54.0232,32.7290
3924,Polymaker Teal|Tan|Lime Green|Orange,#4CC0C7|#A79E82|#D5D701|#F67405,37.0985,34.4914,32.9922,30.9666,28.5103,54.0232,32.7290
3925,Polymaker Teal|Tan|Orange|Yellow,#4CC0C7|#A79E82|#F67405|#FFE800,37.0985,34.4914,32.9922,30.9666,28.5103,54.0232,32.7290
3926,Azure Blue|Dark Olive Drab|Olive Green|Red,#0066D9|#575B54|#948902|#E72F1D,43.0303,34.9505,32.4712,30.6039,29.0081,79.6401,32.7772
3927,Black|Purple|White|Yellow,#080A0D|#6C47B2|#EBF7FF|#FFE800,41.3484,35.5363,32.8061,30.0491,27.4213,75.5668,32.7927
3928,Black|Olive Green|Lime Green|Pink,#080A0D|#948902|#D5D701|#F1A1AF,41.0835,35.0449,32.7005,30.6294,28.9001,68.1518,32.8371
3929,Azure Blue|Brown|Olive Green|Cold White,#0066D9|#55331A|#948902|#D9DFE5,45.1748,35.5265,32.4210,30.2368,28.6161,79.9689,32.8817
3930,Azure Blue|Dark Olive Drab|Olive Green|Tan,#0066D9|#575B54|#948902|#A79E82,42.0549,36.3311,33.3200,29.4342,24.8636,88.3947,32.8826
3931,Black|Lime Green|Red|Pink,#080A0D|#D5D701|#E72F1D|#F1A1AF,41.1348,35.0812,32.7513,30.6925,28.8738,69.9903,32.8868
3932,Black|Lime Green|Pink|Magenta,#080A0D|#D5D701|#F1A1AF|#F24574,41.1348,35.0812,32.7513,30.6925,28.8738,69.9903,32.8868
3933,Black|Lime Green|Pink|Orange,#080A0D|#D5D701|#F1A1AF|#F67405,41.1348,35.0812,32.7513,30.6925,28.8738,69.9903,32.8868
3934,Black|Lime Green|Pink|Yellow,#080A0D|#D5D701|#F1A1AF|#FFE800,41.1348,35.0812,32.7513,30.6925,28.8738,69.9903,32.8868
3935,Azure Blue|Dark Olive Drab|Purple|Olive Green,#0066D9|#575B54|#6C47B2|#948902,43.1244,35.0437,32.5809,30.7560,29.1852,79.7524,32.8999
3936,Green|Brown|Olive Green|Tan,#06924D|#55331A|#948902|#A79E82,38.4819,34.7145,33.0353,31.1356,29.0686,52.0302,32.9250
3937,Green|Brown|Tan|Lime Green,#06924D|#55331A|#A79E82|#D5D701,38.4819,34.7145,33.0353,31.1356,29.0686,52.0302,32.9250
3938,Green|Brown|Tan|Orange,#06924D|#55331A|#A79E82|#F67405,38.4819,34.7145,33.0353,31.1356,29.0686,52.0302,32.9250
3939,Green|Brown|Tan|Yellow,#06924D|#55331A|#A79E82|#FFE800,38.4819,34.7145,33.0353,31.1356,29.0686,52.0302,32.9250
3940,Black|Brown|Lime Green|Pink,#080A0D|#55331A|#D5D701|#F1A1AF,41.0854,35.1436,32.8184,30.7237,28.8604,69.0396,32.9336
3941,Green|Brown|Tan|Magenta,#06924D|#55331A|#A79E82|#F24574,38.7488,34.7504,33.0098,31.1199,29.0955,52.8977,32.9351
3942,Azure Blue|Black|Dark Olive Drab|Olive Green,#0066D9|#080A0D|#575B54|#948902,43.3670,35.2219,32.7267,30.8856,29.2891,80.3284,33.0537
3943,Green|Brown|Tan|Red,#06924D|#55331A|#A79E82|#E72F1D,38.7632,34.9391,33.2409,31.3444,29.2635,55.6009,33.1418
3944,Purple|Cold White|Red|Pink,#6C47B2|#D9DFE5|#E72F1D|#F1A1AF,45.6901,35.7705,32.8680,30.5894,28.6684,59.1614,33.1799
3945,Azure Blue|Brown|Olive Green|Tan,#0066D9|#55331A|#948902|#A79E82,45.3013,36.0837,32.9437,30.3243,28.0231,83.2091,33.2040
3946,Purple|Cold White|Red|White,#6C47B2|#D9DFE5|#E72F1D|#EBF7FF,45.6650,35.8158,32.9111,30.6285,28.7112,58.9654,33.2221
3947,Purple|Cold White|Red|Magenta,#6C47B2|#D9DFE5|#E72F1D|#F24574,45.6960,35.9076,32.9763,30.6611,28.7316,58.7656,33.2844
3948,Blue|Brown|Purple|Lime Green,#003776|#55331A|#6C47B2|#D5D701,40.3495,35.1882,33.0523,31.3855,30.1541,81.7732,33.2869
3949,Blue|Purple|Lime Green|Yellow,#003776|#6C47B2|#D5D701|#FFE800,40.2223,35.1869,33.0884,31.4140,30.1617,82.4215,33.3005
3950,Blue|Purple|Lime Green|Magenta,#003776|#6C47B2|#D5D701|#F24574,40.3296,35.2233,33.1043,31.3865,30.0678,81.6452,33.3049
3951,Azure Blue|Green|Olive Green|Magenta,#0066D9|#06924D|#948902|#F24574,44.8113,35.8231,32.9657,30.7998,29.0290,79.4131,33.3114
3952,Blue|Purple|Olive Green|Lime Green,#003776|#6C47B2|#948902|#D5D701,40.1801,35.1895,33.1673,31.5468,30.2979,81.5618,33.3682
3953,Blue|Black|Purple|Lime Green,#003776|#080A0D|#6C47B2|#D5D701,40.3467,35.2903,33.2196,31.5684,30.3149,81.9874,33.4294
3954,Brown|Olive Green|Red|White,#55331A|#948902|#E72F1D|#EBF7FF,39.3121,35.6270,33.7408,31.5169,28.9948,55.9187,33.5720
3955,Brown|Lime Green|Red|White,#55331A|#D5D701|#E72F1D|#EBF7FF,39.3121,35.6270,33.7408,31.5169,28.9948,55.9187,33.5720
3956,Brown|Red|White|Orange,#55331A|#E72F1D|#EBF7FF|#F67405,39.3121,35.6270,33.7408,31.5169,28.9948,55.9187,33.5720
3957,Brown|Red|White|Yellow,#55331A|#E72F1D|#EBF7FF|#FFE800,39.3121,35.6270,33.7408,31.5169,28.9948,55.9187,33.5720
3958,Blue|Purple|Lime Green|Red,#003776|#6C47B2|#D5D701|#E72F1D,40.4411,35.4480,33.3696,31.7071,30.4528,81.9010,33.5775
3959,Blue|Purple|Lime Green|Orange,#003776|#6C47B2|#D5D701|#F67405,40.4411,35.4480,33.3696,31.7071,30.4528,81.9010,33.5775
3960,Black|Red|Pink|Yellow,#080A0D|#E72F1D|#F1A1AF|#FFE800,40.9571,35.6150,33.4877,31.5594,29.8770,57.7995,33.5872
3961,Black|Pink|Magenta|Yellow,#080A0D|#F1A1AF|#F24574|#FFE800,40.9571,35.6150,33.4877,31.5594,29.8770,57.7995,33.5872
3962,Black|Pink|Orange|Yellow,#080A0D|#F1A1AF|#F67405|#FFE800,40.9571,35.6150,33.4877,31.5594,29.8770,57.7995,33.5872
3963,Brown|Tan|White|Magenta,#55331A|#A79E82|#EBF7FF|#F24574,39.2976,35.6328,33.7650,31.5703,29.0734,55.4814,33.6015
3964,Black|Brown|Pink|Yellow,#080A0D|#55331A|#F1A1AF|#FFE800,40.9663,35.6042,33.4838,31.6030,29.9838,58.6972,33.6036
3965,Brown|White|Pink|Magenta,#55331A|#EBF7FF|#F1A1AF|#F24574,39.3258,35.6502,33.7865,31.5869,29.0809,55.8283,33.6186
3966,Brown|Olive Green|White|Magenta,#55331A|#948902|#EBF7FF|#F24574,39.3763,35.6607,33.7719,31.5963,29.1244,55.5856,33.6285
3967,Brown|Lime Green|White|Magenta,#55331A|#D5D701|#EBF7FF|#F24574,39.3763,35.6607,33.7719,31.5963,29.1244,55.5856,33.6285
3968,Brown|White|Magenta|Yellow,#55331A|#EBF7FF|#F24574|#FFE800,39.3763,35.6607,33.7719,31.5963,29.1244,55.5856,33.6285
3969,Blue|Black|Brown|Red,#003776|#080A0D|#55331A|#E72F1D,37.6355,34.3589,33.4411,32.9231,32.8871,81.2680,33.6410
3970,Purple|Cold White|White|Pink,#6C47B2|#D9DFE5|#EBF7FF|#F1A1AF,47.3279,36.4058,33.3033,30.9237,28.9531,61.0619,33.6647
3971,Brown|Red|White|Magenta,#55331A|#E72F1D|#EBF7FF|#F24574,39.3875,35.7078,33.8313,31.6286,29.1149,55.7763,33.6682
3972,Brown|Tan|White|Pink,#55331A|#A79E82|#EBF7FF|#F1A1AF,39.3696,35.7043,33.8461,31.6422,29.1272,55.9890,33.6733
3973,Brown|White|Magenta|Orange,#55331A|#EBF7FF|#F24574|#F67405,39.3616,35.7226,33.8573,31.6585,29.1618,55.7872,33.6906
3974,Azure Blue|Purple|Cold White|Pink,#0066D9|#6C47B2|#D9DFE5|#F1A1AF,47.3299,36.4482,33.3239,30.9344,28.9475,61.0380,33.6913
3975,Brown|Olive Green|White|Orange,#55331A|#948902|#EBF7FF|#F67405,39.4020,35.7513,33.8785,31.6799,29.1688,55.8944,33.7156
3976,Brown|Lime Green|White|Orange,#55331A|#D5D701|#EBF7FF|#F67405,39.4020,35.7513,33.8785,31.6799,29.1688,55.8944,33.7156
3977,Brown|White|Orange|Yellow,#55331A|#EBF7FF|#F67405|#FFE800,39.4020,35.7513,33.8785,31.6799,29.1688,55.8944,33.7156
3978,Polymaker Teal|White|Pink|Orange,#4CC0C7|#EBF7FF|#F1A1AF|#F67405,38.9171,35.6923,33.9614,31.7643,29.2681,53.1641,33.7283
3979,Brown|Olive Green|Lime Green|White,#55331A|#948902|#D5D701|#EBF7FF,39.4142,35.7553,33.8897,31.7082,29.2264,55.7329,33.7317
3980,Brown|Olive Green|White|Yellow,#55331A|#948902|#EBF7FF|#FFE800,39.4142,35.7553,33.8897,31.7082,29.2264,55.7329,33.7317
3981,Brown|Lime Green|White|Yellow,#55331A|#D5D701|#EBF7FF|#FFE800,39.4142,35.7553,33.8897,31.7082,29.2264,55.7329,33.7317
3982,Brown|Olive Green|White|Pink,#55331A|#948902|#EBF7FF|#F1A1AF,39.3899,35.7529,33.9003,31.7234,29.2273,55.9472,33.7381
3983,Brown|Lime Green|White|Pink,#55331A|#D5D701|#EBF7FF|#F1A1AF,39.3899,35.7529,33.9003,31.7234,29.2273,55.9472,33.7381
3984,Brown|Red|White|Pink,#55331A|#E72F1D|#EBF7FF|#F1A1AF,39.3899,35.7529,33.9003,31.7234,29.2273,55.9472,33.7381
3985,Brown|White|Pink|Orange,#55331A|#EBF7FF|#F1A1AF|#F67405,39.3899,35.7529,33.9003,31.7234,29.2273,55.9472,33.7381
3986,Brown|White|Pink|Yellow,#55331A|#EBF7FF|#F1A1AF|#FFE800,39.3899,35.7529,33.9003,31.7234,29.2273,55.9472,33.7381
3987,Azure Blue|Purple|Lime Green|Red,#0066D9|#6C47B2|#D5D701|#E72F1D,43.9559,36.3370,33.5194,31.1420,29.2485,82.0276,33.7395
3988,Polymaker Teal|Cold White|Pink|Orange,#4CC0C7|#D9DFE5|#F1A1AF|#F67405,38.8383,35.6761,33.9916,31.8345,29.3383,53.2365,33.7553
3989,Polymaker Teal|Lime Green|Pink|Orange,#4CC0C7|#D5D701|#F1A1AF|#F67405,38.9309,35.7106,33.9943,31.8141,29.3157,53.2884,33.7624
3990,Polymaker Teal|Pink|Orange|Yellow,#4CC0C7|#F1A1AF|#F67405|#FFE800,38.9309,35.7106,33.9943,31.8141,29.3157,53.2884,33.7624
3991,Blue|Azure Blue|Black|Brown,#003776|#0066D9|#080A0D|#55331A,41.7879,35.4303,33.4310,32.1344,31.2580,70.5197,33.7824
3992,Blue|Azure Blue|Brown|Purple,#003776|#0066D9|#55331A|#6C47B2,41.7879,35.4303,33.4310,32.1344,31.2580,70.5197,33.7824
3993,Brown|Olive Green|Tan|White,#55331A|#948902|#A79E82|#EBF7FF,39.4395,35.8235,33.9726,31.7907,29.2853,56.0074,33.8071
3994,Brown|Tan|Lime Green|White,#55331A|#A79E82|#D5D701|#EBF7FF,39.4395,35.8235,33.9726,31.7907,29.2853,56.0074,33.8071
3995,Brown|Tan|White|Orange,#55331A|#A79E82|#EBF7FF|#F67405,39.4395,35.8235,33.9726,31.7907,29.2853,56.0074,33.8071
3996,Brown|Tan|White|Yellow,#55331A|#A79E82|#EBF7FF|#FFE800,39.4395,35.8235,33.9726,31.7907,29.2853,56.0074,33.8071
3997,Azure Blue|Black|Brown|Purple,#0066D9|#080A0D|#55331A|#6C47B2,41.8403,35.4942,33.4972,32.1650,31.2611,70.4148,33.8296
3998,Brown|Tan|Red|White,#55331A|#A79E82|#E72F1D|#EBF7FF,39.5105,35.8865,34.0399,31.8416,29.3386,56.2448,33.8640
3999,Green|Black|Purple|White,#06924D|#080A0D|#6C47B2|#EBF7FF,46.5667,37.9014,33.8935,29.8433,25.7406,77.9488,33.8724
4000,Black|Olive Green|Pink|Yellow,#080A0D|#948902|#F1A1AF|#FFE800,41.3670,35.8088,33.7712,31.9454,30.4360,78.7328,33.8771
4001,Azure Blue|Brown|Olive Green|White,#0066D9|#55331A|#948902|#EBF7FF,45.6014,36.3966,33.4832,31.3947,29.8414,80.8582,33.8957
4002,Green|Black|Tan|Pink,#06924D|#080A0D|#A79E82|#F1A1AF,41.6795,36.4879,34.0459,31.3277,28.5332,65.9955,33.9078
4003,Azure Blue|Purple|Red|White,#0066D9|#6C47B2|#E72F1D|#EBF7FF,38.4043,35.4449,33.9863,32.3793,30.8462,55.7916,33.9121
4004,Azure Blue|Red|White|Magenta,#0066D9|#E72F1D|#EBF7FF|#F24574,38.4043,35.4449,33.9863,32.3793,30.8462,55.7916,33.9121
4005,Azure Blue|Red|White|Pink,#0066D9|#E72F1D|#EBF7FF|#F1A1AF,38.4818,35.4936,33.9995,32.3530,30.8004,56.1029,33.9233
4006,Purple|Cold White|White|Magenta,#6C47B2|#D9DFE5|#EBF7FF|#F24574,47.4438,36.6671,33.5843,31.1849,29.1624,60.3323,33.9260
4007,Azure Blue|Green|Brown|Olive Green,#0066D9|#06924D|#55331A|#948902,45.6511,36.3035,33.4809,31.5707,30.2030,79.9141,33.9371
4008,Azure Blue|Purple|Cold White|Magenta,#0066D9|#6C47B2|#D9DFE5|#F24574,47.4812,36.6935,33.5998,31.2095,29.1996,60.5241,33.9515
4009,Blue|Brown|Purple|Yellow,#003776|#55331A|#6C47B2|#FFE800,39.2482,35.5276,33.9088,32.4273,31.2339,80.3583,33.9774
4010,Azure Blue|Purple|Lime Green|Orange,#0066D9|#6C47B2|#D5D701|#F67405,44.2558,36.6078,33.7785,31.3484,29.4078,81.2968,33.9781
4011,Azure Blue|Purple|Cold White|White,#0066D9|#6C47B2|#D9DFE5|#EBF7FF,49.2242,36.9453,33.5334,31.0320,28.9973,65.4404,33.9886
4012,Blue|Purple|Olive Green|Yellow,#003776|#6C47B2|#948902|#FFE800,39.1771,35.5373,33.9458,32.4938,31.3384,80.0303,34.0156
4013,Purple|Cold White|Pink|Magenta,#6C47B2|#D9DFE5|#F1A1AF|#F24574,47.6150,36.8010,33.6905,31.2745,29.2551,60.7417,34.0377
4014,Blue|Black|Purple|Yellow,#003776|#080A0D|#6C47B2|#FFE800,39.2620,35.5743,33.9635,32.5460,31.4520,79.5540,34.0602
4015,Blue|Purple|Red|Yellow,#003776|#6C47B2|#E72F1D|#FFE800,39.2620,35.5743,33.9635,32.5460,31.4520,79.5540,34.0602
4016,Blue|Purple|Orange|Yellow,#003776|#6C47B2|#F67405|#FFE800,39.2620,35.5743,33.9635,32.5460,31.4520,79.5540,34.0602
4017,Blue|Brown|Purple|Magenta,#003776|#55331A|#6C47B2|#F24574,38.1168,34.8114,33.8588,33.3165,33.2215,77.8230,34.0639
4018,Azure Blue|Purple|Lime Green|Pink,#0066D9|#6C47B2|#D5D701|#F1A1AF,44.1463,36.6813,33.9179,31.4811,29.4565,81.8205,34.0812
4019,Azure Blue|Cold White|Red|Orange,#0066D9|#D9DFE5|#E72F1D|#F67405,38.3393,35.6061,34.2188,32.6108,30.9416,57.2915,34.1085
4020,Azure Blue|Polymaker Teal|Purple|Olive Green,#0066D9|#4CC0C7|#6C47B2|#948902,49.9732,37.6338,33.6339,30.6183,28.3510,82.5603,34.1261
4021,Azure Blue|Cold White|Pink|Orange,#0066D9|#D9DFE5|#F1A1AF|#F67405,38.4374,35.6794,34.2779,32.6437,30.9627,57.0192,34.1615
4022,Blue|Black|Brown|Magenta,#003776|#080A0D|#55331A|#F24574,38.1754,34.9014,33.9762,33.4239,33.2924,77.7028,34.1626
4023,Blue|Brown|Red|Magenta,#003776|#55331A|#E72F1D|#F24574,38.1754,34.9014,33.9762,33.4239,33.2924,77.7028,34.1626
4024,Azure Blue|Purple|Cold White|Orange,#0066D9|#6C47B2|#D9DFE5|#F67405,38.4620,35.6867,34.2849,32.6674,30.9996,57.2965,34.1771
4025,Azure Blue|Cold White|White|Orange,#0066D9|#D9DFE5|#EBF7FF|#F67405,38.4139,35.6775,34.2885,32.6823,31.0181,57.2180,34.1799
4026,Polymaker Teal|Lime Green|Pink|Yellow,#4CC0C7|#D5D701|#F1A1AF|#FFE800,39.7260,36.2498,34.4154,32.1339,29.5525,53.2507,34.1919
4027,Blue|Green|Black|Purple,#003776|#06924D|#080A0D|#6C47B2,54.6557,39.1983,33.7583,29.1893,25.2236,82.9309,34.1938
4028,Green|Polymaker Teal|White|Orange,#06924D|#4CC0C7|#EBF7FF|#F67405,38.7736,35.9269,34.4216,32.4994,30.2619,53.7125,34.2132
4029,Black|Purple|Grey|Lime Green,#080A0D|#6C47B2|#8C9099|#D5D701,45.2059,38.0504,34.5210,30.3888,25.8244,90.2367,34.2196
4030,Polymaker Teal|Lime Green|Cold White|Pink,#4CC0C7|#D5D701|#D9DFE5|#F1A1AF,39.7447,36.2898,34.4679,32.2018,29.6339,53.4178,34.2458
4031,Blue|Azure Blue|Black|Yellow,#003776|#0066D9|#080A0D|#FFE800,43.3050,37.5629,34.5532,30.9613,26.9771,91.6463,34.2621
4032,Polymaker Teal|Lime Green|White|Pink,#4CC0C7|#D5D701|#EBF7FF|#F1A1AF,39.7632,36.3031,34.4834,32.2216,29.6601,53.2237,34.2623
4033,Azure Blue|Cold White|Magenta|Orange,#0066D9|#D9DFE5|#F24574|#F67405,38.5742,35.7960,34.3858,32.7549,31.0689,57.1766,34.2755
4034,Blue|Purple|Magenta|Yellow,#003776|#6C47B2|#F24574|#FFE800,39.4199,35.7878,34.1966,32.7746,31.6484,80.5264,34.2812
4035,Azure Blue|Black|Magenta|Yellow,#0066D9|#080A0D|#F24574|#FFE800,45.5872,38.1756,34.6276,30.4215,25.8844,100.7551,34.2985
4036,Green|Tan|Cold White|Magenta,#06924D|#A79E82|#D9DFE5|#F24574,43.9868,36.8031,34.1441,31.8341,29.7576,63.4912,34.3186
4037,Azure Blue|Purple|Lime Green|White,#0066D9|#6C47B2|#D5D701|#EBF7FF,44.5150,36.9299,34.1285,31.7189,29.7655,82.3907,34.3244
4038,Green|Olive Green|Cold White|Magenta,#06924D|#948902|#D9DFE5|#F24574,43.8822,36.7427,34.1587,31.9072,29.8261,64.1780,34.3249
4039,Green|Lime Green|Cold White|Magenta,#06924D|#D5D701|#D9DFE5|#F24574,43.8822,36.7427,34.1587,31.9072,29.8261,64.1780,34.3249
4040,Green|Cold White|Magenta|Orange,#06924D|#D9DFE5|#F24574|#F67405,43.8822,36.7427,34.1587,31.9072,29.8261,64.1780,34.3249
4041,Green|Cold White|Magenta|Yellow,#06924D|#D9DFE5|#F24574|#FFE800,43.8822,36.7427,34.1587,31.9072,29.8261,64.1780,34.3249
4042,Green|Polymaker Teal|Cold White|Orange,#06924D|#4CC0C7|#D9DFE5|#F67405,38.9227,36.0459,34.5363,32.6331,30.4117,54.0585,34.3395
4043,Green|Black|Brown|Pink,#06924D|#080A0D|#55331A|#F1A1AF,42.2471,36.9650,34.5023,31.7742,29.0162,66.2765,34.3696
4044,Azure Blue|Purple|Lime Green|Magenta,#0066D9|#6C47B2|#D5D701|#F24574,44.5090,36.9567,34.1841,31.7994,29.8442,82.3907,34.3781
4045,Green|Cold White|Red|Magenta,#06924D|#D9DFE5|#E72F1D|#F24574,43.9821,36.8649,34.2765,32.0031,29.9202,64.6818,34.4340
4046,Green|Polymaker Teal|Olive Green|Orange,#06924D|#4CC0C7|#948902|#F67405,39.0900,36.2050,34.6712,32.7238,30.4475,54.1597,34.4644
4047,Green|Polymaker Teal|Lime Green|Orange,#06924D|#4CC0C7|#D5D701|#F67405,39.0900,36.2050,34.6712,32.7238,30.4475,54.1597,34.4644
4048,Green|Polymaker Teal|Orange|Yellow,#06924D|#4CC0C7|#F67405|#FFE800,39.0900,36.2050,34.6712,32.7238,30.4475,54.1597,34.4644
4049,Blue|Azure Blue|Magenta|Orange,#003776|#0066D9|#F24574|#F67405,37.8452,35.5432,34.4811,33.3881,32.4805,67.4634,34.4657
4050,Blue|Azure Blue|Brown|Red,#003776|#0066D9|#55331A|#E72F1D,42.3460,35.9878,34.0939,32.9451,32.3653,73.2717,34.4665
4051,Green|Brown|Red|White,#06924D|#55331A|#E72F1D|#EBF7FF,40.9046,36.6173,34.5375,32.3221,29.9241,56.5694,34.4697
4052,Blue|Azure Blue|Purple|Orange,#003776|#0066D9|#6C47B2|#F67405,37.8368,35.5371,34.4827,33.4132,32.5375,67.1344,34.4751
4053,Blue|Azure Blue|Red|Orange,#003776|#0066D9|#E72F1D|#F67405,37.8368,35.5371,34.4827,33.4132,32.5375,67.1344,34.4751
4054,Azure Blue|Purple|Lime Green|Cold White,#0066D9|#6C47B2|#D5D701|#D9DFE5,44.4729,37.0174,34.2811,31.9361,30.0294,81.5677,34.4768
4055,Green|Cold White|White|Magenta,#06924D|#D9DFE5|#EBF7FF|#F24574,43.9558,36.9265,34.3607,32.0690,29.9782,64.2957,34.4977
4056,Green|Black|Olive Green|Pink,#06924D|#080A0D|#948902|#F1A1AF,42.3951,37.0962,34.6608,31.9495,29.1515,66.4009,34.5229
4057,Green|Black|Lime Green|Pink,#06924D|#080A0D|#D5D701|#F1A1AF,42.3951,37.0962,34.6608,31.9495,29.1515,66.4009,34.5229
4058,Green|Black|Red|Pink,#06924D|#080A0D|#E72F1D|#F1A1AF,42.3951,37.0962,34.6608,31.9495,29.1515,66.4009,34.5229
4059,Green|Black|Pink|Magenta,#06924D|#080A0D|#F1A1AF|#F24574,42.3951,37.0962,34.6608,31.9495,29.1515,66.4009,34.5229
4060,Green|Black|Pink|Orange,#06924D|#080A0D|#F1A1AF|#F67405,42.3951,37.0962,34.6608,31.9495,29.1515,66.4009,34.5229
4061,Green|Black|Pink|Yellow,#06924D|#080A0D|#F1A1AF|#FFE800,42.3951,37.0962,34.6608,31.9495,29.1515,66.4009,34.5229
4062,Polymaker Teal|White|Pink|Yellow,#4CC0C7|#EBF7FF|#F1A1AF|#FFE800,39.9833,36.5597,34.7507,32.4884,29.9055,53.3197,34.5240
4063,Green|Cold White|Pink|Magenta,#06924D|#D9DFE5|#F1A1AF|#F24574,44.0212,36.9437,34.3681,32.1069,30.0276,64.3688,34.5253
4064,Azure Blue|Green|Black|Purple,#0066D9|#06924D|#080A0D|#6C47B2,54.7342,39.5236,34.1878,29.5540,25.3689,82.9437,34.5388
4065,Azure Blue|Purple|Lime Green|Yellow,#0066D9|#6C47B2|#D5D701|#FFE800,44.6466,37.1143,34.3241,31.9670,30.0766,82.6066,34.5406
4066,Polymaker Teal|Cold White|Pink|Yellow,#4CC0C7|#D9DFE5|#F1A1AF|#FFE800,39.9829,36.5692,34.7687,32.5225,29.9521,53.2099,34.5458
4067,Polymaker Teal|Lime Green|Cold White|Orange,#4CC0C7|#D5D701|#D9DFE5|#F67405,39.0644,36.2842,34.7770,32.8352,30.5546,53.8275,34.5597
4068,Polymaker Teal|Cold White|Orange|Yellow,#4CC0C7|#D9DFE5|#F67405|#FFE800,39.0644,36.2842,34.7770,32.8352,30.5546,53.8275,34.5597
4069,Azure Blue|Black|Purple|Lime Green,#0066D9|#080A0D|#6C47B2|#D5D701,45.7976,38.3882,34.7725,30.7745,26.9869,93.2734,34.5813
4070,Green|Brown|White|Orange,#06924D|#55331A|#EBF7FF|#F67405,40.8628,36.7357,34.6825,32.4323,30.0324,56.5688,34.5840
4071,Azure Blue|Green|Black|Olive Green,#0066D9|#06924D|#080A0D|#948902,45.9898,36.8988,34.0972,32.2695,30.9700,81.2945,34.5841
4072,Polymaker Teal|Cold White|White|Orange,#4CC0C7|#D9DFE5|#EBF7FF|#F67405,39.1107,36.3294,34.8173,32.8582,30.5694,54.1438,34.5938
4073,Black|Brown|Olive Green|Pink,#080A0D|#55331A|#948902|#F1A1AF,41.7139,36.4729,34.5147,32.7155,31.1097,80.0098,34.5942
4074,Black|Olive Green|Red|Pink,#080A0D|#948902|#E72F1D|#F1A1AF,41.7150,36.4765,34.5329,32.7262,31.1379,80.0751,34.6014
4075,Black|Olive Green|Pink|Magenta,#080A0D|#948902|#F1A1AF|#F24574,41.7150,36.4765,34.5329,32.7262,31.1379,80.0751,34.6014
4076,Black|Olive Green|Pink|Orange,#080A0D|#948902|#F1A1AF|#F67405,41.7150,36.4765,34.5329,32.7262,31.1379,80.0751,34.6014
4077,Green|Brown|White|Pink,#06924D|#55331A|#EBF7FF|#F1A1AF,40.9465,36.7383,34.6967,32.4719,30.0609,57.0147,34.6051
4078,Green|Polymaker Teal|Olive Green|Cold White,#06924D|#4CC0C7|#948902|#D9DFE5,46.8892,37.0832,34.3131,32.1269,30.2974,68.5737,34.6051
4079,Polymaker Teal|Olive Green|Lime Green|Cold White,#4CC0C7|#948902|#D5D701|#D9DFE5,46.8892,37.0832,34.3131,32.1269,30.2974,68.5737,34.6051
4080,Polymaker Teal|Olive Green|Cold White|Yellow,#4CC0C7|#948902|#D9DFE5|#FFE800,46.8892,37.0832,34.3131,32.1269,30.2974,68.5737,34.6051
4081,Green|Brown|White|Magenta,#06924D|#55331A|#EBF7FF|#F24574,41.0421,36.7511,34.6823,32.4751,30.0982,56.7583,34.6131
4082,Blue|Azure Blue|Brown|Magenta,#003776|#0066D9|#55331A|#F24574,42.2458,36.1404,34.2821,33.1295,32.4630,71.8764,34.6349
4083,Green|Brown|Tan|White,#06924D|#55331A|#A79E82|#EBF7FF,40.8988,36.7664,34.7392,32.5209,30.1164,56.6599,34.6436
4084,Green|Brown|Olive Green|White,#06924D|#55331A|#948902|#EBF7FF,40.9397,36.7644,34.7280,32.5341,30.1498,56.2944,34.6492
4085,Green|Brown|Lime Green|White,#06924D|#55331A|#D5D701|#EBF7FF,40.9397,36.7644,34.7280,32.5341,30.1498,56.2944,34.6492
4086,Green|Brown|White|Yellow,#06924D|#55331A|#EBF7FF|#FFE800,40.9397,36.7644,34.7280,32.5341,30.1498,56.2944,34.6492
4087,Polymaker Teal|Olive Green|Cold White|White,#4CC0C7|#948902|#D9DFE5|#EBF7FF,47.0551,37.1607,34.3603,32.1447,30.2862,69.1042,34.6527
4088,Azure Blue|Black|Brown|Magenta,#0066D9|#080A0D|#55331A|#F24574,42.2314,36.1489,34.3111,33.1746,32.4954,71.8072,34.6617
4089,Azure Blue|Brown|Purple|Magenta,#0066D9|#55331A|#6C47B2|#F24574,42.2314,36.1489,34.3111,33.1746,32.4954,71.8072,34.6617
4090,Azure Blue|Black|Brown|Red,#0066D9|#080A0D|#55331A|#E72F1D,42.4564,36.2288,34.3169,33.0973,32.4085,73.4031,34.6631
4091,Azure Blue|Brown|Purple|Red,#0066D9|#55331A|#6C47B2|#E72F1D,42.4564,36.2288,34.3169,33.0973,32.4085,73.4031,34.6631
4092,Polymaker Teal|Olive Green|Cold White|Orange,#4CC0C7|#948902|#D9DFE5|#F67405,39.2245,36.4162,34.8907,32.9289,30.6437,53.7876,34.6725
4093,Purple|Red|White|Magenta,#6C47B2|#E72F1D|#EBF7FF|#F24574,43.1875,36.9504,34.5951,32.3977,30.6159,62.3025,34.6741
4094,Polymaker Teal|Olive Green|White|Orange,#4CC0C7|#948902|#EBF7FF|#F67405,39.1984,36.4354,34.9253,32.9730,30.6887,54.0251,34.7042
4095,Polymaker Teal|Lime Green|White|Orange,#4CC0C7|#D5D701|#EBF7FF|#F67405,39.1984,36.4354,34.9253,32.9730,30.6887,54.0251,34.7042
4096,Polymaker Teal|White|Orange|Yellow,#4CC0C7|#EBF7FF|#F67405|#FFE800,39.1984,36.4354,34.9253,32.9730,30.6887,54.0251,34.7042
4097,Polymaker Teal|Olive Green|Lime Green|Orange,#4CC0C7|#948902|#D5D701|#F67405,39.2710,36.4662,34.9275,32.9425,30.6101,54.2545,34.7043
4098,Polymaker Teal|Olive Green|Orange|Yellow,#4CC0C7|#948902|#F67405|#FFE800,39.2710,36.4662,34.9275,32.9425,30.6101,54.2545,34.7043
4099,Polymaker Teal|Lime Green|Orange|Yellow,#4CC0C7|#D5D701|#F67405|#FFE800,39.2710,36.4662,34.9275,32.9425,30.6101,54.2545,34.7043
4100,Blue|Brown|Purple|Orange,#003776|#55331A|#6C47B2|#F67405,37.9702,35.8129,34.7768,33.6494,32.5991,73.0553,34.7312
4101,Polymaker Teal|Cold White|White|Pink,#4CC0C7|#D9DFE5|#EBF7FF|#F1A1AF,40.2586,36.8260,35.0203,32.7630,30.1564,53.2182,34.7945
4102,Azure Blue|Brown|Red|Magenta,#0066D9|#55331A|#E72F1D|#F24574,42.3234,36.2966,34.4907,33.3418,32.6060,71.5982,34.8192
4103,Black|Purple|Lime Green|White,#080A0D|#6C47B2|#D5D701|#EBF7FF,43.8693,37.8575,34.9094,31.7849,28.5749,84.9064,34.8212
4104,Blue|Brown|Magenta|Orange,#003776|#55331A|#F24574|#F67405,38.0899,35.9211,34.8715,33.7282,32.6638,73.3319,34.8247
4105,Blue|Black|Brown|Orange,#003776|#080A0D|#55331A|#F67405,38.1207,35.9546,34.8996,33.7418,32.6733,72.3893,34.8482
4106,Blue|Brown|Red|Orange,#003776|#55331A|#E72F1D|#F67405,38.1131,35.9370,34.8956,33.7608,32.6995,73.3571,34.8489
4107,Purple|Red|White|Pink,#6C47B2|#E72F1D|#EBF7FF|#F1A1AF,43.4270,37.2191,34.8132,32.5955,30.8077,61.5714,34.9073
4108,Blue|Black|Red|Orange,#003776|#080A0D|#E72F1D|#F67405,38.2613,36.0748,35.0338,33.8878,32.8131,73.1980,34.9813
4109,Olive Green|Tan|Cold White|Magenta,#948902|#A79E82|#D9DFE5|#F24574,38.7895,36.5849,35.2565,33.4166,31.1375,55.8479,35.0007
4110,Tan|Lime Green|Cold White|Magenta,#A79E82|#D5D701|#D9DFE5|#F24574,38.7895,36.5849,35.2565,33.4166,31.1375,55.8479,35.0007
4111,Tan|Cold White|Red|Magenta,#A79E82|#D9DFE5|#E72F1D|#F24574,38.7895,36.5849,35.2565,33.4166,31.1375,55.8479,35.0007
4112,Tan|Cold White|Magenta|Orange,#A79E82|#D9DFE5|#F24574|#F67405,38.7895,36.5849,35.2565,33.4166,31.1375,55.8479,35.0007
4113,Tan|Cold White|Magenta|Yellow,#A79E82|#D9DFE5|#F24574|#FFE800,38.7895,36.5849,35.2565,33.4166,31.1375,55.8479,35.0007
4114,Tan|Cold White|Pink|Magenta,#A79E82|#D9DFE5|#F1A1AF|#F24574,38.7854,36.6063,35.2822,33.4410,31.1668,55.7550,35.0236
4115,Tan|Cold White|White|Magenta,#A79E82|#D9DFE5|#EBF7FF|#F24574,38.8069,36.6107,35.2785,33.4396,31.1739,55.6776,35.0251
4116,Blue|Black|Purple|Orange,#003776|#080A0D|#6C47B2|#F67405,38.3628,36.1520,35.0786,33.9107,32.8365,73.5838,35.0314
4117,Blue|Purple|Red|Orange,#003776|#6C47B2|#E72F1D|#F67405,38.3628,36.1520,35.0786,33.9107,32.8365,73.5838,35.0314
4118,Blue|Black|Magenta|Orange,#003776|#080A0D|#F24574|#F67405,38.3352,36.1478,35.0881,33.9289,32.8523,73.3615,35.0383
4119,Blue|Red|Magenta|Orange,#003776|#E72F1D|#F24574|#F67405,38.3352,36.1478,35.0881,33.9289,32.8523,73.3615,35.0383
4120,Azure Blue|Black|Grey|Olive Green,#0066D9|#080A0D|#8C9099|#948902,45.4843,38.4267,35.2998,31.6924,27.7385,88.6247,35.0595
4121,Blue|Purple|Magenta|Orange,#003776|#6C47B2|#F24574|#F67405,38.4079,36.1885,35.1135,33.9383,32.8495,73.2981,35.0634
4122,Purple|Red|White|Orange,#6C47B2|#E72F1D|#EBF7FF|#F67405,43.6785,37.3494,34.9311,32.7865,31.0829,68.8324,35.0679
4123,Purple|White|Magenta|Orange,#6C47B2|#EBF7FF|#F24574|#F67405,43.6667,37.3597,34.9728,32.8314,31.0732,67.4589,35.0955
4124,Blue|Azure Blue|Green|Purple,#003776|#0066D9|#06924D|#6C47B2,55.1343,40.2026,34.8164,30.0642,25.7866,83.5871,35.1334
4125,Green|Cold White|Red|Orange,#06924D|#D9DFE5|#E72F1D|#F67405,42.9878,37.2269,35.0816,33.0526,31.1336,60.9567,35.1397
4126,Purple|White|Pink|Orange,#6C47B2|#EBF7FF|#F1A1AF|#F67405,43.7192,37.3932,35.0170,32.9149,31.2327,66.4976,35.1541
4127,Green|Lime Green|Cold White|Red,#06924D|#D5D701|#D9DFE5|#E72F1D,42.9621,37.2668,35.1557,33.1114,31.1644,61.4482,35.1891
4128,Green|Cold White|Red|Yellow,#06924D|#D9DFE5|#E72F1D|#FFE800,42.9621,37.2668,35.1557,33.1114,31.1644,61.4482,35.1891
4129,Green|Olive Green|Cold White|Red,#06924D|#948902|#D9DFE5|#E72F1D,43.0074,37.3461,35.1757,33.0881,31.1143,61.5502,35.2171
4130,Green|Cold White|Red|White,#06924D|#D9DFE5|#E72F1D|#EBF7FF,43.0158,37.3088,35.1822,33.1592,31.2395,61.1645,35.2340
4131,Azure Blue|Green|Olive Green|Orange,#0066D9|#06924D|#948902|#F67405,46.8561,37.7426,34.9490,32.9144,31.3218,81.7023,35.3285
4132,Black|Purple|Red|Pink,#080A0D|#6C47B2|#E72F1D|#F1A1AF,41.7121,37.0970,35.2731,33.6013,32.0041,53.6324,35.3492
4133,Black|Purple|Pink|Magenta,#080A0D|#6C47B2|#F1A1AF|#F24574,41.7121,37.0970,35.2731,33.6013,32.0041,53.6324,35.3492
4134,Black|Purple|Pink|Orange,#080A0D|#6C47B2|#F1A1AF|#F67405,41.7121,37.0970,35.2731,33.6013,32.0041,53.6324,35.3492
4135,Black|Red|Pink|Magenta,#080A0D|#E72F1D|#F1A1AF|#F24574,41.7121,37.0970,35.2731,33.6013,32.0041,53.6324,35.3492
4136,Black|Red|Pink|Orange,#080A0D|#E72F1D|#F1A1AF|#F67405,41.7121,37.0970,35.2731,33.6013,32.0041,53.6324,35.3492
4137,Black|Pink|Magenta|Orange,#080A0D|#F1A1AF|#F24574|#F67405,41.7121,37.0970,35.2731,33.6013,32.0041,53.6324,35.3492
4138,Green|Olive Green|Tan|Cold White,#06924D|#948902|#A79E82|#D9DFE5,38.8722,36.9041,35.6385,33.8313,31.5781,56.1237,35.3677
4139,Green|Tan|Lime Green|Cold White,#06924D|#A79E82|#D5D701|#D9DFE5,38.8722,36.9041,35.6385,33.8313,31.5781,56.1237,35.3677
4140,Green|Tan|Cold White|Yellow,#06924D|#A79E82|#D9DFE5|#FFE800,38.8722,36.9041,35.6385,33.8313,31.5781,56.1237,35.3677
4141,Olive Green|Tan|Lime Green|Cold White,#948902|#A79E82|#D5D701|#D9DFE5,38.8722,36.9041,35.6385,33.8313,31.5781,56.1237,35.3677
4142,Olive Green|Tan|Cold White|Yellow,#948902|#A79E82|#D9DFE5|#FFE800,38.8722,36.9041,35.6385,33.8313,31.5781,56.1237,35.3677
4143,Tan|Lime Green|Cold White|Yellow,#A79E82|#D5D701|#D9DFE5|#FFE800,38.8722,36.9041,35.6385,33.8313,31.5781,56.1237,35.3677
4144,Tan|Cold White|Red|White,#A79E82|#D9DFE5|#E72F1D|#EBF7FF,38.8939,36.9142,35.6509,33.8479,31.5758,56.1866,35.3810
4145,Green|Tan|Cold White|White,#06924D|#A79E82|#D9DFE5|#EBF7FF,38.9122,36.9326,35.6631,33.8438,31.5712,56.1623,35.3882
4146,Olive Green|Tan|Cold White|White,#948902|#A79E82|#D9DFE5|#EBF7FF,38.9122,36.9326,35.6631,33.8438,31.5712,56.1623,35.3882
4147,Tan|Lime Green|Cold White|White,#A79E82|#D5D701|#D9DFE5|#EBF7FF,38.9122,36.9326,35.6631,33.8438,31.5712,56.1623,35.3882
4148,Tan|Cold White|White|Yellow,#A79E82|#D9DFE5|#EBF7FF|#FFE800,38.9122,36.9326,35.6631,33.8438,31.5712,56.1623,35.3882
4149,Black|Brown|Purple|Pink,#080A0D|#55331A|#6C47B2|#F1A1AF,41.7231,37.1496,35.3180,33.6336,32.0276,53.6924,35.3916
4150,Black|Brown|Red|Pink,#080A0D|#55331A|#E72F1D|#F1A1AF,41.7231,37.1496,35.3180,33.6336,32.0276,53.6924,35.3916
4151,Black|Brown|Pink|Magenta,#080A0D|#55331A|#F1A1AF|#F24574,41.7231,37.1496,35.3180,33.6336,32.0276,53.6924,35.3916
4152,Black|Brown|Pink|Orange,#080A0D|#55331A|#F1A1AF|#F67405,41.7231,37.1496,35.3180,33.6336,32.0276,53.6924,35.3916
4153,Tan|Cold White|White|Pink,#A79E82|#D9DFE5|#EBF7FF|#F1A1AF,38.9412,36.9444,35.6660,33.8427,31.5524,55.9719,35.3936
4154,Tan|Cold White|White|Orange,#A79E82|#D9DFE5|#EBF7FF|#F67405,38.8920,36.9244,35.6642,33.8631,31.5920,56.2361,35.3938
4155,Olive Green|Tan|Cold White|Pink,#948902|#A79E82|#D9DFE5|#F1A1AF,38.9505,36.9500,35.6766,33.8550,31.5613,55.9605,35.4025
4156,Tan|Lime Green|Cold White|Pink,#A79E82|#D5D701|#D9DFE5|#F1A1AF,38.9505,36.9500,35.6766,33.8550,31.5613,55.9605,35.4025
4157,Tan|Cold White|Red|Pink,#A79E82|#D9DFE5|#E72F1D|#F1A1AF,38.9505,36.9500,35.6766,33.8550,31.5613,55.9605,35.4025
4158,Tan|Cold White|Pink|Orange,#A79E82|#D9DFE5|#F1A1AF|#F67405,38.9505,36.9500,35.6766,33.8550,31.5613,55.9605,35.4025
4159,Tan|Cold White|Pink|Yellow,#A79E82|#D9DFE5|#F1A1AF|#FFE800,38.9505,36.9500,35.6766,33.8550,31.5613,55.9605,35.4025
4160,Green|Tan|Cold White|Orange,#06924D|#A79E82|#D9DFE5|#F67405,38.9290,36.9574,35.6859,33.8578,31.5690,56.2460,35.4076
4161,Olive Green|Tan|Cold White|Orange,#948902|#A79E82|#D9DFE5|#F67405,38.9290,36.9574,35.6859,33.8578,31.5690,56.2460,35.4076
4162,Tan|Lime Green|Cold White|Orange,#A79E82|#D5D701|#D9DFE5|#F67405,38.9290,36.9574,35.6859,33.8578,31.5690,56.2460,35.4076
4163,Tan|Cold White|Orange|Yellow,#A79E82|#D9DFE5|#F67405|#FFE800,38.9290,36.9574,35.6859,33.8578,31.5690,56.2460,35.4076
4164,Blue|Azure Blue|Olive Green|Tan,#003776|#0066D9|#948902|#A79E82,46.1134,39.0752,35.7288,31.7658,27.3931,88.4126,35.4205
4165,Green|Tan|Cold White|Red,#06924D|#A79E82|#D9DFE5|#E72F1D,38.9336,36.9687,35.7021,33.8763,31.5779,56.1574,35.4225
4166,Olive Green|Tan|Cold White|Red,#948902|#A79E82|#D9DFE5|#E72F1D,38.9336,36.9687,35.7021,33.8763,31.5779,56.1574,35.4225
4167,Tan|Lime Green|Cold White|Red,#A79E82|#D5D701|#D9DFE5|#E72F1D,38.9336,36.9687,35.7021,33.8763,31.5779,56.1574,35.4225
4168,Tan|Cold White|Red|Orange,#A79E82|#D9DFE5|#E72F1D|#F67405,38.9336,36.9687,35.7021,33.8763,31.5779,56.1574,35.4225
4169,Tan|Cold White|Red|Yellow,#A79E82|#D9DFE5|#E72F1D|#FFE800,38.9336,36.9687,35.7021,33.8763,31.5779,56.1574,35.4225
4170,Azure Blue|Black|Brown|Yellow,#0066D9|#080A0D|#55331A|#FFE800,46.1073,39.2679,35.8104,31.6547,27.1973,93.6727,35.4613
4171,Azure Blue|Green|Grey|Olive Green,#0066D9|#06924D|#8C9099|#948902,47.2125,38.0268,35.2010,33.1179,31.4300,81.6494,35.5723
4172,Azure Blue|Brown|Olive Green|Yellow,#0066D9|#55331A|#948902|#FFE800,47.9333,38.5372,35.3401,32.6738,30.3735,83.7630,35.6055
4173,Azure Blue|Green|Olive Green|Pink,#0066D9|#06924D|#948902|#F1A1AF,47.3623,38.1810,35.3869,33.3458,31.7147,82.2107,35.7634
4174,Black|Purple|Grey|Yellow,#080A0D|#6C47B2|#8C9099|#FFE800,45.3726,39.1083,36.0806,32.5449,28.4206,94.1539,35.8266
4175,Green|Polymaker Teal|Olive Green|White,#06924D|#4CC0C7|#948902|#EBF7FF,47.6071,38.1947,35.5283,33.5099,31.8578,74.0347,35.8523
4176,Polymaker Teal|Olive Green|Lime Green|White,#4CC0C7|#948902|#D5D701|#EBF7FF,47.6071,38.1947,35.5283,33.5099,31.8578,74.0347,35.8523
4177,Polymaker Teal|Olive Green|White|Yellow,#4CC0C7|#948902|#EBF7FF|#FFE800,47.6071,38.1947,35.5283,33.5099,31.8578,74.0347,35.8523
4178,Olive Green|Tan|White|Magenta,#948902|#A79E82|#EBF7FF|#F24574,39.3311,37.4379,36.2451,34.5142,32.2980,55.6817,35.9761
4179,Tan|Lime Green|White|Magenta,#A79E82|#D5D701|#EBF7FF|#F24574,39.3311,37.4379,36.2451,34.5142,32.2980,55.6817,35.9761
4180,Tan|Red|White|Magenta,#A79E82|#E72F1D|#EBF7FF|#F24574,39.3311,37.4379,36.2451,34.5142,32.2980,55.6817,35.9761
4181,Tan|White|Magenta|Orange,#A79E82|#EBF7FF|#F24574|#F67405,39.3311,37.4379,36.2451,34.5142,32.2980,55.6817,35.9761
4182,Tan|White|Magenta|Yellow,#A79E82|#EBF7FF|#F24574|#FFE800,39.3311,37.4379,36.2451,34.5142,32.2980,55.6817,35.9761
4183,Azure Blue|White|Pink|Magenta,#0066D9|#EBF7FF|#F1A1AF|#F24574,39.8601,37.5010,36.2359,34.7095,33.1265,58.6576,36.1052
4184,Azure Blue|Green|Olive Green|Tan,#0066D9|#06924D|#948902|#A79E82,47.7289,38.5343,35.7266,33.7105,32.1067,82.4866,36.1224
4185,Brown|Purple|Magenta|Orange,#55331A|#6C47B2|#F24574|#F67405,45.9967,38.0657,35.6183,34.2213,33.7127,73.0727,36.1435
4186,Black|Brown|Purple|Orange,#080A0D|#55331A|#6C47B2|#F67405,46.0085,38.0860,35.6612,34.2498,33.7277,73.3303,36.1679
4187,Brown|Purple|Red|Orange,#55331A|#6C47B2|#E72F1D|#F67405,46.0085,38.0860,35.6612,34.2498,33.7277,73.3303,36.1679
4188,Purple|White|Pink|Magenta,#6C47B2|#EBF7FF|#F1A1AF|#F24574,44.8824,38.5657,36.1704,33.8672,31.8532,65.0180,36.2165
4189,Azure Blue|Purple|White|Pink,#0066D9|#6C47B2|#EBF7FF|#F1A1AF,39.9759,37.6236,36.3551,34.8178,33.2061,58.4351,36.2207
4190,Azure Blue|Purple|Grey|Olive Green,#0066D9|#6C47B2|#8C9099|#948902,49.5638,39.1373,35.8041,33.3199,31.3607,83.3126,36.2286
4191,Azure Blue|Green|Olive Green|Yellow,#0066D9|#06924D|#948902|#FFE800,47.9440,38.7018,35.8729,33.7981,32.1323,82.6134,36.2500
4192,Azure Blue|Green|Olive Green|Lime Green,#0066D9|#06924D|#948902|#D5D701,48.0082,38.7062,35.8632,33.8059,32.1600,82.1632,36.2561
4193,Tan|White|Pink|Magenta,#A79E82|#EBF7FF|#F1A1AF|#F24574,39.4870,37.6972,36.5374,34.8270,32.5999,55.8485,36.2621
4194,Azure Blue|Polymaker Teal|Cold White|White,#0066D9|#4CC0C7|#D9DFE5|#EBF7FF,40.5394,37.8541,36.4637,34.7608,32.9520,58.9937,36.3075
4195,Azure Blue|Brown|Olive Green|Pink,#0066D9|#55331A|#948902|#F1A1AF,48.8951,39.3804,36.0655,33.2546,30.9722,85.4559,36.3175
4196,Azure Blue|Purple|Olive Green|Lime Green,#0066D9|#6C47B2|#948902|#D5D701,50.2444,39.3845,35.8929,33.3348,31.3624,83.0634,36.3596
4197,Azure Blue|Green|Olive Green|Cold White,#0066D9|#06924D|#948902|#D9DFE5,48.0640,38.8191,36.0111,34.0102,32.4259,82.5634,36.4146
4198,Green|Tan|White|Orange,#06924D|#A79E82|#EBF7FF|#F67405,39.4854,37.8392,36.7281,35.0463,32.8257,56.0773,36.4427
4199,Olive Green|Tan|White|Orange,#948902|#A79E82|#EBF7FF|#F67405,39.4854,37.8392,36.7281,35.0463,32.8257,56.0773,36.4427
4200,Tan|Lime Green|White|Orange,#A79E82|#D5D701|#EBF7FF|#F67405,39.4854,37.8392,36.7281,35.0463,32.8257,56.0773,36.4427
4201,Tan|White|Orange|Yellow,#A79E82|#EBF7FF|#F67405|#FFE800,39.4854,37.8392,36.7281,35.0463,32.8257,56.0773,36.4427
4202,Green|Olive Green|Tan|White,#06924D|#948902|#A79E82|#EBF7FF,39.4849,37.8398,36.7309,35.0585,32.8512,56.0777,36.4491
4203,Green|Tan|Lime Green|White,#06924D|#A79E82|#D5D701|#EBF7FF,39.4849,37.8398,36.7309,35.0585,32.8512,56.0777,36.4491
4204,Green|Tan|White|Yellow,#06924D|#A79E82|#EBF7FF|#FFE800,39.4849,37.8398,36.7309,35.0585,32.8512,56.0777,36.4491
4205,Olive Green|Tan|Lime Green|White,#948902|#A79E82|#D5D701|#EBF7FF,39.4849,37.8398,36.7309,35.0585,32.8512,56.0777,36.4491
4206,Olive Green|Tan|White|Yellow,#948902|#A79E82|#EBF7FF|#FFE800,39.4849,37.8398,36.7309,35.0585,32.8512,56.0777,36.4491
4207,Tan|Lime Green|White|Yellow,#A79E82|#D5D701|#EBF7FF|#FFE800,39.4849,37.8398,36.7309,35.0585,32.8512,56.0777,36.4491
4208,Green|Tan|Red|White,#06924D|#A79E82|#E72F1D|#EBF7FF,39.4962,37.8495,36.7419,35.0696,32.8643,56.0775,36.4596
4209,Olive Green|Tan|Red|White,#948902|#A79E82|#E72F1D|#EBF7FF,39.4962,37.8495,36.7419,35.0696,32.8643,56.0775,36.4596
4210,Tan|Lime Green|Red|White,#A79E82|#D5D701|#E72F1D|#EBF7FF,39.4962,37.8495,36.7419,35.0696,32.8643,56.0775,36.4596
4211,Tan|Red|White|Orange,#A79E82|#E72F1D|#EBF7FF|#F67405,39.4962,37.8495,36.7419,35.0696,32.8643,56.0775,36.4596
4212,Tan|Red|White|Yellow,#A79E82|#E72F1D|#EBF7FF|#FFE800,39.4962,37.8495,36.7419,35.0696,32.8643,56.0775,36.4596
4213,Olive Green|Tan|White|Pink,#948902|#A79E82|#EBF7FF|#F1A1AF,39.6531,37.9413,36.8056,35.1049,32.8739,55.8968,36.5231
4214,Tan|Lime Green|White|Pink,#A79E82|#D5D701|#EBF7FF|#F1A1AF,39.6531,37.9413,36.8056,35.1049,32.8739,55.8968,36.5231
4215,Tan|Red|White|Pink,#A79E82|#E72F1D|#EBF7FF|#F1A1AF,39.6531,37.9413,36.8056,35.1049,32.8739,55.8968,36.5231
4216,Tan|White|Pink|Orange,#A79E82|#EBF7FF|#F1A1AF|#F67405,39.6531,37.9413,36.8056,35.1049,32.8739,55.8968,36.5231
4217,Tan|White|Pink|Yellow,#A79E82|#EBF7FF|#F1A1AF|#FFE800,39.6531,37.9413,36.8056,35.1049,32.8739,55.8968,36.5231
4218,Azure Blue|Green|Polymaker Teal|Olive Green,#0066D9|#06924D|#4CC0C7|#948902,48.2318,38.9672,36.1334,34.0841,32.4145,82.5326,36.5256
4219,Azure Blue|Purple|Cold White|Red,#0066D9|#6C47B2|#D9DFE5|#E72F1D,40.6154,37.9930,36.6765,35.0968,33.3594,59.3995,36.5449
4220,Azure Blue|Purple|White|Magenta,#0066D9|#6C47B2|#EBF7FF|#F24574,40.9583,38.1267,36.6752,35.0234,33.4111,59.4506,36.5750
4221,Blue|Black|Brown|Purple,#003776|#080A0D|#55331A|#6C47B2,46.0527,38.1994,36.0366,35.0159,34.7665,78.6911,36.6076
4222,Azure Blue|Cold White|Red|Pink,#0066D9|#D9DFE5|#E72F1D|#F1A1AF,40.6945,38.0838,36.7639,35.1770,33.4372,59.5622,36.6304
4223,Blue|Brown|Purple|Red,#003776|#55331A|#6C47B2|#E72F1D,46.1825,38.2683,36.0473,35.0339,34.7586,79.3748,36.6511
4224,Tan|Red|Pink|Magenta,#A79E82|#E72F1D|#F1A1AF|#F24574,39.7921,38.0787,36.9443,35.2367,32.9839,55.8437,36.6577
4225,Tan|Pink|Magenta|Orange,#A79E82|#F1A1AF|#F24574|#F67405,39.7921,38.0787,36.9443,35.2367,32.9839,55.8437,36.6577
4226,Azure Blue|Polymaker Teal|Olive Green|Orange,#0066D9|#4CC0C7|#948902|#F67405,48.6053,39.1295,36.2392,34.1889,32.5662,82.9265,36.6592
4227,Azure Blue|Cold White|Red|White,#0066D9|#D9DFE5|#E72F1D|#EBF7FF,40.6573,38.1000,36.7995,35.2205,33.4878,59.4219,36.6603
4228,Azure Blue|Black|Purple|Yellow,#0066D9|#080A0D|#6C47B2|#FFE800,46.6925,40.4246,37.1439,32.9151,27.8764,101.0783,36.6699
4229,Tan|Pink|Magenta|Yellow,#A79E82|#F1A1AF|#F24574|#FFE800,39.8170,38.1057,36.9693,35.2564,33.0004,55.8462,36.6811
4230,Olive Green|Tan|Lime Green|Magenta,#948902|#A79E82|#D5D701|#F24574,39.8424,38.0928,36.9674,35.2805,33.0525,55.6736,36.6867
4231,Olive Green|Tan|Red|Magenta,#948902|#A79E82|#E72F1D|#F24574,39.8424,38.0928,36.9674,35.2805,33.0525,55.6736,36.6867
4232,Olive Green|Tan|Magenta|Orange,#948902|#A79E82|#F24574|#F67405,39.8424,38.0928,36.9674,35.2805,33.0525,55.6736,36.6867
4233,Olive Green|Tan|Magenta|Yellow,#948902|#A79E82|#F24574|#FFE800,39.8424,38.0928,36.9674,35.2805,33.0525,55.6736,36.6867
4234,Tan|Lime Green|Red|Magenta,#A79E82|#D5D701|#E72F1D|#F24574,39.8424,38.0928,36.9674,35.2805,33.0525,55.6736,36.6867
4235,Tan|Lime Green|Magenta|Orange,#A79E82|#D5D701|#F24574|#F67405,39.8424,38.0928,36.9674,35.2805,33.0525,55.6736,36.6867
4236,Tan|Lime Green|Magenta|Yellow,#A79E82|#D5D701|#F24574|#FFE800,39.8424,38.0928,36.9674,35.2805,33.0525,55.6736,36.6867
4237,Tan|Red|Magenta|Orange,#A79E82|#E72F1D|#F24574|#F67405,39.8424,38.0928,36.9674,35.2805,33.0525,55.6736,36.6867
4238,Tan|Red|Magenta|Yellow,#A79E82|#E72F1D|#F24574|#FFE800,39.8424,38.0928,36.9674,35.2805,33.0525,55.6736,36.6867
4239,Tan|Magenta|Orange|Yellow,#A79E82|#F24574|#F67405|#FFE800,39.8424,38.0928,36.9674,35.2805,33.0525,55.6736,36.6867
4240,Tan|Lime Green|Pink|Magenta,#A79E82|#D5D701|#F1A1AF|#F24574,39.8427,38.1282,36.9890,35.2760,33.0219,55.9598,36.7021
4241,Tan|Red|Pink|Yellow,#A79E82|#E72F1D|#F1A1AF|#FFE800,39.8190,38.1298,36.9994,35.2899,33.0330,55.8919,36.7098
4242,Tan|Pink|Orange|Yellow,#A79E82|#F1A1AF|#F67405|#FFE800,39.8190,38.1298,36.9994,35.2899,33.0330,55.8919,36.7098
4243,Olive Green|Tan|Pink|Magenta,#948902|#A79E82|#F1A1AF|#F24574,39.8932,38.1507,37.0035,35.2800,33.0159,55.9809,36.7153
4244,Tan|Red|Pink|Orange,#A79E82|#E72F1D|#F1A1AF|#F67405,39.8406,38.1433,37.0080,35.2904,33.0269,55.8299,36.7168
4245,Azure Blue|Black|Red|Yellow,#0066D9|#080A0D|#E72F1D|#FFE800,46.5451,40.2191,37.0116,33.2181,29.0579,102.1962,36.7186
4246,Olive Green|Tan|Lime Green|Pink,#948902|#A79E82|#D5D701|#F1A1AF,39.8532,38.1580,37.0249,35.3131,33.0542,55.9967,36.7355
4247,Tan|Lime Green|Red|Pink,#A79E82|#D5D701|#E72F1D|#F1A1AF,39.8532,38.1580,37.0249,35.3131,33.0542,55.9967,36.7355
4248,Tan|Lime Green|Pink|Orange,#A79E82|#D5D701|#F1A1AF|#F67405,39.8532,38.1580,37.0249,35.3131,33.0542,55.9967,36.7355
4249,Tan|Lime Green|Pink|Yellow,#A79E82|#D5D701|#F1A1AF|#FFE800,39.8532,38.1580,37.0249,35.3131,33.0542,55.9967,36.7355
4250,Azure Blue|Cold White|Red|Magenta,#0066D9|#D9DFE5|#E72F1D|#F24574,40.7839,38.1850,36.8802,35.2959,33.5459,59.3835,36.7405
4251,Olive Green|Tan|Red|Pink,#948902|#A79E82|#E72F1D|#F1A1AF,39.9078,38.1862,37.0444,35.3255,33.0641,56.0336,36.7558
4252,Olive Green|Tan|Pink|Orange,#948902|#A79E82|#F1A1AF|#F67405,39.9078,38.1862,37.0444,35.3255,33.0641,56.0336,36.7558
4253,Olive Green|Tan|Pink|Yellow,#948902|#A79E82|#F1A1AF|#FFE800,39.9078,38.1862,37.0444,35.3255,33.0641,56.0336,36.7558
4254,Azure Blue|Polymaker Teal|Olive Green|Magenta,#0066D9|#4CC0C7|#948902|#F24574,48.5810,39.1678,36.3361,34.3633,32.7510,83.1677,36.7655
4255,Azure Blue|Purple|Olive Green|Tan,#0066D9|#6C47B2|#948902|#A79E82,50.0849,39.6794,36.3336,33.8518,31.8823,83.3838,36.7656
4256,Azure Blue|Green|Olive Green|White,#0066D9|#06924D|#948902|#EBF7FF,48.4701,39.2073,36.3986,34.4027,32.8284,83.1353,36.8050
4257,Polymaker Teal|Purple|Lime Green|Red,#4CC0C7|#6C47B2|#D5D701|#E72F1D,48.3302,39.3394,36.4637,34.3244,32.7276,82.8479,36.8319
4258,Azure Blue|Black|Olive Green|Yellow,#0066D9|#080A0D|#948902|#FFE800,50.0059,41.5790,37.2589,32.1623,26.4744,95.3498,36.8706
4259,Azure Blue|Polymaker Teal|Olive Green|Red,#0066D9|#4CC0C7|#948902|#E72F1D,48.7685,39.3539,36.4848,34.4228,32.7770,83.3327,36.8884
4260,Black|Brown|Purple|Red,#080A0D|#55331A|#6C47B2|#E72F1D,46.2761,38.5270,36.3747,35.2914,34.8852,79.2750,36.9092
4261,Green|White|Magenta|Orange,#06924D|#EBF7FF|#F24574|#F67405,45.8045,39.1517,36.7502,34.6831,32.8307,66.2009,36.9174
4262,Green|Red|White|Magenta,#06924D|#E72F1D|#EBF7FF|#F24574,45.7738,39.1598,36.7630,34.6947,32.8360,65.9451,36.9272
4263,Azure Blue|Purple|Olive Green|Yellow,#0066D9|#6C47B2|#948902|#FFE800,50.3233,39.8149,36.5013,34.0563,32.1358,83.6380,36.9356
4264,Azure Blue|Polymaker Teal|Grey|Olive Green,#0066D9|#4CC0C7|#8C9099|#948902,48.6537,39.3590,36.5594,34.5793,32.9845,83.3935,36.9692
4265,Azure Blue|Grey|Olive Green|Orange,#0066D9|#8C9099|#948902|#F67405,48.7487,39.4646,36.5792,34.4923,32.8296,83.3438,36.9785
4266,Azure Blue|Grey|Olive Green|Yellow,#0066D9|#8C9099|#948902|#FFE800,48.7045,39.4379,36.5860,34.5289,32.9118,83.3488,36.9834
4267,Azure Blue|Olive Green|Tan|Pink,#0066D9|#948902|#A79E82|#F1A1AF,49.0508,39.5651,36.6057,34.4509,32.7393,83.1634,37.0080
4268,Green|Tan|White|Magenta,#06924D|#A79E82|#EBF7FF|#F24574,45.8483,39.2424,36.8547,34.7781,32.8903,66.1386,37.0102
4269,Azure Blue|Grey|Olive Green|Tan,#0066D9|#8C9099|#948902|#A79E82,48.8779,39.4948,36.6289,34.5415,32.8828,83.1128,37.0182
4270,Green|Olive Green|Tan|Lime Green,#06924D|#948902|#A79E82|#D5D701,39.9290,38.3798,37.3126,35.6610,33.4417,56.0775,37.0204
4271,Green|Olive Green|Tan|Yellow,#06924D|#948902|#A79E82|#FFE800,39.9290,38.3798,37.3126,35.6610,33.4417,56.0775,37.0204
4272,Green|Tan|Lime Green|Yellow,#06924D|#A79E82|#D5D701|#FFE800,39.9290,38.3798,37.3126,35.6610,33.4417,56.0775,37.0204
4273,Olive Green|Tan|Lime Green|Yellow,#948902|#A79E82|#D5D701|#FFE800,39.9290,38.3798,37.3126,35.6610,33.4417,56.0775,37.0204
4274,Azure Blue|Purple|Olive Green|Cold White,#0066D9|#6C47B2|#948902|#D9DFE5,50.3495,39.8522,36.5465,34.1891,32.3941,83.1396,37.0206
4275,Green|Olive Green|Tan|Orange,#06924D|#948902|#A79E82|#F67405,39.9322,38.3829,37.3156,35.6639,33.4445,56.0791,37.0234
4276,Green|Tan|Lime Green|Orange,#06924D|#A79E82|#D5D701|#F67405,39.9322,38.3829,37.3156,35.6639,33.4445,56.0791,37.0234
4277,Green|Tan|Orange|Yellow,#06924D|#A79E82|#F67405|#FFE800,39.9322,38.3829,37.3156,35.6639,33.4445,56.0791,37.0234
4278,Olive Green|Tan|Lime Green|Orange,#948902|#A79E82|#D5D701|#F67405,39.9322,38.3829,37.3156,35.6639,33.4445,56.0791,37.0234
4279,Olive Green|Tan|Orange|Yellow,#948902|#A79E82|#F67405|#FFE800,39.9322,38.3829,37.3156,35.6639,33.4445,56.0791,37.0234
4280,Tan|Lime Green|Orange|Yellow,#A79E82|#D5D701|#F67405|#FFE800,39.9322,38.3829,37.3156,35.6639,33.4445,56.0791,37.0234
4281,Green|Olive Green|Tan|Red,#06924D|#948902|#A79E82|#E72F1D,39.9346,38.3844,37.3165,35.6640,33.4440,56.0808,37.0242
4282,Green|Tan|Lime Green|Red,#06924D|#A79E82|#D5D701|#E72F1D,39.9346,38.3844,37.3165,35.6640,33.4440,56.0808,37.0242
4283,Green|Tan|Red|Orange,#06924D|#A79E82|#E72F1D|#F67405,39.9346,38.3844,37.3165,35.6640,33.4440,56.0808,37.0242
4284,Green|Tan|Red|Yellow,#06924D|#A79E82|#E72F1D|#FFE800,39.9346,38.3844,37.3165,35.6640,33.4440,56.0808,37.0242
4285,Olive Green|Tan|Lime Green|Red,#948902|#A79E82|#D5D701|#E72F1D,39.9346,38.3844,37.3165,35.6640,33.4440,56.0808,37.0242
4286,Olive Green|Tan|Red|Orange,#948902|#A79E82|#E72F1D|#F67405,39.9346,38.3844,37.3165,35.6640,33.4440,56.0808,37.0242
4287,Olive Green|Tan|Red|Yellow,#948902|#A79E82|#E72F1D|#FFE800,39.9346,38.3844,37.3165,35.6640,33.4440,56.0808,37.0242
4288,Tan|Lime Green|Red|Orange,#A79E82|#D5D701|#E72F1D|#F67405,39.9346,38.3844,37.3165,35.6640,33.4440,56.0808,37.0242
4289,Tan|Lime Green|Red|Yellow,#A79E82|#D5D701|#E72F1D|#FFE800,39.9346,38.3844,37.3165,35.6640,33.4440,56.0808,37.0242
4290,Tan|Red|Orange|Yellow,#A79E82|#E72F1D|#F67405|#FFE800,39.9346,38.3844,37.3165,35.6640,33.4440,56.0808,37.0242
4291,Green|Olive Green|White|Magenta,#06924D|#948902|#EBF7FF|#F24574,45.9179,39.2836,36.8407,34.7746,32.9295,66.1672,37.0291
4292,Green|Lime Green|White|Magenta,#06924D|#D5D701|#EBF7FF|#F24574,45.9179,39.2836,36.8407,34.7746,32.9295,66.1672,37.0291
4293,Green|White|Magenta|Yellow,#06924D|#EBF7FF|#F24574|#FFE800,45.9179,39.2836,36.8407,34.7746,32.9295,66.1672,37.0291
4294,Azure Blue|Grey|Olive Green|Magenta,#0066D9|#8C9099|#948902|#F24574,48.8878,39.5045,36.6084,34.5649,32.9703,82.9753,37.0347
4295,Azure Blue|Brown|Purple|Olive Green,#0066D9|#55331A|#6C47B2|#948902,49.4157,39.8885,36.7280,34.3372,32.2752,84.9531,37.1128
4296,Azure Blue|Brown|Olive Green|Red,#0066D9|#55331A|#948902|#E72F1D,49.4157,39.8885,36.7280,34.3372,32.2752,84.9531,37.1128
4297,Azure Blue|Purple|Olive Green|Pink,#0066D9|#6C47B2|#948902|#F1A1AF,49.7922,39.9556,36.7298,34.2871,32.3734,84.5557,37.1213
4298,Azure Blue|Brown|Olive Green|Magenta,#0066D9|#55331A|#948902|#F24574,49.7297,40.2711,36.8998,33.9735,31.4849,85.4482,37.1223
4299,Azure Blue|Grey|Olive Green|Lime Green,#0066D9|#8C9099|#948902|#D5D701,49.0265,39.6125,36.7272,34.6383,32.9535,83.1679,37.1254
4300,Olive Green|Lime Green|Cold White|Magenta,#948902|#D5D701|#D9DFE5|#F24574,48.4713,39.4470,36.9197,34.8214,32.9793,67.7523,37.1342
4301,Olive Green|Cold White|Magenta|Orange,#948902|#D9DFE5|#F24574|#F67405,48.4713,39.4470,36.9197,34.8214,32.9793,67.7523,37.1342
4302,Olive Green|Cold White|Magenta|Yellow,#948902|#D9DFE5|#F24574|#FFE800,48.4713,39.4470,36.9197,34.8214,32.9793,67.7523,37.1342
4303,Azure Blue|Polymaker Teal|Olive Green|Pink,#0066D9|#4CC0C7|#948902|#F1A1AF,48.9405,39.5652,36.7468,34.7514,33.1679,83.0261,37.1583
4304,Azure Blue|Brown|Olive Green|Orange,#0066D9|#55331A|#948902|#F67405,49.5752,40.1552,36.8641,34.1622,31.9375,85.6788,37.1587
4305,Azure Blue|Purple|Olive Green|White,#0066D9|#6C47B2|#948902|#EBF7FF,50.7087,40.0470,36.6966,34.2731,32.3773,83.3465,37.1601
4306,Green|Olive Green|Cold White|Pink,#06924D|#948902|#D9DFE5|#F1A1AF,44.9358,39.3889,37.1610,34.9553,32.7159,64.2358,37.1721
4307,Polymaker Teal|Purple|Cold White|Yellow,#4CC0C7|#6C47B2|#D9DFE5|#FFE800,49.4686,39.8591,36.7560,34.4909,32.8843,85.5633,37.1750
4308,Olive Green|Cold White|White|Magenta,#948902|#D9DFE5|#EBF7FF|#F24574,48.5719,39.4719,36.9773,34.8943,33.0122,65.9195,37.1831
4309,Azure Blue|Olive Green|Lime Green|Orange,#0066D9|#948902|#D5D701|#F67405,49.0827,39.6332,36.7707,34.7386,33.1407,83.0038,37.1859
4310,Olive Green|Cold White|Red|Magenta,#948902|#D9DFE5|#E72F1D|#F24574,48.5305,39.5029,37.0026,34.8894,33.0381,66.6408,37.1961
4311,Green|Olive Green|Red|White,#06924D|#948902|#E72F1D|#EBF7FF,44.2659,39.1123,37.1455,35.3234,33.6818,66.2878,37.2179
4312,Polymaker Teal|Purple|Pink|Yellow,#4CC0C7|#6C47B2|#F1A1AF|#FFE800,49.4536,39.8911,36.8035,34.5449,32.9268,85.2479,37.2180
4313,Azure Blue|Polymaker Teal|Olive Green|Tan,#0066D9|#4CC0C7|#948902|#A79E82,49.0888,39.6686,36.7871,34.7755,33.1920,83.3756,37.2220
4314,Azure Blue|Grey|Olive Green|Red,#0066D9|#8C9099|#948902|#E72F1D,48.8831,39.6674,36.8484,34.7881,33.1178,83.3279,37.2278
4315,Azure Blue|Olive Green|Pink|Magenta,#0066D9|#948902|#F1A1AF|#F24574,49.4099,39.9001,36.8563,34.5646,32.7251,84.4838,37.2324
4316,Green|Cold White|White|Pink,#06924D|#D9DFE5|#EBF7FF|#F1A1AF,44.9676,39.4429,37.2309,35.0254,32.7658,63.6110,37.2342
4317,Azure Blue|Polymaker Teal|Olive Green|Yellow,#0066D9|#4CC0C7|#948902|#FFE800,49.1929,39.6516,36.7808,34.8209,33.2824,83.2427,37.2362
4318,Green|Polymaker Teal|Olive Green|Lime Green,#06924D|#4CC0C7|#948902|#D5D701,49.1047,39.6233,36.9332,34.8790,33.1433,73.4657,37.2512
4319,Azure Blue|Purple|Olive Green|Red,#0066D9|#6C47B2|#948902|#E72F1D,50.0411,40.0469,36.8825,34.4646,32.5235,84.1504,37.2557
4320,Green|Cold White|Red|Pink,#06924D|#D9DFE5|#E72F1D|#F1A1AF,45.0013,39.4915,37.2638,35.0439,32.8049,64.3214,37.2677
4321,Olive Green|Cold White|Pink|Magenta,#948902|#D9DFE5|#F1A1AF|#F24574,48.4862,39.6160,37.0940,34.9364,33.0546,67.5728,37.2762
4322,Green|Lime Green|Cold White|Pink,#06924D|#D5D701|#D9DFE5|#F1A1AF,45.0138,39.4971,37.2788,35.0750,32.8495,63.8592,37.2861
4323,Green|Cold White|Pink|Yellow,#06924D|#D9DFE5|#F1A1AF|#FFE800,45.0138,39.4971,37.2788,35.0750,32.8495,63.8592,37.2861
4324,Polymaker Teal|Purple|Magenta|Yellow,#4CC0C7|#6C47B2|#F24574|#FFE800,49.4791,39.9703,36.8768,34.6036,32.9573,85.3224,37.2869
4325,Azure Blue|Purple|Olive Green|Magenta,#0066D9|#6C47B2|#948902|#F24574,50.1776,40.1635,36.9523,34.4155,32.2066,84.1322,37.2895
4326,Green|Cold White|White|Orange,#06924D|#D9DFE5|#EBF7FF|#F67405,44.1145,39.2039,37.3145,35.3900,33.4292,61.5934,37.2970
4327,Azure Blue|Olive Green|Lime Green|Magenta,#0066D9|#948902|#D5D701|#F24574,49.1645,39.7066,36.8736,34.9006,33.3145,83.2621,37.3036
4328,Azure Blue|Olive Green|Tan|Magenta,#0066D9|#948902|#A79E82|#F24574,49.1385,39.8053,36.9280,34.8152,33.1309,83.0787,37.3103
4329,Azure Blue|Olive Green|Tan|Lime Green,#0066D9|#948902|#A79E82|#D5D701,49.1783,39.7508,36.8769,34.8707,33.3092,83.2455,37.3107
4330,Azure Blue|Grey|Olive Green|Pink,#0066D9|#8C9099|#948902|#F1A1AF,49.0393,39.7793,36.9318,34.8535,33.1835,83.2123,37.3164
4331,Green|Tan|Cold White|Pink,#06924D|#A79E82|#D9DFE5|#F1A1AF,45.0403,39.5176,37.3112,35.1153,32.8943,63.8176,37.3164
4332,Polymaker Teal|Purple|Lime Green|Orange,#4CC0C7|#6C47B2|#D5D701|#F67405,48.6779,39.7536,36.9469,34.8838,33.3223,83.0570,37.3187
4333,Azure Blue|Olive Green|Red|Pink,#0066D9|#948902|#E72F1D|#F1A1AF,49.5088,39.9860,36.9472,34.6534,32.7797,84.5183,37.3197
4334,Green|Polymaker Teal|Olive Green|Yellow,#06924D|#4CC0C7|#948902|#FFE800,49.1473,39.6962,37.0050,34.9438,33.1865,74.4551,37.3200
4335,Polymaker Teal|Olive Green|Lime Green|Yellow,#4CC0C7|#948902|#D5D701|#FFE800,49.1473,39.6962,37.0050,34.9438,33.1865,74.4551,37.3200
4336,Azure Blue|Black|Tan|Yellow,#0066D9|#080A0D|#A79E82|#FFE800,46.8448,40.8130,37.7258,33.8457,29.1546,96.3276,37.3294
4337,Olive Green|Cold White|Red|Pink,#948902|#D9DFE5|#E72F1D|#F1A1AF,48.2019,39.5179,37.1414,35.1655,33.3480,67.1545,37.3417
4338,Azure Blue|Olive Green|Pink|Orange,#0066D9|#948902|#F1A1AF|#F67405,49.4597,40.0005,36.9766,34.6849,32.8478,84.5935,37.3427
4339,Green|Lime Green|Red|White,#06924D|#D5D701|#E72F1D|#EBF7FF,44.4085,39.2399,37.2594,35.4551,33.8085,66.6554,37.3475
4340,Green|Red|White|Orange,#06924D|#E72F1D|#EBF7FF|#F67405,44.4085,39.2399,37.2594,35.4551,33.8085,66.6554,37.3475
4341,Green|Red|White|Yellow,#06924D|#E72F1D|#EBF7FF|#FFE800,44.4085,39.2399,37.2594,35.4551,33.8085,66.6554,37.3475
4342,Azure Blue|Olive Green|Lime Green|Pink,#0066D9|#948902|#D5D701|#F1A1AF,49.1684,39.8146,36.9363,34.8953,33.2935,83.4973,37.3549
4343,Green|Cold White|Pink|Orange,#06924D|#D9DFE5|#F1A1AF|#F67405,45.0986,39.5676,37.3510,35.1488,32.9042,63.6363,37.3582
4344,Olive Green|Cold White|White|Pink,#948902|#D9DFE5|#EBF7FF|#F1A1AF,48.0712,39.5344,37.2057,35.1941,33.3637,67.3828,37.3643
4345,Olive Green|Lime Green|Cold White|Pink,#948902|#D5D701|#D9DFE5|#F1A1AF,48.1234,39.5678,37.2139,35.1931,33.3414,66.8858,37.3805
4346,Olive Green|Cold White|Pink|Yellow,#948902|#D9DFE5|#F1A1AF|#FFE800,48.1234,39.5678,37.2139,35.1931,33.3414,66.8858,37.3805
4347,Olive Green|Cold White|Pink|Orange,#948902|#D9DFE5|#F1A1AF|#F67405,48.1723,39.6090,37.2398,35.2059,33.3504,67.1998,37.4075
4348,Azure Blue|Polymaker Teal|Olive Green|Cold White,#0066D9|#4CC0C7|#948902|#D9DFE5,49.1917,39.7787,36.9756,35.0399,33.5209,82.7818,37.4093
4349,Black|Brown|Purple|Magenta,#080A0D|#55331A|#6C47B2|#F24574,46.4087,39.1407,36.9594,35.6872,35.1421,77.8610,37.4140
4350,Brown|Purple|Red|Magenta,#55331A|#6C47B2|#E72F1D|#F24574,46.4087,39.1407,36.9594,35.6872,35.1421,77.8610,37.4140
4351,Green|Olive Green|Cold White|Orange,#06924D|#948902|#D9DFE5|#F67405,44.3174,39.3526,37.4228,35.4797,33.5208,61.9051,37.4161
4352,Azure Blue|Olive Green|Tan|Orange,#0066D9|#948902|#A79E82|#F67405,49.2387,39.8928,37.0457,34.9684,33.2706,82.6793,37.4306
4353,Green|Lime Green|Cold White|Orange,#06924D|#D5D701|#D9DFE5|#F67405,44.2988,39.3619,37.4541,35.5014,33.5030,61.6335,37.4317
4354,Green|Cold White|Orange|Yellow,#06924D|#D9DFE5|#F67405|#FFE800,44.2988,39.3619,37.4541,35.5014,33.5030,61.6335,37.4317
4355,Azure Blue|Olive Green|Tan|Red,#0066D9|#948902|#A79E82|#E72F1D,49.1790,39.8985,37.0543,34.9791,33.2983,82.7942,37.4388
4356,Azure Blue|Purple|Olive Green|Orange,#0066D9|#6C47B2|#948902|#F67405,50.4157,40.3843,37.1069,34.5332,32.5048,84.3677,37.4588
4357,Azure Blue|Polymaker Teal|Purple|Yellow,#0066D9|#4CC0C7|#6C47B2|#FFE800,49.5584,40.1466,37.0593,34.8165,33.2268,85.6442,37.4816
4358,Polymaker Teal|Purple|White|Yellow,#4CC0C7|#6C47B2|#EBF7FF|#FFE800,49.6300,40.2029,37.0930,34.7839,33.1729,85.7017,37.4934
4359,Blue|Azure Blue|Green|Polymaker Teal,#003776|#0066D9|#06924D|#4CC0C7,44.3970,40.0552,37.7033,34.9354,32.2362,79.6772,37.4953
4360,Azure Blue|Olive Green|Red|Orange,#0066D9|#948902|#E72F1D|#F67405,49.7350,40.1549,37.1219,34.8549,33.0476,84.2948,37.5049
4361,Black|Brown|Purple|Olive Green,#080A0D|#55331A|#6C47B2|#948902,62.9409,43.7198,36.8236,31.3193,26.7108,90.2757,37.5195
4362,Azure Blue|Olive Green|Lime Green|Red,#0066D9|#948902|#D5D701|#E72F1D,49.3118,39.9553,37.1001,35.1073,33.5279,83.2609,37.5313
4363,Azure Blue|Olive Green|Lime Green|Yellow,#0066D9|#948902|#D5D701|#FFE800,49.2290,39.9237,37.1480,35.1816,33.5929,83.1498,37.5527
4364,Azure Blue|Olive Green|Orange|Yellow,#0066D9|#948902|#F67405|#FFE800,49.4828,40.0593,37.1453,35.0797,33.4714,83.5531,37.5695
4365,Azure Blue|Olive Green|Red|Magenta,#0066D9|#948902|#E72F1D|#F24574,49.7969,40.2646,37.2339,34.8803,32.9010,84.0853,37.5724
4366,Azure Blue|Polymaker Teal|Olive Green|White,#0066D9|#4CC0C7|#948902|#EBF7FF,49.4376,39.9882,37.1192,35.1585,33.6488,83.0944,37.5733
4367,Azure Blue|Olive Green|Cold White|Red,#0066D9|#948902|#D9DFE5|#E72F1D,49.4129,39.9774,37.1316,35.1696,33.6719,82.8888,37.5735
4368,Azure Blue|Olive Green|Magenta|Orange,#0066D9|#948902|#F24574|#F67405,49.8123,40.2475,37.2273,34.9023,32.9117,84.1242,37.5749
4369,Olive Green|Cold White|Red|White,#948902|#D9DFE5|#E72F1D|#EBF7FF,49.0721,39.8174,37.3801,35.3579,33.5734,67.4190,37.5876
4370,Olive Green|Lime Green|Cold White|Red,#948902|#D5D701|#D9DFE5|#E72F1D,49.0079,39.8083,37.3928,35.3850,33.5987,65.7163,37.5966
4371,Olive Green|Cold White|Red|Orange,#948902|#D9DFE5|#E72F1D|#F67405,49.0079,39.8083,37.3928,35.3850,33.5987,65.7163,37.5966
4372,Olive Green|Cold White|Red|Yellow,#948902|#D9DFE5|#E72F1D|#FFE800,49.0079,39.8083,37.3928,35.3850,33.5987,65.7163,37.5966
4373,Azure Blue|Olive Green|Tan|Yellow,#0066D9|#948902|#A79E82|#FFE800,49.3925,40.0723,37.2174,35.1554,33.4795,83.2935,37.6139
4374,Green|Brown|Tan|Pink,#06924D|#55331A|#A79E82|#F1A1AF,44.9534,39.8804,37.7064,35.4021,32.8651,65.8962,37.6413
4375,Azure Blue|Olive Green|White|Magenta,#0066D9|#948902|#EBF7FF|#F24574,49.4665,40.0666,37.2178,35.2438,33.7220,83.4723,37.6552
4376,Azure Blue|Olive Green|White|Pink,#0066D9|#948902|#EBF7FF|#F1A1AF,49.3961,40.0446,37.2361,35.2699,33.7413,83.3383,37.6572
4377,Azure Blue|Grey|Olive Green|Cold White,#0066D9|#8C9099|#948902|#D9DFE5,49.3770,40.0378,37.2517,35.3130,33.7996,83.0288,37.6754
4378,Azure Blue|Olive Green|Red|Yellow,#0066D9|#948902|#E72F1D|#FFE800,49.4853,40.0946,37.2513,35.2610,33.7114,83.3420,37.6778
4379,Azure Blue|Olive Green|Magenta|Yellow,#0066D9|#948902|#F24574|#FFE800,49.6782,40.1590,37.2369,35.1998,33.6310,83.7051,37.6794
4380,Azure Blue|Grey|Olive Green|White,#0066D9|#8C9099|#948902|#EBF7FF,49.4518,40.1207,37.2973,35.2953,33.7348,83.2907,37.7080
4381,Polymaker Teal|Purple|Lime Green|Cold White,#4CC0C7|#6C47B2|#D5D701|#D9DFE5,48.8872,40.1385,37.3575,35.2994,33.7267,82.6904,37.7190
4382,Green|Brown|Olive Green|Pink,#06924D|#55331A|#948902|#F1A1AF,45.0526,39.9745,37.7823,35.4736,32.9403,65.9424,37.7241
4383,Green|Brown|Lime Green|Pink,#06924D|#55331A|#D5D701|#F1A1AF,45.0526,39.9745,37.7823,35.4736,32.9403,65.9424,37.7241
4384,Green|Brown|Red|Pink,#06924D|#55331A|#E72F1D|#F1A1AF,45.0526,39.9745,37.7823,35.4736,32.9403,65.9424,37.7241
4385,Green|Brown|Pink|Magenta,#06924D|#55331A|#F1A1AF|#F24574,45.0526,39.9745,37.7823,35.4736,32.9403,65.9424,37.7241
4386,Green|Brown|Pink|Orange,#06924D|#55331A|#F1A1AF|#F67405,45.0526,39.9745,37.7823,35.4736,32.9403,65.9424,37.7241
4387,Green|Brown|Pink|Yellow,#06924D|#55331A|#F1A1AF|#FFE800,45.0526,39.9745,37.7823,35.4736,32.9403,65.9424,37.7241
4388,Azure Blue|Olive Green|Cold White|White,#0066D9|#948902|#D9DFE5|#EBF7FF,49.5408,40.1211,37.2929,35.3405,33.8457,83.1984,37.7308
4389,Azure Blue|Polymaker Teal|Olive Green|Lime Green,#0066D9|#4CC0C7|#948902|#D5D701,49.5089,40.1294,37.3083,35.3332,33.7240,83.1735,37.7313
4390,Azure Blue|Olive Green|Tan|Cold White,#0066D9|#948902|#A79E82|#D9DFE5,49.4367,40.1237,37.3119,35.3482,33.8175,83.3621,37.7359
4391,Azure Blue|Olive Green|Cold White|Magenta,#0066D9|#948902|#D9DFE5|#F24574,49.5116,40.1569,37.3464,35.3724,33.8502,83.4377,37.7647
4392,Black|Purple|Pink|Yellow,#080A0D|#6C47B2|#F1A1AF|#FFE800,49.4667,41.4470,37.7398,34.1212,31.3363,89.4126,37.7841
4393,Azure Blue|Olive Green|White|Yellow,#0066D9|#948902|#EBF7FF|#FFE800,49.5223,40.1601,37.3604,35.4132,33.8859,83.4805,37.7867
4394,Polymaker Teal|Purple|Lime Green|Yellow,#4CC0C7|#6C47B2|#D5D701|#FFE800,49.0460,40.2413,37.4110,35.3508,33.7915,83.1963,37.7960
4395,Azure Blue|Olive Green|Pink|Yellow,#0066D9|#948902|#F1A1AF|#FFE800,49.8225,40.3308,37.3891,35.2964,33.7090,83.5009,37.8136
4396,Azure Blue|Olive Green|Cold White|Pink,#0066D9|#948902|#D9DFE5|#F1A1AF,49.7131,40.2357,37.3821,35.3992,33.8667,83.5062,37.8175
4397,Polymaker Teal|Purple|Lime Green|White,#4CC0C7|#6C47B2|#D5D701|#EBF7FF,49.0349,40.2806,37.4573,35.3564,33.7743,83.4299,37.8185
4398,Polymaker Teal|Purple|Lime Green|Pink,#4CC0C7|#6C47B2|#D5D701|#F1A1AF,49.0338,40.2690,37.5046,35.4342,33.8345,83.4438,37.8516
4399,Black|Purple|Olive Green|Red,#080A0D|#6C47B2|#948902|#E72F1D,63.1619,44.0486,37.2212,31.7382,27.1067,90.1479,37.8934
4400,Black|Purple|Olive Green|Orange,#080A0D|#6C47B2|#948902|#F67405,63.1619,44.0486,37.2212,31.7382,27.1067,90.1479,37.8934
4401,Azure Blue|Olive Green|White|Orange,#0066D9|#948902|#EBF7FF|#F67405,49.6853,40.2958,37.4629,35.4994,34.0002,83.6549,37.8976
4402,Azure Blue|Olive Green|Lime Green|White,#0066D9|#948902|#D5D701|#EBF7FF,49.7106,40.3002,37.4692,35.5000,33.9789,83.5869,37.9001
4403,Azure Blue|Olive Green|Cold White|Yellow,#0066D9|#948902|#D9DFE5|#FFE800,49.6366,40.2914,37.4817,35.5432,34.0469,83.3116,37.9173
4404,Azure Blue|Black|Orange|Yellow,#0066D9|#080A0D|#F67405|#FFE800,47.1911,41.1003,38.1701,34.7490,30.9875,106.2302,37.9246
4405,Azure Blue|Olive Green|Cold White|Orange,#0066D9|#948902|#D9DFE5|#F67405,49.6773,40.3587,37.5424,35.5022,33.9394,83.7417,37.9305
4406,Azure Blue|Olive Green|Lime Green|Cold White,#0066D9|#948902|#D5D701|#D9DFE5,49.7173,40.3412,37.4970,35.5491,34.0458,83.1908,37.9452
4407,Azure Blue|Black|Lime Green|Pink,#0066D9|#080A0D|#D5D701|#F1A1AF,47.4611,41.3550,38.2335,34.5593,30.2688,98.1306,37.9572
4408,Black|Purple|Grey|Olive Green,#080A0D|#6C47B2|#8C9099|#948902,49.1237,41.6235,38.1640,34.2919,29.9174,88.4939,37.9577
4409,Polymaker Teal|Purple|Lime Green|Magenta,#4CC0C7|#6C47B2|#D5D701|#F24574,49.1883,40.4046,37.6147,35.5342,33.9206,83.9359,37.9694
4410,Azure Blue|Polymaker Teal|Purple|Lime Green,#0066D9|#4CC0C7|#6C47B2|#D5D701,49.0922,40.3546,37.5983,35.5954,34.0615,83.2993,37.9750
4411,Azure Blue|Olive Green|Red|White,#0066D9|#948902|#E72F1D|#EBF7FF,49.7689,40.3922,37.5560,35.5671,34.0328,83.4621,37.9796
4412,Black|Purple|Olive Green|Magenta,#080A0D|#6C47B2|#948902|#F24574,63.2362,43.9635,37.2461,32.0077,27.4490,90.3212,37.9856
4413,Green|Olive Green|Lime Green|Cold White,#06924D|#948902|#D5D701|#D9DFE5,46.0255,40.0418,37.9436,35.9790,33.9958,62.1985,38.0104
4414,Green|Olive Green|Cold White|Yellow,#06924D|#948902|#D9DFE5|#FFE800,46.0255,40.0418,37.9436,35.9790,33.9958,62.1985,38.0104
4415,Azure Blue|Olive Green|Tan|White,#0066D9|#948902|#A79E82|#EBF7FF,49.7248,40.4396,37.6155,35.6144,34.0439,83.7102,38.0270
4416,Green|Olive Green|Cold White|White,#06924D|#948902|#D9DFE5|#EBF7FF,46.0982,40.1003,38.0122,36.0322,34.0171,62.1663,38.0663
4417,Olive Green|Lime Green|Cold White|White,#948902|#D5D701|#D9DFE5|#EBF7FF,51.1605,40.5513,37.8878,35.8093,34.0040,70.9477,38.1803
4418,Olive Green|Cold White|White|Yellow,#948902|#D9DFE5|#EBF7FF|#FFE800,51.1605,40.5513,37.8878,35.8093,34.0040,70.9477,38.1803
4419,Olive Green|Cold White|White|Orange,#948902|#D9DFE5|#EBF7FF|#F67405,51.2353,40.6000,37.9394,35.8450,33.9813,70.7714,38.2225
4420,Olive Green|Lime Green|Cold White|Orange,#948902|#D5D701|#D9DFE5|#F67405,51.2699,40.6035,37.9381,35.8438,33.9900,70.6853,38.2237
4421,Olive Green|Cold White|Orange|Yellow,#948902|#D9DFE5|#F67405|#FFE800,51.2699,40.6035,37.9381,35.8438,33.9900,70.6853,38.2237
4422,Azure Blue|Cold White|White|Pink,#0066D9|#D9DFE5|#EBF7FF|#F1A1AF,41.8683,39.6195,38.3910,36.8301,35.0740,61.1213,38.2248
4423,Olive Green|Lime Green|Cold White|Yellow,#948902|#D5D701|#D9DFE5|#FFE800,51.3914,40.6875,37.9288,35.8233,33.9740,71.6390,38.2554
4424,Green|White|Pink|Magenta,#06924D|#EBF7FF|#F1A1AF|#F24574,46.1201,40.6265,38.4763,36.4129,34.3827,64.2238,38.5197
4425,Green|Black|Polymaker Teal|Purple,#06924D|#080A0D|#4CC0C7|#6C47B2,56.7388,43.5356,38.5537,33.7910,29.0010,84.1594,38.6633
4426,Azure Blue|Cold White|White|Magenta,#0066D9|#D9DFE5|#EBF7FF|#F24574,42.5841,40.1843,38.9405,37.3800,35.6134,60.9441,38.7822
4427,Azure Blue|Cold White|Pink|Magenta,#0066D9|#D9DFE5|#F1A1AF|#F24574,42.5999,40.1963,38.9489,37.3775,35.6139,61.3765,38.7869
4428,Green|Olive Green|White|Orange,#06924D|#948902|#EBF7FF|#F67405,45.0489,40.6611,38.8104,36.9826,35.3453,66.2748,38.8218
4429,Green|Lime Green|White|Orange,#06924D|#D5D701|#EBF7FF|#F67405,45.0489,40.6611,38.8104,36.9826,35.3453,66.2748,38.8218
4430,Green|White|Orange|Yellow,#06924D|#EBF7FF|#F67405|#FFE800,45.0489,40.6611,38.8104,36.9826,35.3453,66.2748,38.8218
4431,Green|Polymaker Teal|Cold White|White,#06924D|#4CC0C7|#D9DFE5|#EBF7FF,44.9317,40.7389,39.0321,37.1589,35.1432,61.1607,38.9489
4432,Brown|Purple|Red|Pink,#55331A|#6C47B2|#E72F1D|#F1A1AF,42.0612,40.0811,39.0835,37.8451,36.2695,55.2385,38.9631
4433,Brown|Purple|Pink|Magenta,#55331A|#6C47B2|#F1A1AF|#F24574,42.0612,40.0811,39.0835,37.8451,36.2695,55.2385,38.9631
4434,Brown|Purple|Pink|Orange,#55331A|#6C47B2|#F1A1AF|#F67405,42.0612,40.0811,39.0835,37.8451,36.2695,55.2385,38.9631
4435,Brown|Red|Pink|Magenta,#55331A|#E72F1D|#F1A1AF|#F24574,42.0612,40.0811,39.0835,37.8451,36.2695,55.2385,38.9631
4436,Brown|Red|Pink|Orange,#55331A|#E72F1D|#F1A1AF|#F67405,42.0612,40.0811,39.0835,37.8451,36.2695,55.2385,38.9631
4437,Brown|Pink|Magenta|Orange,#55331A|#F1A1AF|#F24574|#F67405,42.0612,40.0811,39.0835,37.8451,36.2695,55.2385,38.9631
4438,Green|Polymaker Teal|Cold White|Yellow,#06924D|#4CC0C7|#D9DFE5|#FFE800,45.0425,40.8227,39.1020,37.2203,35.1837,60.8219,39.0215
4439,Green|Polymaker Teal|Lime Green|Cold White,#06924D|#4CC0C7|#D5D701|#D9DFE5,45.0563,40.8433,39.1384,37.2589,35.2266,61.0283,39.0511
4440,Green|Tan|White|Pink,#06924D|#A79E82|#EBF7FF|#F1A1AF,46.4731,41.1738,39.0703,36.9878,34.8932,64.2353,39.0808
4441,Black|Purple|Magenta|Yellow,#080A0D|#6C47B2|#F24574|#FFE800,50.2102,42.4436,39.0247,35.8178,33.2101,90.0930,39.1307
4442,Green|Olive Green|White|Pink,#06924D|#948902|#EBF7FF|#F1A1AF,46.4768,41.2344,39.1756,37.1405,35.0733,64.2640,39.1875
4443,Green|Lime Green|White|Pink,#06924D|#D5D701|#EBF7FF|#F1A1AF,46.4768,41.2344,39.1756,37.1405,35.0733,64.2640,39.1875
4444,Green|Red|White|Pink,#06924D|#E72F1D|#EBF7FF|#F1A1AF,46.4768,41.2344,39.1756,37.1405,35.0733,64.2640,39.1875
4445,Green|White|Pink|Orange,#06924D|#EBF7FF|#F1A1AF|#F67405,46.4768,41.2344,39.1756,37.1405,35.0733,64.2640,39.1875
4446,Green|White|Pink|Yellow,#06924D|#EBF7FF|#F1A1AF|#FFE800,46.4768,41.2344,39.1756,37.1405,35.0733,64.2640,39.1875
4447,Black|Purple|Tan|Yellow,#080A0D|#6C47B2|#A79E82|#FFE800,48.9487,42.8688,39.6307,35.5213,30.6417,94.8353,39.1951
4448,Green|Tan|Pink|Magenta,#06924D|#A79E82|#F1A1AF|#F24574,46.7179,41.3866,39.2459,37.1141,34.9605,63.8034,39.2503
4449,Green|Olive Green|Lime Green|Pink,#06924D|#948902|#D5D701|#F1A1AF,46.7040,41.3814,39.2536,37.1325,34.9826,64.2532,39.2569
4450,Green|Olive Green|Red|Pink,#06924D|#948902|#E72F1D|#F1A1AF,46.7040,41.3814,39.2536,37.1325,34.9826,64.2532,39.2569
4451,Green|Olive Green|Pink|Orange,#06924D|#948902|#F1A1AF|#F67405,46.7040,41.3814,39.2536,37.1325,34.9826,64.2532,39.2569
4452,Green|Olive Green|Pink|Yellow,#06924D|#948902|#F1A1AF|#FFE800,46.7040,41.3814,39.2536,37.1325,34.9826,64.2532,39.2569
4453,Green|Lime Green|Red|Pink,#06924D|#D5D701|#E72F1D|#F1A1AF,46.7040,41.3814,39.2536,37.1325,34.9826,64.2532,39.2569
4454,Green|Lime Green|Pink|Orange,#06924D|#D5D701|#F1A1AF|#F67405,46.7040,41.3814,39.2536,37.1325,34.9826,64.2532,39.2569
4455,Green|Lime Green|Pink|Yellow,#06924D|#D5D701|#F1A1AF|#FFE800,46.7040,41.3814,39.2536,37.1325,34.9826,64.2532,39.2569
4456,Green|Red|Pink|Orange,#06924D|#E72F1D|#F1A1AF|#F67405,46.7040,41.3814,39.2536,37.1325,34.9826,64.2532,39.2569
4457,Green|Red|Pink|Yellow,#06924D|#E72F1D|#F1A1AF|#FFE800,46.7040,41.3814,39.2536,37.1325,34.9826,64.2532,39.2569
4458,Green|Pink|Orange|Yellow,#06924D|#F1A1AF|#F67405|#FFE800,46.7040,41.3814,39.2536,37.1325,34.9826,64.2532,39.2569
4459,Green|Olive Green|Tan|Pink,#06924D|#948902|#A79E82|#F1A1AF,46.6668,41.3670,39.2513,37.1655,35.0406,63.7870,39.2663
4460,Green|Tan|Lime Green|Pink,#06924D|#A79E82|#D5D701|#F1A1AF,46.6668,41.3670,39.2513,37.1655,35.0406,63.7870,39.2663
4461,Green|Tan|Red|Pink,#06924D|#A79E82|#E72F1D|#F1A1AF,46.6668,41.3670,39.2513,37.1655,35.0406,63.7870,39.2663
4462,Green|Tan|Pink|Orange,#06924D|#A79E82|#F1A1AF|#F67405,46.6668,41.3670,39.2513,37.1655,35.0406,63.7870,39.2663
4463,Green|Tan|Pink|Yellow,#06924D|#A79E82|#F1A1AF|#FFE800,46.6668,41.3670,39.2513,37.1655,35.0406,63.7870,39.2663
4464,Green|Olive Green|Pink|Magenta,#06924D|#948902|#F1A1AF|#F24574,46.7857,41.3898,39.2651,37.1803,35.0586,63.7230,39.2850
4465,Green|Lime Green|Pink|Magenta,#06924D|#D5D701|#F1A1AF|#F24574,46.7857,41.3898,39.2651,37.1803,35.0586,63.7230,39.2850
4466,Green|Red|Pink|Magenta,#06924D|#E72F1D|#F1A1AF|#F24574,46.7857,41.3898,39.2651,37.1803,35.0586,63.7230,39.2850
4467,Green|Pink|Magenta|Orange,#06924D|#F1A1AF|#F24574|#F67405,46.7857,41.3898,39.2651,37.1803,35.0586,63.7230,39.2850
4468,Green|Pink|Magenta|Yellow,#06924D|#F1A1AF|#F24574|#FFE800,46.7857,41.3898,39.2651,37.1803,35.0586,63.7230,39.2850
4469,Black|Brown|Purple|Yellow,#080A0D|#55331A|#6C47B2|#FFE800,50.3523,42.6284,39.2005,35.9889,33.5211,89.9930,39.3087
4470,Black|Purple|Olive Green|Yellow,#080A0D|#6C47B2|#948902|#FFE800,58.9958,45.3385,39.1621,33.3505,28.0745,91.1166,39.3445
4471,Black|Purple|Red|Yellow,#080A0D|#6C47B2|#E72F1D|#FFE800,50.3630,42.7321,39.3330,36.0983,33.4897,90.3842,39.4152
4472,Black|Purple|Orange|Yellow,#080A0D|#6C47B2|#F67405|#FFE800,50.3630,42.7321,39.3330,36.0983,33.4897,90.3842,39.4152
4473,Olive Green|Lime Green|White|Pink,#948902|#D5D701|#EBF7FF|#F1A1AF,49.4812,41.7127,39.4225,37.5263,35.8596,77.5361,39.6195
4474,Olive Green|Red|White|Pink,#948902|#E72F1D|#EBF7FF|#F1A1AF,49.4812,41.7127,39.4225,37.5263,35.8596,77.5361,39.6195
4475,Olive Green|White|Pink|Orange,#948902|#EBF7FF|#F1A1AF|#F67405,49.4812,41.7127,39.4225,37.5263,35.8596,77.5361,39.6195
4476,Olive Green|White|Pink|Yellow,#948902|#EBF7FF|#F1A1AF|#FFE800,49.4812,41.7127,39.4225,37.5263,35.8596,77.5361,39.6195
4477,Blue|Azure Blue|Purple|Olive Green,#003776|#0066D9|#6C47B2|#948902,51.6523,42.7767,39.5073,36.4993,33.4153,88.3684,39.6380
4478,Blue|Azure Blue|Green|Black,#003776|#0066D9|#06924D|#080A0D,46.4015,41.6263,39.7251,37.7805,35.8565,75.2390,39.7034
4479,Green|Lime Green|Cold White|Yellow,#06924D|#D5D701|#D9DFE5|#FFE800,46.3873,41.5863,39.7688,37.8725,35.8192,61.8465,39.7294
4480,Green|Black|Magenta|Yellow,#06924D|#080A0D|#F24574|#FFE800,47.0453,41.5258,39.5164,37.9580,36.6942,65.2774,39.7419
4481,Green|Black|Brown|Magenta,#06924D|#080A0D|#55331A|#F24574,47.1512,41.6025,39.5338,37.9348,36.6569,65.3790,39.7687
4482,Green|Cold White|White|Yellow,#06924D|#D9DFE5|#EBF7FF|#FFE800,46.3959,41.6386,39.8235,37.9073,35.8437,61.7998,39.7730
4483,Green|Lime Green|Cold White|White,#06924D|#D5D701|#D9DFE5|#EBF7FF,46.4515,41.6515,39.8415,37.9395,35.8761,61.6503,39.7955
4484,Green|Black|Olive Green|Magenta,#06924D|#080A0D|#948902|#F24574,47.1361,41.6175,39.5804,38.0282,36.7595,65.4844,39.8228
4485,Green|Black|Lime Green|Magenta,#06924D|#080A0D|#D5D701|#F24574,47.1361,41.6175,39.5804,38.0282,36.7595,65.4844,39.8228
4486,Green|Black|Red|Magenta,#06924D|#080A0D|#E72F1D|#F24574,47.1361,41.6175,39.5804,38.0282,36.7595,65.4844,39.8228
4487,Green|Black|Magenta|Orange,#06924D|#080A0D|#F24574|#F67405,47.1361,41.6175,39.5804,38.0282,36.7595,65.4844,39.8228
4488,Blue|Azure Blue|Brown|Olive Green,#003776|#0066D9|#55331A|#948902,51.8967,43.0095,39.6991,36.6449,33.5051,88.3940,39.8272
4489,Azure Blue|Black|Pink|Yellow,#0066D9|#080A0D|#F1A1AF|#FFE800,49.1180,43.3206,40.2254,36.4174,31.7717,97.2869,39.8690
4490,Black|Lime Green|Red|Magenta,#080A0D|#D5D701|#E72F1D|#F24574,45.2676,41.0224,39.5844,38.8450,38.7600,71.4420,39.9337
4491,Black|Lime Green|Magenta|Orange,#080A0D|#D5D701|#F24574|#F67405,45.2676,41.0224,39.5844,38.8450,38.7600,71.4420,39.9337
4492,Black|Lime Green|Magenta|Yellow,#080A0D|#D5D701|#F24574|#FFE800,45.2676,41.0224,39.5844,38.8450,38.7600,71.4420,39.9337
4493,Green|Polymaker Teal|White|Yellow,#06924D|#4CC0C7|#EBF7FF|#FFE800,44.7465,41.5612,40.0583,38.3217,36.5046,60.1564,39.9415
4494,Green|Polymaker Teal|Lime Green|White,#06924D|#4CC0C7|#D5D701|#EBF7FF,44.7686,41.5652,40.0543,38.3193,36.5060,60.7923,39.9422
4495,Black|Purple|Magenta|Orange,#080A0D|#6C47B2|#F24574|#F67405,47.0175,41.1613,39.5762,38.7712,38.4591,74.0957,39.9663
4496,Black|Purple|Red|Orange,#080A0D|#6C47B2|#E72F1D|#F67405,47.0417,41.1931,39.6105,38.7952,38.4673,74.6231,39.9941
4497,Olive Green|White|Pink|Magenta,#948902|#EBF7FF|#F1A1AF|#F24574,49.7914,42.0783,39.8166,37.9185,36.2026,76.2339,39.9984
4498,Black|Olive Green|Lime Green|Magenta,#080A0D|#948902|#D5D701|#F24574,45.2346,41.0650,39.6743,38.9390,38.8398,71.9317,40.0020
4499,Black|Brown|Lime Green|Magenta,#080A0D|#55331A|#D5D701|#F24574,45.2957,41.1584,39.7423,38.9215,38.8162,72.0816,40.0399
4500,Blue|Green|Polymaker Teal|Purple,#003776|#06924D|#4CC0C7|#6C47B2,57.9326,45.1727,40.1806,35.0900,30.0690,85.3303,40.1313
4501,Black|Purple|Olive Green|Pink,#080A0D|#6C47B2|#948902|#F1A1AF,59.0119,46.1418,40.0853,34.2241,28.6882,90.1688,40.1829
4502,Azure Blue|Black|Red|Magenta,#0066D9|#080A0D|#E72F1D|#F24574,46.1175,41.2096,39.8092,39.2506,39.4559,74.7099,40.2301
4503,Azure Blue|Purple|Red|Pink,#0066D9|#6C47B2|#E72F1D|#F1A1AF,43.5420,41.5190,40.4170,39.0264,37.5074,59.7239,40.2727
4504,Azure Blue|Purple|Pink|Magenta,#0066D9|#6C47B2|#F1A1AF|#F24574,43.5420,41.5190,40.4170,39.0264,37.5074,59.7239,40.2727
4505,Azure Blue|Red|Pink|Magenta,#0066D9|#E72F1D|#F1A1AF|#F24574,43.5420,41.5190,40.4170,39.0264,37.5074,59.7239,40.2727
4506,Azure Blue|Green|Polymaker Teal|Purple,#0066D9|#06924D|#4CC0C7|#6C47B2,57.9620,45.2805,40.3547,35.2808,30.2302,85.3663,40.2806
4507,Blue|Azure Blue|Black|Red,#003776|#0066D9|#080A0D|#E72F1D,46.1535,41.3116,39.9342,39.3387,39.5008,74.7159,40.3251
4508,Azure Blue|Black|Purple|Red,#0066D9|#080A0D|#6C47B2|#E72F1D,46.1652,41.3464,39.9365,39.3242,39.4760,74.7804,40.3353
4509,Green|Olive Green|Lime Green|White,#06924D|#948902|#D5D701|#EBF7FF,48.3760,42.3698,40.2265,38.3025,36.6286,72.7356,40.3362
4510,Green|Olive Green|White|Yellow,#06924D|#948902|#EBF7FF|#FFE800,48.3760,42.3698,40.2265,38.3025,36.6286,72.7356,40.3362
4511,Olive Green|Lime Green|White|Magenta,#948902|#D5D701|#EBF7FF|#F24574,50.8680,42.6230,40.1164,38.0611,36.3067,79.0558,40.3421
4512,Olive Green|White|Magenta|Yellow,#948902|#EBF7FF|#F24574|#FFE800,50.8680,42.6230,40.1164,38.0611,36.3067,79.0558,40.3421
4513,Blue|Black|Purple|Red,#003776|#080A0D|#6C47B2|#E72F1D,42.2382,40.9083,40.3288,39.8259,39.5358,79.6947,40.3671
4514,Black|Purple|Tan|Lime Green,#080A0D|#6C47B2|#A79E82|#D5D701,52.1727,44.7568,40.7456,35.9916,30.7737,97.8688,40.3742
4515,Olive Green|Red|White|Magenta,#948902|#E72F1D|#EBF7FF|#F24574,51.0208,42.7276,40.1853,38.1030,36.3422,79.5403,40.4153
4516,Olive Green|White|Magenta|Orange,#948902|#EBF7FF|#F24574|#F67405,50.7802,42.6633,40.2233,38.2029,36.4171,78.7701,40.4331
4517,Blue|Azure Blue|Black|Olive Green,#003776|#0066D9|#080A0D|#948902,52.9512,44.0737,40.5718,36.8507,32.5329,88.7904,40.4622
4518,Azure Blue|Black|Purple|Magenta,#0066D9|#080A0D|#6C47B2|#F24574,46.2413,41.5102,40.1220,39.5074,39.6099,75.1799,40.5088
4519,Blue|Azure Blue|Black|Magenta,#003776|#0066D9|#080A0D|#F24574,46.2372,41.5850,40.2036,39.5652,39.6412,75.2362,40.5751
4520,Blue|Azure Blue|Olive Green|Red,#003776|#0066D9|#948902|#E72F1D,52.2138,43.6031,40.5203,37.6888,34.7329,88.4739,40.6459
4521,Green|Polymaker Teal|Purple|White,#06924D|#4CC0C7|#6C47B2|#EBF7FF,53.8056,44.2898,40.7858,37.5073,34.0764,72.7967,40.8985
4522,Blue|Black|Purple|Magenta,#003776|#080A0D|#6C47B2|#F24574,42.6988,41.4435,40.9002,40.4302,40.1698,77.5588,40.9368
4523,Polymaker Teal|Lime Green|Cold White|Yellow,#4CC0C7|#D5D701|#D9DFE5|#FFE800,45.0443,42.5153,41.1585,39.4353,37.5123,62.2874,40.9753
4524,Blue|Purple|Red|Magenta,#003776|#6C47B2|#E72F1D|#F24574,42.7376,41.4986,40.9428,40.4543,40.1595,77.0799,40.9765
4525,Polymaker Teal|Lime Green|Cold White|White,#4CC0C7|#D5D701|#D9DFE5|#EBF7FF,45.0388,42.5177,41.1671,39.4473,37.5276,62.0420,40.9825
4526,Blue|Black|Red|Magenta,#003776|#080A0D|#E72F1D|#F24574,42.7520,41.5126,40.9517,40.4541,40.1537,77.0721,40.9834
4527,Polymaker Teal|Lime Green|White|Yellow,#4CC0C7|#D5D701|#EBF7FF|#FFE800,44.3893,42.3623,41.1882,39.6599,37.9730,59.9576,41.0111
4528,Azure Blue|Green|Purple|White,#0066D9|#06924D|#6C47B2|#EBF7FF,53.8041,44.4193,40.9581,37.6876,34.2512,72.9030,41.0534
4529,Olive Green|Lime Green|Red|White,#948902|#D5D701|#E72F1D|#EBF7FF,51.4522,43.4172,40.9258,38.8774,37.1526,81.1081,41.1473
4530,Olive Green|Red|White|Orange,#948902|#E72F1D|#EBF7FF|#F67405,51.4522,43.4172,40.9258,38.8774,37.1526,81.1081,41.1473
4531,Olive Green|Red|White|Yellow,#948902|#E72F1D|#EBF7FF|#FFE800,51.4522,43.4172,40.9258,38.8774,37.1526,81.1081,41.1473
4532,Polymaker Teal|Cold White|White|Yellow,#4CC0C7|#D9DFE5|#EBF7FF|#FFE800,45.2709,42.7269,41.3491,39.5952,37.6526,62.2137,41.1611
4533,Blue|Green|Purple|White,#003776|#06924D|#6C47B2|#EBF7FF,53.6089,44.5839,41.1636,37.9678,34.5754,72.7457,41.2759
4534,Black|Brown|Magenta|Yellow,#080A0D|#55331A|#F24574|#FFE800,45.9946,42.4352,41.0693,40.1594,39.8030,71.4845,41.2973
4535,Black|Red|Magenta|Yellow,#080A0D|#E72F1D|#F24574|#FFE800,45.9587,42.4051,41.0912,40.1951,39.7988,71.1940,41.3001
4536,Black|Magenta|Orange|Yellow,#080A0D|#F24574|#F67405|#FFE800,45.9587,42.4051,41.0912,40.1951,39.7988,71.1940,41.3001
4537,Blue|Azure Blue|Purple|Red,#003776|#0066D9|#6C47B2|#E72F1D,43.1728,41.8033,41.2597,40.8426,40.6804,74.9499,41.3229
4538,Blue|Azure Blue|Red|Magenta,#003776|#0066D9|#E72F1D|#F24574,43.2048,41.8240,41.2627,40.8270,40.6593,75.0696,41.3255
4539,Black|Olive Green|Magenta|Yellow,#080A0D|#948902|#F24574|#FFE800,46.0858,42.4939,41.1798,40.2708,39.9861,75.0792,41.3824
4540,Azure Blue|Purple|Pink|Orange,#0066D9|#6C47B2|#F1A1AF|#F67405,45.1485,42.7799,41.6733,40.5231,39.4616,63.1302,41.6515
4541,Azure Blue|Red|Pink|Orange,#0066D9|#E72F1D|#F1A1AF|#F67405,45.1485,42.7799,41.6733,40.5231,39.4616,63.1302,41.6515
4542,Azure Blue|Pink|Magenta|Orange,#0066D9|#F1A1AF|#F24574|#F67405,45.1485,42.7799,41.6733,40.5231,39.4616,63.1302,41.6515
4543,Azure Blue|Purple|Red|Orange,#0066D9|#6C47B2|#E72F1D|#F67405,45.3097,42.9067,41.7897,40.6216,39.5416,62.7385,41.7642
4544,Blue|Azure Blue|Purple|Magenta,#003776|#0066D9|#6C47B2|#F24574,43.5089,42.2817,41.7342,41.2570,40.9945,75.7905,41.7694
4545,Azure Blue|Purple|Magenta|Orange,#0066D9|#6C47B2|#F24574|#F67405,45.4085,42.9797,41.8548,40.6853,39.6122,63.4815,41.8325
4546,Azure Blue|Red|Magenta|Orange,#0066D9|#E72F1D|#F24574|#F67405,45.4085,42.9797,41.8548,40.6853,39.6122,63.4815,41.8325
4547,Azure Blue|Black|Brown|Olive Green,#0066D9|#080A0D|#55331A|#948902,53.9122,45.4306,42.0346,38.4436,34.2714,89.0377,41.9371
4548,Purple|Red|Pink|Magenta,#6C47B2|#E72F1D|#F1A1AF|#F24574,47.9208,43.6911,41.9981,40.2789,38.6289,64.8951,41.9850
4549,Purple|Red|Pink|Orange,#6C47B2|#E72F1D|#F1A1AF|#F67405,47.9208,43.6911,41.9981,40.2789,38.6289,64.8951,41.9850
4550,Purple|Pink|Magenta|Orange,#6C47B2|#F1A1AF|#F24574|#F67405,47.9208,43.6911,41.9981,40.2789,38.6289,64.8951,41.9850
4551,Blue|Azure Blue|Olive Green|Orange,#003776|#0066D9|#948902|#F67405,53.2765,45.0669,41.9987,39.0688,36.0973,88.9268,42.0679
4552,Azure Blue|Black|Olive Green|Red,#0066D9|#080A0D|#948902|#E72F1D,54.3246,45.7831,42.2828,38.4603,33.9922,89.0827,42.1217
4553,Azure Blue|Black|Purple|Olive Green,#0066D9|#080A0D|#6C47B2|#948902,54.0709,45.6954,42.3854,38.8164,34.6394,88.9258,42.2559
4554,Green|Lime Green|White|Yellow,#06924D|#D5D701|#EBF7FF|#FFE800,48.3468,44.2848,42.4685,40.5398,38.6016,66.7953,42.4123
4555,Green|Polymaker Teal|Lime Green|Yellow,#06924D|#4CC0C7|#D5D701|#FFE800,45.6651,43.9160,42.8776,41.4520,39.7823,59.9436,42.6840
4556,Black|Purple|Lime Green|Pink,#080A0D|#6C47B2|#D5D701|#F1A1AF,53.7691,47.0898,43.2867,38.4608,32.8835,105.9532,42.7753
4557,Lime Green|White|Magenta|Yellow,#D5D701|#EBF7FF|#F24574|#FFE800,47.1969,44.5918,43.2673,41.7284,40.1631,65.7741,43.1601
4558,Blue|Azure Blue|Olive Green|Magenta,#003776|#0066D9|#948902|#F24574,55.2097,46.6056,43.2567,39.7657,35.6201,89.4865,43.1856
4559,Lime Green|Red|White|Magenta,#D5D701|#E72F1D|#EBF7FF|#F24574,47.2462,44.6933,43.3892,41.8426,40.2371,65.3638,43.2680
4560,Lime Green|White|Magenta|Orange,#D5D701|#EBF7FF|#F24574|#F67405,47.2626,44.7023,43.3920,41.8456,40.2409,65.7635,43.2740
4561,Green|Brown|Olive Green|Magenta,#06924D|#55331A|#948902|#F24574,51.8434,45.7526,43.3326,40.8833,38.4319,76.1481,43.3179
4562,Green|Brown|Red|Magenta,#06924D|#55331A|#E72F1D|#F24574,51.8434,45.7526,43.3326,40.8833,38.4319,76.1481,43.3179
4563,Green|Brown|Magenta|Orange,#06924D|#55331A|#F24574|#F67405,51.8434,45.7526,43.3326,40.8833,38.4319,76.1481,43.3179
4564,Green|Brown|Magenta|Yellow,#06924D|#55331A|#F24574|#FFE800,51.8201,45.7442,43.3354,40.8960,38.4650,76.0688,43.3201
4565,Green|Brown|Lime Green|Magenta,#06924D|#55331A|#D5D701|#F24574,51.8772,45.8108,43.3755,40.9167,38.4607,76.1639,43.3638
4566,Olive Green|Lime Green|White|Orange,#948902|#D5D701|#EBF7FF|#F67405,54.1256,45.7733,43.1892,41.0404,39.2355,84.2296,43.4069
4567,Olive Green|White|Orange|Yellow,#948902|#EBF7FF|#F67405|#FFE800,54.1256,45.7733,43.1892,41.0404,39.2355,84.2296,43.4069
4568,Brown|Lime Green|Red|Magenta,#55331A|#D5D701|#E72F1D|#F24574,45.6735,43.8488,43.2607,42.9708,42.9239,73.6474,43.4098
4569,Brown|Lime Green|Magenta|Orange,#55331A|#D5D701|#F24574|#F67405,45.6735,43.8488,43.2607,42.9708,42.9239,73.6474,43.4098
4570,Brown|Lime Green|Magenta|Yellow,#55331A|#D5D701|#F24574|#FFE800,45.6735,43.8488,43.2607,42.9708,42.9239,73.6474,43.4098
4571,Lime Green|Cold White|Pink|Magenta,#D5D701|#D9DFE5|#F1A1AF|#F24574,47.0230,44.8161,43.6182,42.0480,40.2075,65.2983,43.4320
4572,Green|Black|Orange|Yellow,#06924D|#080A0D|#F67405|#FFE800,45.7861,43.8474,43.3382,43.0606,42.8540,70.1459,43.4540
4573,Lime Green|Red|White|Orange,#D5D701|#E72F1D|#EBF7FF|#F67405,47.0707,44.8245,43.6078,42.0863,40.4117,65.0812,43.4554
4574,Lime Green|Red|White|Yellow,#D5D701|#E72F1D|#EBF7FF|#FFE800,47.1113,44.8438,43.6218,42.0952,40.4045,65.1406,43.4695
4575,Green|Black|Lime Green|Orange,#06924D|#080A0D|#D5D701|#F67405,45.8007,43.8552,43.3484,43.0877,42.8982,70.2083,43.4714
4576,Lime Green|Cold White|Red|White,#D5D701|#D9DFE5|#E72F1D|#EBF7FF,46.7211,44.7949,43.6798,42.1488,40.3124,65.6872,43.4719
4577,Lime Green|Cold White|Red|Yellow,#D5D701|#D9DFE5|#E72F1D|#FFE800,46.7146,44.7935,43.6809,42.1530,40.3203,65.5897,43.4733
4578,Lime Green|Cold White|Red|Magenta,#D5D701|#D9DFE5|#E72F1D|#F24574,47.0428,44.8526,43.6651,42.0987,40.2540,65.3448,43.4757
4579,Lime Green|Cold White|Magenta|Orange,#D5D701|#D9DFE5|#F24574|#F67405,47.0438,44.8622,43.6742,42.1075,40.2578,65.5055,43.4849
4580,Lime Green|Cold White|Magenta|Yellow,#D5D701|#D9DFE5|#F24574|#FFE800,47.0438,44.8622,43.6742,42.1075,40.2578,65.5055,43.4849
4581,Brown|Olive Green|Lime Green|Magenta,#55331A|#948902|#D5D701|#F24574,45.7387,43.9303,43.3463,43.0442,42.9904,74.2760,43.4872
4582,Lime Green|Cold White|White|Magenta,#D5D701|#D9DFE5|#EBF7FF|#F24574,47.0386,44.8605,43.6780,42.1182,40.2731,65.4513,43.4894
4583,Lime Green|Cold White|Red|Orange,#D5D701|#D9DFE5|#E72F1D|#F67405,46.7939,44.8575,43.7327,42.1914,40.3537,65.6337,43.5245
4584,Green|Black|Brown|Yellow,#06924D|#080A0D|#55331A|#FFE800,48.1613,44.6712,43.4016,42.4002,41.5806,71.5655,43.5357
4585,Green|Brown|Lime Green|Yellow,#06924D|#55331A|#D5D701|#FFE800,48.1613,44.6712,43.4016,42.4002,41.5806,71.5655,43.5357
4586,Black|Purple|Olive Green|Lime Green,#080A0D|#6C47B2|#948902|#D5D701,53.9752,47.2717,43.8323,39.8463,35.4914,105.5117,43.5590
4587,Green|Black|Olive Green|Orange,#06924D|#080A0D|#948902|#F67405,45.8217,43.9451,43.4566,43.1877,42.9985,70.1709,43.5664
4588,Green|Brown|Olive Green|Yellow,#06924D|#55331A|#948902|#FFE800,48.1448,44.7097,43.4606,42.4596,41.6242,71.6160,43.5847
4589,Olive Green|Lime Green|White|Yellow,#948902|#D5D701|#EBF7FF|#FFE800,54.3439,46.0029,43.4150,41.3034,39.5307,84.6729,43.6531
4590,Black|Purple|Lime Green|Red,#080A0D|#6C47B2|#D5D701|#E72F1D,54.0885,47.4402,43.9528,39.8790,35.4214,105.4524,43.6596
4591,Black|Purple|Lime Green|Orange,#080A0D|#6C47B2|#D5D701|#F67405,54.0885,47.4402,43.9528,39.8790,35.4214,105.4524,43.6596
4592,Purple|Olive Green|Lime Green|Red,#6C47B2|#948902|#D5D701|#E72F1D,60.3359,48.2113,43.6122,39.2554,35.0325,88.6163,43.7333
4593,Purple|Olive Green|Lime Green|Orange,#6C47B2|#948902|#D5D701|#F67405,60.3359,48.2113,43.6122,39.2554,35.0325,88.6163,43.7333
4594,Cold White|Red|White|Orange,#D9DFE5|#E72F1D|#EBF7FF|#F67405,47.0008,45.0959,43.9751,42.4303,40.5743,65.6595,43.7631
4595,Cold White|Red|Orange|Yellow,#D9DFE5|#E72F1D|#F67405|#FFE800,47.0343,45.1113,43.9828,42.4286,40.5708,65.8332,43.7699
4596,Lime Green|Cold White|Pink|Orange,#D5D701|#D9DFE5|#F1A1AF|#F67405,47.0319,45.1262,43.9956,42.4540,40.6315,65.4706,43.7901
4597,Lime Green|Cold White|White|Pink,#D5D701|#D9DFE5|#EBF7FF|#F1A1AF,47.0596,45.1372,44.0026,42.4589,40.6383,65.7274,43.7981
4598,Cold White|Red|White|Yellow,#D9DFE5|#E72F1D|#EBF7FF|#FFE800,47.0729,45.1419,44.0111,42.4596,40.5992,65.5222,43.8007
4599,Purple|Olive Green|Lime Green|Yellow,#6C47B2|#948902|#D5D701|#FFE800,60.4627,48.3835,43.7354,39.2254,34.9037,88.3709,43.8044
4600,Lime Green|Cold White|Pink|Yellow,#D5D701|#D9DFE5|#F1A1AF|#FFE800,47.0708,45.1440,44.0087,42.4682,40.6476,65.2861,43.8061
4601,Brown|Purple|Lime Green|Yellow,#55331A|#6C47B2|#D5D701|#FFE800,52.8268,47.4191,44.2525,40.2814,35.8357,103.2959,43.8503
4602,Purple|Lime Green|Cold White|Red,#6C47B2|#D5D701|#D9DFE5|#E72F1D,51.5987,45.7012,43.6878,42.0421,40.6302,83.0827,43.8717
4603,Black|Purple|Lime Green|Magenta,#080A0D|#6C47B2|#D5D701|#F24574,54.1553,47.5644,44.1848,40.2234,35.8523,105.7013,43.8939
4604,Purple|Lime Green|Cold White|Orange,#6C47B2|#D5D701|#D9DFE5|#F67405,51.6470,45.7229,43.7155,42.0674,40.6282,83.3622,43.8951
4605,Black|Purple|Lime Green|Yellow,#080A0D|#6C47B2|#D5D701|#FFE800,54.2162,47.7011,44.2043,40.1176,35.7969,105.4483,43.9094
4606,Lime Green|Red|White|Pink,#D5D701|#E72F1D|#EBF7FF|#F1A1AF,47.1734,45.2241,44.0897,42.6045,40.9485,64.8315,43.9143
4607,Lime Green|White|Pink|Orange,#D5D701|#EBF7FF|#F1A1AF|#F67405,47.1734,45.2241,44.0897,42.6045,40.9485,64.8315,43.9143
4608,Lime Green|White|Pink|Yellow,#D5D701|#EBF7FF|#F1A1AF|#FFE800,47.1734,45.2241,44.0897,42.6045,40.9485,64.8315,43.9143
4609,Green|Brown|Lime Green|Orange,#06924D|#55331A|#D5D701|#F67405,48.2836,44.9028,43.7612,42.9301,42.2708,70.9342,43.9164
4610,Lime Green|Cold White|Red|Pink,#D5D701|#D9DFE5|#E72F1D|#F1A1AF,47.1476,45.2533,44.1338,42.5878,40.7307,65.5584,43.9206
4611,Green|Black|Brown|Lime Green,#06924D|#080A0D|#55331A|#D5D701,48.4602,45.0467,43.7797,42.7962,41.9996,71.6034,43.9214
4612,Lime Green|White|Pink|Magenta,#D5D701|#EBF7FF|#F1A1AF|#F24574,47.1820,45.2336,44.1010,42.6231,40.9645,64.8441,43.9284
4613,Brown|Red|Magenta|Yellow,#55331A|#E72F1D|#F24574|#FFE800,45.4748,44.2761,43.8589,43.5860,43.4546,71.8876,43.9310
4614,Brown|Magenta|Orange|Yellow,#55331A|#F24574|#F67405|#FFE800,45.4748,44.2761,43.8589,43.5860,43.4546,71.8876,43.9310
4615,Green|Black|Brown|Orange,#06924D|#080A0D|#55331A|#F67405,48.3399,44.9300,43.7770,42.9483,42.2948,70.8181,43.9392
4616,Purple|Lime Green|Cold White|Pink,#6C47B2|#D5D701|#D9DFE5|#F1A1AF,51.6475,45.7733,43.7786,42.1176,40.6890,83.0041,43.9454
4617,Black|Brown|Purple|Lime Green,#080A0D|#55331A|#6C47B2|#D5D701,54.2125,47.6967,44.2693,40.2120,35.7401,105.4552,43.9544
4618,Purple|Olive Green|Lime Green|Magenta,#6C47B2|#948902|#D5D701|#F24574,60.2753,48.4391,43.8991,39.4943,35.2649,88.4546,43.9667
4619,Green|Brown|Orange|Yellow,#06924D|#55331A|#F67405|#FFE800,48.2816,44.9471,43.8267,42.9870,42.3103,70.8632,43.9671
4620,Cold White|Red|Pink|Orange,#D9DFE5|#E72F1D|#F1A1AF|#F67405,47.1917,45.2988,44.1794,42.6358,40.7742,65.4298,43.9673
4621,Cold White|Red|Pink|Yellow,#D9DFE5|#E72F1D|#F1A1AF|#FFE800,47.1917,45.2988,44.1794,42.6358,40.7742,65.4298,43.9673
4622,Cold White|Red|White|Pink,#D9DFE5|#E72F1D|#EBF7FF|#F1A1AF,47.1984,45.3039,44.1819,42.6338,40.7713,65.4981,43.9689
4623,Green|Brown|Olive Green|Orange,#06924D|#55331A|#948902|#F67405,48.3510,44.9790,43.8413,42.9998,42.3177,70.8987,43.9894
4624,Green|Brown|Olive Green|Lime Green,#06924D|#55331A|#948902|#D5D701,48.5141,45.0989,43.8608,42.8840,42.0514,71.5580,43.9914
4625,Brown|Purple|Lime Green|Magenta,#55331A|#6C47B2|#D5D701|#F24574,53.0428,47.6233,44.3560,40.3695,36.0323,102.1460,43.9964
4626,Brown|Purple|Lime Green|Red,#55331A|#6C47B2|#D5D701|#E72F1D,53.0618,47.7274,44.4456,40.2919,35.6477,102.6444,44.0097
4627,Brown|Purple|Lime Green|Orange,#55331A|#6C47B2|#D5D701|#F67405,53.0618,47.7274,44.4456,40.2919,35.6477,102.6444,44.0097
4628,Cold White|White|Magenta|Yellow,#D9DFE5|#EBF7FF|#F24574|#FFE800,47.5227,45.4023,44.2142,42.6199,40.7279,65.2657,44.0111
4629,Blue|Azure Blue|Black|Purple,#003776|#0066D9|#080A0D|#6C47B2,47.8495,44.4339,43.6887,43.6252,43.9580,90.4442,44.0296
4630,Purple|Lime Green|White|Yellow,#6C47B2|#D5D701|#EBF7FF|#FFE800,51.6786,45.8667,43.8784,42.2103,40.7750,82.8719,44.0385
4631,Purple|Lime Green|White|Magenta,#6C47B2|#D5D701|#EBF7FF|#F24574,51.7146,45.8691,43.8770,42.2375,40.8223,83.8932,44.0533
4632,Cold White|Red|Pink|Magenta,#D9DFE5|#E72F1D|#F1A1AF|#F24574,47.4788,45.4251,44.2611,42.6816,40.7879,65.4428,44.0533
4633,Cold White|Pink|Magenta|Yellow,#D9DFE5|#F1A1AF|#F24574|#FFE800,47.5493,45.4401,44.2635,42.6760,40.7826,65.0661,44.0580
4634,Purple|Lime Green|Cold White|Yellow,#6C47B2|#D5D701|#D9DFE5|#FFE800,51.6961,45.8768,43.9008,42.2425,40.7782,83.3193,44.0597
4635,Cold White|Red|Magenta|Orange,#D9DFE5|#E72F1D|#F24574|#F67405,47.4973,45.4344,44.2675,42.6972,40.8172,65.3889,44.0658
4636,Cold White|Red|Magenta|Yellow,#D9DFE5|#E72F1D|#F24574|#FFE800,47.4973,45.4344,44.2675,42.6972,40.8172,65.3889,44.0658
4637,Purple|Lime Green|Cold White|Magenta,#6C47B2|#D5D701|#D9DFE5|#F24574,51.7462,45.8831,43.9113,42.2634,40.8267,84.0540,44.0732
4638,Cold White|Red|White|Magenta,#D9DFE5|#E72F1D|#EBF7FF|#F24574,47.5051,45.4575,44.2928,42.7167,40.8290,65.4000,44.0871
4639,Cold White|Magenta|Orange|Yellow,#D9DFE5|#F24574|#F67405|#FFE800,47.5225,45.4647,44.2986,42.7213,40.8415,65.5755,44.0930
4640,Purple|Lime Green|White|Orange,#6C47B2|#D5D701|#EBF7FF|#F67405,51.7286,45.9065,43.9341,42.2890,40.8744,84.0134,44.0978
4641,Purple|Lime Green|Cold White|White,#6C47B2|#D5D701|#D9DFE5|#EBF7FF,51.8510,45.9652,43.9531,42.2846,40.8384,83.9345,44.1249
4642,Cold White|Pink|Magenta|Orange,#D9DFE5|#F1A1AF|#F24574|#F67405,47.5778,45.5154,44.3480,42.7678,40.8833,65.5055,44.1416
4643,Cold White|White|Magenta|Orange,#D9DFE5|#EBF7FF|#F24574|#F67405,47.5642,45.5150,44.3511,42.7729,40.8871,65.4828,44.1440
4644,Purple|Lime Green|Red|White,#6C47B2|#D5D701|#E72F1D|#EBF7FF,51.7736,45.9536,43.9939,42.3495,40.9291,83.7029,44.1516
4645,Black|Lime Green|Red|Orange,#080A0D|#D5D701|#E72F1D|#F67405,47.5580,44.5856,43.8215,43.7761,44.4629,87.3837,44.1808
4646,Black|Red|Orange|Yellow,#080A0D|#E72F1D|#F67405|#FFE800,48.0189,44.9993,43.9740,43.4384,43.4982,85.2108,44.2188
4647,Black|Lime Green|Red|Yellow,#080A0D|#D5D701|#E72F1D|#FFE800,48.0051,44.9735,43.9920,43.4982,43.5831,85.1585,44.2359
4648,Cold White|White|Pink|Magenta,#D9DFE5|#EBF7FF|#F1A1AF|#F24574,47.7840,45.6597,44.4767,42.8875,40.9823,65.1538,44.2736
4649,Purple|Lime Green|White|Pink,#6C47B2|#D5D701|#EBF7FF|#F1A1AF,51.7455,46.0641,44.1219,42.4838,41.0502,83.3210,44.2740
4650,Green|Black|Red|Orange,#06924D|#080A0D|#E72F1D|#F67405,47.9139,45.0717,44.1501,43.4982,42.9869,70.2018,44.2850
4651,Green|Olive Green|Tan|Magenta,#06924D|#948902|#A79E82|#F24574,51.9511,46.0264,44.1031,42.6042,41.1948,67.5858,44.3153
4652,Green|Tan|Lime Green|Magenta,#06924D|#A79E82|#D5D701|#F24574,51.9511,46.0264,44.1031,42.6042,41.1948,67.5858,44.3153
4653,Green|Tan|Red|Magenta,#06924D|#A79E82|#E72F1D|#F24574,51.9511,46.0264,44.1031,42.6042,41.1948,67.5858,44.3153
4654,Green|Tan|Magenta|Orange,#06924D|#A79E82|#F24574|#F67405,51.9511,46.0264,44.1031,42.6042,41.1948,67.5858,44.3153
4655,Green|Tan|Magenta|Yellow,#06924D|#A79E82|#F24574|#FFE800,51.9511,46.0264,44.1031,42.6042,41.1948,67.5858,44.3153
4656,Green|Black|Olive Green|Red,#06924D|#080A0D|#948902|#E72F1D,47.9576,45.1008,44.1887,43.5591,43.0523,70.2686,44.3300
4657,Green|Black|Red|Yellow,#06924D|#080A0D|#E72F1D|#FFE800,47.9121,45.1082,44.2003,43.5563,43.0484,70.3824,44.3322
4658,Green|Black|Lime Green|Red,#06924D|#080A0D|#D5D701|#E72F1D,47.9153,45.1095,44.1978,43.5579,43.0542,70.3305,44.3337
4659,Purple|Lime Green|Red|Orange,#6C47B2|#D5D701|#E72F1D|#F67405,52.0356,46.2095,44.1886,42.4752,40.9629,84.3587,44.3424
4660,Green|Black|Brown|Red,#06924D|#080A0D|#55331A|#E72F1D,48.8127,45.3352,44.1891,43.3604,42.7236,70.4686,44.3478
4661,Cold White|White|Pink|Yellow,#D9DFE5|#EBF7FF|#F1A1AF|#FFE800,47.5652,45.7006,44.5749,43.0186,41.1508,65.4942,44.3596
4662,Purple|Lime Green|Magenta|Yellow,#6C47B2|#D5D701|#F24574|#FFE800,51.9533,46.2068,44.2386,42.5777,41.0920,83.8141,44.3922
4663,Azure Blue|Black|Olive Green|Tan,#0066D9|#080A0D|#948902|#A79E82,53.9976,48.2192,44.8856,40.5699,35.5159,92.6386,44.3946
4664,Black|Purple|Red|Magenta,#080A0D|#6C47B2|#E72F1D|#F24574,49.5586,45.0846,44.0124,43.7048,43.9226,78.6780,44.3947
4665,Purple|Lime Green|Red|Magenta,#6C47B2|#D5D701|#E72F1D|#F24574,52.0527,46.2677,44.2715,42.5822,41.1028,84.1064,44.4250
4666,Purple|Lime Green|Magenta|Orange,#6C47B2|#D5D701|#F24574|#F67405,52.0527,46.2677,44.2715,42.5822,41.1028,84.1064,44.4250
4667,Cold White|White|Pink|Orange,#D9DFE5|#EBF7FF|#F1A1AF|#F67405,47.5882,45.7565,44.6453,43.0952,41.2248,65.4505,44.4258
4668,Purple|Lime Green|Red|Yellow,#6C47B2|#D5D701|#E72F1D|#FFE800,52.0723,46.2454,44.2709,42.6182,41.1562,84.3077,44.4318
4669,Purple|Lime Green|Orange|Yellow,#6C47B2|#D5D701|#F67405|#FFE800,52.0723,46.2454,44.2709,42.6182,41.1562,84.3077,44.4318
4670,Cold White|Pink|Orange|Yellow,#D9DFE5|#F1A1AF|#F67405|#FFE800,47.5836,45.7601,44.6527,43.1063,41.2381,65.5527,44.4332
4671,Purple|Olive Green|Red|Magenta,#6C47B2|#948902|#E72F1D|#F24574,63.2769,49.7610,44.4585,39.1090,33.6586,88.7883,44.4350
4672,Purple|Olive Green|Magenta|Orange,#6C47B2|#948902|#F24574|#F67405,63.2769,49.7610,44.4585,39.1090,33.6586,88.7883,44.4350
4673,Red|White|Orange|Yellow,#E72F1D|#EBF7FF|#F67405|#FFE800,47.9753,45.8094,44.6118,43.0765,41.2930,65.4453,44.4429
4674,Black|Lime Green|Orange|Yellow,#080A0D|#D5D701|#F67405|#FFE800,48.2236,45.2530,44.2556,43.6946,43.7114,85.3918,44.4738
4675,Black|Olive Green|Lime Green|Red,#080A0D|#948902|#D5D701|#E72F1D,47.6970,44.8250,44.1337,44.1434,44.9048,87.4629,44.4842
4676,Black|Olive Green|Red|Yellow,#080A0D|#948902|#E72F1D|#FFE800,48.0943,45.2030,44.2691,43.8166,43.9734,85.9107,44.5098
4677,Purple|Lime Green|Red|Pink,#6C47B2|#D5D701|#E72F1D|#F1A1AF,52.0600,46.3410,44.3940,42.7063,41.2186,84.1776,44.5237
4678,Purple|Lime Green|Pink|Magenta,#6C47B2|#D5D701|#F1A1AF|#F24574,52.0600,46.3410,44.3940,42.7063,41.2186,84.1776,44.5237
4679,Purple|Lime Green|Pink|Orange,#6C47B2|#D5D701|#F1A1AF|#F67405,52.0600,46.3410,44.3940,42.7063,41.2186,84.1776,44.5237
4680,Purple|Lime Green|Pink|Yellow,#6C47B2|#D5D701|#F1A1AF|#FFE800,52.0600,46.3410,44.3940,42.7063,41.2186,84.1776,44.5237
4681,Black|Olive Green|Lime Green|Orange,#080A0D|#948902|#D5D701|#F67405,47.8061,44.8641,44.1981,44.2731,45.0109,87.5887,44.5686
4682,Lime Green|Cold White|White|Orange,#D5D701|#D9DFE5|#EBF7FF|#F67405,47.5505,45.8734,44.8214,43.3324,41.5454,66.8142,44.6029
4683,Cold White|White|Orange|Yellow,#D9DFE5|#EBF7FF|#F67405|#FFE800,47.5505,45.8734,44.8214,43.3324,41.5454,66.8142,44.6029
4684,Green|Olive Green|Lime Green|Magenta,#06924D|#948902|#D5D701|#F24574,52.1760,46.3049,44.4324,42.9447,41.5369,67.5581,44.6248
4685,Green|Olive Green|Red|Magenta,#06924D|#948902|#E72F1D|#F24574,52.1760,46.3049,44.4324,42.9447,41.5369,67.5581,44.6248
4686,Green|Olive Green|Magenta|Orange,#06924D|#948902|#F24574|#F67405,52.1760,46.3049,44.4324,42.9447,41.5369,67.5581,44.6248
4687,Green|Lime Green|Red|Magenta,#06924D|#D5D701|#E72F1D|#F24574,52.1760,46.3049,44.4324,42.9447,41.5369,67.5581,44.6248
4688,Green|Lime Green|Magenta|Orange,#06924D|#D5D701|#F24574|#F67405,52.1760,46.3049,44.4324,42.9447,41.5369,67.5581,44.6248
4689,Green|Red|Magenta|Orange,#06924D|#E72F1D|#F24574|#F67405,52.1760,46.3049,44.4324,42.9447,41.5369,67.5581,44.6248
4690,Green|Olive Green|Magenta|Yellow,#06924D|#948902|#F24574|#FFE800,52.2205,46.3069,44.4298,42.9634,41.5707,67.7596,44.6352
4691,Green|Lime Green|Magenta|Yellow,#06924D|#D5D701|#F24574|#FFE800,52.2205,46.3069,44.4298,42.9634,41.5707,67.7596,44.6352
4692,Green|Red|Magenta|Yellow,#06924D|#E72F1D|#F24574|#FFE800,52.2205,46.3069,44.4298,42.9634,41.5707,67.7596,44.6352
4693,Green|Magenta|Orange|Yellow,#06924D|#F24574|#F67405|#FFE800,52.2205,46.3069,44.4298,42.9634,41.5707,67.7596,44.6352
4694,Lime Green|Cold White|Orange|Yellow,#D5D701|#D9DFE5|#F67405|#FFE800,47.6063,45.9183,44.8591,43.3556,41.5504,66.8635,44.6370
4695,Black|Olive Green|Orange|Yellow,#080A0D|#948902|#F67405|#FFE800,48.3589,45.3915,44.4493,43.9894,44.1074,85.8481,44.6905
4696,Green|Brown|Lime Green|Red,#06924D|#55331A|#D5D701|#E72F1D,49.8042,45.8311,44.5389,43.5772,42.8192,70.6727,44.7042
4697,Green|Brown|Red|Yellow,#06924D|#55331A|#E72F1D|#FFE800,49.8713,45.8733,44.5744,43.6114,42.8361,70.5342,44.7424
4698,Green|Brown|Red|Orange,#06924D|#55331A|#E72F1D|#F67405,49.8576,45.8714,44.5766,43.6487,42.8963,70.5833,44.7600
4699,Green|Black|Brown|Olive Green,#06924D|#080A0D|#55331A|#948902,49.2509,45.8280,44.6778,43.7645,42.9296,72.4634,44.7962
4700,Purple|Olive Green|Lime Green|Pink,#6C47B2|#948902|#D5D701|#F1A1AF,60.8651,49.2893,44.7492,40.3288,36.0493,88.6459,44.8091
4701,Purple|Olive Green|Red|Orange,#6C47B2|#948902|#E72F1D|#F67405,63.6624,50.2155,44.9392,39.4520,33.6457,89.2339,44.8337
4702,Black|Olive Green|Lime Green|Yellow,#080A0D|#948902|#D5D701|#FFE800,48.5296,45.5759,44.5962,44.1095,44.2411,85.8109,44.8427
4703,Green|Black|Lime Green|Yellow,#06924D|#080A0D|#D5D701|#FFE800,48.8370,45.5897,44.6573,44.1053,43.8046,74.4694,44.8475
4704,Green|Brown|Olive Green|Red,#06924D|#55331A|#948902|#E72F1D,49.9163,45.9600,44.6919,43.7555,42.9792,70.6404,44.8577
4705,Red|White|Magenta|Yellow,#E72F1D|#EBF7FF|#F24574|#FFE800,48.5007,46.2520,45.0311,43.4659,41.6626,65.3266,44.8590
4706,Green|Black|Olive Green|Yellow,#06924D|#080A0D|#948902|#FFE800,48.8205,45.6360,44.7094,44.1460,43.8166,74.4188,44.8910
4707,Black|Brown|Olive Green|Yellow,#080A0D|#55331A|#948902|#FFE800,46.0056,45.1143,44.8551,44.7136,44.7072,82.9058,44.9140
4708,Black|Brown|Red|Yellow,#080A0D|#55331A|#E72F1D|#FFE800,46.0392,45.1274,44.8667,44.7287,44.7202,82.4882,44.9281
4709,Black|Brown|Orange|Yellow,#080A0D|#55331A|#F67405|#FFE800,46.0392,45.1274,44.8667,44.7287,44.7202,82.4882,44.9281
4710,White|Magenta|Orange|Yellow,#EBF7FF|#F24574|#F67405|#FFE800,48.7643,46.4184,45.1743,43.6230,41.8678,64.8884,45.0207
4711,Red|White|Magenta|Orange,#E72F1D|#EBF7FF|#F24574|#F67405,48.7813,46.5538,45.3217,43.7382,41.8936,64.8996,45.1460
4712,Brown|Lime Green|Red|Pink,#55331A|#D5D701|#E72F1D|#F1A1AF,47.4541,45.9483,45.2125,44.3550,43.2128,92.5673,45.1517
4713,Brown|Lime Green|Pink|Magenta,#55331A|#D5D701|#F1A1AF|#F24574,47.4541,45.9483,45.2125,44.3550,43.2128,92.5673,45.1517
4714,Brown|Lime Green|Pink|Orange,#55331A|#D5D701|#F1A1AF|#F67405,47.4541,45.9483,45.2125,44.3550,43.2128,92.5673,45.1517
4715,Brown|Lime Green|Pink|Yellow,#55331A|#D5D701|#F1A1AF|#FFE800,47.4541,45.9483,45.2125,44.3550,43.2128,92.5673,45.1517
4716,Olive Green|Lime Green|Red|Pink,#948902|#D5D701|#E72F1D|#F1A1AF,53.7616,47.0403,45.0133,43.2886,41.7564,80.2629,45.1645
4717,Olive Green|Lime Green|Pink|Magenta,#948902|#D5D701|#F1A1AF|#F24574,53.7616,47.0403,45.0133,43.2886,41.7564,80.2629,45.1645
4718,Olive Green|Lime Green|Pink|Orange,#948902|#D5D701|#F1A1AF|#F67405,53.7616,47.0403,45.0133,43.2886,41.7564,80.2629,45.1645
4719,Olive Green|Lime Green|Pink|Yellow,#948902|#D5D701|#F1A1AF|#FFE800,53.7616,47.0403,45.0133,43.2886,41.7564,80.2629,45.1645
4720,Olive Green|Red|Pink|Yellow,#948902|#E72F1D|#F1A1AF|#FFE800,54.0120,47.2880,45.2082,43.4479,41.8196,80.9799,45.3680
4721,Olive Green|Pink|Magenta|Yellow,#948902|#F1A1AF|#F24574|#FFE800,54.0120,47.2880,45.2082,43.4479,41.8196,80.9799,45.3680
4722,Olive Green|Pink|Orange|Yellow,#948902|#F1A1AF|#F67405|#FFE800,54.0120,47.2880,45.2082,43.4479,41.8196,80.9799,45.3680
4723,Olive Green|Red|Pink|Magenta,#948902|#E72F1D|#F1A1AF|#F24574,54.0183,47.3309,45.2697,43.5155,41.9246,80.2933,45.4232
4724,Olive Green|Red|Pink|Orange,#948902|#E72F1D|#F1A1AF|#F67405,54.0183,47.3309,45.2697,43.5155,41.9246,80.2933,45.4232
4725,Olive Green|Pink|Magenta|Orange,#948902|#F1A1AF|#F24574|#F67405,54.0183,47.3309,45.2697,43.5155,41.9246,80.2933,45.4232
4726,Red|White|Pink|Yellow,#E72F1D|#EBF7FF|#F1A1AF|#FFE800,48.4813,46.7010,45.6258,44.1478,42.3706,65.0040,45.4244
4727,White|Pink|Orange|Yellow,#EBF7FF|#F1A1AF|#F67405|#FFE800,48.4813,46.7010,45.6258,44.1478,42.3706,65.0040,45.4244
4728,Purple|Olive Green|Red|Yellow,#6C47B2|#948902|#E72F1D|#FFE800,61.2868,49.7711,45.4054,41.1382,36.7493,88.4493,45.4547
4729,Purple|Olive Green|Orange|Yellow,#6C47B2|#948902|#F67405|#FFE800,61.2868,49.7711,45.4054,41.1382,36.7493,88.4493,45.4547
4730,Purple|Olive Green|Magenta|Yellow,#6C47B2|#948902|#F24574|#FFE800,61.1328,49.7211,45.4001,41.2037,36.8658,88.4446,45.4624
4731,White|Pink|Magenta|Yellow,#EBF7FF|#F1A1AF|#F24574|#FFE800,48.5713,46.7792,45.6894,44.1790,42.3660,64.6610,45.4791
4732,Brown|Olive Green|Red|Yellow,#55331A|#948902|#E72F1D|#FFE800,46.6597,45.8320,45.5584,45.3723,45.2752,81.5466,45.6021
4733,Brown|Olive Green|Orange|Yellow,#55331A|#948902|#F67405|#FFE800,46.6597,45.8320,45.5584,45.3723,45.2752,81.5466,45.6021
4734,Brown|Red|Orange|Yellow,#55331A|#E72F1D|#F67405|#FFE800,46.6499,45.8292,45.5613,45.3760,45.2734,81.7359,45.6026
4735,Azure Blue|Black|Olive Green|Orange,#0066D9|#080A0D|#948902|#F67405,55.9780,48.7671,45.7786,42.5345,39.0184,89.1262,45.6508
4736,Brown|Olive Green|Lime Green|Red,#55331A|#948902|#D5D701|#E72F1D,46.9930,45.9126,45.6113,45.5275,45.6093,84.2856,45.7200
4737,Black|Brown|Lime Green|Red,#080A0D|#55331A|#D5D701|#E72F1D,47.0167,45.9227,45.6214,45.5314,45.6107,84.3543,45.7271
4738,Brown|Olive Green|Lime Green|Yellow,#55331A|#948902|#D5D701|#FFE800,46.9652,45.9741,45.6811,45.5543,45.5639,83.7745,45.7642
4739,Brown|Lime Green|Red|Orange,#55331A|#D5D701|#E72F1D|#F67405,47.0491,45.9722,45.6698,45.5576,45.6338,84.4625,45.7649
4740,Black|Brown|Lime Green|Yellow,#080A0D|#55331A|#D5D701|#FFE800,46.9540,45.9754,45.6978,45.5707,45.5450,83.7648,45.7730
4741,Brown|Lime Green|Red|Yellow,#55331A|#D5D701|#E72F1D|#FFE800,46.9540,45.9754,45.6978,45.5707,45.5450,83.7648,45.7730
4742,Brown|Lime Green|Orange|Yellow,#55331A|#D5D701|#F67405|#FFE800,46.9540,45.9754,45.6978,45.5707,45.5450,83.7648,45.7730
4743,White|Pink|Magenta|Orange,#EBF7FF|#F1A1AF|#F24574|#F67405,48.8581,47.0780,45.9856,44.4788,42.6476,65.1998,45.7784
4744,Black|Brown|Olive Green|Lime Green,#080A0D|#55331A|#948902|#D5D701,47.0594,45.9774,45.6687,45.5839,45.6727,84.3354,45.7807
4745,Red|White|Pink|Orange,#E72F1D|#EBF7FF|#F1A1AF|#F67405,48.8678,47.1027,46.0113,44.4916,42.6595,65.1278,45.7971
4746,Brown|Olive Green|Lime Green|Orange,#55331A|#948902|#D5D701|#F67405,47.0617,46.0047,45.6992,45.5915,45.6626,84.2653,45.7981
4747,Black|Brown|Lime Green|Orange,#080A0D|#55331A|#D5D701|#F67405,47.0892,46.0302,45.7287,45.6200,45.6725,84.2954,45.8251
4748,Lime Green|Cold White|White|Yellow,#D5D701|#D9DFE5|#EBF7FF|#FFE800,48.8042,47.1644,46.1233,44.6354,42.8285,67.5808,45.8999
4749,Red|White|Pink|Magenta,#E72F1D|#EBF7FF|#F1A1AF|#F24574,48.9942,47.2341,46.1515,44.6467,42.8121,64.9618,45.9404
4750,Blue|Azure Blue|Olive Green|Pink,#003776|#0066D9|#948902|#F1A1AF,55.5781,48.7663,46.0119,43.2571,40.0572,89.4034,46.0117
4751,Green|Black|Olive Green|Lime Green,#06924D|#080A0D|#948902|#D5D701,48.4669,46.3349,45.9504,45.8731,45.9087,79.9253,46.1040
4752,Purple|Olive Green|Pink|Yellow,#6C47B2|#948902|#F1A1AF|#FFE800,61.4375,50.4945,46.2716,42.0972,37.8202,88.6949,46.2959
4753,Lime Green|White|Orange|Yellow,#D5D701|#EBF7FF|#F67405|#FFE800,49.2160,47.4873,46.4744,45.1234,43.5560,69.9906,46.3053
4754,Purple|Cold White|Red|Yellow,#6C47B2|#D9DFE5|#E72F1D|#FFE800,53.5194,48.3931,46.3667,44.5324,42.9677,86.4447,46.4627
4755,Purple|Cold White|Pink|Yellow,#6C47B2|#D9DFE5|#F1A1AF|#FFE800,53.5355,48.4543,46.4513,44.6408,43.0754,86.3809,46.5476
4756,Purple|Cold White|Magenta|Yellow,#6C47B2|#D9DFE5|#F24574|#FFE800,53.5232,48.4881,46.5156,44.7390,43.2045,86.5945,46.6136
4757,Purple|Cold White|White|Yellow,#6C47B2|#D9DFE5|#EBF7FF|#FFE800,53.6158,48.5150,46.5344,44.7297,43.1651,86.5647,46.6223
4758,Purple|Olive Green|Red|Pink,#6C47B2|#948902|#E72F1D|#F1A1AF,61.9129,50.9461,46.6385,42.3259,37.9563,88.6683,46.6360
4759,Purple|Olive Green|Pink|Magenta,#6C47B2|#948902|#F1A1AF|#F24574,61.9129,50.9461,46.6385,42.3259,37.9563,88.6683,46.6360
4760,Purple|Olive Green|Pink|Orange,#6C47B2|#948902|#F1A1AF|#F67405,61.9129,50.9461,46.6385,42.3259,37.9563,88.6683,46.6360
4761,Azure Blue|Black|Olive Green|Magenta,#0066D9|#080A0D|#948902|#F24574,56.4524,49.7044,46.8508,43.6988,40.2070,89.2503,46.7016
4762,Purple|Cold White|Orange|Yellow,#6C47B2|#D9DFE5|#F67405|#FFE800,53.6737,48.6460,46.6460,44.8428,43.3116,86.5623,46.7444
4763,Lime Green|Red|Pink|Magenta,#D5D701|#E72F1D|#F1A1AF|#F24574,49.8175,48.0650,47.0524,45.7196,44.1730,66.2078,46.8923
4764,Lime Green|Red|Pink|Orange,#D5D701|#E72F1D|#F1A1AF|#F67405,49.8175,48.0650,47.0524,45.7196,44.1730,66.2078,46.8923
4765,Lime Green|Red|Pink|Yellow,#D5D701|#E72F1D|#F1A1AF|#FFE800,49.8175,48.0650,47.0524,45.7196,44.1730,66.2078,46.8923
4766,Lime Green|Pink|Magenta|Orange,#D5D701|#F1A1AF|#F24574|#F67405,49.8175,48.0650,47.0524,45.7196,44.1730,66.2078,46.8923
4767,Lime Green|Pink|Magenta|Yellow,#D5D701|#F1A1AF|#F24574|#FFE800,49.8175,48.0650,47.0524,45.7196,44.1730,66.2078,46.8923
4768,Lime Green|Pink|Orange|Yellow,#D5D701|#F1A1AF|#F67405|#FFE800,49.8175,48.0650,47.0524,45.7196,44.1730,66.2078,46.8923
4769,Black|Brown|Magenta|Orange,#080A0D|#55331A|#F24574|#F67405,47.5998,47.2405,47.0755,46.8458,46.4372,79.3044,47.0431
4770,Brown|Red|Magenta|Orange,#55331A|#E72F1D|#F24574|#F67405,47.5998,47.2405,47.0755,46.8458,46.4372,79.3044,47.0431
4771,Brown|Red|Pink|Yellow,#55331A|#E72F1D|#F1A1AF|#FFE800,48.3670,47.5276,47.2466,47.0447,46.9067,100.4605,47.2861
4772,Brown|Pink|Magenta|Yellow,#55331A|#F1A1AF|#F24574|#FFE800,48.3670,47.5276,47.2466,47.0447,46.9067,100.4605,47.2861
4773,Brown|Pink|Orange|Yellow,#55331A|#F1A1AF|#F67405|#FFE800,48.3670,47.5276,47.2466,47.0447,46.9067,100.4605,47.2861
4774,Black|Red|Magenta|Orange,#080A0D|#E72F1D|#F24574|#F67405,49.0889,47.6486,47.2249,47.0034,46.8799,82.2842,47.3260
4775,Black|Brown|Red|Magenta,#080A0D|#55331A|#E72F1D|#F24574,47.8501,47.5659,47.4256,47.1967,46.7324,79.2129,47.3813
4776,Black|Brown|Red|Orange,#080A0D|#55331A|#E72F1D|#F67405,47.5496,47.3862,47.3964,47.4576,47.4978,85.1292,47.4219
4777,Brown|Purple|Olive Green|Red,#55331A|#6C47B2|#948902|#E72F1D,64.5704,52.3512,47.7222,43.6281,39.9276,89.4205,47.9897
4778,Brown|Purple|Olive Green|Orange,#55331A|#6C47B2|#948902|#F67405,64.5704,52.3512,47.7222,43.6281,39.9276,89.4205,47.9897
4779,Brown|Purple|Olive Green|Magenta,#55331A|#6C47B2|#948902|#F24574,64.8215,52.6542,47.9281,43.6957,39.8458,89.4263,48.1749
4780,Brown|Purple|Lime Green|Pink,#55331A|#6C47B2|#D5D701|#F1A1AF,55.6152,51.4394,48.7947,45.2715,41.1114,109.2630,48.3555
4781,Black|Brown|Olive Green|Magenta,#080A0D|#55331A|#948902|#F24574,49.4694,48.3648,48.2446,48.3848,48.7352,86.2810,48.3748
4782,Black|Olive Green|Red|Magenta,#080A0D|#948902|#E72F1D|#F24574,49.4907,48.3260,48.2253,48.4270,48.8185,86.2927,48.3765
4783,Black|Olive Green|Magenta|Orange,#080A0D|#948902|#F24574|#F67405,49.4907,48.3260,48.2253,48.4270,48.8185,86.2927,48.3765
4784,Azure Blue|Black|Olive Green|Pink,#0066D9|#080A0D|#948902|#F1A1AF,58.6717,52.4583,49.1721,45.0467,40.2457,89.6265,48.7525
4785,Brown|Purple|Pink|Yellow,#55331A|#6C47B2|#F1A1AF|#FFE800,53.0032,50.7142,49.2588,47.0845,44.0725,102.0886,48.8993
4786,Red|Pink|Magenta|Yellow,#E72F1D|#F1A1AF|#F24574|#FFE800,51.4594,50.0595,49.1584,47.8379,46.1512,64.1420,48.9487
4787,Red|Pink|Orange|Yellow,#E72F1D|#F1A1AF|#F67405|#FFE800,51.4594,50.0595,49.1584,47.8379,46.1512,64.1420,48.9487
4788,Pink|Magenta|Orange|Yellow,#F1A1AF|#F24574|#F67405|#FFE800,51.4594,50.0595,49.1584,47.8379,46.1512,64.1420,48.9487
4789,Black|Purple|Olive Green|Tan,#080A0D|#6C47B2|#948902|#A79E82,60.6398,53.5096,49.6846,44.7981,39.0134,90.7064,49.1538
4790,Brown|Purple|Olive Green|Lime Green,#55331A|#6C47B2|#948902|#D5D701,60.3271,53.4010,49.8631,45.8310,41.7713,103.1837,49.6160
4791,Purple|White|Magenta|Yellow,#6C47B2|#EBF7FF|#F24574|#FFE800,54.9176,51.1964,49.7734,48.4603,47.2614,86.8823,49.8283
4792,Purple|White|Pink|Yellow,#6C47B2|#EBF7FF|#F1A1AF|#FFE800,55.0246,51.3149,49.8932,48.5836,47.4004,87.2192,49.9493
4793,Brown|Purple|Magenta|Yellow,#55331A|#6C47B2|#F24574|#FFE800,53.1151,51.3489,50.2634,48.6133,46.3004,105.3247,49.9811
4794,Brown|Purple|Red|Yellow,#55331A|#6C47B2|#E72F1D|#FFE800,53.1097,51.3537,50.2603,48.6088,46.2927,105.3887,49.9812
4795,Brown|Purple|Orange|Yellow,#55331A|#6C47B2|#F67405|#FFE800,53.1097,51.3537,50.2603,48.6088,46.2927,105.3887,49.9812
4796,Red|Pink|Magenta|Orange,#E72F1D|#F1A1AF|#F24574|#F67405,52.5026,51.2129,50.3388,49.0116,47.2570,64.0477,50.1123
4797,Purple|Red|White|Yellow,#6C47B2|#E72F1D|#EBF7FF|#FFE800,55.1495,51.5067,50.1240,48.8413,47.6701,86.4501,50.1740
4798,Purple|Red|Orange|Yellow,#6C47B2|#E72F1D|#F67405|#FFE800,55.2139,51.5422,50.1342,48.8267,47.6429,87.0393,50.1844
4799,Purple|White|Orange|Yellow,#6C47B2|#EBF7FF|#F67405|#FFE800,55.1694,51.5273,50.1575,48.8772,47.6941,86.9436,50.2023
4800,Purple|Red|Magenta|Yellow,#6C47B2|#E72F1D|#F24574|#FFE800,55.2468,51.6146,50.1944,48.8359,47.6088,87.1495,50.2252
4801,Purple|Magenta|Orange|Yellow,#6C47B2|#F24574|#F67405|#FFE800,55.2468,51.6146,50.1944,48.8359,47.6088,87.1495,50.2252
4802,Purple|Red|Pink|Yellow,#6C47B2|#E72F1D|#F1A1AF|#FFE800,55.2172,51.5933,50.1967,48.8765,47.6427,87.1840,50.2349
4803,Purple|Pink|Magenta|Yellow,#6C47B2|#F1A1AF|#F24574|#FFE800,55.2172,51.5933,50.1967,48.8765,47.6427,87.1840,50.2349
4804,Purple|Pink|Orange|Yellow,#6C47B2|#F1A1AF|#F67405|#FFE800,55.2172,51.5933,50.1967,48.8765,47.6427,87.1840,50.2349
4805,Brown|Purple|Olive Green|Yellow,#55331A|#6C47B2|#948902|#FFE800,64.2688,55.0687,50.6353,45.6372,40.3241,95.7897,50.3529
4806,Black|Brown|Olive Green|Orange,#080A0D|#55331A|#948902|#F67405,50.6790,50.2611,50.4099,50.7602,51.1451,86.6741,50.5106
4807,Brown|Olive Green|Red|Orange,#55331A|#948902|#E72F1D|#F67405,50.6823,50.2619,50.4118,50.7618,51.1463,86.6834,50.5119
4808,Black|Brown|Olive Green|Red,#080A0D|#55331A|#948902|#E72F1D,50.7700,50.3484,50.4922,50.8403,51.2100,86.7302,50.5943
4809,Green|Olive Green|Lime Green|Red,#06924D|#948902|#D5D701|#E72F1D,56.4670,52.3492,50.8511,49.4192,48.0154,75.1541,50.8842
4810,Green|Olive Green|Red|Orange,#06924D|#948902|#E72F1D|#F67405,56.4512,52.3478,50.8573,49.4532,48.0514,75.6092,50.9005
4811,Green|Lime Green|Red|Orange,#06924D|#D5D701|#E72F1D|#F67405,56.4627,52.3540,50.8761,49.4875,48.0985,74.9805,50.9207
4812,Brown|Olive Green|Magenta|Yellow,#55331A|#948902|#F24574|#FFE800,52.3226,51.1488,50.8958,50.8020,50.7875,87.0818,50.9754
4813,Green|Red|Orange|Yellow,#06924D|#E72F1D|#F67405|#FFE800,56.6549,52.5142,50.9706,49.4676,47.9632,76.4098,50.9909
4814,Brown|Olive Green|Lime Green|Pink,#55331A|#948902|#D5D701|#F1A1AF,52.9249,51.7095,51.1047,50.3180,49.3459,92.1993,51.0137
4815,Green|Lime Green|Red|Yellow,#06924D|#D5D701|#E72F1D|#FFE800,56.6552,52.5354,51.0165,49.5475,48.0606,76.3516,51.0415
4816,Green|Olive Green|Red|Yellow,#06924D|#948902|#E72F1D|#FFE800,56.7121,52.5857,51.0677,49.5893,48.0957,76.6353,51.0875
4817,Brown|Purple|Olive Green|Pink,#55331A|#6C47B2|#948902|#F1A1AF,63.8267,55.4137,51.3153,46.8697,42.1801,90.7978,51.1417
4818,Brown|Olive Green|Red|Magenta,#55331A|#948902|#E72F1D|#F24574,52.6063,51.4430,51.1711,51.0553,51.0141,87.0531,51.2492
4819,Brown|Olive Green|Magenta|Orange,#55331A|#948902|#F24574|#F67405,52.6063,51.4430,51.1711,51.0553,51.0141,87.0531,51.2492
4820,Black|Olive Green|Red|Orange,#080A0D|#948902|#E72F1D|#F67405,50.6658,51.1996,51.9644,52.9115,53.7645,87.5376,52.0555
4821,Purple|Red|Magenta|Orange,#6C47B2|#E72F1D|#F24574|#F67405,56.3503,53.6818,52.4929,51.3097,50.2548,85.6199,52.4958
4822,Azure Blue|Purple|Red|Magenta,#0066D9|#6C47B2|#E72F1D|#F24574,56.7238,55.1311,54.4334,53.7372,53.1272,76.8521,54.4341
4823,Green|Olive Green|Lime Green|Orange,#06924D|#948902|#D5D701|#F67405,58.8876,56.0128,54.7539,53.3250,51.7929,81.0286,54.6689
4824,Green|Olive Green|Orange|Yellow,#06924D|#948902|#F67405|#FFE800,58.8684,56.0078,54.7584,53.3444,51.8389,80.4326,54.6761
4825,Green|Lime Green|Orange|Yellow,#06924D|#D5D701|#F67405|#FFE800,58.8142,56.0022,54.7621,53.3654,51.8760,81.0115,54.6838
4826,Brown|Olive Green|Pink|Yellow,#55331A|#948902|#F1A1AF|#FFE800,56.7766,55.8981,55.4237,54.7459,53.8182,88.5891,55.3220
4827,Brown|Olive Green|Red|Pink,#55331A|#948902|#E72F1D|#F1A1AF,57.4269,56.5408,56.0204,55.2858,54.3057,88.5292,55.9133
4828,Brown|Olive Green|Pink|Magenta,#55331A|#948902|#F1A1AF|#F24574,57.4269,56.5408,56.0204,55.2858,54.3057,88.5292,55.9133
4829,Brown|Olive Green|Pink|Orange,#55331A|#948902|#F1A1AF|#F67405,57.4269,56.5408,56.0204,55.2858,54.3057,88.5292,55.9133
4830,Lime Green|Red|Magenta|Orange,#D5D701|#E72F1D|#F24574|#F67405,67.4774,65.3514,64.3863,63.3388,62.2288,93.2199,64.3451
4831,Lime Green|Red|Magenta|Yellow,#D5D701|#E72F1D|#F24574|#FFE800,67.4774,65.3514,64.3863,63.3388,62.2288,93.2199,64.3451
4832,Lime Green|Magenta|Orange|Yellow,#D5D701|#F24574|#F67405|#FFE800,67.4774,65.3514,64.3863,63.3388,62.2288,93.2199,64.3451
4833,Red|Magenta|Orange|Yellow,#E72F1D|#F24574|#F67405|#FFE800,69.8053,68.0728,67.1921,66.1518,65.0154,93.9801,67.1123
4834,Olive Green|Red|Magenta|Orange,#948902|#E72F1D|#F24574|#F67405,68.9031,67.7429,67.4037,67.1221,66.7464,88.9929,67.4325
4835,Olive Green|Red|Magenta|Yellow,#948902|#E72F1D|#F24574|#FFE800,68.9319,67.7622,67.4283,67.1522,66.7720,89.0283,67.4572
4836,Olive Green|Magenta|Orange|Yellow,#948902|#F24574|#F67405|#FFE800,68.9319,67.7622,67.4283,67.1522,66.7720,89.0283,67.4572
4837,Olive Green|Lime Green|Red|Magenta,#948902|#D5D701|#E72F1D|#F24574,68.9218,67.7604,67.4319,67.1577,66.7827,89.1055,67.4591
4838,Olive Green|Lime Green|Magenta|Orange,#948902|#D5D701|#F24574|#F67405,68.9218,67.7604,67.4319,67.1577,66.7827,89.1055,67.4591
4839,Olive Green|Lime Green|Magenta|Yellow,#948902|#D5D701|#F24574|#FFE800,68.9218,67.7604,67.4319,67.1577,66.7827,89.1055,67.4591
4840,Green|Olive Green|Lime Green|Yellow,#06924D|#948902|#D5D701|#FFE800,70.7969,70.5239,70.4142,70.2397,69.9089,89.5811,70.3818
4841,Olive Green|Red|Orange|Yellow,#948902|#E72F1D|#F67405|#FFE800,70.9833,70.7925,70.7387,70.6394,70.3853,89.4829,70.7160
4842,Olive Green|Lime Green|Red|Orange,#948902|#D5D701|#E72F1D|#F67405,71.0005,70.8020,70.7430,70.6398,70.3831,89.4625,70.7209
4843,Olive Green|Lime Green|Red|Yellow,#948902|#D5D701|#E72F1D|#FFE800,70.9972,70.8034,70.7471,70.6447,70.3879,89.4697,70.7240
4844,Olive Green|Lime Green|Orange|Yellow,#948902|#D5D701|#F67405|#FFE800,71.2765,71.1805,71.1400,71.0414,70.7921,89.7832,71.1109
4845,Lime Green|Red|Orange|Yellow,#D5D701|#E72F1D|#F67405|#FFE800,85.4636,84.7381,84.4568,84.1808,83.8462,107.3944,84.4594
