rank,labels,hexes,sigma0,sigma2,sigma4,sigma8,sigma16,p99_sigma2,rank_key
1,Brown|Tan|Orange,#55331A|#A79E82|#F67405,15.2430,6.7262,4.8682,3.6960,2.9718,18.4648,5.2111
2,Brown|Tan|Red,#55331A|#A79E82|#E72F1D,15.6611,7.1137,5.2667,4.1723,3.5527,18.5717,5.6430
3,Black|Tan|Orange,#080A0D|#A79E82|#F67405,21.3238,7.5218,5.2017,4.0424,3.5669,22.4022,5.7821
4,Brown|Lime Green|Pink,#55331A|#D5D701|#F1A1AF,18.5569,7.8979,5.4032,3.9149,3.1397,19.8932,5.9064
5,Brown|Orange|Yellow,#55331A|#F67405|#FFE800,18.3110,7.9194,5.4500,3.9071,3.0569,19.4977,5.9133
6,Brown|Lime Green|Orange,#55331A|#D5D701|#F67405,18.5457,8.0679,5.5248,3.8896,2.9764,19.6444,5.9788
7,Black|Tan|Red,#080A0D|#A79E82|#E72F1D,21.8638,8.0406,5.5671,4.2308,3.6641,21.5622,6.1357
8,Brown|Tan|Magenta,#55331A|#A79E82|#F24574,16.1160,7.6080,5.7884,4.6762,4.0226,19.1754,6.1421
9,Brown|Pink|Yellow,#55331A|#F1A1AF|#FFE800,18.4173,8.0483,5.7044,4.3895,3.7382,19.6898,6.2189
10,Brown|Tan|Pink,#55331A|#A79E82|#F1A1AF,15.7721,7.6375,5.9749,4.9834,4.3110,19.5012,6.3105
11,Black|Orange|Yellow,#080A0D|#F67405|#FFE800,25.9019,8.8310,5.7153,3.7926,2.7819,23.6463,6.3118
12,Brown|Olive Green|Orange,#55331A|#948902|#F67405,19.6679,8.5659,5.9207,4.2064,3.2082,21.6641,6.3861
13,Brown|Tan|Yellow,#55331A|#A79E82|#FFE800,15.9114,7.7150,6.1966,5.3689,4.8942,18.2376,6.5420
14,Brown|Olive Green|Pink,#55331A|#948902|#F1A1AF,20.8795,8.8305,6.0106,4.3633,3.5249,25.9155,6.5969
15,Dark Olive Drab|Tan|Orange,#575B54|#A79E82|#F67405,14.1175,7.7450,6.3935,5.5070,4.8985,22.9198,6.6260
16,Brown|Lime Green|Red,#55331A|#D5D701|#E72F1D,19.3207,8.7786,6.2642,4.8129,4.1160,20.7950,6.7958
17,Brown|Tan|Lime Green,#55331A|#A79E82|#D5D701,16.0115,7.9605,6.4801,5.6675,5.1947,18.3704,6.8140
18,Brown|Olive Green|Tan,#55331A|#948902|#A79E82,16.5064,8.1485,6.6096,5.7468,5.2299,19.2590,6.9477
19,Black|Brown|Tan,#080A0D|#55331A|#A79E82,15.9650,7.9652,6.5845,5.9679,5.7853,18.4581,6.9665
20,Black|Lime Green|Pink,#080A0D|#D5D701|#F1A1AF,27.4568,9.5362,6.3139,4.4961,3.6786,25.6982,7.0161
21,Brown|Lime Green|Magenta,#55331A|#D5D701|#F24574,19.6813,9.0224,6.4827,5.0400,4.3434,21.1285,7.0312
22,Black|Olive Green|Orange,#080A0D|#948902|#F67405,27.2184,9.8756,6.3790,4.2409,3.2493,27.0131,7.0582
23,Black|Pink|Yellow,#080A0D|#F1A1AF|#FFE800,27.2983,9.4038,6.3059,4.7183,4.0717,26.0657,7.0610
24,Black|Lime Green|Orange,#080A0D|#D5D701|#F67405,26.6803,9.5473,6.3819,4.5874,3.7601,24.9707,7.0673
25,Dark Olive Drab|Red|Yellow,#575B54|#E72F1D|#FFE800,17.9191,8.8363,6.7150,5.3099,4.4194,23.4319,7.0731
26,Dark Grey|Brown|Tan,#485259|#55331A|#A79E82,15.5274,7.9986,6.7449,6.1550,5.9665,18.7479,7.0768
27,Brown|Grey|Tan,#55331A|#8C9099|#A79E82,16.0103,8.2156,6.7847,5.9965,5.5464,19.4367,7.1061
28,Dark Olive Drab|Lime Green|Red,#575B54|#D5D701|#E72F1D,18.3141,8.9254,6.7540,5.3898,4.5989,22.4448,7.1576
29,Brown|Tan|Cold White,#55331A|#A79E82|#D9DFE5,15.9925,8.2827,6.8804,6.0889,5.5876,19.3959,7.1858
30,Azure Blue|Brown|Tan,#0066D9|#55331A|#A79E82,16.2309,8.3782,6.8880,6.0597,5.6288,19.8419,7.2190
31,Dark Olive Drab|Tan|Red,#575B54|#A79E82|#E72F1D,15.6776,8.5541,6.9446,5.8891,5.2341,23.0231,7.2216
32,Polymaker Teal|Brown|Tan,#4CC0C7|#55331A|#A79E82,16.2166,8.3810,6.8873,6.0654,5.6310,20.1247,7.2232
33,Green|Brown|Orange,#06924D|#55331A|#F67405,19.5363,9.1994,6.7346,5.2568,4.4275,23.4037,7.2281
34,Blue|Brown|Tan,#003776|#55331A|#A79E82,16.4052,8.3839,6.8991,6.1198,5.7711,19.7194,7.2518
35,Dark Olive Drab|Orange|Yellow,#575B54|#F67405|#FFE800,16.3208,8.6394,6.9790,5.8954,5.2056,22.9482,7.2674
36,Green|Brown|Tan,#06924D|#55331A|#A79E82,16.2050,8.4229,6.9997,6.2043,5.7160,20.4274,7.3136
37,Dark Olive Drab|Olive Green|Orange,#575B54|#948902|#F67405,17.7749,8.9753,7.0401,5.7467,4.9059,24.3095,7.3610
38,Brown|Dark Olive Drab|Tan,#55331A|#575B54|#A79E82,15.0896,8.1876,7.0713,6.5437,6.3307,18.8519,7.3657
39,Brown|Purple|Tan,#55331A|#6C47B2|#A79E82,16.4495,8.6882,7.1273,6.1690,5.5966,23.4935,7.4286
40,Brown|Red|Yellow,#55331A|#E72F1D|#FFE800,19.1721,9.1151,6.9107,5.7605,5.2348,20.7090,7.4378
41,Brown|Olive Green|Magenta,#55331A|#948902|#F24574,22.2159,9.8150,6.8483,5.2285,4.5274,27.1566,7.5217
42,Dark Grey|Tan|Orange,#485259|#A79E82|#F67405,15.4995,8.6296,7.2630,6.4473,5.9671,21.2018,7.5384
43,Black|Tan|Magenta,#080A0D|#A79E82|#F24574,22.5089,9.3084,7.0381,5.8491,5.3753,22.0240,7.5788
44,Dark Olive Drab|Lime Green|Orange,#575B54|#D5D701|#F67405,16.4416,8.8982,7.2989,6.2596,5.5951,23.4456,7.5789
45,Brown|Magenta|Yellow,#55331A|#F24574|#FFE800,19.4132,9.3011,7.0869,5.9195,5.3532,21.2317,7.6103
46,Brown|Olive Green|Red,#55331A|#948902|#E72F1D,21.7537,9.9163,7.1205,5.5453,4.7727,26.7703,7.7308
47,Black|Lime Green|Red,#080A0D|#D5D701|#E72F1D,28.3824,10.4741,6.9526,5.0360,4.2628,25.1501,7.7550
48,Black|Olive Green|Pink,#080A0D|#948902|#F1A1AF,29.1757,10.4661,6.9026,5.0551,4.3075,30.6825,7.7606
49,Black|Lime Green|Magenta,#080A0D|#D5D701|#F24574,29.3220,10.7734,6.9419,4.7663,3.8882,26.5195,7.7699
50,Dark Grey|Olive Green|Orange,#485259|#948902|#F67405,21.1622,9.8232,7.3263,5.7527,4.8220,24.9834,7.7880
51,Brown|Dark Olive Drab|Orange,#55331A|#575B54|#F67405,16.2874,8.8664,7.5068,6.7888,6.4631,19.3753,7.8276
52,Dark Olive Drab|Magenta|Yellow,#575B54|#F24574|#FFE800,18.9052,9.6794,7.5010,6.1046,5.2674,23.5821,7.8920
53,Black|Dark Olive Drab|Orange,#080A0D|#575B54|#F67405,17.7878,9.0025,7.5615,6.8693,6.6022,18.8708,7.9359
54,Green|Brown|Red,#06924D|#55331A|#E72F1D,20.9449,10.0417,7.4196,5.8720,5.0548,23.9767,7.9569
55,Brown|Grey|Yellow,#55331A|#8C9099|#FFE800,19.0874,9.5838,7.5603,6.4205,5.7833,20.8615,8.0021
56,Dark Olive Drab|Olive Green|Red,#575B54|#948902|#E72F1D,21.7119,10.1308,7.6306,6.0529,5.1016,27.0228,8.0918
57,Dark Grey|Lime Green|Red,#485259|#D5D701|#E72F1D,20.3906,10.0016,7.6653,6.1926,5.2855,23.1698,8.0971
58,Dark Grey|Orange|Yellow,#485259|#F67405|#FFE800,18.4142,9.5835,7.7538,6.6298,5.9744,21.6579,8.1067
59,Dark Olive Drab|Lime Green|Magenta,#575B54|#D5D701|#F24574,19.3649,9.9534,7.7288,6.2870,5.4114,22.3031,8.1202
60,Black|Red|Yellow,#080A0D|#E72F1D|#FFE800,28.1932,10.7100,7.4522,5.7332,5.0379,26.4154,8.2216
61,Green|Black|Red,#06924D|#080A0D|#E72F1D,27.4324,10.9366,7.4470,5.6140,4.9506,27.2534,8.2753
62,Dark Grey|Lime Green|Orange,#485259|#D5D701|#F67405,18.6672,9.8205,7.9372,6.7862,6.1217,22.6630,8.3034
63,Green|Dark Olive Drab|Orange,#06924D|#575B54|#F67405,16.7006,9.5060,8.0401,7.1186,6.5191,23.1831,8.3123
64,Dark Grey|Red|Yellow,#485259|#E72F1D|#FFE800,19.8534,10.0548,7.9006,6.5866,5.8476,22.9477,8.3207
65,Green|Black|Orange,#06924D|#080A0D|#F67405,25.7396,10.3942,7.6522,6.3167,5.7713,26.2950,8.3554
66,Brown|Dark Olive Drab|Yellow,#55331A|#575B54|#FFE800,18.3788,9.6182,7.9529,7.1217,6.8102,20.1089,8.3699
67,Black|Tan|Pink,#080A0D|#A79E82|#F1A1AF,22.1649,9.7198,7.9264,7.0414,6.7119,22.1026,8.3806
68,Dark Grey|Brown|Yellow,#485259|#55331A|#FFE800,19.3182,9.8023,7.9202,6.9682,6.6074,20.7759,8.3852
69,Black|Brown|Yellow,#080A0D|#55331A|#FFE800,19.8306,9.8427,7.8843,6.9914,6.6487,21.3318,8.4171
70,Dark Grey|Olive Green|Red,#485259|#948902|#E72F1D,24.4291,10.8129,7.8503,6.0331,4.9790,28.3840,8.4230
71,Blue|Brown|Yellow,#003776|#55331A|#FFE800,20.2510,10.1573,8.0008,6.8381,6.2540,22.3843,8.4977
72,Brown|Cold White|Yellow,#55331A|#D9DFE5|#FFE800,19.8486,10.1361,8.0940,6.9721,6.3217,22.0496,8.5541
73,Polymaker Teal|Brown|Yellow,#4CC0C7|#55331A|#FFE800,19.9373,10.1696,8.0769,6.9425,6.3786,22.0707,8.5560
74,Dark Olive Drab|Olive Green|Magenta,#575B54|#948902|#F24574,23.5081,10.7741,8.0427,6.3972,5.4172,28.2855,8.5856
75,Dark Olive Drab|Pink|Yellow,#575B54|#F1A1AF|#FFE800,17.5138,9.9966,8.3460,7.2727,6.5510,22.6448,8.6346
76,Brown|Lime Green|Yellow,#55331A|#D5D701|#FFE800,19.8613,10.1917,8.1854,7.0969,6.4798,22.0548,8.6443
77,Green|Brown|Yellow,#06924D|#55331A|#FFE800,19.9511,10.2256,8.1763,7.0675,6.4699,22.2028,8.6465
78,Brown|Olive Green|Yellow,#55331A|#948902|#FFE800,20.0207,10.2431,8.2113,7.1054,6.4774,22.3857,8.6742
79,Black|Olive Green|Magenta,#080A0D|#948902|#F24574,31.3790,11.8381,7.7264,5.5108,4.7366,31.4403,8.6745
80,Dark Grey|Tan|Red,#485259|#A79E82|#E72F1D,17.0283,9.9080,8.4473,7.5578,7.0423,21.9787,8.7329
81,Azure Blue|Brown|Yellow,#0066D9|#55331A|#FFE800,20.4667,10.5275,8.2747,7.0075,6.3687,24.6222,8.7675
82,Brown|Purple|Yellow,#55331A|#6C47B2|#FFE800,20.5684,10.6085,8.3077,6.9362,6.1564,29.6660,8.7723
83,Black|Magenta|Yellow,#080A0D|#F24574|#FFE800,28.9380,11.1896,7.9950,6.3859,5.7495,27.0278,8.7877
84,Brown|Cold White|Orange,#55331A|#D9DFE5|#F67405,18.9968,10.1912,8.4042,7.4056,6.9188,21.9939,8.7984
85,Brown|Purple|Orange,#55331A|#6C47B2|#F67405,18.9575,10.1384,8.3803,7.4594,7.0559,21.4036,8.7989
86,Brown|Magenta|Orange,#55331A|#F24574|#F67405,18.9055,10.1496,8.4035,7.4527,7.0012,20.8132,8.8012
87,Dark Olive Drab|Grey|Orange,#575B54|#8C9099|#F67405,16.4903,9.8981,8.5912,7.7380,7.1616,23.1363,8.8181
88,Polymaker Teal|Brown|Orange,#4CC0C7|#55331A|#F67405,19.5610,10.4552,8.3916,7.1990,6.6446,24.2447,8.8271
89,Polymaker Teal|Dark Olive Drab|Orange,#4CC0C7|#575B54|#F67405,16.5227,9.9117,8.5923,7.7452,7.1722,23.4029,8.8285
90,Dark Olive Drab|Red|Orange,#575B54|#E72F1D|#F67405,16.7385,9.9393,8.5859,7.7228,7.1646,22.9559,8.8310
91,Brown|Pink|Orange,#55331A|#F1A1AF|#F67405,18.8998,10.1717,8.4358,7.4915,7.0424,20.7890,8.8316
92,Dark Olive Drab|Pink|Orange,#575B54|#F1A1AF|#F67405,16.5653,9.9204,8.5949,7.7510,7.1793,22.9461,8.8357
93,Black|Olive Green|Red,#080A0D|#948902|#E72F1D,30.1574,11.7817,7.9600,5.8959,5.1034,30.8213,8.8388
94,Dark Olive Drab|Magenta|Orange,#575B54|#F24574|#F67405,16.6526,9.9457,8.6090,7.7568,7.1943,23.0874,8.8512
95,Dark Olive Drab|Cold White|Orange,#575B54|#D9DFE5|#F67405,16.5657,9.9279,8.6187,7.7798,7.2092,23.1348,8.8539
96,Brown|Red|Orange,#55331A|#E72F1D|#F67405,18.9546,10.2144,8.4771,7.5352,7.0922,20.9150,8.8748
97,Dark Olive Drab|Purple|Orange,#575B54|#6C47B2|#F67405,16.7439,10.0480,8.7087,7.8690,7.3397,24.4976,8.9585
98,Azure Blue|Dark Olive Drab|Orange,#0066D9|#575B54|#F67405,16.7309,10.0348,8.7204,7.9039,7.3812,23.7399,8.9694
99,Azure Blue|Brown|Orange,#0066D9|#55331A|#F67405,19.0819,10.2674,8.5640,7.7246,7.3974,21.1959,8.9960
100,Green|Dark Olive Drab|Red,#06924D|#575B54|#E72F1D,20.0378,10.6484,8.6095,7.3671,6.6393,25.2943,9.0078
101,Dark Grey|Brown|Olive Green,#485259|#55331A|#948902,21.8021,10.7384,8.4602,7.2902,6.8916,27.1482,9.0143
102,Brown|Grey|Lime Green,#55331A|#8C9099|#D5D701,20.1420,10.5866,8.5655,7.4497,6.8911,21.7309,9.0181
103,Black|Brown|Olive Green,#080A0D|#55331A|#948902,21.9121,10.7123,8.4132,7.3407,7.0039,26.5913,9.0265
104,Dark Grey|Lime Green|Magenta,#485259|#D5D701|#F24574,21.4662,10.9780,8.5753,7.0894,6.2347,23.8332,9.0337
105,Dark Grey|Dark Olive Drab|Orange,#485259|#575B54|#F67405,16.6147,10.0250,8.7829,8.0507,7.6022,20.9998,9.0379
106,Brown|Grey|Olive Green,#55331A|#8C9099|#948902,22.1077,10.9765,8.5394,7.1544,6.4898,27.4515,9.0655
107,Black|Brown|Orange,#080A0D|#55331A|#F67405,20.2809,10.2841,8.6289,7.8998,7.6786,21.4113,9.0919
108,Dark Grey|Magenta|Yellow,#485259|#F24574|#FFE800,20.6283,10.8232,8.6481,7.3647,6.6653,23.2620,9.0940
109,Dark Grey|Brown|Lime Green,#485259|#55331A|#D5D701,20.0116,10.5205,8.6230,7.7063,7.4170,21.4655,9.1134
110,Brown|Grey|Orange,#55331A|#8C9099|#F67405,18.3074,10.2482,8.7404,7.9902,7.6685,20.4164,9.1192
111,Black|Brown|Lime Green,#080A0D|#55331A|#D5D701,20.3005,10.5436,8.6137,7.7487,7.4695,21.8570,9.1462
112,Dark Olive Drab|Tan|Magenta,#575B54|#A79E82|#F24574,16.5824,10.3260,8.9172,8.0199,7.4633,22.9114,9.1729
113,Dark Olive Drab|Lime Green|Pink,#575B54|#D5D701|#F1A1AF,17.9735,10.4920,8.8776,7.8844,7.2437,22.9904,9.1882
114,Dark Olive Drab|Olive Green|Pink,#575B54|#948902|#F1A1AF,21.4564,10.8788,8.7932,7.5030,6.6840,28.1600,9.1909
115,Blue|Brown|Lime Green,#003776|#55331A|#D5D701,20.7436,10.8045,8.6804,7.5860,7.1122,22.2690,9.1952
116,Polymaker Teal|Brown|Olive Green,#4CC0C7|#55331A|#948902,22.1077,11.0404,8.6552,7.3824,6.8150,27.2633,9.2114
117,Brown|Lime Green|Cold White,#55331A|#D5D701|#D9DFE5,20.3810,10.7805,8.7567,7.6500,7.0937,22.2587,9.2152
118,Brown|Olive Green|Cold White,#55331A|#948902|#D9DFE5,22.0003,11.0224,8.6744,7.4103,6.7972,26.7382,9.2164
119,Dark Grey|Brown|Orange,#485259|#55331A|#F67405,17.7991,10.1451,8.8628,8.3046,8.1360,19.8778,9.2249
120,Polymaker Teal|Brown|Lime Green,#4CC0C7|#55331A|#D5D701,20.5017,10.8252,8.7519,7.6443,7.1197,22.7861,9.2347
121,Brown|Dark Olive Drab|Olive Green,#55331A|#575B54|#948902,20.9889,10.7361,8.7505,7.7453,7.3826,26.0801,9.2407
122,Brown|Dark Olive Drab|Lime Green,#55331A|#575B54|#D5D701,19.2103,10.4738,8.8092,8.0258,7.7818,21.1388,9.2498
123,Blue|Brown|Orange,#003776|#55331A|#F67405,19.3004,10.4578,8.8150,8.0434,7.7752,21.6772,9.2506
124,Green|Brown|Olive Green,#06924D|#55331A|#948902,22.1227,11.0605,8.7104,7.4545,6.8958,27.2584,9.2575
125,Blue|Dark Olive Drab|Orange,#003776|#575B54|#F67405,17.0315,10.2656,9.0005,8.2677,7.8356,22.9107,9.2666
126,Dark Grey|Olive Green|Magenta,#485259|#948902|#F24574,26.4214,11.6866,8.6594,6.8926,5.8383,29.6230,9.2896
127,Blue|Brown|Olive Green,#003776|#55331A|#948902,22.6742,11.1797,8.7161,7.4076,6.8236,27.6720,9.2936
128,Brown|Purple|Lime Green,#55331A|#6C47B2|#D5D701,20.8274,11.0262,8.8263,7.5824,6.8916,25.5967,9.3043
129,Azure Blue|Brown|Olive Green,#0066D9|#55331A|#948902,22.4930,11.2147,8.7612,7.4241,6.7474,27.9679,9.3194
130,Brown|Olive Green|Lime Green,#55331A|#948902|#D5D701,20.8226,10.9208,8.8525,7.7492,7.2002,23.3731,9.3350
131,Azure Blue|Brown|Lime Green,#0066D9|#55331A|#D5D701,20.7140,10.9878,8.8535,7.6860,7.1412,22.6119,9.3369
132,Green|Brown|Lime Green,#06924D|#55331A|#D5D701,20.4925,10.8954,8.8656,7.7845,7.2781,22.5375,9.3399
133,Brown|Purple|Olive Green,#55331A|#6C47B2|#948902,23.0049,11.5142,8.7899,7.2227,6.4689,30.0027,9.3684
134,Green|Brown|Pink,#06924D|#55331A|#F1A1AF,20.8644,11.1153,8.9692,7.7608,7.1532,26.4345,9.4381
135,Green|Dark Grey|Red,#06924D|#485259|#E72F1D,22.5501,11.4101,9.0286,7.6630,6.9368,26.6474,9.5366
136,Dark Grey|Pink|Yellow,#485259|#F1A1AF|#FFE800,19.6696,11.0694,9.2194,8.0566,7.3477,23.7256,9.5630
137,Green|Brown|Magenta,#06924D|#55331A|#F24574,22.1477,11.7860,9.4261,8.1142,7.5211,26.3219,9.9501
138,Dark Grey|Olive Green|Pink,#485259|#948902|#F1A1AF,24.7670,11.9098,9.5002,8.0660,7.1844,29.8593,9.9879
139,Green|Black|Magenta,#06924D|#080A0D|#F24574,29.7358,12.6558,9.1578,7.3379,6.7258,29.5778,9.9968
140,Dark Grey|Lime Green|Pink,#485259|#D5D701|#F1A1AF,20.3200,11.5589,9.6718,8.5082,7.7971,24.1715,10.0336
141,Black|Tan|Yellow,#080A0D|#A79E82|#FFE800,23.3592,11.2208,9.7352,9.0839,8.8216,22.3977,10.1523
142,Black|Dark Grey|Orange,#080A0D|#485259|#F67405,21.2257,11.2050,9.7903,9.1750,8.9946,20.9939,10.1900
143,Black|Polymaker Teal|Orange,#080A0D|#4CC0C7|#F67405,25.7758,11.8466,9.6899,8.6259,8.2125,25.7969,10.2363
144,Green|Dark Grey|Orange,#06924D|#485259|#F67405,19.6860,11.5694,9.9792,9.0464,8.4753,25.9373,10.3079
145,Black|Pink|Orange,#080A0D|#F1A1AF|#F67405,26.3456,12.0192,9.9983,9.0873,8.7866,25.2115,10.5532
146,Black|Olive Green|Tan,#080A0D|#948902|#A79E82,24.0867,11.7327,10.1762,9.4631,9.1379,25.0588,10.5979
147,Black|Cold White|Orange,#080A0D|#D9DFE5|#F67405,26.5169,12.1324,10.0686,9.1306,8.8129,25.5069,10.6315
148,Black|Magenta|Orange,#080A0D|#F24574|#F67405,26.4550,12.1104,10.0797,9.1543,8.8340,25.4456,10.6324
149,Black|Purple|Orange,#080A0D|#6C47B2|#F67405,26.4527,12.1116,10.0783,9.1555,8.8349,25.5160,10.6335
150,Black|Grey|Orange,#080A0D|#8C9099|#F67405,24.9228,11.9507,10.1583,9.3652,9.1114,23.5280,10.6579
151,Blue|Black|Tan,#003776|#080A0D|#A79E82,22.5420,11.5979,10.3099,9.7310,9.4921,22.6203,10.6645
152,Black|Tan|Cold White,#080A0D|#A79E82|#D9DFE5,22.6537,11.6083,10.3155,9.7324,9.4806,22.7098,10.6703
153,Black|Polymaker Teal|Tan,#080A0D|#4CC0C7|#A79E82,22.6552,11.6102,10.3169,9.7321,9.4789,22.7106,10.6712
154,Black|Grey|Tan,#080A0D|#8C9099|#A79E82,22.5222,11.6197,10.3384,9.7679,9.5368,22.7270,10.6938
155,Black|Tan|Lime Green,#080A0D|#A79E82|#D5D701,23.2218,11.6770,10.3120,9.7177,9.4887,22.3393,10.6973
156,Azure Blue|Black|Tan,#0066D9|#080A0D|#A79E82,22.5590,11.6778,10.3811,9.7908,9.5497,22.6793,10.7343
157,Azure Blue|Black|Orange,#0066D9|#080A0D|#F67405,26.4714,12.1958,10.1817,9.2809,8.9715,25.6679,10.7383
158,Green|Black|Tan,#06924D|#080A0D|#A79E82,22.7577,11.6919,10.3978,9.8170,9.5710,23.1205,10.7545
159,Blue|Black|Orange,#003776|#080A0D|#F67405,26.4607,12.2237,10.2037,9.2983,8.9879,25.8413,10.7610
160,Black|Red|Orange,#080A0D|#E72F1D|#F67405,26.5499,12.2692,10.2481,9.3309,9.0141,25.7000,10.8001
161,Dark Grey|Tan|Magenta,#485259|#A79E82|#F24574,18.0435,11.9041,10.6604,9.8832,9.3847,23.3186,10.8936
162,Dark Olive Drab|Tan|Pink,#575B54|#A79E82|#F1A1AF,15.8216,11.7152,10.8526,10.2485,9.8055,23.3712,10.9818
163,Blue|Olive Green|Orange,#003776|#948902|#F67405,31.3958,13.5830,10.2993,8.3846,7.3137,32.7719,10.9838
164,Blue|Olive Green|Red,#003776|#948902|#E72F1D,33.1479,13.9000,10.3004,8.1527,6.8274,33.8200,11.0263
165,Black|Dark Olive Drab|Tan,#080A0D|#575B54|#A79E82,18.3504,11.6939,10.9582,10.5716,10.3328,20.1998,11.1327
166,Black|Dark Grey|Tan,#080A0D|#485259|#A79E82,20.2342,11.8630,10.9166,10.4579,10.2085,20.7873,11.1605
167,Dark Grey|Grey|Orange,#485259|#8C9099|#F67405,18.6908,12.2066,11.0949,10.4601,10.1068,22.4456,11.3333
168,Dark Grey|Cold White|Orange,#485259|#D9DFE5|#F67405,18.7898,12.2247,11.0880,10.4535,10.1093,22.6858,11.3391
169,Dark Grey|Purple|Orange,#485259|#6C47B2|#F67405,18.7997,12.2275,11.0897,10.4534,10.1047,22.6048,11.3404
170,Dark Grey|Magenta|Orange,#485259|#F24574|#F67405,18.8008,12.2294,11.0914,10.4550,10.1063,22.6048,11.3422
171,Dark Grey|Pink|Orange,#485259|#F1A1AF|#F67405,18.8079,12.2326,11.0917,10.4555,10.1061,22.5735,11.3440
172,Blue|Dark Grey|Orange,#003776|#485259|#F67405,18.8154,12.2375,11.0980,10.4618,10.1155,22.6952,11.3497
173,Azure Blue|Dark Grey|Orange,#0066D9|#485259|#F67405,18.8065,12.2453,11.1084,10.4717,10.1228,22.7005,11.3585
174,Brown|Dark Olive Drab|Red,#55331A|#575B54|#E72F1D,19.5401,12.3422,11.0483,10.4366,10.2763,27.0933,11.3894
175,Dark Grey|Red|Orange,#485259|#E72F1D|#F67405,18.8295,12.2937,11.1653,10.5307,10.1784,22.6238,11.4122
176,Blue|Olive Green|Magenta,#003776|#948902|#F24574,35.1094,14.3811,10.6518,8.5011,7.2465,34.8642,11.4411
177,Dark Grey|Polymaker Teal|Orange,#485259|#4CC0C7|#F67405,18.8770,12.4271,11.2575,10.5805,10.2152,24.1555,11.5038
178,Black|Purple|Tan,#080A0D|#6C47B2|#A79E82,23.4593,12.6677,11.1991,10.4667,10.1784,31.8298,11.5672
179,Blue|Olive Green|Pink,#003776|#948902|#F1A1AF,33.7621,14.1660,10.9166,9.1155,8.0503,33.9101,11.6408
180,Black|Dark Olive Drab|Red,#080A0D|#575B54|#E72F1D,21.0086,12.6674,11.3505,10.7954,10.7148,26.4528,11.7314
181,Brown|Dark Olive Drab|Pink,#55331A|#575B54|#F1A1AF,18.7989,12.4477,11.4963,11.1037,11.0639,27.8015,11.7757
182,Dark Olive Drab|Tan|Yellow,#575B54|#A79E82|#FFE800,16.4255,12.4747,11.7163,11.1991,10.8312,22.3971,11.8369
183,Green|Dark Olive Drab|Magenta,#06924D|#575B54|#F24574,22.6276,13.3940,11.4771,10.3984,9.7786,27.5933,11.8962
184,Dark Olive Drab|Cold White|Red,#575B54|#D9DFE5|#E72F1D,19.7917,12.9702,11.6935,10.9651,10.5844,26.6799,11.9676
185,Dark Olive Drab|Red|Magenta,#575B54|#E72F1D|#F24574,19.8063,12.9901,11.7144,10.9841,10.6001,26.7509,11.9871
186,Polymaker Teal|Dark Olive Drab|Red,#4CC0C7|#575B54|#E72F1D,19.8287,13.0367,11.7607,11.0238,10.6333,26.6803,12.0303
187,Black|Grey|Yellow,#080A0D|#8C9099|#FFE800,27.8654,13.4954,11.5009,10.5787,10.2236,24.8996,12.0370
188,Dark Olive Drab|Grey|Red,#575B54|#8C9099|#E72F1D,19.8018,13.0410,11.7745,11.0509,10.6686,26.7927,12.0459
189,Dark Grey|Dark Olive Drab|Red,#485259|#575B54|#E72F1D,19.8137,12.9972,11.7573,11.0971,10.7979,26.5698,12.0472
190,Azure Blue|Dark Olive Drab|Red,#0066D9|#575B54|#E72F1D,19.8686,13.0373,11.7711,11.0606,10.6963,26.8869,12.0489
191,Dark Olive Drab|Purple|Red,#575B54|#6C47B2|#E72F1D,19.8779,13.0497,11.7758,11.0607,10.7043,27.2168,12.0552
192,Green|Dark Grey|Magenta,#06924D|#485259|#F24574,25.7843,13.9348,11.5431,10.2325,9.5276,29.1627,12.0836
193,Green|Black|Pink,#06924D|#080A0D|#F1A1AF,27.5927,13.7304,11.4691,10.4496,10.1110,29.9868,12.0900
194,Polymaker Teal|Brown|Red,#4CC0C7|#55331A|#E72F1D,21.4346,13.3235,11.6809,10.8619,10.5880,27.4832,12.0927
195,Brown|Grey|Red,#55331A|#8C9099|#E72F1D,20.7661,13.0878,11.7284,11.1344,10.9486,27.3480,12.1111
196,Blue|Dark Olive Drab|Red,#003776|#575B54|#E72F1D,19.9850,13.0746,11.8247,11.1556,10.8400,26.8148,12.1151
197,Black|Brown|Red,#080A0D|#55331A|#E72F1D,20.9873,13.0021,11.6904,11.2495,11.2615,27.1468,12.1258
198,Brown|Red|Pink,#55331A|#E72F1D|#F1A1AF,20.5636,13.0741,11.7945,11.2099,10.9825,27.0882,12.1420
199,Black|Dark Olive Drab|Yellow,#080A0D|#575B54|#FFE800,21.7436,13.0443,11.8373,11.2540,11.0103,22.6085,12.1491
200,Black|Brown|Pink,#080A0D|#55331A|#F1A1AF,20.1150,12.8404,11.7844,11.4803,11.5389,28.1879,12.1604
201,Brown|Cold White|Red,#55331A|#D9DFE5|#E72F1D,21.0181,13.2407,11.7911,11.1076,10.8587,27.1738,12.1742
202,Dark Grey|Brown|Red,#485259|#55331A|#E72F1D,20.4760,13.0495,11.8191,11.3595,11.3333,27.0745,12.2045
203,Brown|Purple|Red,#55331A|#6C47B2|#E72F1D,20.9711,13.2832,11.8803,11.2378,11.0089,27.4235,12.2605
204,Brown|Grey|Pink,#55331A|#8C9099|#F1A1AF,20.2154,13.0876,11.9518,11.4651,11.3304,27.9406,12.2764
205,Brown|Red|Magenta,#55331A|#E72F1D|#F24574,20.9971,13.3027,11.8963,11.2545,11.0206,27.2843,12.2786
206,Brown|Purple|Pink,#55331A|#6C47B2|#F1A1AF,20.2551,13.1256,11.9573,11.4448,11.2876,28.1996,12.2852
207,Polymaker Teal|Brown|Pink,#4CC0C7|#55331A|#F1A1AF,20.5071,13.2634,11.9471,11.3139,11.1425,28.2596,12.2887
208,Dark Olive Drab|Olive Green|Tan,#575B54|#948902|#A79E82,18.4865,13.1017,12.1286,11.4911,11.0375,25.5751,12.2964
209,Brown|Cold White|Pink,#55331A|#D9DFE5|#F1A1AF,20.3163,13.1662,11.9883,11.4400,11.2303,28.2455,12.3031
210,Dark Olive Drab|Red|Pink,#575B54|#E72F1D|#F1A1AF,19.4865,13.2278,12.0800,11.4009,11.0358,26.6113,12.3143
211,Blue|Brown|Red,#003776|#55331A|#E72F1D,21.1179,13.2778,11.9007,11.3563,11.2556,27.2216,12.3171
212,Azure Blue|Brown|Red,#0066D9|#55331A|#E72F1D,21.1001,13.3302,11.9245,11.3372,11.1785,27.2986,12.3337
213,Blue|Brown|Pink,#003776|#55331A|#F1A1AF,20.4237,13.1595,12.0257,11.6041,11.5629,28.0046,12.3818
214,Azure Blue|Brown|Pink,#0066D9|#55331A|#F1A1AF,20.3366,13.1976,12.0485,11.5746,11.4654,28.2555,12.3861
215,Brown|Pink|Magenta,#55331A|#F1A1AF|#F24574,20.3552,13.2490,12.0912,11.5603,11.3626,28.6895,12.4047
216,Dark Grey|Brown|Pink,#485259|#55331A|#F1A1AF,19.8492,13.0398,12.0819,11.7805,11.8230,27.8175,12.4101
217,Blue|Black|Yellow,#003776|#080A0D|#FFE800,29.7546,14.1852,11.8844,10.8111,10.3937,27.7147,12.4981
218,Dark Grey|Tan|Yellow,#485259|#A79E82|#FFE800,18.7023,13.2818,12.3271,11.7311,11.3226,23.2427,12.5065
219,Dark Grey|Tan|Pink,#485259|#A79E82|#F1A1AF,17.7120,13.3087,12.4717,11.8937,11.4667,24.2159,12.6012
220,Dark Olive Drab|Tan|Lime Green,#575B54|#A79E82|#D5D701,16.7526,13.2128,12.5247,12.0510,11.7181,23.2705,12.6319
221,Dark Olive Drab|Tan|Cold White,#575B54|#A79E82|#D9DFE5,15.8733,13.1489,12.5777,12.1191,11.7358,23.2588,12.6340
222,Polymaker Teal|Dark Olive Drab|Tan,#4CC0C7|#575B54|#A79E82,15.8758,13.1511,12.5784,12.1171,11.7324,23.2634,12.6341
223,Dark Olive Drab|Grey|Tan,#575B54|#8C9099|#A79E82,15.8691,13.1538,12.5857,12.1288,11.7470,23.2679,12.6413
224,Black|Dark Grey|Yellow,#080A0D|#485259|#FFE800,26.4484,13.9539,12.1878,11.4051,11.1176,25.5184,12.6795
225,Green|Dark Olive Drab|Tan,#06924D|#575B54|#A79E82,15.9586,13.2060,12.6309,12.1708,11.7886,23.4241,12.6884
226,Dark Grey|Dark Olive Drab|Tan,#485259|#575B54|#A79E82,16.1576,13.2779,12.7077,12.2672,11.9048,23.1077,12.7726
227,Green|Black|Brown,#06924D|#080A0D|#55331A,21.1792,13.5819,12.3835,12.0197,12.0861,30.2980,12.8008
228,Brown|Dark Olive Drab|Magenta,#55331A|#575B54|#F24574,20.4216,13.6938,12.5289,12.0090,11.9299,30.7406,12.8514
229,Dark Grey|Olive Green|Tan,#485259|#948902|#A79E82,21.0436,13.8423,12.6248,11.8717,11.3458,26.7819,12.8570
230,Azure Blue|Black|Yellow,#0066D9|#080A0D|#FFE800,30.6033,14.7867,12.2337,10.9679,10.4635,31.3789,12.8773
231,Green|Brown|Cold White,#06924D|#55331A|#D9DFE5,21.3719,13.8968,12.5752,11.8928,11.6184,30.4994,12.8948
232,Green|Polymaker Teal|Brown,#06924D|#4CC0C7|#55331A,21.4182,13.9099,12.5770,11.9205,11.7071,30.3941,12.9152
233,Black|Brown|Cold White,#080A0D|#55331A|#D9DFE5,20.9145,13.6734,12.6080,12.2889,12.3602,30.9917,12.9811
234,Azure Blue|Black|Brown,#0066D9|#080A0D|#55331A,20.9039,13.6671,12.6130,12.3055,12.3822,30.9400,12.9863
235,Black|Brown|Purple,#080A0D|#55331A|#6C47B2,20.9062,13.6757,12.6235,12.3103,12.3833,30.9400,12.9930
236,Green|Dark Grey|Brown,#06924D|#485259|#55331A,20.8835,13.7299,12.6378,12.2588,12.3043,30.2664,12.9943
237,Black|Polymaker Teal|Brown,#080A0D|#4CC0C7|#55331A,20.9376,13.7056,12.6273,12.2938,12.3725,30.9585,12.9997
238,Blue|Green|Red,#003776|#06924D|#E72F1D,27.9166,14.9406,12.4825,11.0599,10.2453,32.5990,13.0002
239,Dark Olive Drab|Grey|Yellow,#575B54|#8C9099|#FFE800,18.8106,13.8007,12.8296,12.2087,11.8316,23.7375,13.0047
240,Blue|Black|Brown,#003776|#080A0D|#55331A,20.9101,13.6890,12.6382,12.3251,12.3967,30.9437,13.0070
241,Blue|Green|Brown,#003776|#06924D|#55331A,21.7157,14.0006,12.6193,12.0312,11.9420,30.5013,13.0159
242,Azure Blue|Green|Brown,#0066D9|#06924D|#55331A,21.6917,14.0509,12.6578,12.0103,11.8659,30.5326,13.0306
243,Green|Brown|Dark Olive Drab,#06924D|#55331A|#575B54,20.0228,13.6811,12.7720,12.4133,12.4154,30.2601,13.0472
244,Azure Blue|Dark Olive Drab|Tan,#0066D9|#575B54|#A79E82,16.3765,13.5965,12.9871,12.5078,12.1231,25.4807,13.0522
245,Green|Brown|Grey,#06924D|#55331A|#8C9099,21.2677,13.9807,12.7462,12.1271,11.8991,30.4272,13.0539
246,Brown|Purple|Cold White,#55331A|#6C47B2|#D9DFE5,21.0550,13.9451,12.7481,12.1764,11.9899,31.0620,13.0608
247,Black|Brown|Dark Olive Drab,#080A0D|#55331A|#575B54,19.6902,13.5297,12.7629,12.6046,12.7412,30.6253,13.0671
248,Dark Olive Drab|Cold White|Yellow,#575B54|#D9DFE5|#FFE800,19.0648,13.8944,12.8829,12.2412,11.8451,23.8647,13.0678
249,Black|Dark Grey|Brown,#080A0D|#485259|#55331A,20.4617,13.6286,12.7142,12.5203,12.6548,30.8391,13.0745
250,Green|Dark Olive Drab|Yellow,#06924D|#575B54|#FFE800,19.0802,13.9022,12.8904,12.2469,11.8481,23.8305,13.0745
251,Black|Brown|Grey,#080A0D|#55331A|#8C9099,20.7599,13.7112,12.6991,12.4520,12.5878,30.8531,13.0816
252,Polymaker Teal|Dark Olive Drab|Yellow,#4CC0C7|#575B54|#FFE800,19.0902,13.9184,12.9085,12.2647,11.8653,23.9109,13.0915
253,Brown|Dark Olive Drab|Cold White,#55331A|#575B54|#D9DFE5,19.9525,13.7116,12.8215,12.4725,12.4716,30.5631,13.0920
254,Green|Brown|Purple,#06924D|#55331A|#6C47B2,21.8491,14.2177,12.7573,12.0122,11.8034,30.8418,13.1149
255,Dark Grey|Brown|Cold White,#485259|#55331A|#D9DFE5,20.7022,13.7798,12.7752,12.4542,12.5177,30.8809,13.1170
256,Dark Grey|Brown|Dark Olive Drab,#485259|#55331A|#575B54,19.9191,13.6796,12.8354,12.5644,12.6333,30.6404,13.1220
257,Polymaker Teal|Brown|Dark Olive Drab,#4CC0C7|#55331A|#575B54,19.9239,13.7298,12.8570,12.5191,12.5233,30.6393,13.1244
258,Polymaker Teal|Brown|Cold White,#4CC0C7|#55331A|#D9DFE5,21.2082,14.0605,12.8066,12.1988,12.0282,31.1265,13.1296
259,Dark Olive Drab|Olive Green|Yellow,#575B54|#948902|#FFE800,20.5768,14.0983,12.8920,12.1636,11.7303,25.7153,13.1310
260,Blue|Brown|Cold White,#003776|#55331A|#D9DFE5,21.1889,13.9388,12.7792,12.3255,12.2814,30.9366,13.1322
261,Dark Grey|Brown|Purple,#485259|#55331A|#6C47B2,20.6766,13.7843,12.8023,12.4928,12.5611,30.8590,13.1385
262,Blue|Polymaker Teal|Brown,#003776|#4CC0C7|#55331A,21.2596,13.9583,12.7745,12.3202,12.2833,30.9168,13.1392
263,Dark Grey|Polymaker Teal|Brown,#485259|#4CC0C7|#55331A,20.6833,13.7872,12.8028,12.4938,12.5647,30.8590,13.1405
264,Polymaker Teal|Brown|Purple,#4CC0C7|#55331A|#6C47B2,21.2270,14.0684,12.8265,12.2399,12.0879,31.1327,13.1541
265,Azure Blue|Dark Grey|Brown,#0066D9|#485259|#55331A,20.6895,13.7989,12.8181,12.5116,12.5748,30.8806,13.1552
266,Azure Blue|Brown|Cold White,#0066D9|#55331A|#D9DFE5,21.1866,13.9892,12.8182,12.3230,12.1997,30.8833,13.1561
267,Blue|Brown|Purple,#003776|#55331A|#6C47B2,21.1553,13.9416,12.8068,12.3746,12.3375,30.9095,13.1581
268,Blue|Azure Blue|Brown,#003776|#0066D9|#55331A,21.1575,13.9416,12.8081,12.3764,12.3373,30.9183,13.1590
269,Black|Dark Olive Drab|Olive Green,#080A0D|#575B54|#948902,25.5900,14.3908,12.7127,11.9435,11.6207,30.8432,13.1671
270,Dark Grey|Dark Olive Drab|Yellow,#485259|#575B54|#FFE800,19.5088,14.0222,12.9745,12.3306,11.9398,24.0618,13.1764
271,Blue|Dark Grey|Brown,#003776|#485259|#55331A,20.7269,13.8178,12.8321,12.5374,12.6115,30.8750,13.1776
272,Polymaker Teal|Brown|Grey,#4CC0C7|#55331A|#8C9099,21.0631,14.0363,12.8557,12.3207,12.2061,31.1675,13.1785
273,Azure Blue|Polymaker Teal|Brown,#0066D9|#4CC0C7|#55331A,21.2526,14.0448,12.8279,12.3174,12.2307,30.9957,13.1811
274,Brown|Grey|Cold White,#55331A|#8C9099|#D9DFE5,21.0005,13.9905,12.8780,12.3830,12.2432,30.8959,13.1868
275,Azure Blue|Brown|Purple,#0066D9|#55331A|#6C47B2,21.1306,13.9972,12.8502,12.3780,12.2613,30.9165,13.1876
276,Black|Cold White|Yellow,#080A0D|#D9DFE5|#FFE800,30.7834,14.8547,12.6051,11.5786,11.1671,29.8383,13.2167
277,Black|Brown|Magenta,#080A0D|#55331A|#F24574,21.4765,13.9859,12.7978,12.4526,12.5344,31.8498,13.2192
278,Black|Purple|Olive Green,#080A0D|#6C47B2|#948902,39.2401,16.7383,12.0964,9.7022,8.7455,43.2949,13.2202
279,Blue|Brown|Dark Olive Drab,#003776|#55331A|#575B54,20.0797,13.7790,12.9253,12.6702,12.7479,30.6595,13.2246
280,Brown|Grey|Magenta,#55331A|#8C9099|#F24574,21.4810,14.1465,12.8734,12.3170,12.1739,31.3232,13.2317
281,Azure Blue|Brown|Dark Olive Drab,#0066D9|#55331A|#575B54,20.0407,13.8088,12.9468,12.6637,12.7123,30.6947,13.2363
282,Brown|Purple|Grey,#55331A|#6C47B2|#8C9099,20.9987,14.0618,12.9297,12.4266,12.3070,30.9893,13.2442
283,Dark Grey|Brown|Magenta,#485259|#55331A|#F24574,21.2391,14.0325,12.8753,12.4810,12.5148,31.1656,13.2568
284,Dark Olive Drab|Lime Green|Yellow,#575B54|#D5D701|#FFE800,19.2295,14.1039,13.1110,12.4839,12.0940,24.0596,13.2939
285,Green|Black|Yellow,#06924D|#080A0D|#FFE800,30.8152,14.9237,12.6903,11.6762,11.2743,29.8499,13.3000
286,Brown|Dark Olive Drab|Grey,#55331A|#575B54|#8C9099,19.9464,13.8893,13.0413,12.7188,12.7443,30.9202,13.3040
287,Azure Blue|Brown|Grey,#0066D9|#55331A|#8C9099,21.0429,14.0731,12.9816,12.5524,12.4944,30.8964,13.3128
288,Blue|Brown|Grey,#003776|#55331A|#8C9099,21.1016,14.0607,12.9732,12.5841,12.5889,30.8818,13.3224
289,Black|Olive Green|Yellow,#080A0D|#948902|#FFE800,31.3026,15.0483,12.6888,11.5995,11.1680,30.6936,13.3239
290,Polymaker Teal|Brown|Magenta,#4CC0C7|#55331A|#F24574,21.7779,14.3322,12.9744,12.3453,12.1808,32.0050,13.3388
291,Black|Polymaker Teal|Yellow,#080A0D|#4CC0C7|#FFE800,30.8580,14.9573,12.7298,11.7231,11.3225,30.0819,13.3402
292,Brown|Cold White|Magenta,#55331A|#D9DFE5|#F24574,21.6650,14.3054,12.9972,12.3985,12.2157,31.6683,13.3519
293,Brown|Purple|Magenta,#55331A|#6C47B2|#F24574,21.6175,14.2683,12.9945,12.4407,12.2903,31.4138,13.3545
294,Dark Grey|Brown|Grey,#485259|#55331A|#8C9099,20.6039,13.9278,13.0428,12.8048,12.9079,30.9881,13.3663
295,Black|Lime Green|Yellow,#080A0D|#D5D701|#FFE800,30.8852,15.0173,12.8031,11.8012,11.3967,29.8124,13.4092
296,Blue|Brown|Magenta,#003776|#55331A|#F24574,21.7249,14.2674,13.0106,12.5537,12.5182,31.2666,13.4106
297,Azure Blue|Dark Olive Drab|Yellow,#0066D9|#575B54|#FFE800,19.8048,14.3401,13.2073,12.4901,12.0635,26.4639,13.4151
298,Blue|Dark Olive Drab|Tan,#003776|#575B54|#A79E82,17.6486,14.0353,13.3292,12.8261,12.4474,26.2615,13.4307
299,Azure Blue|Brown|Magenta,#0066D9|#55331A|#F24574,21.6989,14.3277,13.0469,12.5338,12.4570,31.9300,13.4308
300,Brown|Dark Olive Drab|Purple,#55331A|#575B54|#6C47B2,20.1701,14.0276,13.1635,12.8654,12.8856,31.2735,13.4465
301,Dark Grey|Tan|Lime Green,#485259|#A79E82|#D5D701,18.9974,14.1758,13.3138,12.7707,12.3999,24.2063,13.4733
302,Black|Grey|Olive Green,#080A0D|#8C9099|#948902,31.9578,15.2873,12.7900,11.6818,11.2557,32.8796,13.4846
303,Black|Dark Olive Drab|Pink,#080A0D|#575B54|#F1A1AF,19.9487,14.1785,13.4129,13.1041,13.0426,27.5608,13.6413
304,Dark Grey|Tan|Cold White,#485259|#A79E82|#D9DFE5,17.9573,14.2734,13.5922,13.0898,12.6837,24.2891,13.6816
305,Dark Grey|Polymaker Teal|Tan,#485259|#4CC0C7|#A79E82,17.9598,14.2760,13.5934,13.0881,12.6805,24.2891,13.6821
306,Dark Grey|Grey|Tan,#485259|#8C9099|#A79E82,17.9650,14.2872,13.6118,13.1144,12.7114,24.2910,13.7008
307,Dark Olive Drab|Grey|Olive Green,#575B54|#8C9099|#948902,23.7411,14.8912,13.3726,12.5220,12.0320,30.2790,13.7066
308,Green|Dark Grey|Tan,#06924D|#485259|#A79E82,18.0525,14.3348,13.6481,13.1419,12.7355,24.4078,13.7383
309,Dark Olive Drab|Olive Green|Cold White,#575B54|#948902|#D9DFE5,23.6860,14.9555,13.4616,12.6219,12.1318,30.3620,13.7887
310,Polymaker Teal|Dark Olive Drab|Olive Green,#4CC0C7|#575B54|#948902,23.6909,14.9600,13.4652,12.6242,12.1339,30.3704,13.7921
311,Blue|Black|Olive Green,#003776|#080A0D|#948902,33.4220,15.7614,13.0197,11.8256,11.4298,33.0543,13.7935
312,Dark Grey|Dark Olive Drab|Olive Green,#485259|#575B54|#948902,24.3317,15.0331,13.4512,12.5851,12.1007,30.4630,13.8091
313,Green|Dark Olive Drab|Pink,#06924D|#575B54|#F1A1AF,20.6668,14.7865,13.6144,12.9029,12.4604,28.3026,13.8447
314,Azure Blue|Black|Olive Green,#0066D9|#080A0D|#948902,33.3365,15.8098,13.0802,11.9159,11.5160,33.1338,13.8629
315,Green|Dark Olive Drab|Olive Green,#06924D|#575B54|#948902,23.7178,15.0233,13.5429,12.7163,12.2398,30.3293,13.8698
316,Blue|Dark Olive Drab|Yellow,#003776|#575B54|#FFE800,21.3093,14.8654,13.6439,12.8989,12.4460,27.7418,13.8822
317,Black|Polymaker Teal|Olive Green,#080A0D|#4CC0C7|#948902,32.7109,15.7089,13.1578,12.0627,11.6812,33.1228,13.8858
318,Black|Olive Green|Cold White,#080A0D|#948902|#D9DFE5,32.7279,15.7137,13.1600,12.0682,11.6938,33.2267,13.8909
319,Green|Black|Olive Green,#06924D|#080A0D|#948902,32.6899,15.7050,13.1590,12.0893,11.7377,32.8834,13.8972
320,Blue|Tan|Orange,#003776|#A79E82|#F67405,22.3021,14.9520,13.6519,12.8575,12.3337,33.7735,13.9047
321,Azure Blue|Dark Grey|Tan,#0066D9|#485259|#A79E82,18.1759,14.5290,13.8410,13.3288,12.9182,25.3505,13.9289
322,Dark Grey|Olive Green|Yellow,#485259|#948902|#FFE800,24.4557,15.1988,13.6106,12.7295,12.2276,27.8615,13.9641
323,Blue|Dark Olive Drab|Olive Green,#003776|#575B54|#948902,27.0898,15.4923,13.5292,12.4747,11.9195,31.4172,13.9835
324,Black|Dark Olive Drab|Lime Green,#080A0D|#575B54|#D5D701,23.4381,14.8208,13.7073,13.2199,13.0425,24.0517,14.0204
325,Black|Dark Grey|Olive Green,#080A0D|#485259|#948902,29.7078,15.5807,13.4506,12.4667,12.0446,33.6504,14.0237
326,Dark Olive Drab|Pink|Magenta,#575B54|#F1A1AF|#F24574,19.9762,14.8173,13.8491,13.2741,12.9545,28.8436,14.0457
327,Blue|Lime Green|Red,#003776|#D5D701|#E72F1D,27.8038,15.8750,13.6538,12.3455,11.5799,33.9391,14.1102
328,Blue|Green|Orange,#003776|#06924D|#F67405,26.8858,15.7389,13.7334,12.5958,11.8973,32.3641,14.1673
329,Dark Grey|Grey|Yellow,#485259|#8C9099|#FFE800,21.6026,15.1093,13.9569,13.2761,12.8717,25.0642,14.1927
330,Azure Blue|Dark Olive Drab|Olive Green,#0066D9|#575B54|#948902,25.5113,15.5902,13.8289,12.8297,12.2390,31.9131,14.2099
331,Dark Grey|Cold White|Yellow,#485259|#D9DFE5|#FFE800,21.9643,15.2045,13.9882,13.2588,12.8253,25.2712,14.2317
332,Dark Grey|Polymaker Teal|Yellow,#485259|#4CC0C7|#FFE800,22.0046,15.2333,14.0127,13.2742,12.8308,25.3240,14.2537
333,Dark Olive Drab|Cold White|Pink,#575B54|#D9DFE5|#F1A1AF,19.0973,14.9345,14.1377,13.6115,13.2573,27.7241,14.2730
334,Polymaker Teal|Dark Olive Drab|Pink,#4CC0C7|#575B54|#F1A1AF,19.1073,14.9457,14.1477,13.6176,13.2588,27.7253,14.2817
335,Green|Dark Grey|Yellow,#06924D|#485259|#FFE800,22.0427,15.2828,14.0613,13.3185,12.8737,25.4823,14.3007
336,Dark Olive Drab|Olive Green|Lime Green,#575B54|#948902|#D5D701,22.3710,15.2596,14.0386,13.3465,12.9518,27.9584,14.3031
337,Blue|Tan|Red,#003776|#A79E82|#E72F1D,22.6776,15.3592,14.0715,13.2680,12.7143,33.9670,14.3136
338,Dark Olive Drab|Grey|Pink,#575B54|#8C9099|#F1A1AF,19.0868,14.9773,14.1863,13.6667,13.3165,27.6973,14.3220
339,Dark Grey|Dark Olive Drab|Pink,#485259|#575B54|#F1A1AF,19.0779,14.9586,14.1974,13.7165,13.4087,27.6085,14.3375
340,Dark Olive Drab|Purple|Olive Green,#575B54|#6C47B2|#948902,30.1252,16.5543,13.7473,12.1217,11.2880,40.5361,14.3380
341,Azure Blue|Dark Olive Drab|Pink,#0066D9|#575B54|#F1A1AF,19.1436,14.9890,14.2019,13.6939,13.3554,27.8560,14.3414
342,Black|Dark Olive Drab|Magenta,#080A0D|#575B54|#F24574,22.1021,15.1368,14.0062,13.5642,13.5020,30.1728,14.3505
343,Blue|Dark Olive Drab|Pink,#003776|#575B54|#F1A1AF,19.2533,15.0093,14.2339,13.7533,13.4477,27.7944,14.3813
344,Dark Olive Drab|Purple|Pink,#575B54|#6C47B2|#F1A1AF,19.2605,15.0690,14.2704,13.7591,13.4308,28.4420,14.4141
345,Blue|Dark Grey|Tan,#003776|#485259|#A79E82,19.4047,15.1638,14.3908,13.8519,13.4398,26.8765,14.5079
346,Dark Grey|Grey|Olive Green,#485259|#8C9099|#948902,27.7919,15.9875,14.1039,13.1128,12.5667,31.7698,14.5501
347,Blue|Olive Green|Tan,#003776|#948902|#A79E82,29.6562,16.1471,14.1538,13.0468,12.3057,32.9800,14.5970
348,Dark Olive Drab|Cold White|Magenta,#575B54|#D9DFE5|#F24574,21.3656,15.5091,14.3492,13.7002,13.3770,30.0798,14.6047
349,Dark Grey|Lime Green|Yellow,#485259|#D5D701|#FFE800,22.2542,15.5691,14.3688,13.6531,13.2234,25.6361,14.6111
350,Blue|Lime Green|Orange,#003776|#D5D701|#F67405,27.2198,16.1708,14.2142,13.0910,12.4016,34.2284,14.6309
351,Polymaker Teal|Dark Olive Drab|Magenta,#4CC0C7|#575B54|#F24574,21.3876,15.5399,14.3799,13.7305,13.4067,30.0702,14.6352
352,Dark Olive Drab|Purple|Magenta,#575B54|#6C47B2|#F24574,21.4007,15.5462,14.3872,13.7393,13.4203,30.1755,14.6427
353,Dark Olive Drab|Grey|Magenta,#575B54|#8C9099|#F24574,21.3325,15.5428,14.3926,13.7503,13.4329,30.1055,14.6466
354,Azure Blue|Dark Olive Drab|Magenta,#0066D9|#575B54|#F24574,21.4117,15.5584,14.4057,13.7689,13.4569,30.1056,14.6636
355,Dark Grey|Dark Olive Drab|Magenta,#485259|#575B54|#F24574,21.3785,15.5508,14.4209,13.8197,13.5459,29.9817,14.6852
356,Blue|Dark Olive Drab|Magenta,#003776|#575B54|#F24574,21.4708,15.5742,14.4368,13.8252,13.5371,30.0485,14.6997
357,Dark Grey|Olive Green|Cold White,#485259|#948902|#D9DFE5,27.9095,16.1310,14.2621,13.2909,12.7391,31.8197,14.7110
358,Dark Grey|Polymaker Teal|Olive Green,#485259|#4CC0C7|#948902,27.9145,16.1358,14.2665,13.2940,12.7417,31.8199,14.7149
359,Dark Olive Drab|Grey|Lime Green,#575B54|#8C9099|#D5D701,20.1004,15.4233,14.5443,14.0068,13.6909,25.0263,14.7151
360,Dark Olive Drab|Lime Green|Cold White,#575B54|#D5D701|#D9DFE5,20.2764,15.4461,14.5462,14.0006,13.6751,24.8713,14.7234
361,Polymaker Teal|Dark Olive Drab|Lime Green,#4CC0C7|#575B54|#D5D701,20.2932,15.4654,14.5636,14.0144,13.6881,24.8727,14.7399
362,Green|Dark Olive Drab|Lime Green,#06924D|#575B54|#D5D701,20.2933,15.4661,14.5642,14.0150,13.6886,24.8727,14.7405
363,Black|Olive Green|Lime Green,#080A0D|#948902|#D5D701,32.3571,16.3716,14.1215,13.1868,12.8767,30.9506,14.7792
364,Blue|Dark Grey|Olive Green,#003776|#485259|#948902,31.2893,16.5121,14.2259,13.0586,12.4414,32.5808,14.7853
365,Green|Dark Grey|Olive Green,#06924D|#485259|#948902,27.9427,16.2089,14.3535,13.3939,12.8509,31.8170,14.8014
366,Dark Grey|Dark Olive Drab|Lime Green,#485259|#575B54|#D5D701,20.6267,15.6087,14.6831,14.1310,13.8091,24.9119,14.8699
367,Black|Grey|Lime Green,#080A0D|#8C9099|#D5D701,31.1180,16.3379,14.3080,13.4406,13.1378,28.8295,14.8892
368,Blue|Lime Green|Magenta,#003776|#D5D701|#F24574,28.7963,16.6777,14.5189,13.2918,12.5885,34.2358,14.9848
369,Black|Purple|Yellow,#080A0D|#6C47B2|#FFE800,31.8527,16.7388,14.4114,13.2858,12.8198,42.9928,15.0123
370,Azure Blue|Dark Grey|Olive Green,#0066D9|#485259|#948902,29.0687,16.5414,14.5625,13.5162,12.9054,32.5454,15.0288
371,Azure Blue|Dark Olive Drab|Lime Green,#0066D9|#575B54|#D5D701,20.8593,15.9169,14.9528,14.3608,14.0088,26.5255,15.1389
372,Blue|Dark Grey|Yellow,#003776|#485259|#FFE800,23.9702,16.2793,14.9125,14.0900,13.5979,28.8227,15.1846
373,Black|Dark Grey|Lime Green,#080A0D|#485259|#D5D701,29.7648,16.4603,14.6713,13.9092,13.6394,28.0267,15.1847
374,Dark Grey|Purple|Olive Green,#485259|#6C47B2|#948902,37.8076,17.9016,14.3486,12.4874,11.5163,43.4566,15.1945
375,Blue|Pink|Yellow,#003776|#F1A1AF|#FFE800,27.6744,16.7706,14.9059,13.8248,13.2063,34.4419,15.2977
376,Azure Blue|Dark Grey|Yellow,#0066D9|#485259|#FFE800,23.2278,16.4190,15.0863,14.2153,13.6672,30.4449,15.3172
377,Dark Grey|Olive Green|Lime Green,#485259|#948902|#D5D701,26.1117,16.5065,14.9691,14.1301,13.6719,29.5777,15.3183
378,Black|Lime Green|Cold White,#080A0D|#D5D701|#D9DFE5,32.1591,16.7945,14.7207,13.8493,13.5318,30.1154,15.3219
379,Blue|Green|Magenta,#003776|#06924D|#F24574,30.4242,17.1238,14.8144,13.5395,12.7818,33.4617,15.3316
380,Black|Polymaker Teal|Lime Green,#080A0D|#4CC0C7|#D5D701,32.1563,16.8237,14.7608,13.8885,13.5706,30.1750,15.3561
381,Green|Black|Lime Green,#06924D|#080A0D|#D5D701,32.1423,16.8170,14.7654,13.9052,13.5999,29.6741,15.3611
382,Blue|Lime Green|Pink,#003776|#D5D701|#F1A1AF,28.3967,16.9585,14.9849,13.8314,13.1445,34.5605,15.3950
383,Blue|Black|Lime Green,#003776|#080A0D|#D5D701,32.1782,16.9479,14.8191,13.9143,13.6054,29.9751,15.4311
384,Blue|Dark Olive Drab|Lime Green,#003776|#575B54|#D5D701,22.3659,16.3449,15.2400,14.5837,14.1933,27.7505,15.4643
385,Green|Dark Grey|Pink,#06924D|#485259|#F1A1AF,23.9133,16.5714,15.2116,14.4010,13.8871,28.9737,15.4862
386,Black|Polymaker Teal|Red,#080A0D|#4CC0C7|#E72F1D,29.9781,17.1188,15.0629,14.1203,13.8620,29.4522,15.6196
387,Purple|Olive Green|Red,#6C47B2|#948902|#E72F1D,40.3240,18.6150,14.7996,12.7847,11.6721,46.3056,15.6999
388,Blue|Red|Yellow,#003776|#E72F1D|#FFE800,27.7387,17.1506,15.3198,14.2752,13.6483,34.7227,15.7129
389,Purple|Olive Green|Magenta,#6C47B2|#948902|#F24574,42.5809,18.9198,14.8956,12.5815,11.2148,47.0631,15.7506
390,Azure Blue|Black|Lime Green,#0066D9|#080A0D|#D5D701,32.3754,17.4045,15.1601,14.1465,13.7702,30.7508,15.7755
391,Purple|Olive Green|Pink,#6C47B2|#948902|#F1A1AF,41.6844,18.6658,14.9806,12.9853,11.8654,46.4622,15.8256
392,Dark Olive Drab|Purple|Tan,#575B54|#6C47B2|#A79E82,20.4626,16.6454,15.6952,15.0244,14.5682,41.1276,15.8349
393,Blue|Olive Green|Cold White,#003776|#948902|#D9DFE5,37.2490,17.9406,15.2444,13.8657,13.0504,35.3984,15.9031
394,Blue|Grey|Olive Green,#003776|#8C9099|#948902,36.1486,17.8307,15.2911,13.9816,13.1865,34.9425,15.9061
395,Blue|Polymaker Teal|Olive Green,#003776|#4CC0C7|#948902,37.2614,17.9494,15.2546,13.8755,13.0550,35.4073,15.9124
396,Blue|Green|Olive Green,#003776|#06924D|#948902,37.2637,18.0067,15.3045,13.9340,13.1280,35.5250,15.9704
397,Blue|Azure Blue|Olive Green,#003776|#0066D9|#948902,37.2485,18.0374,15.3750,13.9968,13.1741,35.4964,16.0171
398,Blue|Tan|Magenta,#003776|#A79E82|#F24574,23.7291,17.0382,15.8561,15.0927,14.5400,34.6709,16.0654
399,Blue|Magenta|Yellow,#003776|#F24574|#FFE800,28.5927,17.5507,15.6542,14.6001,13.9785,34.6693,16.0754
400,Green|Purple|Red,#06924D|#6C47B2|#E72F1D,31.8155,18.3558,15.7037,14.1054,13.1719,43.4798,16.2306
401,Black|Dark Grey|Red,#080A0D|#485259|#E72F1D,26.5947,17.0720,15.8732,15.4329,15.3538,29.3520,16.2525
402,Blue|Olive Green|Yellow,#003776|#948902|#FFE800,33.5956,18.0074,15.7196,14.5225,13.8316,34.5258,16.2649
403,Dark Grey|Grey|Lime Green,#485259|#8C9099|#D5D701,23.4195,17.1979,16.1040,15.4442,15.0349,26.7602,16.3210
404,Dark Grey|Polymaker Teal|Red,#485259|#4CC0C7|#E72F1D,23.3411,17.1971,16.0933,15.5033,15.2147,28.2408,16.3502
405,Dark Grey|Lime Green|Cold White,#485259|#D5D701|#D9DFE5,23.6190,17.2682,16.1487,15.4842,15.0758,26.8523,16.3762
406,Green|Dark Grey|Lime Green,#06924D|#485259|#D5D701,23.6250,17.2737,16.1542,15.4887,15.0804,26.8070,16.3812
407,Dark Grey|Polymaker Teal|Lime Green,#485259|#4CC0C7|#D5D701,23.6324,17.2755,16.1552,15.4876,15.0778,26.7959,16.3815
408,Dark Grey|Cold White|Red,#485259|#D9DFE5|#E72F1D,23.0142,17.1131,16.1476,15.6548,15.4340,28.0919,16.3840
409,Blue|Tan|Yellow,#003776|#A79E82|#FFE800,25.2949,17.4817,16.1702,15.3200,14.6923,33.8124,16.4008
410,Blue|Purple|Olive Green,#003776|#6C47B2|#948902,43.9789,19.3603,15.4768,13.4690,12.4035,45.2091,16.4147
411,Dark Grey|Purple|Red,#485259|#6C47B2|#E72F1D,23.0465,17.1539,16.1924,15.7004,15.4771,28.3312,16.4272
412,Blue|Dark Grey|Red,#003776|#485259|#E72F1D,23.0465,17.1539,16.1924,15.7004,15.4771,28.3312,16.4272
413,Azure Blue|Dark Grey|Red,#0066D9|#485259|#E72F1D,23.0462,17.1543,16.1928,15.7012,15.4782,28.3305,16.4277
414,Dark Grey|Red|Magenta,#485259|#E72F1D|#F24574,23.0490,17.1571,16.1956,15.7038,15.4805,28.3374,16.4304
415,Dark Grey|Grey|Red,#485259|#8C9099|#E72F1D,22.9957,17.1769,16.2302,15.7480,15.5309,28.4010,16.4625
416,Dark Olive Drab|Purple|Yellow,#575B54|#6C47B2|#FFE800,24.3875,17.7532,16.2212,15.2450,14.6744,43.6997,16.4991
417,Blue|Orange|Yellow,#003776|#F67405|#FFE800,27.0106,17.7642,16.2572,15.3488,14.7744,33.3466,16.5565
418,Green|Tan|Magenta,#06924D|#A79E82|#F24574,25.4462,18.0219,16.5081,15.3177,14.2579,41.9944,16.6698
419,Purple|Olive Green|Orange,#6C47B2|#948902|#F67405,39.8755,19.1626,15.9121,14.2197,13.2840,46.0914,16.6912
420,Azure Blue|Green|Red,#0066D9|#06924D|#E72F1D,28.0940,18.2732,16.4163,15.1953,14.2741,40.3845,16.7342
421,Dark Grey|Red|Pink,#485259|#E72F1D|#F1A1AF,23.2834,17.4823,16.5334,16.0192,15.7712,29.3145,16.7507
422,Azure Blue|Olive Green|Red,#0066D9|#948902|#E72F1D,33.4125,18.6950,16.3178,14.8144,13.7372,41.0940,16.7547
423,Black|Purple|Lime Green,#080A0D|#6C47B2|#D5D701,33.7658,18.5868,16.1747,15.0185,14.5271,46.9239,16.8026
424,Dark Grey|Purple|Tan,#485259|#6C47B2|#A79E82,21.9935,17.5900,16.6674,16.0405,15.6021,40.1386,16.8152
425,Black|Grey|Red,#080A0D|#8C9099|#E72F1D,29.8001,17.9650,16.4355,15.8736,15.7604,30.0565,16.9193
426,Black|Cold White|Red,#080A0D|#D9DFE5|#E72F1D,30.3787,18.0645,16.4726,15.8464,15.6903,30.3612,16.9554
427,Blue|Olive Green|Lime Green,#003776|#948902|#D5D701,35.3300,18.7639,16.4038,15.1651,14.4588,34.6018,16.9645
428,Green|Grey|Red,#06924D|#8C9099|#E72F1D,27.3504,18.4633,16.7297,15.4840,14.4494,42.6377,16.9737
429,Black|Grey|Pink,#080A0D|#8C9099|#F1A1AF,28.5863,17.6997,16.6340,16.2707,16.2080,29.8067,16.9852
430,Black|Red|Pink,#080A0D|#E72F1D|#F1A1AF,30.2329,18.0506,16.5451,15.9680,15.8265,30.2463,17.0093
431,Grey|Olive Green|Red,#8C9099|#948902|#E72F1D,29.9600,18.6667,16.7517,15.4207,14.3597,42.6826,17.0437
432,Black|Cold White|Pink,#080A0D|#D9DFE5|#F1A1AF,29.4346,17.8387,16.6746,16.2548,16.1602,30.4075,17.0467
433,Black|Polymaker Teal|Pink,#080A0D|#4CC0C7|#F1A1AF,29.4243,17.8427,16.6799,16.2628,16.1694,30.3197,17.0528
434,Black|Purple|Red,#080A0D|#6C47B2|#E72F1D,30.3930,18.1357,16.5826,15.9933,15.8550,30.3776,17.0645
435,Black|Red|Magenta,#080A0D|#E72F1D|#F24574,30.3930,18.1357,16.5826,15.9933,15.8550,30.3789,17.0645
436,Black|Purple|Pink,#080A0D|#6C47B2|#F1A1AF,29.4430,17.8522,16.6921,16.2774,16.1858,30.4133,17.0648
437,Azure Blue|Black|Pink,#0066D9|#080A0D|#F1A1AF,29.4435,17.8527,16.6926,16.2778,16.1862,30.4163,17.0652
438,Blue|Black|Pink,#003776|#080A0D|#F1A1AF,29.4383,17.8522,16.6938,16.2813,16.1925,30.4172,17.0668
439,Blue|Black|Red,#003776|#080A0D|#E72F1D,30.3939,18.1412,16.5878,15.9955,15.8567,30.3804,17.0684
440,Azure Blue|Olive Green|Magenta,#0066D9|#948902|#F24574,34.9874,19.0825,16.6247,15.0587,13.9488,41.2350,17.0706
441,Azure Blue|Black|Red,#0066D9|#080A0D|#E72F1D,30.4024,18.1429,16.5914,16.0021,15.8637,30.4099,17.0725
442,Black|Dark Grey|Pink,#080A0D|#485259|#F1A1AF,25.6520,17.6303,16.8544,16.5876,16.5377,29.5424,17.1089
443,Grey|Olive Green|Magenta,#8C9099|#948902|#F24574,31.8015,18.9632,16.8945,15.4829,14.3986,42.9264,17.2231
444,Green|Tan|Red,#06924D|#A79E82|#E72F1D,24.8141,18.5022,17.1434,16.0069,14.9528,43.1434,17.2545
445,Green|Red|Magenta,#06924D|#E72F1D|#F24574,28.6788,18.8855,16.9874,15.6248,14.5052,43.0524,17.2552
446,Blue|Tan|Lime Green,#003776|#A79E82|#D5D701,25.6025,18.3256,17.1217,16.3289,15.7327,34.2217,17.3272
447,Azure Blue|Dark Grey|Lime Green,#0066D9|#485259|#D5D701,24.7614,18.3788,17.1766,16.4289,15.9599,30.7664,17.4039
448,Dark Olive Drab|Purple|Lime Green,#575B54|#6C47B2|#D5D701,25.4611,18.6707,17.1316,16.1728,15.6105,43.2057,17.4218
449,Grey|Olive Green|Orange,#8C9099|#948902|#F67405,28.1656,18.8168,17.2877,16.1856,15.3375,42.8236,17.5012
450,Green|Purple|Magenta,#06924D|#6C47B2|#F24574,33.3202,19.4763,17.0043,15.5673,14.6947,42.3157,17.5218
451,Azure Blue|Purple|Olive Green,#0066D9|#6C47B2|#948902,45.8722,20.5763,16.6975,14.6021,13.3586,46.8576,17.5892
452,Blue|Tan|Pink,#003776|#A79E82|#F1A1AF,24.0211,18.3867,17.4482,16.7920,16.2720,34.3268,17.5894
453,Purple|Grey|Olive Green,#6C47B2|#8C9099|#948902,44.4738,20.4953,16.8735,14.8939,13.6971,47.6134,17.6946
454,Azure Blue|Olive Green|Pink,#0066D9|#948902|#F1A1AF,34.3810,19.4805,17.3291,16.0145,15.0667,41.3556,17.7475
455,Blue|Dark Grey|Lime Green,#003776|#485259|#D5D701,26.7758,18.8093,17.4700,16.6876,16.2124,31.5346,17.7484
456,Black|Dark Olive Drab|Cold White,#080A0D|#575B54|#D9DFE5,20.8838,17.9737,17.6758,17.5655,17.5462,32.6990,17.7696
457,Blue|Black|Dark Olive Drab,#003776|#080A0D|#575B54,20.8926,17.9841,17.6889,17.5803,17.5617,32.6990,17.7822
458,Black|Polymaker Teal|Dark Olive Drab,#080A0D|#4CC0C7|#575B54,20.8929,17.9848,17.6899,17.5814,17.5628,32.6990,17.7831
459,Azure Blue|Black|Dark Olive Drab,#0066D9|#080A0D|#575B54,20.8937,17.9859,17.6907,17.5817,17.5629,32.6990,17.7838
460,Black|Dark Olive Drab|Purple,#080A0D|#575B54|#6C47B2,20.9029,17.9982,17.6975,17.5845,17.5696,32.7034,17.7914
461,Azure Blue|Green|Magenta,#0066D9|#06924D|#F24574,30.4445,19.4361,17.4663,16.1750,15.2311,41.3973,17.8055
462,Black|Dark Grey|Dark Olive Drab,#080A0D|#485259|#575B54,20.8833,18.0084,17.7146,17.6052,17.5861,32.6990,17.8068
463,Polymaker Teal|Purple|Olive Green,#4CC0C7|#6C47B2|#948902,46.8234,20.9350,16.9039,14.7430,13.4545,48.6126,17.8390
464,Purple|Olive Green|Cold White,#6C47B2|#948902|#D9DFE5,46.8179,20.9316,16.9025,14.7483,13.4672,48.6193,17.8400
465,Green|Grey|Magenta,#06924D|#8C9099|#F24574,29.8078,19.4243,17.5642,16.2725,15.1908,41.9267,17.8484
466,Black|Dark Olive Drab|Grey,#080A0D|#575B54|#8C9099,20.7664,18.0345,17.7636,17.6672,17.6563,32.6512,17.8509
467,Black|Pink|Magenta,#080A0D|#F1A1AF|#F24574,30.2545,18.6558,17.4622,17.0464,16.9715,32.3400,17.8511
468,Green|Purple|Olive Green,#06924D|#6C47B2|#948902,46.7377,20.8915,16.9029,14.8230,13.6390,48.4553,17.8572
469,Green|Olive Green|Magenta,#06924D|#948902|#F24574,31.8044,19.6099,17.5101,16.1118,15.0068,43.0295,17.8609
470,Blue|Polymaker Teal|Tan,#003776|#4CC0C7|#A79E82,24.4143,18.7385,17.7918,17.1324,16.5975,35.4410,17.9355
471,Blue|Tan|Cold White,#003776|#A79E82|#D9DFE5,24.4132,18.7377,17.7920,17.1338,16.5992,35.4410,17.9357
472,Grey|Olive Green|Pink,#8C9099|#948902|#F1A1AF,30.7840,19.3697,17.6846,16.5158,15.5859,43.3535,17.9427
473,Blue|Grey|Tan,#003776|#8C9099|#A79E82,24.4067,18.7794,17.8452,17.1855,16.6505,35.4552,17.9825
474,Polymaker Teal|Dark Olive Drab|Cold White,#4CC0C7|#575B54|#D9DFE5,20.2720,18.3941,17.9911,17.6843,17.4683,32.2592,18.0392
475,Green|Cold White|Red,#06924D|#D9DFE5|#E72F1D,28.6492,19.5982,17.8119,16.4901,15.3815,43.7317,18.0442
476,Green|Polymaker Teal|Red,#06924D|#4CC0C7|#E72F1D,28.5534,19.5980,17.8147,16.4916,15.3866,43.7115,18.0448
477,Blue|Green|Tan,#003776|#06924D|#A79E82,24.8356,18.8762,17.8861,17.2165,16.6959,35.5091,18.0464
478,Blue|Azure Blue|Tan,#003776|#0066D9|#A79E82,24.4584,18.8475,17.9111,17.2572,16.7265,35.4353,18.0523
479,Grey|Tan|Red,#8C9099|#A79E82|#E72F1D,22.1725,18.8698,18.0537,17.2954,16.5679,44.3551,18.0826
480,Dark Grey|Dark Olive Drab|Cold White,#485259|#575B54|#D9DFE5,20.2478,18.4055,18.0360,17.7740,17.5994,32.1965,18.0897
481,Green|Cold White|Magenta,#06924D|#D9DFE5|#F24574,30.2504,19.7388,17.8190,16.4612,15.2990,42.4716,18.1000
482,Dark Grey|Polymaker Teal|Dark Olive Drab,#485259|#4CC0C7|#575B54,20.2546,18.4157,18.0481,17.7869,17.6131,32.1962,18.1013
483,Green|Polymaker Teal|Magenta,#06924D|#4CC0C7|#F24574,30.2365,19.7474,17.8315,16.4790,15.3228,42.5336,18.1132
484,Green|Red|Pink,#06924D|#E72F1D|#F1A1AF,28.4460,19.6146,17.9002,16.6135,15.5015,43.7981,18.1141
485,Dark Olive Drab|Grey|Cold White,#575B54|#8C9099|#D9DFE5,20.2047,18.4548,18.0710,17.7735,17.5641,32.2855,18.1142
486,Dark Grey|Purple|Yellow,#485259|#6C47B2|#FFE800,27.5012,19.4073,17.7981,16.8249,16.2557,44.0277,18.1161
487,Purple|Olive Green|Tan,#6C47B2|#948902|#A79E82,35.6899,20.0042,17.6299,16.2289,15.2635,46.4821,18.1165
488,Azure Blue|Dark Grey|Dark Olive Drab,#0066D9|#485259|#575B54,20.2716,18.4313,18.0630,17.8027,17.6302,32.1959,18.1170
489,Polymaker Teal|Dark Olive Drab|Grey,#4CC0C7|#575B54|#8C9099,20.2123,18.4648,18.0811,17.7825,17.5725,32.2851,18.1237
490,Blue|Dark Grey|Dark Olive Drab,#003776|#485259|#575B54,20.3243,18.4466,18.0748,17.8164,17.6478,32.2088,18.1315
491,Azure Blue|Dark Olive Drab|Cold White,#0066D9|#575B54|#D9DFE5,20.3837,18.4872,18.0886,17.7976,17.5989,32.3135,18.1424
492,Azure Blue|Polymaker Teal|Dark Olive Drab,#0066D9|#4CC0C7|#575B54,20.3904,18.4976,18.1008,17.8104,17.6124,32.3131,18.1540
493,Blue|Dark Olive Drab|Cold White,#003776|#575B54|#D9DFE5,20.4925,18.4922,18.0995,17.8294,17.6540,32.2616,18.1608
494,Blue|Azure Blue|Dark Olive Drab,#003776|#0066D9|#575B54,20.4904,18.4989,18.1081,17.8384,17.6634,32.2574,18.1687
495,Blue|Polymaker Teal|Dark Olive Drab,#003776|#4CC0C7|#575B54,20.4992,18.5026,18.1118,17.8423,17.6675,32.2616,18.1724
496,Dark Grey|Dark Olive Drab|Grey,#485259|#575B54|#8C9099,20.1879,18.4771,18.1264,17.8728,17.7043,32.2206,18.1750
497,Dark Grey|Dark Olive Drab|Purple,#485259|#575B54|#6C47B2,20.4454,18.5588,18.1645,17.8932,17.7240,32.3779,18.2260
498,Azure Blue|Dark Olive Drab|Grey,#0066D9|#575B54|#8C9099,20.3223,18.5579,18.1790,17.8959,17.7031,32.3391,18.2269
499,Blue|Dark Olive Drab|Grey,#003776|#575B54|#8C9099,20.4327,18.5644,18.1911,17.9295,17.7603,32.2898,18.2470
500,Green|Pink|Magenta,#06924D|#F1A1AF|#F24574,29.5020,19.7548,18.0019,16.7567,15.6913,42.8160,18.2557
501,Blue|Dark Olive Drab|Purple,#003776|#575B54|#6C47B2,20.6673,18.6462,18.2302,17.9464,17.7714,32.4531,18.2963
502,Azure Blue|Olive Green|Orange,#0066D9|#948902|#F67405,32.7321,19.7558,17.9496,16.8596,16.0842,40.8091,18.3077
503,Azure Blue|Dark Olive Drab|Purple,#0066D9|#575B54|#6C47B2,20.6648,18.7059,18.2743,17.9699,17.7774,32.6218,18.3379
504,Dark Grey|Cold White|Pink,#485259|#D9DFE5|#F1A1AF,22.7328,18.9158,18.3135,17.9704,17.7720,30.1187,18.4431
505,Blue|Dark Grey|Pink,#003776|#485259|#F1A1AF,22.7451,18.9279,18.3246,17.9789,17.7774,30.1232,18.4534
506,Dark Grey|Purple|Pink,#485259|#6C47B2|#F1A1AF,22.7451,18.9279,18.3246,17.9789,17.7774,30.1232,18.4534
507,Azure Blue|Dark Grey|Pink,#0066D9|#485259|#F1A1AF,22.7452,18.9280,18.3247,17.9790,17.7776,30.1236,18.4535
508,Dark Olive Drab|Purple|Cold White,#575B54|#6C47B2|#D9DFE5,20.8579,18.8459,18.3928,18.0683,17.8631,33.4209,18.4571
509,Polymaker Teal|Dark Olive Drab|Purple,#4CC0C7|#575B54|#6C47B2,20.8647,18.8563,18.4051,18.0810,17.8762,33.4197,18.4686
510,Dark Grey|Grey|Pink,#485259|#8C9099|#F1A1AF,22.6542,18.9318,18.3484,18.0197,17.8306,30.0757,18.4758
511,Dark Grey|Polymaker Teal|Pink,#485259|#4CC0C7|#F1A1AF,22.7747,18.9570,18.3536,18.0116,17.8140,30.1565,18.4843
512,Dark Olive Drab|Purple|Grey,#575B54|#6C47B2|#8C9099,20.7956,18.9153,18.4831,18.1690,17.9708,33.4030,18.5422
513,Grey|Tan|Orange,#8C9099|#A79E82|#F67405,22.0449,19.2570,18.5482,17.8776,17.2292,44.3042,18.5673
514,Olive Green|Tan|Magenta,#948902|#A79E82|#F24574,26.7464,19.9242,18.5931,17.4789,16.4673,47.6646,18.7016
515,Dark Grey|Pink|Magenta,#485259|#F1A1AF|#F24574,23.5739,19.2927,18.5982,18.2285,18.0476,31.2674,18.7606
516,Green|Purple|Orange,#06924D|#6C47B2|#F67405,32.9671,20.5883,18.3139,16.9784,16.1804,45.3386,18.7834
517,Blue|Grey|Yellow,#003776|#8C9099|#FFE800,29.5040,20.0847,18.5624,17.6476,17.0388,36.1694,18.8662
518,Green|Olive Green|Red,#06924D|#948902|#E72F1D,30.2181,20.4598,18.6613,17.3704,16.2957,43.8778,18.9151
519,Blue|Cold White|Yellow,#003776|#D9DFE5|#FFE800,30.2807,20.2242,18.6426,17.7026,17.0985,36.2754,18.9634
520,Blue|Green|Yellow,#003776|#06924D|#FFE800,30.2873,20.2561,18.6354,17.7065,17.1398,36.0760,18.9813
521,Green|Lime Green|Magenta,#06924D|#D5D701|#F24574,29.6018,20.3786,18.7637,17.7385,17.0181,42.8618,19.0585
522,Olive Green|Tan|Red,#948902|#A79E82|#E72F1D,24.8528,20.0947,19.0268,18.0257,17.0753,48.0190,19.0602
523,Blue|Polymaker Teal|Yellow,#003776|#4CC0C7|#FFE800,30.3354,20.3514,18.7536,17.8150,17.2195,36.3821,19.0832
524,Blue|Lime Green|Yellow,#003776|#D5D701|#FFE800,30.3727,20.3907,18.7900,17.8614,17.2805,36.0994,19.1260
525,Green|Grey|Orange,#06924D|#8C9099|#F67405,26.1166,20.1786,19.0024,18.0993,17.3123,43.0632,19.1390
526,Green|Magenta|Yellow,#06924D|#F24574|#FFE800,29.8745,20.6219,18.9898,17.9316,17.1971,43.7081,19.2768
527,Azure Blue|Olive Green|Tan,#0066D9|#948902|#A79E82,29.7410,20.4757,19.0936,18.1034,17.2437,41.1947,19.2896
528,Blue|Azure Blue|Yellow,#003776|#0066D9|#FFE800,30.4311,20.6321,19.0003,18.0506,17.4553,37.0514,19.3413
529,Black|Grey|Magenta,#080A0D|#8C9099|#F24574,31.5715,20.2702,18.9212,18.4344,18.3632,34.3448,19.3523
530,Blue|Green|Pink,#003776|#06924D|#F1A1AF,30.1232,20.5942,19.0734,18.1783,17.5652,34.6837,19.3862
531,Green|Magenta|Orange,#06924D|#F24574|#F67405,28.8281,20.6897,19.1700,18.0843,17.1902,44.6731,19.3870
532,Purple|Olive Green|Lime Green,#6C47B2|#948902|#D5D701,44.8574,21.8071,18.5928,17.0070,16.1109,49.0290,19.4070
533,Black|Dark Grey|Magenta,#080A0D|#485259|#F24574,29.0904,20.2014,19.1515,18.7763,18.7133,34.1338,19.4888
534,Azure Blue|Green|Orange,#0066D9|#06924D|#F67405,28.4726,20.8062,19.3477,18.3493,17.5782,40.7497,19.5777
535,Azure Blue|Tan|Red,#0066D9|#A79E82|#E72F1D,23.9407,20.4197,19.5608,18.8011,18.1007,46.2838,19.6104
536,Grey|Tan|Magenta,#8C9099|#A79E82|#F24574,23.4947,20.3916,19.5938,18.8376,18.0939,45.5270,19.6146
537,Black|Polymaker Teal|Magenta,#080A0D|#4CC0C7|#F24574,32.6708,20.6769,19.1909,18.6450,18.5431,35.1243,19.6609
538,Green|Black|Dark Olive Drab,#06924D|#080A0D|#575B54,23.8323,19.9504,19.5186,19.3913,19.4231,37.2984,19.6709
539,Blue|Purple|Tan,#003776|#6C47B2|#A79E82,26.3221,20.5396,19.5195,18.8275,18.3002,39.8302,19.6836
540,Dark Grey|Cold White|Magenta,#485259|#D9DFE5|#F24574,25.2990,20.3208,19.4838,19.0544,18.8613,33.0033,19.6876
541,Green|Dark Olive Drab|Cold White,#06924D|#575B54|#D9DFE5,22.5947,20.0983,19.5998,19.2961,19.1449,36.6126,19.6972
542,Green|Polymaker Teal|Dark Olive Drab,#06924D|#4CC0C7|#575B54,22.6015,20.1086,19.6124,19.3101,19.1597,36.6152,19.7093
543,Dark Grey|Grey|Magenta,#485259|#8C9099|#F24574,25.2067,20.3338,19.5113,19.0886,18.8982,33.1061,19.7112
544,Dark Grey|Polymaker Teal|Magenta,#485259|#4CC0C7|#F24574,25.3687,20.3589,19.5054,19.0742,18.8855,32.9942,19.7165
545,Blue|Dark Grey|Magenta,#003776|#485259|#F24574,25.3355,20.3638,19.5274,19.0976,18.9057,33.1144,19.7307
546,Dark Grey|Purple|Magenta,#485259|#6C47B2|#F24574,25.3355,20.3638,19.5274,19.0976,18.9057,33.1144,19.7307
547,Azure Blue|Dark Grey|Magenta,#0066D9|#485259|#F24574,25.3356,20.3641,19.5278,19.0981,18.9062,33.1144,19.7311
548,Green|Red|Yellow,#06924D|#E72F1D|#FFE800,28.8762,20.9578,19.4975,18.5219,17.8137,44.9687,19.7399
549,Black|Cold White|Magenta,#080A0D|#D9DFE5|#F24574,32.6680,20.7468,19.3053,18.7715,18.6614,35.3016,19.7591
550,Green|Dark Grey|Dark Olive Drab,#06924D|#485259|#575B54,22.6004,20.1320,19.6638,19.3975,19.2770,36.6192,19.7647
551,Dark Grey|Purple|Lime Green,#485259|#6C47B2|#D5D701,29.4914,21.0918,19.4793,18.5056,17.9348,44.8152,19.7987
552,Green|Dark Olive Drab|Grey,#06924D|#575B54|#8C9099,22.6445,20.1985,19.7070,19.4069,19.2571,36.6241,19.8027
553,Green|Lime Green|Red,#06924D|#D5D701|#E72F1D,28.8618,20.9984,19.5682,18.6202,17.9092,43.9954,19.8093
554,Black|Purple|Magenta,#080A0D|#6C47B2|#F24574,32.6930,20.7944,19.3604,18.8371,18.7393,35.4148,19.8158
555,Blue|Black|Magenta,#003776|#080A0D|#F24574,32.6920,20.7939,19.3599,18.8377,18.7410,35.4138,19.8158
556,Azure Blue|Green|Dark Olive Drab,#0066D9|#06924D|#575B54,22.7370,20.2162,19.7163,19.4186,19.2723,36.6190,19.8174
557,Azure Blue|Black|Magenta,#0066D9|#080A0D|#F24574,32.6941,20.7968,19.3630,18.8398,18.7421,35.4171,19.8183
558,Blue|Green|Dark Olive Drab,#003776|#06924D|#575B54,22.8563,20.2204,19.7234,19.4422,19.3135,36.6196,19.8313
559,Polymaker Teal|Olive Green|Magenta,#4CC0C7|#948902|#F24574,35.1103,21.5729,19.4967,18.0930,16.9976,46.9895,19.8330
560,Tan|Red|Magenta,#A79E82|#E72F1D|#F24574,23.5608,20.7019,19.8838,19.0262,18.1404,49.5606,19.8641
561,Azure Blue|Grey|Olive Green,#0066D9|#8C9099|#948902,35.5755,21.4522,19.5362,18.3350,17.4068,41.4986,19.8936
562,Tan|Lime Green|Red,#A79E82|#D5D701|#E72F1D,23.6923,20.6647,19.8876,19.1652,18.5020,49.8113,19.9149
563,Azure Blue|Olive Green|Cold White,#0066D9|#948902|#D9DFE5,37.9572,21.6816,19.4739,18.1699,17.2191,41.6476,19.9258
564,Azure Blue|Polymaker Teal|Olive Green,#0066D9|#4CC0C7|#948902,37.9646,21.6861,19.4796,18.1754,17.2213,41.6476,19.9308
565,Tan|Cold White|Red,#A79E82|#D9DFE5|#E72F1D,23.6488,20.8329,20.0223,19.1711,18.2922,49.5724,20.0020
566,Azure Blue|Green|Olive Green,#0066D9|#06924D|#948902,38.0412,21.7713,19.5490,18.2417,17.2833,41.8350,20.0065
567,Polymaker Teal|Olive Green|Red,#4CC0C7|#948902|#E72F1D,33.1165,21.6733,19.7991,18.4927,17.4644,47.2967,20.0830
568,Tan|Red|Pink,#A79E82|#E72F1D|#F1A1AF,23.5715,20.9230,20.1387,19.2878,18.3991,49.4136,20.1054
569,Purple|Olive Green|Yellow,#6C47B2|#948902|#FFE800,44.4673,22.2884,19.4163,18.0142,17.2222,49.2412,20.1513
570,Tan|Red|Yellow,#A79E82|#E72F1D|#FFE800,23.7835,20.8888,20.1465,19.4662,18.8393,50.7503,20.1775
571,Purple|Tan|Red,#6C47B2|#A79E82|#E72F1D,27.1908,21.2670,20.0557,19.1966,18.5531,48.1894,20.2318
572,Grey|Olive Green|Tan,#8C9099|#948902|#A79E82,26.6344,21.2252,20.2952,19.4316,18.5530,44.6251,20.3284
573,Olive Green|Tan|Pink,#948902|#A79E82|#F1A1AF,27.4466,21.4109,20.3270,19.3516,18.4126,48.6404,20.3812
574,Blue|Grey|Orange,#003776|#8C9099|#F67405,26.3538,21.1068,20.2607,19.6991,19.2794,35.2358,20.4030
575,Green|Olive Green|Pink,#06924D|#948902|#F1A1AF,31.2450,21.8333,20.3008,19.1833,18.2480,46.3784,20.5083
576,Green|Dark Olive Drab|Purple,#06924D|#575B54|#6C47B2,24.0693,21.0809,20.3852,19.9551,19.7289,38.3718,20.5180
577,Tan|Cold White|Magenta,#A79E82|#D9DFE5|#F24574,24.2543,21.3825,20.5564,19.6915,18.7863,49.8410,20.5370
578,Azure Blue|Tan|Magenta,#0066D9|#A79E82|#F24574,24.7590,21.4321,20.5867,19.8170,19.0972,46.8414,20.6245
579,Green|Red|Orange,#06924D|#E72F1D|#F67405,29.0941,21.8690,20.4686,19.4238,18.5328,45.3470,20.6464
580,Azure Blue|Tan|Orange,#0066D9|#A79E82|#F67405,24.5152,21.4123,20.6510,19.9807,19.3642,47.0948,20.6965
581,Polymaker Teal|Grey|Olive Green,#4CC0C7|#8C9099|#948902,33.4874,22.0362,20.4976,19.4360,18.5218,43.8841,20.7361
582,Grey|Olive Green|Cold White,#8C9099|#948902|#D9DFE5,33.4865,22.0366,20.4980,19.4357,18.5191,43.8841,20.7361
583,Tan|Lime Green|Magenta,#A79E82|#D5D701|#F24574,24.8973,21.5420,20.6884,19.9473,19.2743,50.9799,20.7446
584,Green|Grey|Olive Green,#06924D|#8C9099|#948902,33.5347,22.0585,20.5158,19.4552,18.5434,43.9527,20.7569
585,Blue|Grey|Lime Green,#003776|#8C9099|#D5D701,31.6037,21.9622,20.4913,19.6215,19.0341,36.8300,20.7919
586,Polymaker Teal|Tan|Red,#4CC0C7|#A79E82|#E72F1D,25.5364,21.8749,20.9490,20.0912,19.2742,50.0514,20.9831
587,Green|Tan|Pink,#06924D|#A79E82|#F1A1AF,26.5201,21.9985,21.0057,20.0919,19.1762,46.1113,21.0452
588,Black|Grey|Cold White,#080A0D|#8C9099|#D9DFE5,31.5905,21.6577,20.7560,20.4495,20.3727,35.3450,21.0536
589,Black|Polymaker Teal|Grey,#080A0D|#4CC0C7|#8C9099,31.6172,21.6830,20.7833,20.4790,20.4067,35.3732,21.0810
590,Black|Purple|Grey,#080A0D|#6C47B2|#8C9099,31.6172,21.6830,20.7833,20.4790,20.4067,35.3732,21.0810
591,Azure Blue|Black|Grey,#0066D9|#080A0D|#8C9099,31.6172,21.6830,20.7833,20.4790,20.4067,35.3732,21.0810
592,Blue|Black|Grey,#003776|#080A0D|#8C9099,31.6160,21.6830,20.7834,20.4793,20.4070,35.3744,21.0812
593,Blue|Green|Lime Green,#003776|#06924D|#D5D701,32.2505,22.2904,20.7636,19.8753,19.2949,36.6518,21.0828
594,Blue|Polymaker Teal|Lime Green,#003776|#4CC0C7|#D5D701,32.3342,22.3425,20.7838,19.8579,19.2484,37.1859,21.1002
595,Blue|Lime Green|Cold White,#003776|#D5D701|#D9DFE5,32.3339,22.3397,20.7838,19.8634,19.2545,37.1974,21.1015
596,Blue|Polymaker Teal|Orange,#003776|#4CC0C7|#F67405,28.2848,21.9860,20.9308,20.2628,19.7924,35.8703,21.1244
597,Black|Purple|Cold White,#080A0D|#6C47B2|#D9DFE5,33.1918,21.8557,20.7918,20.4039,20.2898,35.9422,21.1298
598,Black|Polymaker Teal|Cold White,#080A0D|#4CC0C7|#D9DFE5,33.1918,21.8558,20.7920,20.4040,20.2898,35.9422,21.1299
599,Azure Blue|Black|Cold White,#0066D9|#080A0D|#D9DFE5,33.1985,21.8733,20.8088,20.4192,20.3044,35.9444,21.1462
600,Black|Polymaker Teal|Purple,#080A0D|#4CC0C7|#6C47B2,33.2177,21.8859,20.8271,20.4431,20.3324,35.9542,21.1645
601,Azure Blue|Black|Purple,#0066D9|#080A0D|#6C47B2,33.2280,21.9040,20.8446,20.4599,20.3485,35.9564,21.1819
602,Azure Blue|Black|Polymaker Teal,#0066D9|#080A0D|#4CC0C7,33.2279,21.9045,20.8454,20.4607,20.3491,35.9564,21.1826
603,Tan|Pink|Magenta,#A79E82|#F1A1AF|#F24574,24.4270,22.0061,21.2568,20.4250,19.5380,49.7117,21.2155
604,Blue|Black|Cold White,#003776|#080A0D|#D9DFE5,33.2063,21.9425,20.8843,20.5019,20.3894,35.9769,21.2222
605,Purple|Tan|Orange,#6C47B2|#A79E82|#F67405,28.4413,22.2184,21.0391,20.2453,19.6693,48.6168,21.2319
606,Grey|Red|Yellow,#8C9099|#E72F1D|#FFE800,25.8622,22.0299,21.1734,20.4587,19.8442,46.1380,21.2443
607,Purple|Tan|Magenta,#6C47B2|#A79E82|#F24574,27.8616,22.2307,21.0974,20.2596,19.6067,48.0838,21.2452
608,Blue|Azure Blue|Black,#003776|#0066D9|#080A0D,33.2296,21.9741,20.9214,20.5433,20.4341,35.9864,21.2587
609,Blue|Black|Purple,#003776|#080A0D|#6C47B2,33.2322,21.9744,20.9222,20.5445,20.4352,35.9850,21.2594
610,Blue|Black|Polymaker Teal,#003776|#080A0D|#4CC0C7,33.2315,21.9752,20.9231,20.5456,20.4364,35.9850,21.2604
611,Tan|Red|Orange,#A79E82|#E72F1D|#F67405,24.3875,22.0108,21.2988,20.5436,19.7789,50.6673,21.2772
612,Green|Tan|Orange,#06924D|#A79E82|#F67405,26.5327,22.2271,21.2508,20.3699,19.5348,47.9598,21.2985
613,Olive Green|Cold White|Magenta,#948902|#D9DFE5|#F24574,35.6419,22.9487,20.9866,19.6885,18.6989,48.9657,21.3186
614,Olive Green|Tan|Orange,#948902|#A79E82|#F67405,25.1800,22.1414,21.3706,20.5883,19.8148,50.1212,21.3649
615,Tan|Magenta|Orange,#A79E82|#F24574|#F67405,24.5449,22.1198,21.4018,20.6485,19.8858,51.0869,21.3842
616,Grey|Lime Green|Red,#8C9099|#D5D701|#E72F1D,26.3453,22.2132,21.3236,20.5855,19.9383,46.1317,21.3993
617,Grey|Tan|Pink,#8C9099|#A79E82|#F1A1AF,24.0446,22.0617,21.4426,20.7645,20.0488,45.8890,21.4131
618,Tan|Magenta|Yellow,#A79E82|#F24574|#FFE800,25.2400,22.1614,21.3897,20.7022,20.0640,51.9933,21.4318
619,Olive Green|Pink|Magenta,#948902|#F1A1AF|#F24574,34.7894,22.9782,21.2029,20.0060,19.0871,49.0430,21.4921
620,Blue|Azure Blue|Lime Green,#003776|#0066D9|#D5D701,32.4523,22.7149,21.2028,20.2957,19.6922,37.4738,21.5053
621,Black|Dark Grey|Grey,#080A0D|#485259|#8C9099,28.6467,21.9920,21.4221,21.2100,21.1445,35.2000,21.6010
622,Grey|Lime Green|Orange,#8C9099|#D5D701|#F67405,25.6687,22.3462,21.5998,20.9566,20.3752,44.6519,21.6514
623,Tan|Pink|Orange,#A79E82|#F1A1AF|#F67405,24.6016,22.3742,21.6876,20.9444,20.1822,51.0900,21.6593
624,Black|Dark Grey|Cold White,#080A0D|#485259|#D9DFE5,28.9330,22.0892,21.4890,21.2682,21.1949,35.2455,21.6787
625,Azure Blue|Olive Green|Lime Green,#0066D9|#948902|#D5D701,37.4199,23.1932,21.3257,20.1877,19.3584,42.9400,21.6904
626,Azure Blue|Black|Dark Grey,#0066D9|#080A0D|#485259,28.9559,22.1310,21.5396,21.3254,21.2584,35.2863,21.7282
627,Blue|Black|Dark Grey,#003776|#080A0D|#485259,28.9566,22.1311,21.5397,21.3255,21.2584,35.2863,21.7283
628,Black|Dark Grey|Purple,#080A0D|#485259|#6C47B2,28.9566,22.1311,21.5397,21.3255,21.2584,35.2863,21.7283
629,Black|Dark Grey|Polymaker Teal,#080A0D|#485259|#4CC0C7,28.9568,22.1319,21.5406,21.3265,21.2594,35.2863,21.7292
630,Tan|Orange|Yellow,#A79E82|#F67405|#FFE800,24.6074,22.3869,21.7595,21.1462,20.5624,51.1858,21.7666
631,Tan|Lime Green|Orange,#A79E82|#D5D701|#F67405,24.6635,22.4106,21.7715,21.1398,20.5260,51.1581,21.7752
632,Polymaker Teal|Olive Green|Pink,#4CC0C7|#948902|#F1A1AF,34.9487,23.2535,21.6040,20.4641,19.5373,49.4727,21.8588
633,Grey|Orange|Yellow,#8C9099|#F67405|#FFE800,25.6751,22.5356,21.8341,21.2232,20.6756,44.7239,21.8794
634,Green|Pink|Orange,#06924D|#F1A1AF|#F67405,29.4583,23.0251,21.7809,20.8125,19.9703,46.9740,21.9188
635,Green|Grey|Pink,#06924D|#8C9099|#F1A1AF,29.5271,23.0462,21.8240,20.8463,19.9505,44.5004,21.9462
636,Olive Green|Red|Magenta,#948902|#E72F1D|#F24574,34.5322,23.4517,21.6757,20.4736,19.5411,49.7499,21.9626
637,Grey|Magenta|Yellow,#8C9099|#F24574|#FFE800,26.7643,22.7725,21.8971,21.1763,20.5536,46.8634,21.9744
638,Grey|Olive Green|Yellow,#8C9099|#948902|#FFE800,30.8351,22.9959,21.8790,21.0381,20.2925,45.4296,22.0170
639,Azure Blue|Olive Green|Yellow,#0066D9|#948902|#FFE800,36.4257,23.4450,21.7649,20.7031,19.9039,43.8934,22.0740
640,Polymaker Teal|Tan|Magenta,#4CC0C7|#A79E82|#F24574,26.4535,22.9347,22.0443,21.2140,20.4119,50.6867,22.0743
641,Green|Grey|Tan,#06924D|#8C9099|#A79E82,24.5944,22.7490,22.1545,21.4731,20.7393,46.3581,22.1111
642,Polymaker Teal|Grey|Tan,#4CC0C7|#8C9099|#A79E82,24.3809,22.7519,22.1819,21.5099,20.7794,46.8331,22.1309
643,Grey|Tan|Cold White,#8C9099|#A79E82|#D9DFE5,24.3795,22.7513,22.1829,21.5120,20.7817,46.8331,22.1317
644,Olive Green|Cold White|Pink,#948902|#D9DFE5|#F1A1AF,34.6803,23.5036,21.9014,20.7822,19.8831,50.0424,22.1429
645,Olive Green|Red|Pink,#948902|#E72F1D|#F1A1AF,34.4389,23.6072,21.9260,20.7485,19.8267,50.0019,22.1778
646,Olive Green|Cold White|Red,#948902|#D9DFE5|#E72F1D,34.6575,23.7347,21.9243,20.6758,19.7237,50.1023,22.2052
647,Grey|Lime Green|Magenta,#8C9099|#D5D701|#F24574,27.4390,23.0405,22.1181,21.3823,20.7511,47.2898,22.2114
648,Grey|Tan|Yellow,#8C9099|#A79E82|#FFE800,25.1643,22.8930,22.2469,21.5823,20.9153,46.4377,22.2376
649,Tan|Cold White|Orange,#A79E82|#D9DFE5|#F67405,25.1277,22.9651,22.2797,21.5356,20.7734,51.1944,22.2504
650,Green|Purple|Pink,#06924D|#6C47B2|#F1A1AF,34.7793,23.7371,21.8927,20.7891,20.0649,44.3544,22.2631
651,Grey|Tan|Lime Green,#8C9099|#A79E82|#D5D701,24.8738,22.8990,22.2995,21.6469,20.9677,46.9231,22.2730
652,Blue|Purple|Orange,#003776|#6C47B2|#F67405,29.4036,23.0892,22.0928,21.4890,21.0873,36.1261,22.2891
653,Blue|Magenta|Orange,#003776|#F24574|#F67405,29.4075,23.0967,22.1008,21.4958,21.0922,36.1242,22.2962
654,Blue|Pink|Orange,#003776|#F1A1AF|#F67405,29.4109,23.0996,22.1048,21.5011,21.0991,36.2277,22.3004
655,Blue|Azure Blue|Orange,#003776|#0066D9|#F67405,29.4109,23.1210,22.1343,21.5332,21.1320,36.1347,22.3271
656,Tan|Cold White|Pink,#A79E82|#D9DFE5|#F1A1AF,24.9167,23.0816,22.4194,21.6273,20.7525,50.7744,22.3545
657,Blue|Red|Orange,#003776|#E72F1D|#F67405,29.4584,23.1623,22.1733,21.5654,21.1551,36.0997,22.3639
658,Grey|Olive Green|Lime Green,#8C9099|#948902|#D5D701,31.9126,23.3950,22.2355,21.3721,20.6123,45.2137,22.3836
659,Blue|Cold White|Orange,#003776|#D9DFE5|#F67405,29.4657,23.2156,22.2144,21.5960,21.1782,36.0850,22.4058
660,Azure Blue|Tan|Pink,#0066D9|#A79E82|#F1A1AF,25.4347,23.1104,22.4418,21.7611,21.0840,46.6405,22.4358
661,Dark Grey|Grey|Cold White,#485259|#8C9099|#D9DFE5,25.0183,22.8041,22.4296,22.1974,22.0573,35.7661,22.5008
662,Dark Grey|Polymaker Teal|Grey,#485259|#4CC0C7|#8C9099,25.0318,22.8139,22.4381,22.2031,22.0608,35.7533,22.5085
663,Dark Grey|Purple|Grey,#485259|#6C47B2|#8C9099,25.0318,22.8139,22.4381,22.2031,22.0608,35.7533,22.5085
664,Azure Blue|Dark Grey|Grey,#0066D9|#485259|#8C9099,25.0319,22.8141,22.4382,22.2032,22.0610,35.7533,22.5086
665,Blue|Dark Grey|Grey,#003776|#485259|#8C9099,25.0319,22.8141,22.4384,22.2034,22.0612,35.7533,22.5088
666,Dark Grey|Polymaker Teal|Cold White,#485259|#4CC0C7|#D9DFE5,25.3188,22.8736,22.4601,22.2118,22.0646,35.7610,22.5427
667,Dark Grey|Purple|Cold White,#485259|#6C47B2|#D9DFE5,25.3188,22.8736,22.4601,22.2118,22.0646,35.7610,22.5427
668,Azure Blue|Dark Grey|Cold White,#0066D9|#485259|#D9DFE5,25.3189,22.8738,22.4602,22.2120,22.0648,35.7610,22.5429
669,Blue|Dark Grey|Cold White,#003776|#485259|#D9DFE5,25.3189,22.8739,22.4604,22.2122,22.0650,35.7610,22.5430
670,Azure Blue|Dark Grey|Purple,#0066D9|#485259|#6C47B2,25.3247,22.8886,22.4778,22.2295,22.0831,35.7578,22.5590
671,Blue|Dark Grey|Purple,#003776|#485259|#6C47B2,25.3249,22.8886,22.4779,22.2295,22.0832,35.7578,22.5591
672,Blue|Azure Blue|Dark Grey,#003776|#0066D9|#485259,25.3248,22.8888,22.4781,22.2298,22.0835,35.7578,22.5593
673,Dark Grey|Polymaker Teal|Purple,#485259|#4CC0C7|#6C47B2,25.3250,22.8890,22.4782,22.2298,22.0833,35.7578,22.5594
674,Azure Blue|Dark Grey|Polymaker Teal,#0066D9|#485259|#4CC0C7,25.3249,22.8892,22.4784,22.2301,22.0836,35.7578,22.5596
675,Blue|Dark Grey|Polymaker Teal,#003776|#485259|#4CC0C7,25.3251,22.8892,22.4785,22.2301,22.0837,35.7578,22.5597
676,Grey|Red|Orange,#8C9099|#E72F1D|#F67405,25.8226,23.2222,22.5661,21.9173,21.2686,44.2970,22.5698
677,Green|Polymaker Teal|Pink,#06924D|#4CC0C7|#F1A1AF,30.4548,23.7248,22.4595,21.4298,20.4714,46.2958,22.5773
678,Green|Cold White|Pink,#06924D|#D9DFE5|#F1A1AF,30.4540,23.7243,22.4597,21.4313,20.4736,46.2958,22.5778
679,Grey|Pink|Orange,#8C9099|#F1A1AF|#F67405,25.7894,23.2277,22.5789,21.9325,21.2815,44.3702,22.5801
680,Grey|Magenta|Orange,#8C9099|#F24574|#F67405,25.7994,23.2297,22.5798,21.9328,21.2818,44.4760,22.5813
681,Grey|Cold White|Orange,#8C9099|#D9DFE5|#F67405,25.8190,23.2733,22.6347,22.0020,21.3635,44.4681,22.6377
682,Purple|Tan|Lime Green,#6C47B2|#A79E82|#D5D701,32.5738,23.9655,22.4321,21.3936,20.6167,49.7418,22.6795
683,Grey|Pink|Yellow,#8C9099|#F1A1AF|#FFE800,26.5976,23.4007,22.6526,22.0161,21.4511,45.7047,22.7084
684,Purple|Tan|Pink,#6C47B2|#A79E82|#F1A1AF,28.9202,23.6394,22.5880,21.7883,21.1478,48.6202,22.7139
685,Azure Blue|Green|Pink,#0066D9|#06924D|#F1A1AF,31.0629,23.8852,22.5942,21.6760,20.9345,43.7487,22.7806
686,Azure Blue|Grey|Orange,#0066D9|#8C9099|#F67405,26.0142,23.4384,22.8049,22.1918,21.5908,44.6770,22.8151
687,Green|Purple|Tan,#06924D|#6C47B2|#A79E82,32.4789,24.0161,22.5848,21.6810,21.0414,47.8720,22.8485
688,Olive Green|Tan|Cold White,#948902|#A79E82|#D9DFE5,27.3403,23.7035,22.9189,22.0638,21.1446,49.9738,22.8837
689,Purple|Tan|Yellow,#6C47B2|#A79E82|#FFE800,33.0178,24.1789,22.6397,21.6112,20.8656,50.5569,22.8951
690,Polymaker Teal|Olive Green|Tan,#4CC0C7|#948902|#A79E82,27.3970,23.7289,22.9439,22.0928,21.1830,50.0953,22.9109
691,Green|Black|Grey,#06924D|#080A0D|#8C9099,33.0853,23.6367,22.5796,22.2004,22.1137,39.0449,22.9186
692,Green|Lime Green|Pink,#06924D|#D5D701|#F1A1AF,29.9835,23.9020,22.8260,22.0396,21.4129,46.9249,22.9708
693,Green|Olive Green|Tan,#06924D|#948902|#A79E82,27.3295,23.7669,22.9982,22.1761,21.3104,49.9549,22.9715
694,Azure Blue|Grey|Tan,#0066D9|#8C9099|#A79E82,25.6517,23.6110,22.9965,22.3374,21.6572,46.4379,22.9742
695,Polymaker Teal|Purple|Tan,#4CC0C7|#6C47B2|#A79E82,30.1815,24.1054,22.9757,22.1485,21.4690,49.3085,23.1270
696,Purple|Tan|Cold White,#6C47B2|#A79E82|#D9DFE5,30.1806,24.1048,22.9758,22.1492,21.4698,49.3085,23.1270
697,Grey|Lime Green|Pink,#8C9099|#D5D701|#F1A1AF,27.1828,23.8316,23.0783,22.4365,21.8571,46.3649,23.1341
698,Purple|Grey|Tan,#6C47B2|#8C9099|#A79E82,29.9136,24.0922,22.9963,22.2004,21.5434,49.1094,23.1463
699,Azure Blue|Green|Tan,#0066D9|#06924D|#A79E82,26.7878,23.9035,23.2025,22.5374,21.8914,45.8941,23.2204
700,Azure Blue|Polymaker Teal|Tan,#0066D9|#4CC0C7|#A79E82,26.1214,23.9663,23.3242,22.6416,21.9355,47.3714,23.3039
701,Azure Blue|Tan|Cold White,#0066D9|#A79E82|#D9DFE5,26.1198,23.9655,23.3250,22.6435,21.9376,47.3714,23.3045
702,Green|Pink|Yellow,#06924D|#F1A1AF|#FFE800,30.3846,24.2665,23.1608,22.3690,21.7428,48.1540,23.3177
703,Tan|Lime Green|Pink,#A79E82|#D5D701|#F1A1AF,26.2451,24.0196,23.3894,22.7659,22.1606,51.7972,23.3928
704,Azure Blue|Purple|Tan,#0066D9|#6C47B2|#A79E82,29.7971,24.3325,23.2859,22.4976,21.8478,48.7614,23.4151
705,Olive Green|Tan|Lime Green,#948902|#A79E82|#D5D701,27.1584,24.1374,23.4620,22.7429,21.9937,50.2894,23.4401
706,Green|Cold White|Orange,#06924D|#D9DFE5|#F67405,30.5672,24.5494,23.3571,22.4226,21.6045,48.2792,23.4860
707,Green|Olive Green|Orange,#06924D|#948902|#F67405,31.1466,24.6071,23.3644,22.4184,21.6087,48.2799,23.5128
708,Purple|Grey|Orange,#6C47B2|#8C9099|#F67405,27.7704,24.2151,23.4996,22.9003,22.3723,46.5113,23.5577
709,Green|Polymaker Teal|Orange,#06924D|#4CC0C7|#F67405,30.3292,24.6100,23.4550,22.5431,21.7436,48.7495,23.5765
710,Green|Tan|Cold White,#06924D|#A79E82|#D9DFE5,26.0636,24.3344,23.7173,22.9670,22.1373,50.4927,23.6507
711,Green|Polymaker Teal|Tan,#06924D|#4CC0C7|#A79E82,26.0656,24.3365,23.7184,22.9672,22.1374,50.4927,23.6518
712,Polymaker Teal|Tan|Pink,#4CC0C7|#A79E82|#F1A1AF,26.4677,24.3805,23.7058,22.9573,22.1679,52.1534,23.6689
713,Polymaker Teal|Tan|Cold White,#4CC0C7|#A79E82|#D9DFE5,25.8279,24.4126,23.8089,23.0347,22.1600,51.8868,23.7237
714,Blue|Purple|Yellow,#003776|#6C47B2|#FFE800,35.3686,25.1332,23.5595,22.6662,22.1204,46.4014,23.8997
715,Blue|Grey|Red,#003776|#8C9099|#E72F1D,29.0890,24.5481,23.7834,23.2583,22.8558,37.0522,23.9032
716,Polymaker Teal|Tan|Orange,#4CC0C7|#A79E82|#F67405,27.4069,24.6627,23.9157,23.1780,22.4483,52.6063,23.9204
717,Green|Black|Cold White,#06924D|#080A0D|#D9DFE5,34.8262,24.7412,23.5995,23.1800,23.0900,40.1236,23.9606
718,Green|Black|Polymaker Teal,#06924D|#080A0D|#4CC0C7,34.8292,24.7482,23.6075,23.1910,23.1046,40.1222,23.9696
719,Blue|Green|Black,#003776|#06924D|#080A0D,34.8260,24.7537,23.6117,23.1982,23.1120,40.1090,23.9760
720,Azure Blue|Green|Black,#0066D9|#06924D|#080A0D,34.8514,24.7830,23.6419,23.2247,23.1367,40.1632,24.0039
721,Tan|Pink|Yellow,#A79E82|#F1A1AF|#FFE800,26.7031,24.6101,24.0097,23.4212,22.8409,53.2744,24.0157
722,Polymaker Teal|Olive Green|Orange,#4CC0C7|#948902|#F67405,33.8285,25.1271,23.8511,22.9254,22.1480,50.0165,24.0263
723,Green|Dark Grey|Grey,#06924D|#485259|#8C9099,28.1765,24.5834,23.9594,23.6052,23.4036,38.0454,24.0943
724,Olive Green|Lime Green|Magenta,#948902|#D5D701|#F24574,35.0375,25.3353,23.9247,23.0050,22.3280,51.3334,24.1702
725,Green|Tan|Lime Green,#06924D|#A79E82|#D5D701,26.5619,24.7894,24.2224,23.5827,22.9163,50.9085,24.1861
726,Green|Dark Grey|Cold White,#06924D|#485259|#D9DFE5,28.3230,24.6879,24.0615,23.7124,23.5152,38.1040,24.2001
727,Green|Dark Grey|Polymaker Teal,#06924D|#485259|#4CC0C7,28.3328,24.6999,24.0748,23.7265,23.5309,38.1047,24.2132
728,Green|Black|Dark Grey,#06924D|#080A0D|#485259,31.3206,24.7420,23.9933,23.7068,23.6180,39.2988,24.2244
729,Green|Orange|Yellow,#06924D|#F67405|#FFE800,30.8648,25.1676,24.0927,23.3096,22.6872,48.5275,24.2386
730,Polymaker Teal|Grey|Orange,#4CC0C7|#8C9099|#F67405,27.6122,24.9142,24.2324,23.5749,22.9295,45.9084,24.2445
731,Azure Blue|Green|Dark Grey,#0066D9|#06924D|#485259,28.3774,24.7521,24.1256,23.7757,23.5786,38.1754,24.2639
732,Purple|Lime Green|Red,#6C47B2|#D5D701|#E72F1D,37.4997,25.7986,23.8555,22.7305,22.0610,51.5944,24.2645
733,Green|Lime Green|Orange,#06924D|#D5D701|#F67405,30.8380,25.1834,24.1210,23.3498,22.7211,48.5307,24.2666
734,Blue|Green|Dark Grey,#003776|#06924D|#485259,28.4502,24.7798,24.1478,23.7942,23.5955,38.1760,24.2870
735,Polymaker Teal|Tan|Lime Green,#4CC0C7|#A79E82|#D5D701,26.4476,24.9337,24.3702,23.6965,22.9714,52.2571,24.3151
736,Tan|Lime Green|Cold White,#A79E82|#D5D701|#D9DFE5,26.4517,24.9417,24.3779,23.7058,22.9835,52.2505,24.3237
737,Azure Blue|Tan|Lime Green,#0066D9|#A79E82|#D5D701,27.9355,25.1200,24.3865,23.6845,23.0044,49.3766,24.4023
738,Green|Black|Purple,#06924D|#080A0D|#6C47B2,35.8599,25.4366,24.0565,23.5056,23.3715,41.5664,24.4711
739,Blue|Purple|Lime Green,#003776|#6C47B2|#D5D701,37.6039,25.8741,24.1031,23.1615,22.5869,49.1330,24.5178
740,Olive Green|Red|Orange,#948902|#E72F1D|#F67405,34.9421,25.7982,24.4974,23.5830,22.8349,52.6966,24.6906
741,Olive Green|Lime Green|Red,#948902|#D5D701|#E72F1D,34.3804,25.8114,24.5241,23.6366,22.9465,51.6299,24.7240
742,Olive Green|Magenta|Orange,#948902|#F24574|#F67405,35.0699,25.8877,24.5965,23.6985,22.9564,52.8081,24.7931
743,Blue|Polymaker Teal|Red,#003776|#4CC0C7|#E72F1D,31.3737,25.6338,24.6364,23.9629,23.4573,38.9296,24.7983
744,Purple|Lime Green|Magenta,#6C47B2|#D5D701|#F24574,38.2671,26.3201,24.4079,23.2928,22.6133,51.5111,24.8065
745,Olive Green|Tan|Yellow,#948902|#A79E82|#FFE800,27.7197,25.4630,24.8587,24.1974,23.5145,53.3429,24.8302
746,Grey|Red|Magenta,#8C9099|#E72F1D|#F24574,28.5147,25.6260,24.9125,24.2134,23.5062,45.8437,24.9197
747,Purple|Grey|Red,#6C47B2|#8C9099|#E72F1D,28.7368,25.6533,24.9431,24.2835,23.6449,45.6461,24.9684
748,Purple|Lime Green|Orange,#6C47B2|#D5D701|#F67405,37.8625,26.4426,24.6392,23.5618,22.8799,50.8724,25.0022
749,Olive Green|Red|Yellow,#948902|#E72F1D|#FFE800,34.6891,26.0445,24.8049,23.9691,23.3162,52.0696,25.0068
750,Azure Blue|Grey|Red,#0066D9|#8C9099|#E72F1D,28.5856,25.7009,25.0020,24.3301,23.6592,46.0838,25.0155
751,Grey|Cold White|Red,#8C9099|#D9DFE5|#E72F1D,28.6493,25.7906,25.0989,24.4411,23.7863,45.8410,25.1159
752,Green|Tan|Yellow,#06924D|#A79E82|#FFE800,27.5415,25.7183,25.1538,24.5380,23.9083,52.9807,25.1282
753,Tan|Lime Green|Yellow,#A79E82|#D5D701|#FFE800,27.4205,25.8577,25.2986,24.6539,23.9749,54.4371,25.2558
754,Olive Green|Pink|Orange,#948902|#F1A1AF|#F67405,35.1765,26.3458,25.1246,24.2468,23.5029,53.3859,25.2963
755,Grey|Red|Pink,#8C9099|#E72F1D|#F1A1AF,28.5076,25.9614,25.3086,24.6460,23.9713,44.6858,25.3037
756,Green|Grey|Yellow,#06924D|#8C9099|#FFE800,28.7660,26.0248,25.3447,24.6961,24.0713,47.8679,25.3604
757,Polymaker Teal|Grey|Yellow,#4CC0C7|#8C9099|#FFE800,28.7433,26.0296,25.3549,24.7077,24.0841,47.9685,25.3687
758,Grey|Cold White|Yellow,#8C9099|#D9DFE5|#FFE800,28.7361,26.0214,25.3529,24.7167,24.1065,47.9685,25.3691
759,Purple|Lime Green|Pink,#6C47B2|#D5D701|#F1A1AF,37.8445,26.7419,25.0671,24.0736,23.4252,50.0436,25.4078
760,Grey|Lime Green|Yellow,#8C9099|#D5D701|#FFE800,28.7922,26.0891,25.4112,24.7574,24.1254,47.9653,25.4232
761,Azure Blue|Tan|Yellow,#0066D9|#A79E82|#FFE800,29.3012,26.2216,25.4531,24.7512,24.1074,51.0073,25.4864
762,Olive Green|Magenta|Yellow,#948902|#F24574|#FFE800,35.7299,26.6335,25.3924,24.5682,23.9235,52.7792,25.6008
763,Green|Dark Grey|Purple,#06924D|#485259|#6C47B2,31.5604,26.4190,25.4343,24.8998,24.6260,42.6500,25.6594
764,Tan|Cold White|Yellow,#A79E82|#D9DFE5|#FFE800,27.8441,26.3179,25.7645,25.1253,24.4540,54.8621,25.7216
765,Azure Blue|Lime Green|Red,#0066D9|#D5D701|#E72F1D,31.6205,26.7588,25.7482,24.9690,24.3409,49.6401,25.8639
766,Polymaker Teal|Tan|Yellow,#4CC0C7|#A79E82|#FFE800,28.1040,26.4738,25.9189,25.2936,24.6369,55.4811,25.8837
767,Olive Green|Cold White|Orange,#948902|#D9DFE5|#F67405,36.2617,27.3684,26.1423,25.2365,24.4709,54.3847,26.3024
768,Polymaker Teal|Grey|Red,#4CC0C7|#8C9099|#E72F1D,30.8357,27.2724,26.4386,25.6791,24.9460,47.2746,26.4758
769,Olive Green|Lime Green|Pink,#948902|#D5D701|#F1A1AF,34.8928,27.4347,26.4558,25.7262,25.1088,53.7785,26.5805
770,Polymaker Teal|Lime Green|Red,#4CC0C7|#D5D701|#E72F1D,31.6216,27.3972,26.5093,25.7649,25.1269,52.1214,26.5811
771,Green|Grey|Lime Green,#06924D|#8C9099|#D5D701,30.1289,27.3731,26.7142,26.0861,25.4715,46.9856,26.7296
772,Polymaker Teal|Grey|Lime Green,#4CC0C7|#8C9099|#D5D701,30.0491,27.4178,26.7643,26.1300,25.5010,47.2347,26.7739
773,Grey|Lime Green|Cold White,#8C9099|#D5D701|#D9DFE5,30.0425,27.4140,26.7631,26.1341,25.5131,47.2347,26.7741
774,Purple|Grey|Yellow,#6C47B2|#8C9099|#FFE800,37.8678,28.0117,26.4914,25.5535,24.9087,51.0373,26.7826
775,Olive Green|Orange|Yellow,#948902|#F67405|#FFE800,35.7361,27.6752,26.6277,25.8936,25.2865,54.1508,26.7844
776,Olive Green|Lime Green|Orange,#948902|#D5D701|#F67405,35.6656,27.7371,26.7232,25.9927,25.3773,54.1538,26.8649
777,Blue|Cold White|Red,#003776|#D9DFE5|#E72F1D,33.2815,27.6354,26.7140,26.1290,25.7174,38.4724,26.8822
778,Blue|Purple|Red,#003776|#6C47B2|#E72F1D,33.2877,27.7391,26.8662,26.3171,25.9300,38.5151,27.0281
779,Blue|Red|Magenta,#003776|#E72F1D|#F24574,33.2889,27.7407,26.8678,26.3188,25.9317,38.5218,27.0297
780,Blue|Azure Blue|Red,#003776|#0066D9|#E72F1D,33.2917,27.7447,26.8718,26.3228,25.9359,38.5249,27.0338
781,Purple|Grey|Lime Green,#6C47B2|#8C9099|#D5D701,38.8528,28.3369,26.7404,25.7574,25.0610,50.6833,27.0471
782,Blue|Grey|Pink,#003776|#8C9099|#F1A1AF,30.8580,27.5727,27.0396,26.6248,26.2631,39.3867,27.0988
783,Polymaker Teal|Olive Green|Cold White,#4CC0C7|#948902|#D9DFE5,39.9968,28.3968,26.9982,26.0307,25.2090,52.0202,27.2138
784,Purple|Red|Yellow,#6C47B2|#E72F1D|#FFE800,38.5720,28.5418,26.9241,25.9140,25.2368,50.9122,27.2279
785,Olive Green|Pink|Yellow,#948902|#F1A1AF|#FFE800,35.9198,28.0639,27.1078,26.4112,25.8106,54.5190,27.2376
786,Azure Blue|Lime Green|Magenta,#0066D9|#D5D701|#F24574,33.1193,28.1812,27.1774,26.3929,25.7733,50.8125,27.2871
787,Green|Purple|Lime Green,#06924D|#6C47B2|#D5D701,42.2470,28.8347,26.9530,25.9372,25.3017,52.0646,27.3859
788,Polymaker Teal|Red|Yellow,#4CC0C7|#E72F1D|#FFE800,32.1564,28.1614,27.3171,26.6130,25.9948,52.6356,27.3872
789,Blue|Red|Pink,#003776|#E72F1D|#F1A1AF,33.3532,28.0962,27.2711,26.7383,26.3488,38.8073,27.4172
790,Azure Blue|Purple|Lime Green,#0066D9|#6C47B2|#D5D701,41.3493,28.9437,27.0846,26.0022,25.2703,52.6373,27.4730
791,Blue|Grey|Magenta,#003776|#8C9099|#F24574,32.0563,28.0521,27.3841,26.9141,26.5412,39.6514,27.4831
792,Green|Polymaker Teal|Olive Green,#06924D|#4CC0C7|#948902,39.6466,28.6374,27.2768,26.3369,25.5382,51.8213,27.4872
793,Green|Olive Green|Cold White,#06924D|#948902|#D9DFE5,39.7227,28.6682,27.2869,26.3316,25.5217,51.8974,27.4999
794,Azure Blue|Lime Green|Orange,#0066D9|#D5D701|#F67405,32.5837,28.4353,27.5556,26.8340,26.2386,49.8719,27.6347
795,Polymaker Teal|Purple|Orange,#4CC0C7|#6C47B2|#F67405,34.6999,28.6466,27.5764,26.8298,26.2631,50.1082,27.7382
796,Polymaker Teal|Lime Green|Magenta,#4CC0C7|#D5D701|#F24574,33.4016,28.6408,27.6947,26.9390,26.3031,54.3646,27.7899
797,Purple|Pink|Yellow,#6C47B2|#F1A1AF|#FFE800,39.7722,29.0794,27.4879,26.5433,25.9407,51.3964,27.8114
798,Grey|Pink|Magenta,#8C9099|#F1A1AF|#F24574,30.4329,28.4817,27.9226,27.3272,26.7050,46.3383,27.9045
799,Azure Blue|Purple|Yellow,#0066D9|#6C47B2|#FFE800,40.9771,29.3648,27.6159,26.5569,25.8405,52.9000,27.9609
800,Purple|Orange|Yellow,#6C47B2|#F67405|#FFE800,38.7212,29.1303,27.6833,26.7954,26.2008,51.0103,27.9628
801,Polymaker Teal|Purple|Lime Green,#4CC0C7|#6C47B2|#D5D701,42.5354,29.4745,27.5936,26.5142,25.8093,52.6836,27.9944
802,Purple|Lime Green|Cold White,#6C47B2|#D5D701|#D9DFE5,42.5011,29.4742,27.5971,26.5218,25.8178,52.7201,27.9980
803,Azure Blue|Grey|Yellow,#0066D9|#8C9099|#FFE800,32.4478,28.9091,28.0878,27.3709,26.7375,49.5306,28.1400
804,Green|Purple|Yellow,#06924D|#6C47B2|#FFE800,42.5742,29.5376,27.7784,26.8408,26.2630,51.0995,28.1892
805,Polymaker Teal|Purple|Red,#4CC0C7|#6C47B2|#E72F1D,33.5341,29.0177,28.1270,27.3810,26.7067,49.2562,28.1994
806,Purple|Magenta|Yellow,#6C47B2|#F24574|#FFE800,39.9423,29.5071,27.8854,26.9004,26.2703,51.8276,28.2037
807,Azure Blue|Red|Yellow,#0066D9|#E72F1D|#FFE800,33.4764,29.1349,28.2258,27.5111,26.9360,51.2677,28.3230
808,Grey|Cold White|Magenta,#8C9099|#D9DFE5|#F24574,31.4030,28.9447,28.3240,27.7087,27.0832,46.4831,28.3267
809,Azure Blue|Grey|Magenta,#0066D9|#8C9099|#F24574,31.4194,28.9548,28.3299,27.7100,27.0810,46.6126,28.3324
810,Purple|Grey|Magenta,#6C47B2|#8C9099|#F24574,31.5959,28.9696,28.3382,27.7340,27.1402,46.4245,28.3518
811,Grey|Cold White|Pink,#8C9099|#D9DFE5|#F1A1AF,30.4577,28.9025,28.4097,27.8569,27.2643,46.9524,28.3797
812,Azure Blue|Grey|Lime Green,#0066D9|#8C9099|#D5D701,32.4079,29.1114,28.3639,27.6901,27.0588,49.2012,28.4007
813,Azure Blue|Grey|Pink,#0066D9|#8C9099|#F1A1AF,30.4801,28.9264,28.4388,27.8969,27.3196,47.0227,28.4117
814,Polymaker Teal|Red|Orange,#4CC0C7|#E72F1D|#F67405,32.3942,29.1543,28.3884,27.6696,26.9723,52.5149,28.4120
815,Polymaker Teal|Red|Magenta,#4CC0C7|#E72F1D|#F24574,33.1835,29.2885,28.4136,27.6078,26.8172,51.6396,28.4482
816,Purple|Grey|Pink,#6C47B2|#8C9099|#F1A1AF,30.8118,28.9667,28.4644,27.9384,27.4026,47.0510,28.4525
817,Polymaker Teal|Cold White|Red,#4CC0C7|#D9DFE5|#E72F1D,33.1714,29.2913,28.4231,27.6227,26.8320,51.8548,28.4570
818,Azure Blue|Lime Green|Pink,#0066D9|#D5D701|#F1A1AF,33.4662,29.2478,28.3802,27.7014,27.1490,51.2878,28.4746
819,Azure Blue|Polymaker Teal|Red,#0066D9|#4CC0C7|#E72F1D,33.1828,29.2987,28.4452,27.6720,26.9236,51.2395,28.4854
820,Polymaker Teal|Red|Pink,#4CC0C7|#E72F1D|#F1A1AF,33.4830,29.7683,28.9188,28.1267,27.3372,52.0054,28.9475
821,Blue|Green|Grey,#003776|#06924D|#8C9099,35.7839,29.7213,28.8263,28.2605,27.8417,40.9539,28.9909
822,Polymaker Teal|Grey|Pink,#4CC0C7|#8C9099|#F1A1AF,31.2645,29.5795,29.0603,28.4931,27.8950,47.3647,29.0363
823,Polymaker Teal|Magenta|Yellow,#4CC0C7|#F24574|#FFE800,34.2399,29.8562,28.9859,28.2683,27.6457,54.7907,29.0622
824,Polymaker Teal|Magenta|Orange,#4CC0C7|#F24574|#F67405,33.0159,29.8306,29.0653,28.3428,27.6355,53.9932,29.0867
825,Azure Blue|Polymaker Teal|Orange,#0066D9|#4CC0C7|#F67405,32.9165,29.8174,29.0916,28.4219,27.7899,51.3404,29.1197
826,Polymaker Teal|Grey|Magenta,#4CC0C7|#8C9099|#F24574,32.6075,29.8150,29.1388,28.4893,27.8404,47.6004,29.1521
827,Polymaker Teal|Pink|Orange,#4CC0C7|#F1A1AF|#F67405,32.9981,30.0048,29.2670,28.5551,27.8438,53.8321,29.2799
828,Purple|Lime Green|Yellow,#6C47B2|#D5D701|#FFE800,43.1780,30.8035,29.1296,28.1634,27.5215,52.8931,29.4835
829,Polymaker Teal|Cold White|Orange,#4CC0C7|#D9DFE5|#F67405,33.1919,30.2349,29.5040,28.7905,28.0725,54.5479,29.5127
830,Azure Blue|Magenta|Yellow,#0066D9|#F24574|#FFE800,34.8889,30.5083,29.6079,28.9027,28.3346,52.4327,29.7055
831,Polymaker Teal|Lime Green|Orange,#4CC0C7|#D5D701|#F67405,33.4574,30.4788,29.7773,29.1281,28.5297,54.1800,29.8035
832,Blue|Polymaker Teal|Pink,#003776|#4CC0C7|#F1A1AF,34.8932,30.4080,29.7102,29.2322,28.8591,41.2056,29.8201
833,Azure Blue|Orange|Yellow,#0066D9|#F67405|#FFE800,34.1999,30.5516,29.7630,29.1285,28.5881,51.3279,29.8401
834,Polymaker Teal|Purple|Yellow,#4CC0C7|#6C47B2|#FFE800,43.5898,31.2727,29.6061,28.6429,28.0057,53.4847,29.9578
835,Blue|Purple|Pink,#003776|#6C47B2|#F1A1AF,34.9767,30.5450,29.8935,29.4526,29.1086,40.9728,29.9988
836,Blue|Azure Blue|Pink,#003776|#0066D9|#F1A1AF,34.9790,30.5465,29.8950,29.4541,29.1100,40.9618,30.0003
837,Blue|Cold White|Pink,#003776|#D9DFE5|#F1A1AF,34.9994,30.5569,29.8995,29.4544,29.1074,41.1039,30.0056
838,Purple|Cold White|Yellow,#6C47B2|#D9DFE5|#FFE800,43.5783,31.3185,29.6606,28.6957,28.0564,53.5198,30.0071
839,Green|Grey|Cold White,#06924D|#8C9099|#D9DFE5,34.1370,30.7432,30.0075,29.2992,28.5890,46.9667,30.0212
840,Green|Polymaker Teal|Grey,#06924D|#4CC0C7|#8C9099,34.1442,30.7490,30.0129,29.3036,28.5923,46.9667,30.0263
841,Polymaker Teal|Orange|Yellow,#4CC0C7|#F67405|#FFE800,33.6422,30.7261,30.0318,29.3882,28.8007,54.3576,30.0571
842,Blue|Polymaker Teal|Magenta,#003776|#4CC0C7|#F24574,36.0819,30.7726,29.9171,29.3446,28.9113,41.9263,30.0586
843,Blue|Polymaker Teal|Grey,#003776|#4CC0C7|#8C9099,33.6555,30.6617,30.1844,29.8022,29.4626,42.7757,30.2319
844,Blue|Azure Blue|Grey,#003776|#0066D9|#8C9099,33.6556,30.6617,30.1845,29.8022,29.4626,42.7759,30.2320
845,Blue|Purple|Grey,#003776|#6C47B2|#8C9099,33.6573,30.6629,30.1856,29.8034,29.4637,42.7774,30.2331
846,Blue|Grey|Cold White,#003776|#8C9099|#D9DFE5,33.6452,30.6633,30.1908,29.8159,29.4859,42.7760,30.2396
847,Blue|Pink|Magenta,#003776|#F1A1AF|#F24574,35.4462,30.8327,30.1375,29.6728,29.3188,40.9720,30.2527
848,Azure Blue|Pink|Yellow,#0066D9|#F1A1AF|#FFE800,34.9006,30.9910,30.1819,29.5436,29.0235,52.8685,30.2673
849,Azure Blue|Green|Grey,#0066D9|#06924D|#8C9099,34.6327,31.0373,30.3113,29.6540,29.0190,46.6514,30.3456
850,Blue|Cold White|Magenta,#003776|#D9DFE5|#F24574,36.6181,31.4807,30.6771,30.1508,29.7733,41.6395,30.8158
851,Blue|Green|Cold White,#003776|#06924D|#D9DFE5,38.6152,31.7097,30.7256,30.1456,29.7505,41.7899,30.9276
852,Blue|Purple|Magenta,#003776|#6C47B2|#F24574,36.7016,31.6235,30.8468,30.3396,29.9740,41.5839,30.9816
853,Blue|Azure Blue|Magenta,#003776|#0066D9|#F24574,36.7045,31.6277,30.8514,30.3445,29.9790,41.5872,30.9861
854,Blue|Green|Polymaker Teal,#003776|#06924D|#4CC0C7,38.6673,31.7747,30.7944,30.2152,29.8181,41.8889,30.9949
855,Blue|Azure Blue|Green,#003776|#0066D9|#06924D,38.7048,31.8183,30.8413,30.2642,29.8659,41.9980,31.0412
856,Azure Blue|Green|Yellow,#0066D9|#06924D|#FFE800,36.7086,32.0426,31.1127,30.3708,29.7590,48.9466,31.2067
857,Green|Purple|Grey,#06924D|#6C47B2|#8C9099,41.8351,32.3607,31.0011,30.1676,29.5822,49.3620,31.2641
858,Polymaker Teal|Grey|Cold White,#4CC0C7|#8C9099|#D9DFE5,32.8375,31.8057,31.3876,30.8753,30.3224,48.4029,31.3405
859,Azure Blue|Polymaker Teal|Grey,#0066D9|#4CC0C7|#8C9099,32.8806,31.8374,31.4260,30.9236,30.3810,48.2664,31.3805
860,Azure Blue|Grey|Cold White,#0066D9|#8C9099|#D9DFE5,32.8716,31.8426,31.4385,30.9496,30.4256,48.2671,31.3961
861,Polymaker Teal|Lime Green|Pink,#4CC0C7|#D5D701|#F1A1AF,35.3347,32.2169,31.5054,30.8716,30.2984,57.7198,31.5442
862,Polymaker Teal|Olive Green|Lime Green,#4CC0C7|#948902|#D5D701,41.1659,32.6155,31.6510,30.9353,30.3083,55.5223,31.7754
863,Lime Green|Red|Pink,#D5D701|#E72F1D|#F1A1AF,35.2091,32.4404,31.7790,31.1605,30.5872,58.7776,31.8005
864,Lime Green|Red|Magenta,#D5D701|#E72F1D|#F24574,35.5697,32.4919,31.7748,31.1178,30.5112,59.0413,31.8049
865,Olive Green|Lime Green|Cold White,#948902|#D5D701|#D9DFE5,41.5849,32.7747,31.8091,31.0720,30.4110,57.6652,31.9233
866,Green|Olive Green|Lime Green,#06924D|#948902|#D5D701,40.7600,32.8096,31.8677,31.1642,30.5501,55.2174,31.9869
867,Azure Blue|Purple|Grey,#0066D9|#6C47B2|#8C9099,35.2400,32.6698,32.1382,31.6395,31.1584,49.6085,32.1547
868,Polymaker Teal|Purple|Grey,#4CC0C7|#6C47B2|#8C9099,35.4163,32.6879,32.1432,31.6407,31.1628,49.7323,32.1643
869,Purple|Grey|Cold White,#6C47B2|#8C9099|#D9DFE5,35.4067,32.6913,32.1526,31.6610,31.1976,49.7323,32.1762
870,Blue|Green|Purple,#003776|#06924D|#6C47B2,43.6925,33.5824,32.1901,31.4247,30.9450,48.3852,32.5035
871,Lime Green|Cold White|Red,#D5D701|#D9DFE5|#E72F1D,36.3591,33.2947,32.5567,31.8769,31.2600,60.7547,32.5858
872,Lime Green|Red|Yellow,#D5D701|#E72F1D|#FFE800,36.0894,33.2879,32.6158,31.9929,31.4131,59.8411,32.6404
873,Polymaker Teal|Olive Green|Yellow,#4CC0C7|#948902|#FFE800,41.5859,33.4727,32.5566,31.8812,31.2814,56.0255,32.6769
874,Azure Blue|Green|Lime Green,#0066D9|#06924D|#D5D701,37.6422,33.4435,32.6298,31.9700,31.3961,50.0806,32.7068
875,Polymaker Teal|Pink|Yellow,#4CC0C7|#F1A1AF|#FFE800,36.3186,33.3817,32.7037,32.0908,31.5207,57.9874,32.7362
876,Purple|Pink|Orange,#6C47B2|#F1A1AF|#F67405,39.6144,33.5970,32.6574,32.0051,31.5145,53.4820,32.8011
877,Purple|Magenta|Orange,#6C47B2|#F24574|#F67405,39.6274,33.5978,32.6568,32.0056,31.5153,53.3101,32.8017
878,Purple|Cold White|Orange,#6C47B2|#D9DFE5|#F67405,39.6921,33.6228,32.6847,32.0315,31.5204,52.9620,32.8272
879,Purple|Red|Orange,#6C47B2|#E72F1D|#F67405,39.6828,33.7473,32.8158,32.1725,31.6881,53.3690,32.9599
880,Olive Green|Cold White|Yellow,#948902|#D9DFE5|#FFE800,42.1672,33.8418,32.9585,32.2703,31.6304,58.8801,33.0561
881,Olive Green|Lime Green|Yellow,#948902|#D5D701|#FFE800,41.9201,33.9694,33.0473,32.3510,31.7289,58.2569,33.1602
882,Azure Blue|Lime Green|Yellow,#0066D9|#D5D701|#FFE800,37.6055,33.9113,33.1114,32.4296,31.8411,52.8677,33.1704
883,Lime Green|Pink|Magenta,#D5D701|#F1A1AF|#F24574,36.6189,33.8995,33.2425,32.6235,32.0453,60.4053,33.2615
884,Azure Blue|Polymaker Teal|Yellow,#0066D9|#4CC0C7|#FFE800,37.6571,34.0213,33.2201,32.5365,31.9485,53.0696,33.2789
885,Azure Blue|Cold White|Yellow,#0066D9|#D9DFE5|#FFE800,37.6346,34.0268,33.2362,32.5575,31.9659,53.1032,33.2921
886,Green|Olive Green|Yellow,#06924D|#948902|#FFE800,41.1262,34.0770,33.1927,32.5362,31.9617,56.7812,33.3066
887,Green|Purple|Cold White,#06924D|#6C47B2|#D9DFE5,46.2198,34.6162,33.0354,32.1511,31.5613,50.8884,33.3836
888,Green|Polymaker Teal|Purple,#06924D|#4CC0C7|#6C47B2,46.2645,34.6560,33.0719,32.1843,31.5908,50.9037,33.4202
889,Azure Blue|Green|Purple,#0066D9|#06924D|#6C47B2,46.1493,34.6965,33.1370,32.2551,31.6658,50.7924,33.4758
890,Lime Green|Cold White|Magenta,#D5D701|#D9DFE5|#F24574,37.4658,34.1987,33.4548,32.7870,32.1784,61.8589,33.4928
891,Azure Blue|Polymaker Teal|Lime Green,#0066D9|#4CC0C7|#D5D701,38.1314,34.4921,33.7147,33.0505,32.4563,53.6627,33.7713
892,Polymaker Teal|Purple|Magenta,#4CC0C7|#6C47B2|#F24574,38.7348,34.5137,33.7156,33.0404,32.4168,52.6853,33.7770
893,Azure Blue|Lime Green|Cold White,#0066D9|#D5D701|#D9DFE5,38.1577,34.5371,33.7636,33.1053,32.5164,53.6674,33.8212
894,Polymaker Teal|Cold White|Magenta,#4CC0C7|#D9DFE5|#F24574,38.3219,34.6945,33.9166,33.1989,32.4850,55.0631,33.9467
895,Polymaker Teal|Pink|Magenta,#4CC0C7|#F1A1AF|#F24574,37.9109,34.6593,33.9279,33.2344,32.5367,54.8996,33.9468
896,Azure Blue|Polymaker Teal|Magenta,#0066D9|#4CC0C7|#F24574,38.3467,34.7052,33.9249,33.2131,32.5125,54.6869,33.9592
897,Azure Blue|Purple|Orange,#0066D9|#6C47B2|#F67405,38.7698,34.6002,33.8755,33.3221,32.8596,53.2537,33.9611
898,Lime Green|Magenta|Yellow,#D5D701|#F24574|#FFE800,37.5987,34.7458,34.0816,33.4707,32.9033,61.0712,34.1082
899,Red|Magenta|Yellow,#E72F1D|#F24574|#FFE800,37.2654,34.7399,34.1199,33.5275,32.9654,60.3878,34.1337
900,Red|Pink|Yellow,#E72F1D|#F1A1AF|#FFE800,37.0082,34.7137,34.1302,33.5605,33.0044,60.9361,34.1371
901,Azure Blue|Cold White|Orange,#0066D9|#D9DFE5|#F67405,36.9789,34.6932,34.1262,33.6093,33.1348,54.0458,34.1513
902,Azure Blue|Pink|Orange,#0066D9|#F1A1AF|#F67405,36.8082,34.6627,34.1390,33.6500,33.1941,53.7138,34.1563
903,Azure Blue|Magenta|Orange,#0066D9|#F24574|#F67405,36.8189,34.6678,34.1423,33.6517,33.1944,53.6546,34.1598
904,Lime Green|Red|Orange,#D5D701|#E72F1D|#F67405,37.0737,34.7599,34.1615,33.5683,32.9950,61.1470,34.1641
905,Azure Blue|Red|Orange,#0066D9|#E72F1D|#F67405,36.8649,34.7114,34.1864,33.7003,33.2493,53.6714,34.2059
906,Blue|Polymaker Teal|Cold White,#003776|#4CC0C7|#D9DFE5,39.2541,34.8385,34.2273,33.8155,33.4917,45.5150,34.3270
907,Blue|Azure Blue|Cold White,#003776|#0066D9|#D9DFE5,39.2530,34.8397,34.2296,33.8181,33.4938,45.5157,34.3289
908,Blue|Purple|Cold White,#003776|#6C47B2|#D9DFE5,39.3005,34.8706,34.2595,33.8482,33.5248,45.5583,34.3594
909,Blue|Azure Blue|Polymaker Teal,#003776|#0066D9|#4CC0C7,39.3293,34.9157,34.3084,33.9019,33.5840,45.5701,34.4088
910,Blue|Polymaker Teal|Purple,#003776|#4CC0C7|#6C47B2,39.3794,34.9489,34.3407,33.9343,33.6174,45.6240,34.4416
911,Blue|Azure Blue|Purple,#003776|#0066D9|#6C47B2,39.3783,34.9498,34.3425,33.9363,33.6189,45.6244,34.4431
912,Lime Green|Magenta|Orange,#D5D701|#F24574|#F67405,37.6676,35.2865,34.6836,34.0943,33.5309,62.1220,34.6904
913,Purple|Cold White|Red,#6C47B2|#D9DFE5|#E72F1D,40.3481,35.4498,34.6157,33.9792,33.4454,54.5950,34.7145
914,Purple|Red|Magenta,#6C47B2|#E72F1D|#F24574,40.2360,35.4764,34.6780,34.0713,33.5654,54.2078,34.7738
915,Cold White|Red|Yellow,#D9DFE5|#E72F1D|#FFE800,37.9998,35.4145,34.7728,34.1528,33.5627,62.1163,34.7836
916,Red|Orange|Yellow,#E72F1D|#F67405|#FFE800,37.7936,35.7204,35.1720,34.6180,34.0746,61.8720,35.1692
917,Polymaker Teal|Purple|Pink,#4CC0C7|#6C47B2|#F1A1AF,39.7895,36.0405,35.3563,34.7675,34.2175,53.9541,35.4040
918,Azure Blue|Purple|Red,#0066D9|#6C47B2|#E72F1D,39.6093,36.1190,35.4329,34.8744,34.3946,54.9092,35.4967
919,Azure Blue|Cold White|Red,#0066D9|#D9DFE5|#E72F1D,38.5992,36.1331,35.5210,34.9526,34.4162,55.8699,35.5429
920,Pink|Magenta|Yellow,#F1A1AF|#F24574|#FFE800,38.5798,36.1725,35.5724,34.9973,34.4485,62.2591,35.5849
921,Azure Blue|Red|Magenta,#0066D9|#E72F1D|#F24574,38.5102,36.1939,35.6282,35.1062,34.6207,55.3557,35.6500
922,Purple|Red|Pink,#6C47B2|#E72F1D|#F1A1AF,40.8709,36.4134,35.6752,35.0872,34.5689,54.5889,35.7503
923,Lime Green|Pink|Orange,#D5D701|#F1A1AF|#F67405,38.3176,36.3470,35.7991,35.2307,34.6668,63.0821,35.7888
924,Magenta|Orange|Yellow,#F24574|#F67405|#FFE800,38.6065,36.5320,35.9852,35.4339,34.8970,62.6250,35.9830
925,Azure Blue|Polymaker Teal|Pink,#0066D9|#4CC0C7|#F1A1AF,38.9554,36.6294,36.0312,35.4213,34.7993,57.0442,36.0254
926,Polymaker Teal|Cold White|Pink,#4CC0C7|#D9DFE5|#F1A1AF,39.0271,36.6895,36.0681,35.4177,34.7392,58.4279,36.0536
927,Lime Green|Cold White|Pink,#D5D701|#D9DFE5|#F1A1AF,38.8469,36.7350,36.1627,35.5757,35.0027,63.7944,36.1554
928,Red|Pink|Magenta,#E72F1D|#F1A1AF|#F24574,38.8282,36.8301,36.2348,35.5802,34.8917,59.3520,36.2052
929,Lime Green|Pink|Yellow,#D5D701|#F1A1AF|#FFE800,38.6500,36.8128,36.2903,35.7523,35.2106,63.6835,36.2825
930,Red|Pink|Orange,#E72F1D|#F1A1AF|#F67405,38.7688,37.0945,36.5685,35.9712,35.3440,61.4575,36.5329
931,Red|Magenta|Orange,#E72F1D|#F24574|#F67405,38.7724,37.0971,36.5712,35.9736,35.3464,61.4362,36.5354
932,Cold White|Red|Magenta,#D9DFE5|#E72F1D|#F24574,39.4153,37.1977,36.5615,35.8754,35.1562,61.6587,36.5365
933,Cold White|Red|Pink,#D9DFE5|#E72F1D|#F1A1AF,39.4648,37.2187,36.5731,35.8813,35.1643,60.4474,36.5500
934,Cold White|Magenta|Yellow,#D9DFE5|#F24574|#FFE800,39.7744,37.1984,36.5708,35.9661,35.3848,63.6221,36.5822
935,Azure Blue|Red|Pink,#0066D9|#E72F1D|#F1A1AF,39.3572,37.2908,36.7604,36.2414,35.7428,55.8994,36.7661
936,Lime Green|Orange|Yellow,#D5D701|#F67405|#FFE800,39.3167,37.4520,36.9238,36.3685,35.8124,64.1248,36.9102
937,Lime Green|Cold White|Orange,#D5D701|#D9DFE5|#F67405,39.4618,37.5221,36.9763,36.4000,35.8258,64.1707,36.9610
938,Pink|Orange|Yellow,#F1A1AF|#F67405|#FFE800,39.1598,37.4869,36.9944,36.4676,35.9316,63.5436,36.9773
939,Azure Blue|Green|Cold White,#0066D9|#06924D|#D9DFE5,42.0057,37.7297,36.9588,36.3462,35.8102,50.7678,37.0380
940,Azure Blue|Green|Polymaker Teal,#0066D9|#06924D|#4CC0C7,42.1179,37.9141,37.1530,36.5432,36.0052,50.7806,37.2286
941,Pink|Magenta|Orange,#F1A1AF|#F24574|#F67405,39.4753,37.8509,37.3305,36.7346,36.1065,62.5936,37.2927
942,Cold White|Red|Orange,#D9DFE5|#E72F1D|#F67405,39.7000,37.9751,37.4358,36.8200,36.1716,63.1737,37.3975
943,Cold White|Magenta|Orange,#D9DFE5|#F24574|#F67405,39.9861,38.2962,37.7543,37.1336,36.4777,64.0142,37.7149
944,Cold White|Pink|Orange,#D9DFE5|#F1A1AF|#F67405,40.0304,38.3684,37.8302,37.2104,36.5543,64.1857,37.7894
945,Cold White|Orange|Yellow,#D9DFE5|#F67405|#FFE800,40.1451,38.3825,37.8726,37.3306,36.7835,64.4818,37.8566
946,Green|Polymaker Teal|Cold White,#06924D|#4CC0C7|#D9DFE5,43.0991,39.3425,38.5634,37.8461,37.1404,56.8444,38.5943
947,Cold White|Pink|Yellow,#D9DFE5|#F1A1AF|#FFE800,41.1766,39.4172,38.9023,38.3565,37.7979,65.5144,38.8868
948,Green|Lime Green|Yellow,#06924D|#D5D701|#FFE800,42.8862,39.5623,38.8944,38.3151,37.7716,58.7910,38.9387
949,Purple|Cold White|Magenta,#6C47B2|#D9DFE5|#F24574,44.4010,39.7633,39.0381,38.4544,37.9387,57.8781,39.1089
950,Green|Cold White|Yellow,#06924D|#D9DFE5|#FFE800,42.9422,39.7277,39.0889,38.5095,37.9467,59.1785,39.1186
951,Purple|Cold White|Pink,#6C47B2|#D9DFE5|#F1A1AF,44.2873,39.8046,39.1440,38.6036,38.1187,57.5142,39.2041
952,Purple|Pink|Magenta,#6C47B2|#F1A1AF|#F24574,44.2172,39.8207,39.1564,38.6139,38.1314,57.3191,39.2173
953,Green|Lime Green|Cold White,#06924D|#D5D701|#D9DFE5,43.0709,40.1042,39.4989,38.9364,38.3861,58.7690,39.5203
954,Azure Blue|Purple|Pink,#0066D9|#6C47B2|#F1A1AF,43.6838,40.3135,39.7591,39.2765,38.8324,58.1560,39.7950
955,Green|Polymaker Teal|Yellow,#06924D|#4CC0C7|#FFE800,43.4521,40.4423,39.8160,39.2518,38.7126,59.4068,39.8470
956,Green|Polymaker Teal|Lime Green,#06924D|#4CC0C7|#D5D701,43.3516,40.4357,39.8362,39.2837,38.7473,58.8019,39.8597
957,Azure Blue|Purple|Magenta,#0066D9|#6C47B2|#F24574,44.1693,40.5758,39.9545,39.4319,38.9629,58.4386,40.0039
958,Azure Blue|Cold White|Magenta,#0066D9|#D9DFE5|#F24574,43.1381,41.0119,40.4628,39.9003,39.3355,60.6936,40.4561
959,Azure Blue|Pink|Magenta,#0066D9|#F1A1AF|#F24574,42.7868,41.1429,40.6836,40.2057,39.7308,59.8381,40.6743
960,Azure Blue|Cold White|Pink,#0066D9|#D9DFE5|#F1A1AF,43.0144,41.5164,41.0604,40.5638,40.0571,61.0658,41.0401
961,Cold White|Pink|Magenta,#D9DFE5|#F1A1AF|#F24574,43.7986,42.1956,41.6626,41.0381,40.3639,65.3774,41.6168
962,Polymaker Teal|Purple|Cold White,#4CC0C7|#6C47B2|#D9DFE5,51.4431,44.1073,43.3316,42.8149,42.3926,57.7689,43.4611
963,Polymaker Teal|Cold White|Yellow,#4CC0C7|#D9DFE5|#FFE800,46.3456,44.4430,43.9372,43.4153,42.8853,65.7688,43.9291
964,Polymaker Teal|Lime Green|Yellow,#4CC0C7|#D5D701|#FFE800,46.4497,44.4639,43.9457,43.4147,42.8801,65.6689,43.9393
965,Azure Blue|Polymaker Teal|Purple,#0066D9|#4CC0C7|#6C47B2,51.6975,44.6602,43.9018,43.3884,42.9662,59.2483,44.0243
966,Azure Blue|Purple|Cold White,#0066D9|#6C47B2|#D9DFE5,51.8786,44.8007,44.0338,43.4992,43.0437,60.8128,44.1500
967,Polymaker Teal|Lime Green|Cold White,#4CC0C7|#D5D701|#D9DFE5,46.4878,44.6872,44.1963,43.6776,43.1453,66.5417,44.1824
968,Lime Green|Cold White|Yellow,#D5D701|#D9DFE5|#FFE800,48.3245,46.8072,46.3308,45.7921,45.2208,72.6053,46.2997
969,Azure Blue|Polymaker Teal|Cold White,#0066D9|#4CC0C7|#D9DFE5,50.1138,48.8346,48.4389,47.9942,47.5299,64.8641,48.4144
